die,type,value,kind,system,ata_folder,map_source,probe_card,recipe,lot_id,wafer_id,total_dies,dies_tested,dies_passed,dies_failed,timestamp,step,mode,unit,die_id,switch,set_voltage,voltage,connection,instrument,row,col,status
,,,META,accretech,C:/automationproject\LAMPATA,Accretech,LaMP_HP_b,lamp_wholewafer,LMPD-1921QUAL,0042,633,2532,2501,31,,,,,,,,,,,,,
NA,current,4.9431e-11,RESULT,,,,LaMP_HP_b,lamp_wholewafer,,,,,,,2026-09-22 19:18:50,first,measure,A,NA,1,10.0,9.995152,4A06_4B05,SMU,-40,-6,
92-74,current,5.79576e-11,RESULT,,,,LaMP_HP_b,lamp_wholewafer,,,,,,,2026-09-22 19:18:50,second,measure,A,92-74,2,10.0,9.995161,4A08_4B07,SMU,-39,-6,
NA,current,4.75097e-11,RESULT,,,,LaMP_HP_b,lamp_wholewafer,,,,,,,2026-09-22 19:18:50,third,measure,A,NA,3,10.0,9.995134,2A07_2B08,SMU,-40,-5,
93-70,current,4.02736e-11,RESULT,,,,LaMP_HP_b,lamp_wholewafer,,,,,,,2026-09-22 19:18:50,fourth,measure,A,93-70,4,10.0,9.995122,2A05_2B06,SMU,-39,-5,
A3-01,current,4.6208e-11,RESULT,,,,LaMP_HP_b,lamp_wholewafer,,,,,,,2026-09-22 19:18:58,first,measure,A,A3-01,1,10.0,9.995067,4A06_4B05,SMU,-40,-4,
93-71,current,4.86125e-11,RESULT,,,,LaMP_HP_b,lamp_wholewafer,,,,,,,2026-09-22 19:18:58,second,measure,A,93-71,2,10.0,9.995088,4A08_4B07,SMU,-39,-4,
A3-02,current,4.39684e-11,RESULT,,,,LaMP_HP_b,lamp_wholewafer,,,,,,,2026-09-22 19:18:58,third,measure,A,A3-02,3,10.0,9.995034,2A07_2B08,SMU,-40,-3,
93-72,current,4.15412e-11,RESULT,,,,LaMP_HP_b,lamp_wholewafer,,,,,,,2026-09-22 19:18:58,fourth,measure,A,93-72,4,10.0,9.995069,2A05_2B06,SMU,-39,-3,
A3-03,current,4.86239e-11,RESULT,,,,LaMP_HP_b,lamp_wholewafer,,,,,,,2026-09-22 19:19:04,first,measure,A,A3-03,1,10.0,9.995042,4A06_4B05,SMU,-40,-2,
93-73,current,2.25043e-10,RESULT,,,,LaMP_HP_b,lamp_wholewafer,,,,,,,2026-09-22 19:19:04,second,measure,A,93-73,2,10.0,9.995114,4A08_4B07,SMU,-39,-2,
A3-04,current,3.77099e-11,RESULT,,,,LaMP_HP_b,lamp_wholewafer,,,,,,,2026-09-22 19:19:04,third,measure,A,A3-04,3,10.0,9.995121,2A07_2B08,SMU,-40,-1,
93-74,current,4.18766e-11,RESULT,,,,LaMP_HP_b,lamp_wholewafer,,,,,,,2026-09-22 19:19:04,fourth,measure,A,93-74,4,10.0,9.995071,2A05_2B06,SMU,-39,-1,
A4-00,current,1.83684e-09,RESULT,,,,LaMP_HP_b,lamp_wholewafer,,,,,,,2026-09-22 19:19:11,first,measure,A,A4-00,1,10.0,9.995066,4A06_4B05,SMU,-40,0,
94-70,current,4.27349e-11,RESULT,,,,LaMP_HP_b,lamp_wholewafer,,,,,,,2026-09-22 19:19:11,second,measure,A,94-70,2,10.0,9.995113,4A08_4B07,SMU,-39,0,
A4-01,current,8.32472e-11,RESULT,,,,LaMP_HP_b,lamp_wholewafer,,,,,,,2026-09-22 19:19:11,third,measure,A,A4-01,3,10.0,9.995116,2A07_2B08,SMU,-40,1,
94-71,current,4.55202e-11,RESULT,,,,LaMP_HP_b,lamp_wholewafer,,,,,,,2026-09-22 19:19:11,fourth,measure,A,94-71,4,10.0,9.99506,2A05_2B06,SMU,-39,1,
A4-02,current,4.16492e-11,RESULT,,,,LaMP_HP_b,lamp_wholewafer,,,,,,,2026-09-22 19:19:17,first,measure,A,A4-02,1,10.0,9.995144,4A06_4B05,SMU,-40,2,
94-72,current,1.45042e-10,RESULT,,,,LaMP_HP_b,lamp_wholewafer,,,,,,,2026-09-22 19:19:17,second,measure,A,94-72,2,10.0,9.995103,4A08_4B07,SMU,-39,2,
A4-03,current,3.29237e-11,RESULT,,,,LaMP_HP_b,lamp_wholewafer,,,,,,,2026-09-22 19:19:17,third,measure,A,A4-03,3,10.0,9.995028,2A07_2B08,SMU,-40,3,
94-73,current,3.81476e-11,RESULT,,,,LaMP_HP_b,lamp_wholewafer,,,,,,,2026-09-22 19:19:17,fourth,measure,A,94-73,4,10.0,9.995043,2A05_2B06,SMU,-39,3,
NA,current,4.53667e-11,RESULT,,,,LaMP_HP_b,lamp_wholewafer,,,,,,,2026-09-22 19:19:24,first,measure,A,NA,1,10.0,9.995056,4A06_4B05,SMU,-40,4,
94-74,current,1.31234e-10,RESULT,,,,LaMP_HP_b,lamp_wholewafer,,,,,,,2026-09-22 19:19:24,second,measure,A,94-74,2,10.0,9.995025,4A08_4B07,SMU,-39,4,
NA,current,3.64764e-11,RESULT,,,,LaMP_HP_b,lamp_wholewafer,,,,,,,2026-09-22 19:19:24,third,measure,A,NA,3,10.0,9.995108,2A07_2B08,SMU,-40,5,
95-70,current,3.76815e-11,RESULT,,,,LaMP_HP_b,lamp_wholewafer,,,,,,,2026-09-22 19:19:24,fourth,measure,A,95-70,4,10.0,9.995111,2A05_2B06,SMU,-39,5,
NA,current,4.24961e-11,RESULT,,,,LaMP_HP_b,lamp_wholewafer,,,,,,,2026-09-22 19:19:31,first,measure,A,NA,1,10.0,9.995165,4A06_4B05,SMU,-38,-8,
92-52,current,3.90798e-11,RESULT,,,,LaMP_HP_b,lamp_wholewafer,,,,,,,2026-09-22 19:19:31,second,measure,A,92-52,2,10.0,9.995119,4A08_4B07,SMU,-37,-8,
92-63,current,3.66981e-11,RESULT,,,,LaMP_HP_b,lamp_wholewafer,,,,,,,2026-09-22 19:19:31,third,measure,A,92-63,3,10.0,9.995143,2A07_2B08,SMU,-38,-7,
92-53,current,3.69312e-11,RESULT,,,,LaMP_HP_b,lamp_wholewafer,,,,,,,2026-09-22 19:19:31,fourth,measure,A,92-53,4,10.0,9.995048,2A05_2B06,SMU,-37,-7,
92-64,current,4.15753e-11,RESULT,,,,LaMP_HP_b,lamp_wholewafer,,,,,,,2026-09-22 19:19:37,first,measure,A,92-64,1,10.0,9.995161,4A06_4B05,SMU,-38,-6,
92-54,current,3.99666e-11,RESULT,,,,LaMP_HP_b,lamp_wholewafer,,,,,,,2026-09-22 19:19:37,second,measure,A,92-54,2,10.0,9.995169,4A08_4B07,SMU,-37,-6,
93-60,current,3.63173e-11,RESULT,,,,LaMP_HP_b,lamp_wholewafer,,,,,,,2026-09-22 19:19:37,third,measure,A,93-60,3,10.0,9.995104,2A07_2B08,SMU,-38,-5,
93-50,current,3.84489e-11,RESULT,,,,LaMP_HP_b,lamp_wholewafer,,,,,,,2026-09-22 19:19:37,fourth,measure,A,93-50,4,10.0,9.995062,2A05_2B06,SMU,-37,-5,
93-61,current,4.41503e-11,RESULT,,,,LaMP_HP_b,lamp_wholewafer,,,,,,,2026-09-22 19:19:43,first,measure,A,93-61,1,10.0,9.995119,4A06_4B05,SMU,-38,-4,
93-51,current,4.1166e-11,RESULT,,,,LaMP_HP_b,lamp_wholewafer,,,,,,,2026-09-22 19:19:43,second,measure,A,93-51,2,10.0,9.995073,4A08_4B07,SMU,-37,-4,
PCM,current,2.23054e-11,RESULT,,,,LaMP_HP_b,lamp_wholewafer,,,,,,,2026-09-22 19:19:43,third,measure,A,PCM,3,10.0,9.995044,2A07_2B08,SMU,-38,-3,
93-52,current,3.93015e-11,RESULT,,,,LaMP_HP_b,lamp_wholewafer,,,,,,,2026-09-22 19:19:43,fourth,measure,A,93-52,4,10.0,9.99502,2A05_2B06,SMU,-37,-3,
93-63,current,4.57021e-11,RESULT,,,,LaMP_HP_b,lamp_wholewafer,,,,,,,2026-09-22 19:19:50,first,measure,A,93-63,1,10.0,9.995079,4A06_4B05,SMU,-38,-2,
93-53,current,4.10012e-11,RESULT,,,,LaMP_HP_b,lamp_wholewafer,,,,,,,2026-09-22 19:19:50,second,measure,A,93-53,2,10.0,9.995076,4A08_4B07,SMU,-37,-2,
93-64,current,4.30191e-11,RESULT,,,,LaMP_HP_b,lamp_wholewafer,,,,,,,2026-09-22 19:19:50,third,measure,A,93-64,3,10.0,9.995094,2A07_2B08,SMU,-38,-1,
93-54,current,3.99154e-11,RESULT,,,,LaMP_HP_b,lamp_wholewafer,,,,,,,2026-09-22 19:19:50,fourth,measure,A,93-54,4,10.0,9.995111,2A05_2B06,SMU,-37,-1,
94-60,current,8.26833e-10,RESULT,,,,LaMP_HP_b,lamp_wholewafer,,,,,,,2026-09-22 19:19:57,first,measure,A,94-60,1,10.0,9.995045,4A06_4B05,SMU,-38,0,
94-50,current,4.16435e-11,RESULT,,,,LaMP_HP_b,lamp_wholewafer,,,,,,,2026-09-22 19:19:57,second,measure,A,94-50,2,10.0,9.995069,4A08_4B07,SMU,-37,0,
94-61,current,4.24393e-11,RESULT,,,,LaMP_HP_b,lamp_wholewafer,,,,,,,2026-09-22 19:19:57,third,measure,A,94-61,3,10.0,9.995115,2A07_2B08,SMU,-38,1,
94-51,current,4.33829e-11,RESULT,,,,LaMP_HP_b,lamp_wholewafer,,,,,,,2026-09-22 19:19:57,fourth,measure,A,94-51,4,10.0,9.995107,2A05_2B06,SMU,-37,1,
94-62,current,4.77655e-11,RESULT,,,,LaMP_HP_b,lamp_wholewafer,,,,,,,2026-09-22 19:20:03,first,measure,A,94-62,1,10.0,9.995012,4A06_4B05,SMU,-38,2,
94-52,current,4.54008e-11,RESULT,,,,LaMP_HP_b,lamp_wholewafer,,,,,,,2026-09-22 19:20:03,second,measure,A,94-52,2,10.0,9.995098,4A08_4B07,SMU,-37,2,
94-63,current,4.08136e-11,RESULT,,,,LaMP_HP_b,lamp_wholewafer,,,,,,,2026-09-22 19:20:03,third,measure,A,94-63,3,10.0,9.99507,2A07_2B08,SMU,-38,3,
94-53,current,4.32351e-11,RESULT,,,,LaMP_HP_b,lamp_wholewafer,,,,,,,2026-09-22 19:20:03,fourth,measure,A,94-53,4,10.0,9.995035,2A05_2B06,SMU,-37,3,
94-64,current,4.92776e-11,RESULT,,,,LaMP_HP_b,lamp_wholewafer,,,,,,,2026-09-22 19:20:10,first,measure,A,94-64,1,10.0,9.995015,4A06_4B05,SMU,-38,4,
94-54,current,4.65832e-11,RESULT,,,,LaMP_HP_b,lamp_wholewafer,,,,,,,2026-09-22 19:20:10,second,measure,A,94-54,2,10.0,9.995043,4A08_4B07,SMU,-37,4,
95-60,current,4.23597e-11,RESULT,,,,LaMP_HP_b,lamp_wholewafer,,,,,,,2026-09-22 19:20:10,third,measure,A,95-60,3,10.0,9.995018,2A07_2B08,SMU,-38,5,
95-50,current,8.68852e-11,RESULT,,,,LaMP_HP_b,lamp_wholewafer,,,,,,,2026-09-22 19:20:10,fourth,measure,A,95-50,4,10.0,9.995052,2A05_2B06,SMU,-37,5,
95-61,current,5.18185e-11,RESULT,,,,LaMP_HP_b,lamp_wholewafer,,,,,,,2026-09-22 19:20:16,first,measure,A,95-61,1,10.0,9.995073,4A06_4B05,SMU,-38,6,
95-51,current,5.28132e-11,RESULT,,,,LaMP_HP_b,lamp_wholewafer,,,,,,,2026-09-22 19:20:16,second,measure,A,95-51,2,10.0,9.995105,4A08_4B07,SMU,-37,6,
NA,current,1.48469e-10,RESULT,,,,LaMP_HP_b,lamp_wholewafer,,,,,,,2026-09-22 19:20:16,third,measure,A,NA,3,10.0,9.995055,2A07_2B08,SMU,-38,7,
95-52,current,3.4936e-11,RESULT,,,,LaMP_HP_b,lamp_wholewafer,,,,,,,2026-09-22 19:20:16,fourth,measure,A,95-52,4,10.0,9.995066,2A05_2B06,SMU,-37,7,
NA,current,3.90173e-11,RESULT,,,,LaMP_HP_b,lamp_wholewafer,,,,,,,2026-09-22 19:20:23,first,measure,A,NA,1,10.0,9.99513,4A06_4B05,SMU,-36,-10,
92-30,current,3.78463e-11,RESULT,,,,LaMP_HP_b,lamp_wholewafer,,,,,,,2026-09-22 19:20:23,second,measure,A,92-30,2,10.0,9.995095,4A08_4B07,SMU,-35,-10,
92-41,current,3.49701e-11,RESULT,,,,LaMP_HP_b,lamp_wholewafer,,,,,,,2026-09-22 19:20:23,third,measure,A,92-41,3,10.0,9.995072,2A07_2B08,SMU,-36,-9,
92-31,current,3.76872e-11,RESULT,,,,LaMP_HP_b,lamp_wholewafer,,,,,,,2026-09-22 19:20:23,fourth,measure,A,92-31,4,10.0,9.995139,2A05_2B06,SMU,-35,-9,
92-42,current,3.78293e-11,RESULT,,,,LaMP_HP_b,lamp_wholewafer,,,,,,,2026-09-22 19:20:29,first,measure,A,92-42,1,10.0,9.995077,4A06_4B05,SMU,-36,-8,
92-32,current,3.99098e-11,RESULT,,,,LaMP_HP_b,lamp_wholewafer,,,,,,,2026-09-22 19:20:29,second,measure,A,92-32,2,10.0,9.995143,4A08_4B07,SMU,-35,-8,
92-43,current,3.22189e-11,RESULT,,,,LaMP_HP_b,lamp_wholewafer,,,,,,,2026-09-22 19:20:29,third,measure,A,92-43,3,10.0,9.995205,2A07_2B08,SMU,-36,-7,
92-33,current,3.80737e-11,RESULT,,,,LaMP_HP_b,lamp_wholewafer,,,,,,,2026-09-22 19:20:29,fourth,measure,A,92-33,4,10.0,9.995188,2A05_2B06,SMU,-35,-7,
92-44,current,3.98188e-11,RESULT,,,,LaMP_HP_b,lamp_wholewafer,,,,,,,2026-09-22 19:20:36,first,measure,A,92-44,1,10.0,9.995163,4A06_4B05,SMU,-36,-6,
92-34,current,3.76758e-11,RESULT,,,,LaMP_HP_b,lamp_wholewafer,,,,,,,2026-09-22 19:20:36,second,measure,A,92-34,2,10.0,9.995085,4A08_4B07,SMU,-35,-6,
93-40,current,4.16435e-11,RESULT,,,,LaMP_HP_b,lamp_wholewafer,,,,,,,2026-09-22 19:20:36,third,measure,A,93-40,3,10.0,9.99507,2A07_2B08,SMU,-36,-5,
93-30,current,3.54419e-11,RESULT,,,,LaMP_HP_b,lamp_wholewafer,,,,,,,2026-09-22 19:20:36,fourth,measure,A,93-30,4,10.0,9.995152,2A05_2B06,SMU,-35,-5,
93-41,current,4.21551e-11,RESULT,,,,LaMP_HP_b,lamp_wholewafer,,,,,,,2026-09-22 19:20:42,first,measure,A,93-41,1,10.0,9.995133,4A06_4B05,SMU,-36,-4,
93-31,current,4.1382e-11,RESULT,,,,LaMP_HP_b,lamp_wholewafer,,,,,,,2026-09-22 19:20:42,second,measure,A,93-31,2,10.0,9.995207,4A08_4B07,SMU,-35,-4,
93-42,current,3.73404e-11,RESULT,,,,LaMP_HP_b,lamp_wholewafer,,,,,,,2026-09-22 19:20:42,third,measure,A,93-42,3,10.0,9.995142,2A07_2B08,SMU,-36,-3,
93-32,current,4.22688e-11,RESULT,,,,LaMP_HP_b,lamp_wholewafer,,,,,,,2026-09-22 19:20:42,fourth,measure,A,93-32,4,10.0,9.995184,2A05_2B06,SMU,-35,-3,
93-43,current,4.81236e-11,RESULT,,,,LaMP_HP_b,lamp_wholewafer,,,,,,,2026-09-22 19:20:49,first,measure,A,93-43,1,10.0,9.995058,4A06_4B05,SMU,-36,-2,
93-33,current,4.55657e-11,RESULT,,,,LaMP_HP_b,lamp_wholewafer,,,,,,,2026-09-22 19:20:49,second,measure,A,93-33,2,10.0,9.995055,4A08_4B07,SMU,-35,-2,
93-44,current,4.39059e-11,RESULT,,,,LaMP_HP_b,lamp_wholewafer,,,,,,,2026-09-22 19:20:49,third,measure,A,93-44,3,10.0,9.995037,2A07_2B08,SMU,-36,-1,
93-34,current,4.35136e-11,RESULT,,,,LaMP_HP_b,lamp_wholewafer,,,,,,,2026-09-22 19:20:49,fourth,measure,A,93-34,4,10.0,9.995113,2A05_2B06,SMU,-35,-1,
94-40,current,4.51791e-11,RESULT,,,,LaMP_HP_b,lamp_wholewafer,,,,,,,2026-09-22 19:20:55,first,measure,A,94-40,1,10.0,9.995092,4A06_4B05,SMU,-36,0,
94-30,current,4.50825e-11,RESULT,,,,LaMP_HP_b,lamp_wholewafer,,,,,,,2026-09-22 19:20:55,second,measure,A,94-30,2,10.0,9.995075,4A08_4B07,SMU,-35,0,
94-41,current,4.34909e-11,RESULT,,,,LaMP_HP_b,lamp_wholewafer,,,,,,,2026-09-22 19:20:55,third,measure,A,94-41,3,10.0,9.99509,2A07_2B08,SMU,-36,1,
94-31,current,4.14048e-11,RESULT,,,,LaMP_HP_b,lamp_wholewafer,,,,,,,2026-09-22 19:20:55,fourth,measure,A,94-31,4,10.0,9.995024,2A05_2B06,SMU,-35,1,
94-42,current,4.86864e-11,RESULT,,,,LaMP_HP_b,lamp_wholewafer,,,,,,,2026-09-22 19:21:02,first,measure,A,94-42,1,10.0,9.994955,4A06_4B05,SMU,-36,2,
94-32,current,4.5452e-11,RESULT,,,,LaMP_HP_b,lamp_wholewafer,,,,,,,2026-09-22 19:21:02,second,measure,A,94-32,2,10.0,9.995014,4A08_4B07,SMU,-35,2,
94-43,current,4.38035e-11,RESULT,,,,LaMP_HP_b,lamp_wholewafer,,,,,,,2026-09-22 19:21:02,third,measure,A,94-43,3,10.0,9.99507,2A07_2B08,SMU,-36,3,
94-33,current,4.59693e-11,RESULT,,,,LaMP_HP_b,lamp_wholewafer,,,,,,,2026-09-22 19:21:02,fourth,measure,A,94-33,4,10.0,9.995075,2A05_2B06,SMU,-35,3,
94-44,current,4.84022e-11,RESULT,,,,LaMP_HP_b,lamp_wholewafer,,,,,,,2026-09-22 19:21:08,first,measure,A,94-44,1,10.0,9.995043,4A06_4B05,SMU,-36,4,
94-34,current,4.67196e-11,RESULT,,,,LaMP_HP_b,lamp_wholewafer,,,,,,,2026-09-22 19:21:08,second,measure,A,94-34,2,10.0,9.99508,4A08_4B07,SMU,-35,4,
95-40,current,4.45823e-11,RESULT,,,,LaMP_HP_b,lamp_wholewafer,,,,,,,2026-09-22 19:21:08,third,measure,A,95-40,3,10.0,9.995137,2A07_2B08,SMU,-36,5,
95-30,current,4.43947e-11,RESULT,,,,LaMP_HP_b,lamp_wholewafer,,,,,,,2026-09-22 19:21:08,fourth,measure,A,95-30,4,10.0,9.995125,2A05_2B06,SMU,-35,5,
95-41,current,4.7703e-11,RESULT,,,,LaMP_HP_b,lamp_wholewafer,,,,,,,2026-09-22 19:21:15,first,measure,A,95-41,1,10.0,9.994989,4A06_4B05,SMU,-36,6,
95-31,current,4.66343e-11,RESULT,,,,LaMP_HP_b,lamp_wholewafer,,,,,,,2026-09-22 19:21:15,second,measure,A,95-31,2,10.0,9.995062,4A08_4B07,SMU,-35,6,
95-42,current,4.54008e-11,RESULT,,,,LaMP_HP_b,lamp_wholewafer,,,,,,,2026-09-22 19:21:15,third,measure,A,95-42,3,10.0,9.995008,2A07_2B08,SMU,-36,7,
95-32,current,4.311e-11,RESULT,,,,LaMP_HP_b,lamp_wholewafer,,,,,,,2026-09-22 19:21:15,fourth,measure,A,95-32,4,10.0,9.995039,2A05_2B06,SMU,-35,7,
95-43,current,8.90907e-11,RESULT,,,,LaMP_HP_b,lamp_wholewafer,,,,,,,2026-09-22 19:21:21,first,measure,A,95-43,1,10.0,9.995011,4A06_4B05,SMU,-36,8,
95-33,current,5.09658e-11,RESULT,,,,LaMP_HP_b,lamp_wholewafer,,,,,,,2026-09-22 19:21:21,second,measure,A,95-33,2,10.0,9.995061,4A08_4B07,SMU,-35,8,
NA,current,8.14509e-11,RESULT,,,,LaMP_HP_b,lamp_wholewafer,,,,,,,2026-09-22 19:21:21,third,measure,A,NA,3,10.0,9.994985,2A07_2B08,SMU,-36,9,
95-34,current,5.14376e-11,RESULT,,,,LaMP_HP_b,lamp_wholewafer,,,,,,,2026-09-22 19:21:21,fourth,measure,A,95-34,4,10.0,9.995073,2A05_2B06,SMU,-35,9,
NA,current,4.63558e-11,RESULT,,,,LaMP_HP_b,lamp_wholewafer,,,,,,,2026-09-22 19:21:28,first,measure,A,NA,1,10.0,9.995104,4A06_4B05,SMU,-34,-12,
NA,current,4.35648e-11,RESULT,,,,LaMP_HP_b,lamp_wholewafer,,,,,,,2026-09-22 19:21:28,second,measure,A,NA,2,10.0,9.99509,4A08_4B07,SMU,-33,-12,
NA,current,3.79657e-11,RESULT,,,,LaMP_HP_b,lamp_wholewafer,,,,,,,2026-09-22 19:21:28,third,measure,A,NA,3,10.0,9.995125,2A07_2B08,SMU,-34,-11,
91-14,current,3.91481e-11,RESULT,,,,LaMP_HP_b,lamp_wholewafer,,,,,,,2026-09-22 19:21:28,fourth,measure,A,91-14,4,10.0,9.995132,2A05_2B06,SMU,-33,-11,
92-20,current,4.5145e-11,RESULT,,,,LaMP_HP_b,lamp_wholewafer,,,,,,,2026-09-22 19:21:34,first,measure,A,92-20,1,10.0,9.995103,4A06_4B05,SMU,-34,-10,
92-10,current,4.02793e-11,RESULT,,,,LaMP_HP_b,lamp_wholewafer,,,,,,,2026-09-22 19:21:34,second,measure,A,92-10,2,10.0,9.995107,4A08_4B07,SMU,-33,-10,
92-21,current,4.27917e-11,RESULT,,,,LaMP_HP_b,lamp_wholewafer,,,,,,,2026-09-22 19:21:34,third,measure,A,92-21,3,10.0,9.995077,2A07_2B08,SMU,-34,-9,
92-11,current,4.20925e-11,RESULT,,,,LaMP_HP_b,lamp_wholewafer,,,,,,,2026-09-22 19:21:34,fourth,measure,A,92-11,4,10.0,9.995045,2A05_2B06,SMU,-33,-9,
92-22,current,4.76518e-11,RESULT,,,,LaMP_HP_b,lamp_wholewafer,,,,,,,2026-09-22 19:21:41,first,measure,A,92-22,1,10.0,9.995039,4A06_4B05,SMU,-34,-8,
92-12,current,4.41105e-11,RESULT,,,,LaMP_HP_b,lamp_wholewafer,,,,,,,2026-09-22 19:21:41,second,measure,A,92-12,2,10.0,9.995073,4A08_4B07,SMU,-33,-8,
92-23,current,4.00746e-11,RESULT,,,,LaMP_HP_b,lamp_wholewafer,,,,,,,2026-09-22 19:21:41,third,measure,A,92-23,3,10.0,9.9951,2A07_2B08,SMU,-34,-7,
92-13,current,4.12513e-11,RESULT,,,,LaMP_HP_b,lamp_wholewafer,,,,,,,2026-09-22 19:21:41,fourth,measure,A,92-13,4,10.0,9.995078,2A05_2B06,SMU,-33,-7,
92-24,current,4.41446e-11,RESULT,,,,LaMP_HP_b,lamp_wholewafer,,,,,,,2026-09-22 19:21:47,first,measure,A,92-24,1,10.0,9.995065,4A06_4B05,SMU,-34,-6,
92-14,current,4.15923e-11,RESULT,,,,LaMP_HP_b,lamp_wholewafer,,,,,,,2026-09-22 19:21:47,second,measure,A,92-14,2,10.0,9.995111,4A08_4B07,SMU,-33,-6,
93-20,current,4.2138e-11,RESULT,,,,LaMP_HP_b,lamp_wholewafer,,,,,,,2026-09-22 19:21:47,third,measure,A,93-20,3,10.0,9.995155,2A07_2B08,SMU,-34,-5,
93-10,current,4.15298e-11,RESULT,,,,LaMP_HP_b,lamp_wholewafer,,,,,,,2026-09-22 19:21:47,fourth,measure,A,93-10,4,10.0,9.995101,2A05_2B06,SMU,-33,-5,
93-21,current,4.61057e-11,RESULT,,,,LaMP_HP_b,lamp_wholewafer,,,,,,,2026-09-22 19:21:54,first,measure,A,93-21,1,10.0,9.995114,4A06_4B05,SMU,-34,-4,
93-11,current,4.27804e-11,RESULT,,,,LaMP_HP_b,lamp_wholewafer,,,,,,,2026-09-22 19:21:54,second,measure,A,93-11,2,10.0,9.995117,4A08_4B07,SMU,-33,-4,
93-22,current,4.39286e-11,RESULT,,,,LaMP_HP_b,lamp_wholewafer,,,,,,,2026-09-22 19:21:54,third,measure,A,93-22,3,10.0,9.995129,2A07_2B08,SMU,-34,-3,
93-12,current,4.23654e-11,RESULT,,,,LaMP_HP_b,lamp_wholewafer,,,,,,,2026-09-22 19:21:54,fourth,measure,A,93-12,4,10.0,9.99512,2A05_2B06,SMU,-33,-3,
93-23,current,5.02666e-11,RESULT,,,,LaMP_HP_b,lamp_wholewafer,,,,,,,2026-09-22 19:22:00,first,measure,A,93-23,1,10.0,9.995058,4A06_4B05,SMU,-34,-2,
93-13,current,4.48153e-11,RESULT,,,,LaMP_HP_b,lamp_wholewafer,,,,,,,2026-09-22 19:22:00,second,measure,A,93-13,2,10.0,9.995079,4A08_4B07,SMU,-33,-2,
93-24,current,4.06715e-11,RESULT,,,,LaMP_HP_b,lamp_wholewafer,,,,,,,2026-09-22 19:22:00,third,measure,A,93-24,3,10.0,9.995129,2A07_2B08,SMU,-34,-1,
93-14,current,4.39002e-11,RESULT,,,,LaMP_HP_b,lamp_wholewafer,,,,,,,2026-09-22 19:22:00,fourth,measure,A,93-14,4,10.0,9.995104,2A05_2B06,SMU,-33,-1,
94-20,current,4.8999e-11,RESULT,,,,LaMP_HP_b,lamp_wholewafer,,,,,,,2026-09-22 19:22:07,first,measure,A,94-20,1,10.0,9.995041,4A06_4B05,SMU,-34,0,
94-10,current,4.35477e-11,RESULT,,,,LaMP_HP_b,lamp_wholewafer,,,,,,,2026-09-22 19:22:07,second,measure,A,94-10,2,10.0,9.995061,4A08_4B07,SMU,-33,0,
94-21,current,4.46846e-11,RESULT,,,,LaMP_HP_b,lamp_wholewafer,,,,,,,2026-09-22 19:22:07,third,measure,A,94-21,3,10.0,9.995128,2A07_2B08,SMU,-34,1,
94-11,current,4.28542e-11,RESULT,,,,LaMP_HP_b,lamp_wholewafer,,,,,,,2026-09-22 19:22:07,fourth,measure,A,94-11,4,10.0,9.995156,2A05_2B06,SMU,-33,1,
94-22,current,4.87319e-11,RESULT,,,,LaMP_HP_b,lamp_wholewafer,,,,,,,2026-09-22 19:22:13,first,measure,A,94-22,1,10.0,9.995092,4A06_4B05,SMU,-34,2,
94-12,current,4.86864e-11,RESULT,,,,LaMP_HP_b,lamp_wholewafer,,,,,,,2026-09-22 19:22:13,second,measure,A,94-12,2,10.0,9.995104,4A08_4B07,SMU,-33,2,
94-23,current,4.27349e-11,RESULT,,,,LaMP_HP_b,lamp_wholewafer,,,,,,,2026-09-22 19:22:13,third,measure,A,94-23,3,10.0,9.99516,2A07_2B08,SMU,-34,3,
94-13,current,4.26155e-11,RESULT,,,,LaMP_HP_b,lamp_wholewafer,,,,,,,2026-09-22 19:22:13,fourth,measure,A,94-13,4,10.0,9.995132,2A05_2B06,SMU,-33,3,
94-24,current,4.7072e-11,RESULT,,,,LaMP_HP_b,lamp_wholewafer,,,,,,,2026-09-22 19:22:20,first,measure,A,94-24,1,10.0,9.995173,4A06_4B05,SMU,-34,4,
94-14,current,4.448e-11,RESULT,,,,LaMP_HP_b,lamp_wholewafer,,,,,,,2026-09-22 19:22:20,second,measure,A,94-14,2,10.0,9.995161,4A08_4B07,SMU,-33,4,
95-20,current,4.60659e-11,RESULT,,,,LaMP_HP_b,lamp_wholewafer,,,,,,,2026-09-22 19:22:20,third,measure,A,95-20,3,10.0,9.995118,2A07_2B08,SMU,-34,5,
95-10,current,4.21665e-11,RESULT,,,,LaMP_HP_b,lamp_wholewafer,,,,,,,2026-09-22 19:22:20,fourth,measure,A,95-10,4,10.0,9.995133,2A05_2B06,SMU,-33,5,
95-21,current,4.76632e-11,RESULT,,,,LaMP_HP_b,lamp_wholewafer,,,,,,,2026-09-22 19:22:26,first,measure,A,95-21,1,10.0,9.995073,4A06_4B05,SMU,-34,6,
95-11,current,4.81918e-11,RESULT,,,,LaMP_HP_b,lamp_wholewafer,,,,,,,2026-09-22 19:22:26,second,measure,A,95-11,2,10.0,9.99512,4A08_4B07,SMU,-33,6,
95-22,current,4.31896e-11,RESULT,,,,LaMP_HP_b,lamp_wholewafer,,,,,,,2026-09-22 19:22:26,third,measure,A,95-22,3,10.0,9.995108,2A07_2B08,SMU,-34,7,
95-12,current,3.9563e-11,RESULT,,,,LaMP_HP_b,lamp_wholewafer,,,,,,,2026-09-22 19:22:26,fourth,measure,A,95-12,4,10.0,9.995049,2A05_2B06,SMU,-33,7,
95-23,current,4.73108e-11,RESULT,,,,LaMP_HP_b,lamp_wholewafer,,,,,,,2026-09-22 19:22:33,first,measure,A,95-23,1,10.0,9.995065,4A06_4B05,SMU,-34,8,
95-13,current,4.28202e-11,RESULT,,,,LaMP_HP_b,lamp_wholewafer,,,,,,,2026-09-22 19:22:33,second,measure,A,95-13,2,10.0,9.995001,4A08_4B07,SMU,-33,8,
95-24,current,4.41446e-11,RESULT,,,,LaMP_HP_b,lamp_wholewafer,,,,,,,2026-09-22 19:22:33,third,measure,A,95-24,3,10.0,9.994988,2A07_2B08,SMU,-34,9,
95-14,current,4.31612e-11,RESULT,,,,LaMP_HP_b,lamp_wholewafer,,,,,,,2026-09-22 19:22:33,fourth,measure,A,95-14,4,10.0,9.995012,2A05_2B06,SMU,-33,9,
NA,current,4.21949e-11,RESULT,,,,LaMP_HP_b,lamp_wholewafer,,,,,,,2026-09-22 19:22:39,first,measure,A,NA,1,10.0,9.995081,4A06_4B05,SMU,-34,10,
96-10,current,4.45368e-11,RESULT,,,,LaMP_HP_b,lamp_wholewafer,,,,,,,2026-09-22 19:22:39,second,measure,A,96-10,2,10.0,9.995059,4A08_4B07,SMU,-33,10,
NA,current,3.90344e-11,RESULT,,,,LaMP_HP_b,lamp_wholewafer,,,,,,,2026-09-22 19:22:39,third,measure,A,NA,3,10.0,9.995145,2A07_2B08,SMU,-34,11,
NA,current,3.95346e-11,RESULT,,,,LaMP_HP_b,lamp_wholewafer,,,,,,,2026-09-22 19:22:39,fourth,measure,A,NA,4,10.0,9.995131,2A05_2B06,SMU,-33,11,
91-03,current,4.30191e-11,RESULT,,,,LaMP_HP_b,lamp_wholewafer,,,,,,,2026-09-22 19:22:46,first,measure,A,91-03,1,10.0,9.995122,4A06_4B05,SMU,-32,-12,
81-73,current,3.63912e-11,RESULT,,,,LaMP_HP_b,lamp_wholewafer,,,,,,,2026-09-22 19:22:46,second,measure,A,81-73,2,10.0,9.995067,4A08_4B07,SMU,-31,-12,
91-04,current,3.78805e-11,RESULT,,,,LaMP_HP_b,lamp_wholewafer,,,,,,,2026-09-22 19:22:46,third,measure,A,91-04,3,10.0,9.995103,2A07_2B08,SMU,-32,-11,
81-74,current,3.69255e-11,RESULT,,,,LaMP_HP_b,lamp_wholewafer,,,,,,,2026-09-22 19:22:46,fourth,measure,A,81-74,4,10.0,9.995079,2A05_2B06,SMU,-31,-11,
92-00,current,4.16605e-11,RESULT,,,,LaMP_HP_b,lamp_wholewafer,,,,,,,2026-09-22 19:22:52,first,measure,A,92-00,1,10.0,9.995135,4A06_4B05,SMU,-32,-10,
82-70,current,8.54129e-11,RESULT,,,,LaMP_HP_b,lamp_wholewafer,,,,,,,2026-09-22 19:22:52,second,measure,A,82-70,2,10.0,9.995126,4A08_4B07,SMU,-31,-10,
92-01,current,4.31612e-11,RESULT,,,,LaMP_HP_b,lamp_wholewafer,,,,,,,2026-09-22 19:22:52,third,measure,A,92-01,3,10.0,9.99509,2A07_2B08,SMU,-32,-9,
82-71,current,4.46619e-11,RESULT,,,,LaMP_HP_b,lamp_wholewafer,,,,,,,2026-09-22 19:22:52,fourth,measure,A,82-71,4,10.0,9.995088,2A05_2B06,SMU,-31,-9,
92-02,current,4.50996e-11,RESULT,,,,LaMP_HP_b,lamp_wholewafer,,,,,,,2026-09-22 19:22:59,first,measure,A,92-02,1,10.0,9.995127,4A06_4B05,SMU,-32,-8,
82-72,current,3.82784e-11,RESULT,,,,LaMP_HP_b,lamp_wholewafer,,,,,,,2026-09-22 19:22:59,second,measure,A,82-72,2,10.0,9.995121,4A08_4B07,SMU,-31,-8,
92-03,current,4.0086e-11,RESULT,,,,LaMP_HP_b,lamp_wholewafer,,,,,,,2026-09-22 19:22:59,third,measure,A,92-03,3,10.0,9.995114,2A07_2B08,SMU,-32,-7,
82-73,current,4.20357e-11,RESULT,,,,LaMP_HP_b,lamp_wholewafer,,,,,,,2026-09-22 19:22:59,fourth,measure,A,82-73,4,10.0,9.995161,2A05_2B06,SMU,-31,-7,
92-04,current,4.36728e-11,RESULT,,,,LaMP_HP_b,lamp_wholewafer,,,,,,,2026-09-22 19:23:05,first,measure,A,92-04,1,10.0,9.995084,4A06_4B05,SMU,-32,-6,
82-74,current,4.19618e-11,RESULT,,,,LaMP_HP_b,lamp_wholewafer,,,,,,,2026-09-22 19:23:05,second,measure,A,82-74,2,10.0,9.995156,4A08_4B07,SMU,-31,-6,
93-00,current,4.02565e-11,RESULT,,,,LaMP_HP_b,lamp_wholewafer,,,,,,,2026-09-22 19:23:05,third,measure,A,93-00,3,10.0,9.995139,2A07_2B08,SMU,-32,-5,
83-70,current,4.11205e-11,RESULT,,,,LaMP_HP_b,lamp_wholewafer,,,,,,,2026-09-22 19:23:05,fourth,measure,A,83-70,4,10.0,9.995138,2A05_2B06,SMU,-31,-5,
93-01,current,4.84533e-11,RESULT,,,,LaMP_HP_b,lamp_wholewafer,,,,,,,2026-09-22 19:23:12,first,measure,A,93-01,1,10.0,9.995076,4A06_4B05,SMU,-32,-4,
83-71,current,4.5145e-11,RESULT,,,,LaMP_HP_b,lamp_wholewafer,,,,,,,2026-09-22 19:23:12,second,measure,A,83-71,2,10.0,9.99507,4A08_4B07,SMU,-31,-4,
93-02,current,4.3525e-11,RESULT,,,,LaMP_HP_b,lamp_wholewafer,,,,,,,2026-09-22 19:23:12,third,measure,A,93-02,3,10.0,9.99505,2A07_2B08,SMU,-32,-3,
83-72,current,4.45596e-11,RESULT,,,,LaMP_HP_b,lamp_wholewafer,,,,,,,2026-09-22 19:23:12,fourth,measure,A,83-72,4,10.0,9.995026,2A05_2B06,SMU,-31,-3,
93-03,current,4.90672e-11,RESULT,,,,LaMP_HP_b,lamp_wholewafer,,,,,,,2026-09-22 19:23:18,first,measure,A,93-03,1,10.0,9.99497,4A06_4B05,SMU,-32,-2,
83-73,current,4.77428e-11,RESULT,,,,LaMP_HP_b,lamp_wholewafer,,,,,,,2026-09-22 19:23:18,second,measure,A,83-73,2,10.0,9.995027,4A08_4B07,SMU,-31,-2,
93-04,current,4.47358e-11,RESULT,,,,LaMP_HP_b,lamp_wholewafer,,,,,,,2026-09-22 19:23:18,third,measure,A,93-04,3,10.0,9.995026,2A07_2B08,SMU,-32,-1,
83-74,current,4.34284e-11,RESULT,,,,LaMP_HP_b,lamp_wholewafer,,,,,,,2026-09-22 19:23:18,fourth,measure,A,83-74,4,10.0,9.995035,2A05_2B06,SMU,-31,-1,
94-00,current,5.01814e-11,RESULT,,,,LaMP_HP_b,lamp_wholewafer,,,,,,,2026-09-22 19:23:25,first,measure,A,94-00,1,10.0,9.995037,4A06_4B05,SMU,-32,0,
84-70,current,4.32294e-11,RESULT,,,,LaMP_HP_b,lamp_wholewafer,,,,,,,2026-09-22 19:23:25,second,measure,A,84-70,2,10.0,9.995011,4A08_4B07,SMU,-31,0,
94-01,current,4.47699e-11,RESULT,,,,LaMP_HP_b,lamp_wholewafer,,,,,,,2026-09-22 19:23:25,third,measure,A,94-01,3,10.0,9.995034,2A07_2B08,SMU,-32,1,
84-71,current,4.28656e-11,RESULT,,,,LaMP_HP_b,lamp_wholewafer,,,,,,,2026-09-22 19:23:25,fourth,measure,A,84-71,4,10.0,9.995056,2A05_2B06,SMU,-31,1,
94-02,current,4.59522e-11,RESULT,,,,LaMP_HP_b,lamp_wholewafer,,,,,,,2026-09-22 19:23:31,first,measure,A,94-02,1,10.0,9.995067,4A06_4B05,SMU,-32,2,
84-72,current,4.7055e-11,RESULT,,,,LaMP_HP_b,lamp_wholewafer,,,,,,,2026-09-22 19:23:31,second,measure,A,84-72,2,10.0,9.995031,4A08_4B07,SMU,-31,2,
94-03,current,4.3616e-11,RESULT,,,,LaMP_HP_b,lamp_wholewafer,,,,,,,2026-09-22 19:23:31,third,measure,A,94-03,3,10.0,9.99503,2A07_2B08,SMU,-32,3,
84-73,current,4.37637e-11,RESULT,,,,LaMP_HP_b,lamp_wholewafer,,,,,,,2026-09-22 19:23:31,fourth,measure,A,84-73,4,10.0,9.995077,2A05_2B06,SMU,-31,3,
94-04,current,1.449e-10,RESULT,,,,LaMP_HP_b,lamp_wholewafer,,,,,,,2026-09-22 19:23:38,first,measure,A,94-04,1,10.0,9.995123,4A06_4B05,SMU,-32,4,
84-74,current,4.20925e-11,RESULT,,,,LaMP_HP_b,lamp_wholewafer,,,,,,,2026-09-22 19:23:38,second,measure,A,84-74,2,10.0,9.995109,4A08_4B07,SMU,-31,4,
95-00,current,4.06942e-11,RESULT,,,,LaMP_HP_b,lamp_wholewafer,,,,,,,2026-09-22 19:23:38,third,measure,A,95-00,3,10.0,9.995101,2A07_2B08,SMU,-32,5,
85-70,current,4.32749e-11,RESULT,,,,LaMP_HP_b,lamp_wholewafer,,,,,,,2026-09-22 19:23:38,fourth,measure,A,85-70,4,10.0,9.995168,2A05_2B06,SMU,-31,5,
95-01,current,4.64524e-11,RESULT,,,,LaMP_HP_b,lamp_wholewafer,,,,,,,2026-09-22 19:23:44,first,measure,A,95-01,1,10.0,9.99515,4A06_4B05,SMU,-32,6,
85-71,current,4.43379e-11,RESULT,,,,LaMP_HP_b,lamp_wholewafer,,,,,,,2026-09-22 19:23:44,second,measure,A,85-71,2,10.0,9.995111,4A08_4B07,SMU,-31,6,
95-02,current,3.98472e-11,RESULT,,,,LaMP_HP_b,lamp_wholewafer,,,,,,,2026-09-22 19:23:44,third,measure,A,95-02,3,10.0,9.995181,2A07_2B08,SMU,-32,7,
85-72,current,4.27178e-11,RESULT,,,,LaMP_HP_b,lamp_wholewafer,,,,,,,2026-09-22 19:23:44,fourth,measure,A,85-72,4,10.0,9.995166,2A05_2B06,SMU,-31,7,
95-03,current,4.85727e-11,RESULT,,,,LaMP_HP_b,lamp_wholewafer,,,,,,,2026-09-22 19:23:51,first,measure,A,95-03,1,10.0,9.995194,4A06_4B05,SMU,-32,8,
85-73,current,4.34966e-11,RESULT,,,,LaMP_HP_b,lamp_wholewafer,,,,,,,2026-09-22 19:23:51,second,measure,A,85-73,2,10.0,9.9951,4A08_4B07,SMU,-31,8,
95-04,current,3.98359e-11,RESULT,,,,LaMP_HP_b,lamp_wholewafer,,,,,,,2026-09-22 19:23:51,third,measure,A,95-04,3,10.0,9.995132,2A07_2B08,SMU,-32,9,
85-74,current,4.30305e-11,RESULT,,,,LaMP_HP_b,lamp_wholewafer,,,,,,,2026-09-22 19:23:51,fourth,measure,A,85-74,4,10.0,9.995032,2A05_2B06,SMU,-31,9,
96-00,current,4.53554e-11,RESULT,,,,LaMP_HP_b,lamp_wholewafer,,,,,,,2026-09-22 19:23:57,first,measure,A,96-00,1,10.0,9.995073,4A06_4B05,SMU,-32,10,
86-70,current,4.17856e-11,RESULT,,,,LaMP_HP_b,lamp_wholewafer,,,,,,,2026-09-22 19:23:57,second,measure,A,86-70,2,10.0,9.995172,4A08_4B07,SMU,-31,10,
96-01,current,4.09159e-11,RESULT,,,,LaMP_HP_b,lamp_wholewafer,,,,,,,2026-09-22 19:23:57,third,measure,A,96-01,3,10.0,9.995146,2A07_2B08,SMU,-32,11,
86-71,current,4.041e-11,RESULT,,,,LaMP_HP_b,lamp_wholewafer,,,,,,,2026-09-22 19:23:57,fourth,measure,A,86-71,4,10.0,9.995165,2A05_2B06,SMU,-31,11,
NA,current,4.17515e-11,RESULT,,,,LaMP_HP_b,lamp_wholewafer,,,,,,,2026-09-22 19:24:04,first,measure,A,NA,1,10.0,9.995127,4A06_4B05,SMU,-30,-14,
NA,current,3.81135e-11,RESULT,,,,LaMP_HP_b,lamp_wholewafer,,,,,,,2026-09-22 19:24:04,second,measure,A,NA,2,10.0,9.995123,4A08_4B07,SMU,-29,-14,
81-62,current,2.27743e-10,RESULT,,,,LaMP_HP_b,lamp_wholewafer,,,,,,,2026-09-22 19:24:04,third,measure,A,81-62,3,10.0,9.995153,2A07_2B08,SMU,-30,-13,
81-52,current,2.88082e-11,RESULT,,,,LaMP_HP_b,lamp_wholewafer,,,,,,,2026-09-22 19:24:04,fourth,measure,A,81-52,4,10.0,9.995115,2A05_2B06,SMU,-29,-13,
81-63,current,3.84944e-11,RESULT,,,,LaMP_HP_b,lamp_wholewafer,,,,,,,2026-09-22 19:24:11,first,measure,A,81-63,1,10.0,9.99506,4A06_4B05,SMU,-30,-12,
81-53,current,3.50894e-11,RESULT,,,,LaMP_HP_b,lamp_wholewafer,,,,,,,2026-09-22 19:24:11,second,measure,A,81-53,2,10.0,9.995087,4A08_4B07,SMU,-29,-12,
81-64,current,3.74484e-11,RESULT,,,,LaMP_HP_b,lamp_wholewafer,,,,,,,2026-09-22 19:24:11,third,measure,A,81-64,3,10.0,9.995048,2A07_2B08,SMU,-30,-11,
81-54,current,3.43277e-11,RESULT,,,,LaMP_HP_b,lamp_wholewafer,,,,,,,2026-09-22 19:24:11,fourth,measure,A,81-54,4,10.0,9.995032,2A05_2B06,SMU,-29,-11,
82-60,current,4.33261e-11,RESULT,,,,LaMP_HP_b,lamp_wholewafer,,,,,,,2026-09-22 19:24:17,first,measure,A,82-60,1,10.0,9.995061,4A06_4B05,SMU,-30,-10,
82-50,current,4.17799e-11,RESULT,,,,LaMP_HP_b,lamp_wholewafer,,,,,,,2026-09-22 19:24:17,second,measure,A,82-50,2,10.0,9.995094,4A08_4B07,SMU,-29,-10,
82-61,current,3.98188e-11,RESULT,,,,LaMP_HP_b,lamp_wholewafer,,,,,,,2026-09-22 19:24:17,third,measure,A,82-61,3,10.0,9.995144,2A07_2B08,SMU,-30,-9,
82-51,current,3.94039e-11,RESULT,,,,LaMP_HP_b,lamp_wholewafer,,,,,,,2026-09-22 19:24:17,fourth,measure,A,82-51,4,10.0,9.995113,2A05_2B06,SMU,-29,-9,
82-62,current,4.59465e-11,RESULT,,,,LaMP_HP_b,lamp_wholewafer,,,,,,,2026-09-22 19:24:24,first,measure,A,82-62,1,10.0,9.995146,4A06_4B05,SMU,-30,-8,
82-52,current,3.94323e-11,RESULT,,,,LaMP_HP_b,lamp_wholewafer,,,,,,,2026-09-22 19:24:24,second,measure,A,82-52,2,10.0,9.995161,4A08_4B07,SMU,-29,-8,
82-63,current,3.8716e-11,RESULT,,,,LaMP_HP_b,lamp_wholewafer,,,,,,,2026-09-22 19:24:24,third,measure,A,82-63,3,10.0,9.995108,2A07_2B08,SMU,-30,-7,
82-53,current,4.17742e-11,RESULT,,,,LaMP_HP_b,lamp_wholewafer,,,,,,,2026-09-22 19:24:24,fourth,measure,A,82-53,4,10.0,9.995089,2A05_2B06,SMU,-29,-7,
82-64,current,4.45766e-11,RESULT,,,,LaMP_HP_b,lamp_wholewafer,,,,,,,2026-09-22 19:24:30,first,measure,A,82-64,1,10.0,9.995087,4A06_4B05,SMU,-30,-6,
82-54,current,4.16435e-11,RESULT,,,,LaMP_HP_b,lamp_wholewafer,,,,,,,2026-09-22 19:24:30,second,measure,A,82-54,2,10.0,9.995145,4A08_4B07,SMU,-29,-6,
83-60,current,1.334e-10,RESULT,,,,LaMP_HP_b,lamp_wholewafer,,,,,,,2026-09-22 19:24:30,third,measure,A,83-60,3,10.0,9.995092,2A07_2B08,SMU,-30,-5,
83-50,current,3.31681e-11,RESULT,,,,LaMP_HP_b,lamp_wholewafer,,,,,,,2026-09-22 19:24:30,fourth,measure,A,83-50,4,10.0,9.995081,2A05_2B06,SMU,-29,-5,
83-61,current,4.34397e-11,RESULT,,,,LaMP_HP_b,lamp_wholewafer,,,,,,,2026-09-22 19:24:37,first,measure,A,83-61,1,10.0,9.995141,4A06_4B05,SMU,-30,-4,
83-51,current,4.26326e-11,RESULT,,,,LaMP_HP_b,lamp_wholewafer,,,,,,,2026-09-22 19:24:37,second,measure,A,83-51,2,10.0,9.995138,4A08_4B07,SMU,-29,-4,
83-62,current,4.11376e-11,RESULT,,,,LaMP_HP_b,lamp_wholewafer,,,,,,,2026-09-22 19:24:37,third,measure,A,83-62,3,10.0,9.995127,2A07_2B08,SMU,-30,-3,
83-52,current,4.29793e-11,RESULT,,,,LaMP_HP_b,lamp_wholewafer,,,,,,,2026-09-22 19:24:37,fourth,measure,A,83-52,4,10.0,9.995109,2A05_2B06,SMU,-29,-3,
83-63,current,4.87148e-11,RESULT,,,,LaMP_HP_b,lamp_wholewafer,,,,,,,2026-09-22 19:24:43,first,measure,A,83-63,1,10.0,9.995178,4A06_4B05,SMU,-30,-2,
83-53,current,4.57987e-11,RESULT,,,,LaMP_HP_b,lamp_wholewafer,,,,,,,2026-09-22 19:24:43,second,measure,A,83-53,2,10.0,9.995183,4A08_4B07,SMU,-29,-2,
83-64,current,4.44629e-11,RESULT,,,,LaMP_HP_b,lamp_wholewafer,,,,,,,2026-09-22 19:24:43,third,measure,A,83-64,3,10.0,9.995214,2A07_2B08,SMU,-30,-1,
83-54,current,4.16549e-11,RESULT,,,,LaMP_HP_b,lamp_wholewafer,,,,,,,2026-09-22 19:24:43,fourth,measure,A,83-54,4,10.0,9.995276,2A05_2B06,SMU,-29,-1,
84-60,current,4.80839e-11,RESULT,,,,LaMP_HP_b,lamp_wholewafer,,,,,,,2026-09-22 19:24:50,first,measure,A,84-60,1,10.0,9.995222,4A06_4B05,SMU,-30,0,
84-50,current,4.46846e-11,RESULT,,,,LaMP_HP_b,lamp_wholewafer,,,,,,,2026-09-22 19:24:50,second,measure,A,84-50,2,10.0,9.995172,4A08_4B07,SMU,-29,0,
84-61,current,4.64524e-11,RESULT,,,,LaMP_HP_b,lamp_wholewafer,,,,,,,2026-09-22 19:24:50,third,measure,A,84-61,3,10.0,9.995234,2A07_2B08,SMU,-30,1,
84-51,current,4.10239e-11,RESULT,,,,LaMP_HP_b,lamp_wholewafer,,,,,,,2026-09-22 19:24:50,fourth,measure,A,84-51,4,10.0,9.995219,2A05_2B06,SMU,-29,1,
84-62,current,4.61171e-11,RESULT,,,,LaMP_HP_b,lamp_wholewafer,,,,,,,2026-09-22 19:24:56,first,measure,A,84-62,1,10.0,9.995193,4A06_4B05,SMU,-30,2,
84-52,current,4.60432e-11,RESULT,,,,LaMP_HP_b,lamp_wholewafer,,,,,,,2026-09-22 19:24:56,second,measure,A,84-52,2,10.0,9.99515,4A08_4B07,SMU,-29,2,
84-63,current,4.32237e-11,RESULT,,,,LaMP_HP_b,lamp_wholewafer,,,,,,,2026-09-22 19:24:56,third,measure,A,84-63,3,10.0,9.995132,2A07_2B08,SMU,-30,3,
84-53,current,3.83579e-11,RESULT,,,,LaMP_HP_b,lamp_wholewafer,,,,,,,2026-09-22 19:24:56,fourth,measure,A,84-53,4,10.0,9.995132,2A05_2B06,SMU,-29,3,
84-64,current,4.69868e-11,RESULT,,,,LaMP_HP_b,lamp_wholewafer,,,,,,,2026-09-22 19:25:03,first,measure,A,84-64,1,10.0,9.9951,4A06_4B05,SMU,-30,4,
84-54,current,4.65718e-11,RESULT,,,,LaMP_HP_b,lamp_wholewafer,,,,,,,2026-09-22 19:25:03,second,measure,A,84-54,2,10.0,9.995099,4A08_4B07,SMU,-29,4,
85-60,current,4.38774e-11,RESULT,,,,LaMP_HP_b,lamp_wholewafer,,,,,,,2026-09-22 19:25:03,third,measure,A,85-60,3,10.0,9.995085,2A07_2B08,SMU,-30,5,
85-50,current,4.31044e-11,RESULT,,,,LaMP_HP_b,lamp_wholewafer,,,,,,,2026-09-22 19:25:03,fourth,measure,A,85-50,4,10.0,9.995244,2A05_2B06,SMU,-29,5,
85-61,current,4.70266e-11,RESULT,,,,LaMP_HP_b,lamp_wholewafer,,,,,,,2026-09-22 19:25:09,first,measure,A,85-61,1,10.0,9.995164,4A06_4B05,SMU,-30,6,
85-51,current,4.65832e-11,RESULT,,,,LaMP_HP_b,lamp_wholewafer,,,,,,,2026-09-22 19:25:09,second,measure,A,85-51,2,10.0,9.995199,4A08_4B07,SMU,-29,6,
85-62,current,3.76076e-11,RESULT,,,,LaMP_HP_b,lamp_wholewafer,,,,,,,2026-09-22 19:25:09,third,measure,A,85-62,3,10.0,9.995135,2A07_2B08,SMU,-30,7,
85-52,current,4.47017e-11,RESULT,,,,LaMP_HP_b,lamp_wholewafer,,,,,,,2026-09-22 19:25:09,fourth,measure,A,85-52,4,10.0,9.99512,2A05_2B06,SMU,-29,7,
85-63,current,4.6424e-11,RESULT,,,,LaMP_HP_b,lamp_wholewafer,,,,,,,2026-09-22 19:25:16,first,measure,A,85-63,1,10.0,9.995139,4A06_4B05,SMU,-30,8,
85-53,current,4.28997e-11,RESULT,,,,LaMP_HP_b,lamp_wholewafer,,,,,,,2026-09-22 19:25:16,second,measure,A,85-53,2,10.0,9.995148,4A08_4B07,SMU,-29,8,
85-64,current,4.41276e-11,RESULT,,,,LaMP_HP_b,lamp_wholewafer,,,,,,,2026-09-22 19:25:16,third,measure,A,85-64,3,10.0,9.995078,2A07_2B08,SMU,-30,9,
85-54,current,4.08306e-11,RESULT,,,,LaMP_HP_b,lamp_wholewafer,,,,,,,2026-09-22 19:25:16,fourth,measure,A,85-54,4,10.0,9.995097,2A05_2B06,SMU,-29,9,
86-60,current,4.5884e-11,RESULT,,,,LaMP_HP_b,lamp_wholewafer,,,,,,,2026-09-22 19:25:22,first,measure,A,86-60,1,10.0,9.995083,4A06_4B05,SMU,-30,10,
86-50,current,4.14957e-11,RESULT,,,,LaMP_HP_b,lamp_wholewafer,,,,,,,2026-09-22 19:25:22,second,measure,A,86-50,2,10.0,9.995108,4A08_4B07,SMU,-29,10,
86-61,current,4.05919e-11,RESULT,,,,LaMP_HP_b,lamp_wholewafer,,,,,,,2026-09-22 19:25:22,third,measure,A,86-61,3,10.0,9.995138,2A07_2B08,SMU,-30,11,
86-51,current,4.0194e-11,RESULT,,,,LaMP_HP_b,lamp_wholewafer,,,,,,,2026-09-22 19:25:22,fourth,measure,A,86-51,4,10.0,9.995129,2A05_2B06,SMU,-29,11,
86-62,current,4.48267e-11,RESULT,,,,LaMP_HP_b,lamp_wholewafer,,,,,,,2026-09-22 19:25:29,first,measure,A,86-62,1,10.0,9.995116,4A06_4B05,SMU,-30,12,
86-52,current,3.90116e-11,RESULT,,,,LaMP_HP_b,lamp_wholewafer,,,,,,,2026-09-22 19:25:29,second,measure,A,86-52,2,10.0,9.995087,4A08_4B07,SMU,-29,12,
NA,current,3.49814e-11,RESULT,,,,LaMP_HP_b,lamp_wholewafer,,,,,,,2026-09-22 19:25:29,third,measure,A,NA,3,10.0,9.995108,2A07_2B08,SMU,-30,13,
NA,current,3.68288e-11,RESULT,,,,LaMP_HP_b,lamp_wholewafer,,,,,,,2026-09-22 19:25:29,fourth,measure,A,NA,4,10.0,9.995112,2A05_2B06,SMU,-29,13,
81-41,current,4.29395e-11,RESULT,,,,LaMP_HP_b,lamp_wholewafer,,,,,,,2026-09-22 19:25:35,first,measure,A,81-41,1,10.0,9.995089,4A06_4B05,SMU,-28,-14,
81-31,current,3.84091e-11,RESULT,,,,LaMP_HP_b,lamp_wholewafer,,,,,,,2026-09-22 19:25:35,second,measure,A,81-31,2,10.0,9.995085,4A08_4B07,SMU,-27,-14,
81-42,current,3.22302e-11,RESULT,,,,LaMP_HP_b,lamp_wholewafer,,,,,,,2026-09-22 19:25:35,third,measure,A,81-42,3,10.0,9.995096,2A07_2B08,SMU,-28,-13,
81-32,current,3.33444e-11,RESULT,,,,LaMP_HP_b,lamp_wholewafer,,,,,,,2026-09-22 19:25:35,fourth,measure,A,81-32,4,10.0,9.995089,2A05_2B06,SMU,-27,-13,
81-43,current,3.96312e-11,RESULT,,,,LaMP_HP_b,lamp_wholewafer,,,,,,,2026-09-22 19:25:42,first,measure,A,81-43,1,10.0,9.995059,4A06_4B05,SMU,-28,-12,
81-33,current,3.26111e-11,RESULT,,,,LaMP_HP_b,lamp_wholewafer,,,,,,,2026-09-22 19:25:42,second,measure,A,81-33,2,10.0,9.995081,4A08_4B07,SMU,-27,-12,
81-44,current,3.68516e-11,RESULT,,,,LaMP_HP_b,lamp_wholewafer,,,,,,,2026-09-22 19:25:42,third,measure,A,81-44,3,10.0,9.995158,2A07_2B08,SMU,-28,-11,
81-34,current,3.58625e-11,RESULT,,,,LaMP_HP_b,lamp_wholewafer,,,,,,,2026-09-22 19:25:42,fourth,measure,A,81-34,4,10.0,9.9951,2A05_2B06,SMU,-27,-11,
82-40,current,4.38604e-11,RESULT,,,,LaMP_HP_b,lamp_wholewafer,,,,,,,2026-09-22 19:25:48,first,measure,A,82-40,1,10.0,9.995095,4A06_4B05,SMU,-28,-10,
82-30,current,4.26837e-11,RESULT,,,,LaMP_HP_b,lamp_wholewafer,,,,,,,2026-09-22 19:25:48,second,measure,A,82-30,2,10.0,9.995049,4A08_4B07,SMU,-27,-10,
82-41,current,3.92731e-11,RESULT,,,,LaMP_HP_b,lamp_wholewafer,,,,,,,2026-09-22 19:25:48,third,measure,A,82-41,3,10.0,9.995087,2A07_2B08,SMU,-28,-9,
82-31,current,3.88923e-11,RESULT,,,,LaMP_HP_b,lamp_wholewafer,,,,,,,2026-09-22 19:25:48,fourth,measure,A,82-31,4,10.0,9.99518,2A05_2B06,SMU,-27,-9,
82-42,current,4.41446e-11,RESULT,,,,LaMP_HP_b,lamp_wholewafer,,,,,,,2026-09-22 19:25:55,first,measure,A,82-42,1,10.0,9.995122,4A06_4B05,SMU,-28,-8,
82-32,current,4.18709e-11,RESULT,,,,LaMP_HP_b,lamp_wholewafer,,,,,,,2026-09-22 19:25:55,second,measure,A,82-32,2,10.0,9.995111,4A08_4B07,SMU,-27,-8,
82-43,current,3.90344e-11,RESULT,,,,LaMP_HP_b,lamp_wholewafer,,,,,,,2026-09-22 19:25:55,third,measure,A,82-43,3,10.0,9.995133,2A07_2B08,SMU,-28,-7,
82-33,current,4.16662e-11,RESULT,,,,LaMP_HP_b,lamp_wholewafer,,,,,,,2026-09-22 19:25:55,fourth,measure,A,82-33,4,10.0,9.995173,2A05_2B06,SMU,-27,-7,
82-44,current,4.71516e-11,RESULT,,,,LaMP_HP_b,lamp_wholewafer,,,,,,,2026-09-22 19:26:02,first,measure,A,82-44,1,10.0,9.995069,4A06_4B05,SMU,-28,-6,
82-34,current,4.31726e-11,RESULT,,,,LaMP_HP_b,lamp_wholewafer,,,,,,,2026-09-22 19:26:02,second,measure,A,82-34,2,10.0,9.995132,4A08_4B07,SMU,-27,-6,
83-40,current,4.15071e-11,RESULT,,,,LaMP_HP_b,lamp_wholewafer,,,,,,,2026-09-22 19:26:02,third,measure,A,83-40,3,10.0,9.99518,2A07_2B08,SMU,-28,-5,
83-30,current,3.96426e-11,RESULT,,,,LaMP_HP_b,lamp_wholewafer,,,,,,,2026-09-22 19:26:02,fourth,measure,A,83-30,4,10.0,9.995202,2A05_2B06,SMU,-27,-5,
83-41,current,4.50257e-11,RESULT,,,,LaMP_HP_b,lamp_wholewafer,,,,,,,2026-09-22 19:26:08,first,measure,A,83-41,1,10.0,9.995224,4A06_4B05,SMU,-28,-4,
83-31,current,4.23597e-11,RESULT,,,,LaMP_HP_b,lamp_wholewafer,,,,,,,2026-09-22 19:26:08,second,measure,A,83-31,2,10.0,9.995155,4A08_4B07,SMU,-27,-4,
83-42,current,4.15582e-11,RESULT,,,,LaMP_HP_b,lamp_wholewafer,,,,,,,2026-09-22 19:26:08,third,measure,A,83-42,3,10.0,9.995089,2A07_2B08,SMU,-28,-3,
83-32,current,4.19448e-11,RESULT,,,,LaMP_HP_b,lamp_wholewafer,,,,,,,2026-09-22 19:26:08,fourth,measure,A,83-32,4,10.0,9.995092,2A05_2B06,SMU,-27,-3,
83-43,current,4.87148e-11,RESULT,,,,LaMP_HP_b,lamp_wholewafer,,,,,,,2026-09-22 19:26:15,first,measure,A,83-43,1,10.0,9.995184,4A06_4B05,SMU,-28,-2,
83-33,current,4.55941e-11,RESULT,,,,LaMP_HP_b,lamp_wholewafer,,,,,,,2026-09-22 19:26:15,second,measure,A,83-33,2,10.0,9.995211,4A08_4B07,SMU,-27,-2,
83-44,current,4.41332e-11,RESULT,,,,LaMP_HP_b,lamp_wholewafer,,,,,,,2026-09-22 19:26:15,third,measure,A,83-44,3,10.0,9.995186,2A07_2B08,SMU,-28,-1,
83-34,current,4.55941e-11,RESULT,,,,LaMP_HP_b,lamp_wholewafer,,,,,,,2026-09-22 19:26:15,fourth,measure,A,83-34,4,10.0,9.995215,2A05_2B06,SMU,-27,-1,
84-40,current,4.83738e-11,RESULT,,,,LaMP_HP_b,lamp_wholewafer,,,,,,,2026-09-22 19:26:21,first,measure,A,84-40,1,10.0,9.995179,4A06_4B05,SMU,-28,0,
84-30,current,1.40983e-10,RESULT,,,,LaMP_HP_b,lamp_wholewafer,,,,,,,2026-09-22 19:26:21,second,measure,A,84-30,2,10.0,9.995184,4A08_4B07,SMU,-27,0,
84-41,current,3.76929e-11,RESULT,,,,LaMP_HP_b,lamp_wholewafer,,,,,,,2026-09-22 19:26:21,third,measure,A,84-41,3,10.0,9.995183,2A07_2B08,SMU,-28,1,
84-31,current,4.1598e-11,RESULT,,,,LaMP_HP_b,lamp_wholewafer,,,,,,,2026-09-22 19:26:21,fourth,measure,A,84-31,4,10.0,9.995138,2A05_2B06,SMU,-27,1,
84-42,current,4.71232e-11,RESULT,,,,LaMP_HP_b,lamp_wholewafer,,,,,,,2026-09-22 19:26:28,first,measure,A,84-42,1,10.0,9.995161,4A06_4B05,SMU,-28,2,
84-32,current,4.29679e-11,RESULT,,,,LaMP_HP_b,lamp_wholewafer,,,,,,,2026-09-22 19:26:28,second,measure,A,84-32,2,10.0,9.995185,4A08_4B07,SMU,-27,2,
84-43,current,4.54634e-11,RESULT,,,,LaMP_HP_b,lamp_wholewafer,,,,,,,2026-09-22 19:26:28,third,measure,A,84-43,3,10.0,9.995157,2A07_2B08,SMU,-28,3,
84-33,current,4.53951e-11,RESULT,,,,LaMP_HP_b,lamp_wholewafer,,,,,,,2026-09-22 19:26:28,fourth,measure,A,84-33,4,10.0,9.995161,2A05_2B06,SMU,-27,3,
84-44,current,4.70322e-11,RESULT,,,,LaMP_HP_b,lamp_wholewafer,,,,,,,2026-09-22 19:26:34,first,measure,A,84-44,1,10.0,9.995184,4A06_4B05,SMU,-28,4,
84-34,current,1.45229e-10,RESULT,,,,LaMP_HP_b,lamp_wholewafer,,,,,,,2026-09-22 19:26:34,second,measure,A,84-34,2,10.0,9.995222,4A08_4B07,SMU,-27,4,
85-40,current,3.90912e-11,RESULT,,,,LaMP_HP_b,lamp_wholewafer,,,,,,,2026-09-22 19:26:34,third,measure,A,85-40,3,10.0,9.995194,2A07_2B08,SMU,-28,5,
85-30,current,4.2229e-11,RESULT,,,,LaMP_HP_b,lamp_wholewafer,,,,,,,2026-09-22 19:26:34,fourth,measure,A,85-30,4,10.0,9.995184,2A05_2B06,SMU,-27,5,
85-41,current,4.56453e-11,RESULT,,,,LaMP_HP_b,lamp_wholewafer,,,,,,,2026-09-22 19:26:41,first,measure,A,85-41,1,10.0,9.995152,4A06_4B05,SMU,-28,6,
85-31,current,4.44743e-11,RESULT,,,,LaMP_HP_b,lamp_wholewafer,,,,,,,2026-09-22 19:26:41,second,measure,A,85-31,2,10.0,9.995079,4A08_4B07,SMU,-27,6,
85-42,current,4.29225e-11,RESULT,,,,LaMP_HP_b,lamp_wholewafer,,,,,,,2026-09-22 19:26:41,third,measure,A,85-42,3,10.0,9.995059,2A07_2B08,SMU,-28,7,
85-32,current,4.33659e-11,RESULT,,,,LaMP_HP_b,lamp_wholewafer,,,,,,,2026-09-22 19:26:41,fourth,measure,A,85-32,4,10.0,9.995092,2A05_2B06,SMU,-27,7,
85-43,current,4.42696e-11,RESULT,,,,LaMP_HP_b,lamp_wholewafer,,,,,,,2026-09-22 19:26:47,first,measure,A,85-43,1,10.0,9.995117,4A06_4B05,SMU,-28,8,
85-33,current,4.35136e-11,RESULT,,,,LaMP_HP_b,lamp_wholewafer,,,,,,,2026-09-22 19:26:47,second,measure,A,85-33,2,10.0,9.995146,4A08_4B07,SMU,-27,8,
85-44,current,4.33374e-11,RESULT,,,,LaMP_HP_b,lamp_wholewafer,,,,,,,2026-09-22 19:26:47,third,measure,A,85-44,3,10.0,9.995096,2A07_2B08,SMU,-28,9,
85-34,current,4.30646e-11,RESULT,,,,LaMP_HP_b,lamp_wholewafer,,,,,,,2026-09-22 19:26:47,fourth,measure,A,85-34,4,10.0,9.995109,2A05_2B06,SMU,-27,9,
86-40,current,4.33659e-11,RESULT,,,,LaMP_HP_b,lamp_wholewafer,,,,,,,2026-09-22 19:26:53,first,measure,A,86-40,1,10.0,9.99517,4A06_4B05,SMU,-28,10,
86-30,current,4.4065e-11,RESULT,,,,LaMP_HP_b,lamp_wholewafer,,,,,,,2026-09-22 19:26:53,second,measure,A,86-30,2,10.0,9.995039,4A08_4B07,SMU,-27,10,
86-41,current,3.99496e-11,RESULT,,,,LaMP_HP_b,lamp_wholewafer,,,,,,,2026-09-22 19:26:53,third,measure,A,86-41,3,10.0,9.995049,2A07_2B08,SMU,-28,11,
86-31,current,4.39797e-11,RESULT,,,,LaMP_HP_b,lamp_wholewafer,,,,,,,2026-09-22 19:26:53,fourth,measure,A,86-31,4,10.0,9.995029,2A05_2B06,SMU,-27,11,
86-42,current,4.22517e-11,RESULT,,,,LaMP_HP_b,lamp_wholewafer,,,,,,,2026-09-22 19:27:00,first,measure,A,86-42,1,10.0,9.995131,4A06_4B05,SMU,-28,12,
86-32,current,3.94948e-11,RESULT,,,,LaMP_HP_b,lamp_wholewafer,,,,,,,2026-09-22 19:27:00,second,measure,A,86-32,2,10.0,9.995139,4A08_4B07,SMU,-27,12,
86-43,current,1.3812e-09,RESULT,,,,LaMP_HP_b,lamp_wholewafer,,,,,,,2026-09-22 19:27:00,third,measure,A,86-43,3,10.0,9.995161,2A07_2B08,SMU,-28,13,
86-33,current,2.33229e-10,RESULT,,,,LaMP_HP_b,lamp_wholewafer,,,,,,,2026-09-22 19:27:00,fourth,measure,A,86-33,4,10.0,9.995184,2A05_2B06,SMU,-27,13,
NA,current,9.99996e-07,RESULT,,,,LaMP_HP_b,lamp_wholewafer,,,,,,,2026-09-22 19:27:07,first,measure,A,NA,1,10.0,0.06915054,4A06_4B05,SMU,-26,-16,
NA,current,9.99996e-07,RESULT,,,,LaMP_HP_b,lamp_wholewafer,,,,,,,2026-09-22 19:27:07,second,measure,A,NA,2,10.0,0.06887817,4A08_4B07,SMU,-25,-16,
NA,current,4.4696e-11,RESULT,,,,LaMP_HP_b,lamp_wholewafer,,,,,,,2026-09-22 19:27:07,third,measure,A,NA,3,10.0,9.9952,2A07_2B08,SMU,-26,-15,
81-10,current,5.23187e-11,RESULT,,,,LaMP_HP_b,lamp_wholewafer,,,,,,,2026-09-22 19:27:07,fourth,measure,A,81-10,4,10.0,9.995191,2A05_2B06,SMU,-25,-15,
81-21,current,4.06374e-11,RESULT,,,,LaMP_HP_b,lamp_wholewafer,,,,,,,2026-09-22 19:27:13,first,measure,A,81-21,1,10.0,9.995193,4A06_4B05,SMU,-26,-14,
81-11,current,3.84205e-11,RESULT,,,,LaMP_HP_b,lamp_wholewafer,,,,,,,2026-09-22 19:27:13,second,measure,A,81-11,2,10.0,9.995156,4A08_4B07,SMU,-25,-14,
PCM,current,2.00487e-11,RESULT,,,,LaMP_HP_b,lamp_wholewafer,,,,,,,2026-09-22 19:27:13,third,measure,A,PCM,3,10.0,9.995142,2A07_2B08,SMU,-26,-13,
81-12,current,3.07921e-11,RESULT,,,,LaMP_HP_b,lamp_wholewafer,,,,,,,2026-09-22 19:27:13,fourth,measure,A,81-12,4,10.0,9.995122,2A05_2B06,SMU,-25,-13,
81-23,current,3.61524e-11,RESULT,,,,LaMP_HP_b,lamp_wholewafer,,,,,,,2026-09-22 19:27:20,first,measure,A,81-23,1,10.0,9.99505,4A06_4B05,SMU,-26,-12,
81-13,current,3.52031e-11,RESULT,,,,LaMP_HP_b,lamp_wholewafer,,,,,,,2026-09-22 19:27:20,second,measure,A,81-13,2,10.0,9.995051,4A08_4B07,SMU,-25,-12,
81-24,current,3.59819e-11,RESULT,,,,LaMP_HP_b,lamp_wholewafer,,,,,,,2026-09-22 19:27:20,third,measure,A,81-24,3,10.0,9.995111,2A07_2B08,SMU,-26,-11,
81-14,current,3.28669e-11,RESULT,,,,LaMP_HP_b,lamp_wholewafer,,,,,,,2026-09-22 19:27:20,fourth,measure,A,81-14,4,10.0,9.995172,2A05_2B06,SMU,-25,-11,
82-20,current,4.39172e-11,RESULT,,,,LaMP_HP_b,lamp_wholewafer,,,,,,,2026-09-22 19:27:26,first,measure,A,82-20,1,10.0,9.995111,4A06_4B05,SMU,-26,-10,
82-10,current,3.95801e-11,RESULT,,,,LaMP_HP_b,lamp_wholewafer,,,,,,,2026-09-22 19:27:26,second,measure,A,82-10,2,10.0,9.995134,4A08_4B07,SMU,-25,-10,
82-21,current,3.76076e-11,RESULT,,,,LaMP_HP_b,lamp_wholewafer,,,,,,,2026-09-22 19:27:26,third,measure,A,82-21,3,10.0,9.995139,2A07_2B08,SMU,-26,-9,
82-11,current,3.9023e-11,RESULT,,,,LaMP_HP_b,lamp_wholewafer,,,,,,,2026-09-22 19:27:26,fourth,measure,A,82-11,4,10.0,9.995033,2A05_2B06,SMU,-25,-9,
82-22,current,4.31839e-11,RESULT,,,,LaMP_HP_b,lamp_wholewafer,,,,,,,2026-09-22 19:27:33,first,measure,A,82-22,1,10.0,9.995211,4A06_4B05,SMU,-26,-8,
82-12,current,4.33147e-11,RESULT,,,,LaMP_HP_b,lamp_wholewafer,,,,,,,2026-09-22 19:27:33,second,measure,A,82-12,2,10.0,9.995267,4A08_4B07,SMU,-25,-8,
82-23,current,3.82329e-11,RESULT,,,,LaMP_HP_b,lamp_wholewafer,,,,,,,2026-09-22 19:27:33,third,measure,A,82-23,3,10.0,9.995231,2A07_2B08,SMU,-26,-7,
82-13,current,3.85057e-11,RESULT,,,,LaMP_HP_b,lamp_wholewafer,,,,,,,2026-09-22 19:27:33,fourth,measure,A,82-13,4,10.0,9.995188,2A05_2B06,SMU,-25,-7,
82-24,current,4.45141e-11,RESULT,,,,LaMP_HP_b,lamp_wholewafer,,,,,,,2026-09-22 19:27:39,first,measure,A,82-24,1,10.0,9.995193,4A06_4B05,SMU,-26,-6,
82-14,current,4.59806e-11,RESULT,,,,LaMP_HP_b,lamp_wholewafer,,,,,,,2026-09-22 19:27:39,second,measure,A,82-14,2,10.0,9.995248,4A08_4B07,SMU,-25,-6,
83-20,current,3.99837e-11,RESULT,,,,LaMP_HP_b,lamp_wholewafer,,,,,,,2026-09-22 19:27:39,third,measure,A,83-20,3,10.0,9.995291,2A07_2B08,SMU,-26,-5,
83-10,current,4.01599e-11,RESULT,,,,LaMP_HP_b,lamp_wholewafer,,,,,,,2026-09-22 19:27:39,fourth,measure,A,83-10,4,10.0,9.995247,2A05_2B06,SMU,-25,-5,
83-21,current,4.58272e-11,RESULT,,,,LaMP_HP_b,lamp_wholewafer,,,,,,,2026-09-22 19:27:46,first,measure,A,83-21,1,10.0,9.995121,4A06_4B05,SMU,-26,-4,
83-11,current,4.4497e-11,RESULT,,,,LaMP_HP_b,lamp_wholewafer,,,,,,,2026-09-22 19:27:46,second,measure,A,83-11,2,10.0,9.995103,4A08_4B07,SMU,-25,-4,
PCM,current,2.28454e-11,RESULT,,,,LaMP_HP_b,lamp_wholewafer,,,,,,,2026-09-22 19:27:46,third,measure,A,PCM,3,10.0,9.995116,2A07_2B08,SMU,-26,-3,
83-12,current,4.19107e-11,RESULT,,,,LaMP_HP_b,lamp_wholewafer,,,,,,,2026-09-22 19:27:46,fourth,measure,A,83-12,4,10.0,9.99516,2A05_2B06,SMU,-25,-3,
83-23,current,4.7055e-11,RESULT,,,,LaMP_HP_b,lamp_wholewafer,,,,,,,2026-09-22 19:27:52,first,measure,A,83-23,1,10.0,9.995197,4A06_4B05,SMU,-26,-2,
83-13,current,4.67594e-11,RESULT,,,,LaMP_HP_b,lamp_wholewafer,,,,,,,2026-09-22 19:27:52,second,measure,A,83-13,2,10.0,9.995195,4A08_4B07,SMU,-25,-2,
83-24,current,4.43379e-11,RESULT,,,,LaMP_HP_b,lamp_wholewafer,,,,,,,2026-09-22 19:27:52,third,measure,A,83-24,3,10.0,9.995193,2A07_2B08,SMU,-26,-1,
83-14,current,4.63103e-11,RESULT,,,,LaMP_HP_b,lamp_wholewafer,,,,,,,2026-09-22 19:27:52,fourth,measure,A,83-14,4,10.0,9.995154,2A05_2B06,SMU,-25,-1,
84-20,current,4.96755e-11,RESULT,,,,LaMP_HP_b,lamp_wholewafer,,,,,,,2026-09-22 19:27:59,first,measure,A,84-20,1,10.0,9.995131,4A06_4B05,SMU,-26,0,
84-10,current,4.29679e-11,RESULT,,,,LaMP_HP_b,lamp_wholewafer,,,,,,,2026-09-22 19:27:59,second,measure,A,84-10,2,10.0,9.995199,4A08_4B07,SMU,-25,0,
84-21,current,4.27122e-11,RESULT,,,,LaMP_HP_b,lamp_wholewafer,,,,,,,2026-09-22 19:27:59,third,measure,A,84-21,3,10.0,9.995166,2A07_2B08,SMU,-26,1,
84-11,current,4.44516e-11,RESULT,,,,LaMP_HP_b,lamp_wholewafer,,,,,,,2026-09-22 19:27:59,fourth,measure,A,84-11,4,10.0,9.995205,2A05_2B06,SMU,-25,1,
84-22,current,4.54179e-11,RESULT,,,,LaMP_HP_b,lamp_wholewafer,,,,,,,2026-09-22 19:28:05,first,measure,A,84-22,1,10.0,9.995154,4A06_4B05,SMU,-26,2,
84-12,current,4.6532e-11,RESULT,,,,LaMP_HP_b,lamp_wholewafer,,,,,,,2026-09-22 19:28:05,second,measure,A,84-12,2,10.0,9.995187,4A08_4B07,SMU,-25,2,
84-23,current,4.32408e-11,RESULT,,,,LaMP_HP_b,lamp_wholewafer,,,,,,,2026-09-22 19:28:05,third,measure,A,84-23,3,10.0,9.995204,2A07_2B08,SMU,-26,3,
84-13,current,1.43348e-10,RESULT,,,,LaMP_HP_b,lamp_wholewafer,,,,,,,2026-09-22 19:28:05,fourth,measure,A,84-13,4,10.0,9.995184,2A05_2B06,SMU,-25,3,
84-24,current,4.47415e-11,RESULT,,,,LaMP_HP_b,lamp_wholewafer,,,,,,,2026-09-22 19:28:12,first,measure,A,84-24,1,10.0,9.995183,4A06_4B05,SMU,-26,4,
84-14,current,4.44004e-11,RESULT,,,,LaMP_HP_b,lamp_wholewafer,,,,,,,2026-09-22 19:28:12,second,measure,A,84-14,2,10.0,9.99522,4A08_4B07,SMU,-25,4,
85-20,current,4.15923e-11,RESULT,,,,LaMP_HP_b,lamp_wholewafer,,,,,,,2026-09-22 19:28:12,third,measure,A,85-20,3,10.0,9.995173,2A07_2B08,SMU,-26,5,
85-10,current,4.17629e-11,RESULT,,,,LaMP_HP_b,lamp_wholewafer,,,,,,,2026-09-22 19:28:12,fourth,measure,A,85-10,4,10.0,9.995221,2A05_2B06,SMU,-25,5,
85-21,current,4.82771e-11,RESULT,,,,LaMP_HP_b,lamp_wholewafer,,,,,,,2026-09-22 19:28:18,first,measure,A,85-21,1,10.0,9.99521,4A06_4B05,SMU,-26,6,
85-11,current,4.49802e-11,RESULT,,,,LaMP_HP_b,lamp_wholewafer,,,,,,,2026-09-22 19:28:18,second,measure,A,85-11,2,10.0,9.995237,4A08_4B07,SMU,-25,6,
PCM,current,2.39368e-11,RESULT,,,,LaMP_HP_b,lamp_wholewafer,,,,,,,2026-09-22 19:28:18,third,measure,A,PCM,3,10.0,9.995281,2A07_2B08,SMU,-26,7,
85-12,current,4.01087e-11,RESULT,,,,LaMP_HP_b,lamp_wholewafer,,,,,,,2026-09-22 19:28:18,fourth,measure,A,85-12,4,10.0,9.995185,2A05_2B06,SMU,-25,7,
85-23,current,4.855e-11,RESULT,,,,LaMP_HP_b,lamp_wholewafer,,,,,,,2026-09-22 19:28:25,first,measure,A,85-23,1,10.0,9.995093,4A06_4B05,SMU,-26,8,
85-13,current,2.48383e-10,RESULT,,,,LaMP_HP_b,lamp_wholewafer,,,,,,,2026-09-22 19:28:25,second,measure,A,85-13,2,10.0,9.995073,4A08_4B07,SMU,-25,8,
85-24,current,3.71927e-11,RESULT,,,,LaMP_HP_b,lamp_wholewafer,,,,,,,2026-09-22 19:28:25,third,measure,A,85-24,3,10.0,9.995074,2A07_2B08,SMU,-26,9,
85-14,current,3.78009e-11,RESULT,,,,LaMP_HP_b,lamp_wholewafer,,,,,,,2026-09-22 19:28:25,fourth,measure,A,85-14,4,10.0,9.995132,2A05_2B06,SMU,-25,9,
86-20,current,4.50484e-11,RESULT,,,,LaMP_HP_b,lamp_wholewafer,,,,,,,2026-09-22 19:28:31,first,measure,A,86-20,1,10.0,9.995121,4A06_4B05,SMU,-26,10,
86-10,current,4.33147e-11,RESULT,,,,LaMP_HP_b,lamp_wholewafer,,,,,,,2026-09-22 19:28:31,second,measure,A,86-10,2,10.0,9.995171,4A08_4B07,SMU,-25,10,
86-21,current,3.9222e-11,RESULT,,,,LaMP_HP_b,lamp_wholewafer,,,,,,,2026-09-22 19:28:31,third,measure,A,86-21,3,10.0,9.995183,2A07_2B08,SMU,-26,11,
86-11,current,3.74769e-11,RESULT,,,,LaMP_HP_b,lamp_wholewafer,,,,,,,2026-09-22 19:28:31,fourth,measure,A,86-11,4,10.0,9.995203,2A05_2B06,SMU,-25,11,
86-22,current,4.39854e-11,RESULT,,,,LaMP_HP_b,lamp_wholewafer,,,,,,,2026-09-22 19:28:38,first,measure,A,86-22,1,10.0,9.995144,4A06_4B05,SMU,-26,12,
86-12,current,3.49104e-10,RESULT,,,,LaMP_HP_b,lamp_wholewafer,,,,,,,2026-09-22 19:28:38,second,measure,A,86-12,2,10.0,9.995069,4A08_4B07,SMU,-25,12,
86-23,current,3.60103e-11,RESULT,,,,LaMP_HP_b,lamp_wholewafer,,,,,,,2026-09-22 19:28:38,third,measure,A,86-23,3,10.0,9.995108,2A07_2B08,SMU,-26,13,
86-13,current,3.6465e-11,RESULT,,,,LaMP_HP_b,lamp_wholewafer,,,,,,,2026-09-22 19:28:38,fourth,measure,A,86-13,4,10.0,9.995171,2A05_2B06,SMU,-25,13,
NA,current,3.91083e-11,RESULT,,,,LaMP_HP_b,lamp_wholewafer,,,,,,,2026-09-22 19:28:44,first,measure,A,NA,1,10.0,9.995104,4A06_4B05,SMU,-26,14,
86-14,current,4.21267e-11,RESULT,,,,LaMP_HP_b,lamp_wholewafer,,,,,,,2026-09-22 19:28:44,second,measure,A,86-14,2,10.0,9.995121,4A08_4B07,SMU,-25,14,
NA,current,9.99995e-07,RESULT,,,,LaMP_HP_b,lamp_wholewafer,,,,,,,2026-09-22 19:28:44,third,measure,A,NA,3,10.0,0.08600311,2A07_2B08,SMU,-26,15,
NA,current,9.99995e-07,RESULT,,,,LaMP_HP_b,lamp_wholewafer,,,,,,,2026-09-22 19:28:44,fourth,measure,A,NA,4,10.0,0.07679214,2A05_2B06,SMU,-25,15,
NA,current,9.99996e-07,RESULT,,,,LaMP_HP_b,lamp_wholewafer,,,,,,,2026-09-22 19:28:51,first,measure,A,NA,1,10.0,0.06725769,4A06_4B05,SMU,-24,-16,
70-74,current,5.19776e-11,RESULT,,,,LaMP_HP_b,lamp_wholewafer,,,,,,,2026-09-22 19:28:51,second,measure,A,70-74,2,10.0,9.995119,4A08_4B07,SMU,-23,-16,
81-00,current,4.04725e-11,RESULT,,,,LaMP_HP_b,lamp_wholewafer,,,,,,,2026-09-22 19:28:51,third,measure,A,81-00,3,10.0,9.995081,2A07_2B08,SMU,-24,-15,
71-70,current,4.08249e-11,RESULT,,,,LaMP_HP_b,lamp_wholewafer,,,,,,,2026-09-22 19:28:51,fourth,measure,A,71-70,4,10.0,9.995152,2A05_2B06,SMU,-23,-15,
81-01,current,3.97392e-11,RESULT,,,,LaMP_HP_b,lamp_wholewafer,,,,,,,2026-09-22 19:28:57,first,measure,A,81-01,1,10.0,9.995111,4A06_4B05,SMU,-24,-14,
71-71,current,3.82329e-11,RESULT,,,,LaMP_HP_b,lamp_wholewafer,,,,,,,2026-09-22 19:28:57,second,measure,A,71-71,2,10.0,9.995077,4A08_4B07,SMU,-23,-14,
81-02,current,3.51179e-11,RESULT,,,,LaMP_HP_b,lamp_wholewafer,,,,,,,2026-09-22 19:28:57,third,measure,A,81-02,3,10.0,9.995126,2A07_2B08,SMU,-24,-13,
71-72,current,3.38673e-11,RESULT,,,,LaMP_HP_b,lamp_wholewafer,,,,,,,2026-09-22 19:28:57,fourth,measure,A,71-72,4,10.0,9.995158,2A05_2B06,SMU,-23,-13,
81-03,current,3.8068e-11,RESULT,,,,LaMP_HP_b,lamp_wholewafer,,,,,,,2026-09-22 19:29:04,first,measure,A,81-03,1,10.0,9.995115,4A06_4B05,SMU,-24,-12,
71-73,current,3.70051e-11,RESULT,,,,LaMP_HP_b,lamp_wholewafer,,,,,,,2026-09-22 19:29:04,second,measure,A,71-73,2,10.0,9.995061,4A08_4B07,SMU,-23,-12,
81-04,current,3.59819e-11,RESULT,,,,LaMP_HP_b,lamp_wholewafer,,,,,,,2026-09-22 19:29:04,third,measure,A,81-04,3,10.0,9.99509,2A07_2B08,SMU,-24,-11,
71-74,current,3.89718e-11,RESULT,,,,LaMP_HP_b,lamp_wholewafer,,,,,,,2026-09-22 19:29:04,fourth,measure,A,71-74,4,10.0,9.995111,2A05_2B06,SMU,-23,-11,
82-00,current,4.35705e-11,RESULT,,,,LaMP_HP_b,lamp_wholewafer,,,,,,,2026-09-22 19:29:10,first,measure,A,82-00,1,10.0,9.995012,4A06_4B05,SMU,-24,-10,
72-70,current,3.9671e-11,RESULT,,,,LaMP_HP_b,lamp_wholewafer,,,,,,,2026-09-22 19:29:10,second,measure,A,72-70,2,10.0,9.994987,4A08_4B07,SMU,-23,-10,
82-01,current,4.06601e-11,RESULT,,,,LaMP_HP_b,lamp_wholewafer,,,,,,,2026-09-22 19:29:10,third,measure,A,82-01,3,10.0,9.995008,2A07_2B08,SMU,-24,-9,
72-71,current,4.26098e-11,RESULT,,,,LaMP_HP_b,lamp_wholewafer,,,,,,,2026-09-22 19:29:10,fourth,measure,A,72-71,4,10.0,9.995016,2A05_2B06,SMU,-23,-9,
82-02,current,4.47926e-11,RESULT,,,,LaMP_HP_b,lamp_wholewafer,,,,,,,2026-09-22 19:29:17,first,measure,A,82-02,1,10.0,9.995026,4A06_4B05,SMU,-24,-8,
72-72,current,3.86194e-11,RESULT,,,,LaMP_HP_b,lamp_wholewafer,,,,,,,2026-09-22 19:29:17,second,measure,A,72-72,2,10.0,9.995061,4A08_4B07,SMU,-23,-8,
82-03,current,4.01428e-11,RESULT,,,,LaMP_HP_b,lamp_wholewafer,,,,,,,2026-09-22 19:29:17,third,measure,A,82-03,3,10.0,9.995061,2A07_2B08,SMU,-24,-7,
72-73,current,4.35421e-11,RESULT,,,,LaMP_HP_b,lamp_wholewafer,,,,,,,2026-09-22 19:29:17,fourth,measure,A,72-73,4,10.0,9.99503,2A05_2B06,SMU,-23,-7,
82-04,current,4.55543e-11,RESULT,,,,LaMP_HP_b,lamp_wholewafer,,,,,,,2026-09-22 19:29:23,first,measure,A,82-04,1,10.0,9.99503,4A06_4B05,SMU,-24,-6,
72-74,current,4.5236e-11,RESULT,,,,LaMP_HP_b,lamp_wholewafer,,,,,,,2026-09-22 19:29:23,second,measure,A,72-74,2,10.0,9.995016,4A08_4B07,SMU,-23,-6,
83-00,current,4.30134e-11,RESULT,,,,LaMP_HP_b,lamp_wholewafer,,,,,,,2026-09-22 19:29:23,third,measure,A,83-00,3,10.0,9.995045,2A07_2B08,SMU,-24,-5,
73-70,current,1.59582e-10,RESULT,,,,LaMP_HP_b,lamp_wholewafer,,,,,,,2026-09-22 19:29:23,fourth,measure,A,73-70,4,10.0,9.995094,2A05_2B06,SMU,-23,-5,
83-01,current,5.50699e-11,RESULT,,,,LaMP_HP_b,lamp_wholewafer,,,,,,,2026-09-22 19:29:30,first,measure,A,83-01,1,10.0,9.995121,4A06_4B05,SMU,-24,-4,
73-71,current,4.99938e-11,RESULT,,,,LaMP_HP_b,lamp_wholewafer,,,,,,,2026-09-22 19:29:30,second,measure,A,73-71,2,10.0,9.995161,4A08_4B07,SMU,-23,-4,
83-02,current,4.7288e-11,RESULT,,,,LaMP_HP_b,lamp_wholewafer,,,,,,,2026-09-22 19:29:30,third,measure,A,83-02,3,10.0,9.99518,2A07_2B08,SMU,-24,-3,
73-72,current,4.29111e-11,RESULT,,,,LaMP_HP_b,lamp_wholewafer,,,,,,,2026-09-22 19:29:30,fourth,measure,A,73-72,4,10.0,9.995157,2A05_2B06,SMU,-23,-3,
83-03,current,5.12443e-11,RESULT,,,,LaMP_HP_b,lamp_wholewafer,,,,,,,2026-09-22 19:29:36,first,measure,A,83-03,1,10.0,9.995116,4A06_4B05,SMU,-24,-2,
73-73,current,4.81464e-11,RESULT,,,,LaMP_HP_b,lamp_wholewafer,,,,,,,2026-09-22 19:29:36,second,measure,A,73-73,2,10.0,9.995136,4A08_4B07,SMU,-23,-2,
83-04,current,4.45425e-11,RESULT,,,,LaMP_HP_b,lamp_wholewafer,,,,,,,2026-09-22 19:29:36,third,measure,A,83-04,3,10.0,9.995236,2A07_2B08,SMU,-24,-1,
73-74,current,4.83453e-11,RESULT,,,,LaMP_HP_b,lamp_wholewafer,,,,,,,2026-09-22 19:29:36,fourth,measure,A,73-74,4,10.0,9.995207,2A05_2B06,SMU,-23,-1,
84-00,current,4.75438e-11,RESULT,,,,LaMP_HP_b,lamp_wholewafer,,,,,,,2026-09-22 19:29:43,first,measure,A,84-00,1,10.0,9.995214,4A06_4B05,SMU,-24,0,
74-70,current,4.5759e-11,RESULT,,,,LaMP_HP_b,lamp_wholewafer,,,,,,,2026-09-22 19:29:43,second,measure,A,74-70,2,10.0,9.995183,4A08_4B07,SMU,-23,0,
84-01,current,4.55259e-11,RESULT,,,,LaMP_HP_b,lamp_wholewafer,,,,,,,2026-09-22 19:29:43,third,measure,A,84-01,3,10.0,9.995148,2A07_2B08,SMU,-24,1,
74-71,current,4.33999e-11,RESULT,,,,LaMP_HP_b,lamp_wholewafer,,,,,,,2026-09-22 19:29:43,fourth,measure,A,74-71,4,10.0,9.995161,2A05_2B06,SMU,-23,1,
84-02,current,4.80782e-11,RESULT,,,,LaMP_HP_b,lamp_wholewafer,,,,,,,2026-09-22 19:29:49,first,measure,A,84-02,1,10.0,9.995082,4A06_4B05,SMU,-24,2,
74-72,current,4.55316e-11,RESULT,,,,LaMP_HP_b,lamp_wholewafer,,,,,,,2026-09-22 19:29:49,second,measure,A,74-72,2,10.0,9.995151,4A08_4B07,SMU,-23,2,
84-03,current,4.43094e-11,RESULT,,,,LaMP_HP_b,lamp_wholewafer,,,,,,,2026-09-22 19:29:49,third,measure,A,84-03,3,10.0,9.995203,2A07_2B08,SMU,-24,3,
74-73,current,4.29054e-11,RESULT,,,,LaMP_HP_b,lamp_wholewafer,,,,,,,2026-09-22 19:29:49,fourth,measure,A,74-73,4,10.0,9.995138,2A05_2B06,SMU,-23,3,
84-04,current,5.01075e-11,RESULT,,,,LaMP_HP_b,lamp_wholewafer,,,,,,,2026-09-22 19:29:56,first,measure,A,84-04,1,10.0,9.995127,4A06_4B05,SMU,-24,4,
74-74,current,4.44061e-11,RESULT,,,,LaMP_HP_b,lamp_wholewafer,,,,,,,2026-09-22 19:29:56,second,measure,A,74-74,2,10.0,9.99507,4A08_4B07,SMU,-23,4,
85-00,current,4.19448e-11,RESULT,,,,LaMP_HP_b,lamp_wholewafer,,,,,,,2026-09-22 19:29:56,third,measure,A,85-00,3,10.0,9.995066,2A07_2B08,SMU,-24,5,
75-70,current,4.0535e-11,RESULT,,,,LaMP_HP_b,lamp_wholewafer,,,,,,,2026-09-22 19:29:56,fourth,measure,A,75-70,4,10.0,9.995035,2A05_2B06,SMU,-23,5,
85-01,current,4.51166e-11,RESULT,,,,LaMP_HP_b,lamp_wholewafer,,,,,,,2026-09-22 19:30:02,first,measure,A,85-01,1,10.0,9.99509,4A06_4B05,SMU,-24,6,
75-71,current,4.34454e-11,RESULT,,,,LaMP_HP_b,lamp_wholewafer,,,,,,,2026-09-22 19:30:02,second,measure,A,75-71,2,10.0,9.995099,4A08_4B07,SMU,-23,6,
85-02,current,4.37069e-11,RESULT,,,,LaMP_HP_b,lamp_wholewafer,,,,,,,2026-09-22 19:30:02,third,measure,A,85-02,3,10.0,9.995109,2A07_2B08,SMU,-24,7,
75-72,current,4.28542e-11,RESULT,,,,LaMP_HP_b,lamp_wholewafer,,,,,,,2026-09-22 19:30:02,fourth,measure,A,75-72,4,10.0,9.995093,2A05_2B06,SMU,-23,7,
85-03,current,4.62137e-11,RESULT,,,,LaMP_HP_b,lamp_wholewafer,,,,,,,2026-09-22 19:30:08,first,measure,A,85-03,1,10.0,9.995073,4A06_4B05,SMU,-24,8,
75-73,current,4.34682e-11,RESULT,,,,LaMP_HP_b,lamp_wholewafer,,,,,,,2026-09-22 19:30:08,second,measure,A,75-73,2,10.0,9.99514,4A08_4B07,SMU,-23,8,
85-04,current,4.2877e-11,RESULT,,,,LaMP_HP_b,lamp_wholewafer,,,,,,,2026-09-22 19:30:08,third,measure,A,85-04,3,10.0,9.995198,2A07_2B08,SMU,-24,9,
75-74,current,4.22517e-11,RESULT,,,,LaMP_HP_b,lamp_wholewafer,,,,,,,2026-09-22 19:30:08,fourth,measure,A,75-74,4,10.0,9.995208,2A05_2B06,SMU,-23,9,
86-00,current,4.60261e-11,RESULT,,,,LaMP_HP_b,lamp_wholewafer,,,,,,,2026-09-22 19:30:15,first,measure,A,86-00,1,10.0,9.995212,4A06_4B05,SMU,-24,10,
76-70,current,4.27804e-11,RESULT,,,,LaMP_HP_b,lamp_wholewafer,,,,,,,2026-09-22 19:30:15,second,measure,A,76-70,2,10.0,9.995193,4A08_4B07,SMU,-23,10,
86-01,current,4.13024e-11,RESULT,,,,LaMP_HP_b,lamp_wholewafer,,,,,,,2026-09-22 19:30:15,third,measure,A,86-01,3,10.0,9.995111,2A07_2B08,SMU,-24,11,
76-71,current,4.03986e-11,RESULT,,,,LaMP_HP_b,lamp_wholewafer,,,,,,,2026-09-22 19:30:15,fourth,measure,A,76-71,4,10.0,9.995086,2A05_2B06,SMU,-23,11,
86-02,current,4.5128e-11,RESULT,,,,LaMP_HP_b,lamp_wholewafer,,,,,,,2026-09-22 19:30:21,first,measure,A,86-02,1,10.0,9.995129,4A06_4B05,SMU,-24,12,
76-72,current,4.22347e-11,RESULT,,,,LaMP_HP_b,lamp_wholewafer,,,,,,,2026-09-22 19:30:21,second,measure,A,76-72,2,10.0,9.99507,4A08_4B07,SMU,-23,12,
86-03,current,4.24222e-11,RESULT,,,,LaMP_HP_b,lamp_wholewafer,,,,,,,2026-09-22 19:30:21,third,measure,A,86-03,3,10.0,9.995114,2A07_2B08,SMU,-24,13,
76-73,current,4.11148e-11,RESULT,,,,LaMP_HP_b,lamp_wholewafer,,,,,,,2026-09-22 19:30:21,fourth,measure,A,76-73,4,10.0,9.995057,2A05_2B06,SMU,-23,13,
86-04,current,4.58897e-11,RESULT,,,,LaMP_HP_b,lamp_wholewafer,,,,,,,2026-09-22 19:30:28,first,measure,A,86-04,1,10.0,9.995118,4A06_4B05,SMU,-24,14,
76-74,current,4.1797e-11,RESULT,,,,LaMP_HP_b,lamp_wholewafer,,,,,,,2026-09-22 19:30:28,second,measure,A,76-74,2,10.0,9.995163,4A08_4B07,SMU,-23,14,
NA,current,9.99996e-07,RESULT,,,,LaMP_HP_b,lamp_wholewafer,,,,,,,2026-09-22 19:30:28,third,measure,A,NA,3,10.0,0.06767349,2A07_2B08,SMU,-24,15,
77-70,current,4.20641e-11,RESULT,,,,LaMP_HP_b,lamp_wholewafer,,,,,,,2026-09-22 19:30:28,fourth,measure,A,77-70,4,10.0,9.995183,2A05_2B06,SMU,-23,15,
70-64,current,3.97904e-11,RESULT,,,,LaMP_HP_b,lamp_wholewafer,,,,,,,2026-09-22 19:30:35,first,measure,A,70-64,1,10.0,9.995129,4A06_4B05,SMU,-22,-16,
70-54,current,4.10125e-11,RESULT,,,,LaMP_HP_b,lamp_wholewafer,,,,,,,2026-09-22 19:30:35,second,measure,A,70-54,2,10.0,9.995192,4A08_4B07,SMU,-21,-16,
71-60,current,1.29575e-10,RESULT,,,,LaMP_HP_b,lamp_wholewafer,,,,,,,2026-09-22 19:30:35,third,measure,A,71-60,3,10.0,9.995179,2A07_2B08,SMU,-22,-15,
71-50,current,3.30317e-11,RESULT,,,,LaMP_HP_b,lamp_wholewafer,,,,,,,2026-09-22 19:30:35,fourth,measure,A,71-50,4,10.0,9.995142,2A05_2B06,SMU,-21,-15,
71-61,current,1.06456e-10,RESULT,,,,LaMP_HP_b,lamp_wholewafer,,,,,,,2026-09-22 19:30:41,first,measure,A,71-61,1,10.0,9.995173,4A06_4B05,SMU,-22,-14,
71-51,current,3.31909e-11,RESULT,,,,LaMP_HP_b,lamp_wholewafer,,,,,,,2026-09-22 19:30:41,second,measure,A,71-51,2,10.0,9.995176,4A08_4B07,SMU,-21,-14,
71-62,current,3.43846e-11,RESULT,,,,LaMP_HP_b,lamp_wholewafer,,,,,,,2026-09-22 19:30:41,third,measure,A,71-62,3,10.0,9.995225,2A07_2B08,SMU,-22,-13,
71-52,current,3.71074e-11,RESULT,,,,LaMP_HP_b,lamp_wholewafer,,,,,,,2026-09-22 19:30:41,fourth,measure,A,71-52,4,10.0,9.995153,2A05_2B06,SMU,-21,-13,
71-63,current,3.61638e-11,RESULT,,,,LaMP_HP_b,lamp_wholewafer,,,,,,,2026-09-22 19:30:48,first,measure,A,71-63,1,10.0,9.99523,4A06_4B05,SMU,-22,-12,
71-53,current,3.66356e-11,RESULT,,,,LaMP_HP_b,lamp_wholewafer,,,,,,,2026-09-22 19:30:48,second,measure,A,71-53,2,10.0,9.995188,4A08_4B07,SMU,-21,-12,
71-64,current,3.59137e-11,RESULT,,,,LaMP_HP_b,lamp_wholewafer,,,,,,,2026-09-22 19:30:48,third,measure,A,71-64,3,10.0,9.995229,2A07_2B08,SMU,-22,-11,
71-54,current,3.95573e-11,RESULT,,,,LaMP_HP_b,lamp_wholewafer,,,,,,,2026-09-22 19:30:48,fourth,measure,A,71-54,4,10.0,9.995245,2A05_2B06,SMU,-21,-11,
72-60,current,4.46562e-11,RESULT,,,,LaMP_HP_b,lamp_wholewafer,,,,,,,2026-09-22 19:30:54,first,measure,A,72-60,1,10.0,9.995156,4A06_4B05,SMU,-22,-10,
72-50,current,4.09159e-11,RESULT,,,,LaMP_HP_b,lamp_wholewafer,,,,,,,2026-09-22 19:30:54,second,measure,A,72-50,2,10.0,9.995225,4A08_4B07,SMU,-21,-10,
72-61,current,3.87445e-11,RESULT,,,,LaMP_HP_b,lamp_wholewafer,,,,,,,2026-09-22 19:30:54,third,measure,A,72-61,3,10.0,9.995139,2A07_2B08,SMU,-22,-9,
72-51,current,4.502e-11,RESULT,,,,LaMP_HP_b,lamp_wholewafer,,,,,,,2026-09-22 19:30:54,fourth,measure,A,72-51,4,10.0,9.995152,2A05_2B06,SMU,-21,-9,
72-62,current,4.30134e-11,RESULT,,,,LaMP_HP_b,lamp_wholewafer,,,,,,,2026-09-22 19:31:01,first,measure,A,72-62,1,10.0,9.995153,4A06_4B05,SMU,-22,-8,
72-52,current,4.28315e-11,RESULT,,,,LaMP_HP_b,lamp_wholewafer,,,,,,,2026-09-22 19:31:01,second,measure,A,72-52,2,10.0,9.995205,4A08_4B07,SMU,-21,-8,
72-63,current,4.14957e-11,RESULT,,,,LaMP_HP_b,lamp_wholewafer,,,,,,,2026-09-22 19:31:01,third,measure,A,72-63,3,10.0,9.995181,2A07_2B08,SMU,-22,-7,
72-53,current,3.92333e-11,RESULT,,,,LaMP_HP_b,lamp_wholewafer,,,,,,,2026-09-22 19:31:01,fourth,measure,A,72-53,4,10.0,9.995192,2A05_2B06,SMU,-21,-7,
72-64,current,4.67537e-11,RESULT,,,,LaMP_HP_b,lamp_wholewafer,,,,,,,2026-09-22 19:31:07,first,measure,A,72-64,1,10.0,9.995175,4A06_4B05,SMU,-22,-6,
72-54,current,4.23086e-11,RESULT,,,,LaMP_HP_b,lamp_wholewafer,,,,,,,2026-09-22 19:31:07,second,measure,A,72-54,2,10.0,9.995271,4A08_4B07,SMU,-21,-6,
73-60,current,4.20584e-11,RESULT,,,,LaMP_HP_b,lamp_wholewafer,,,,,,,2026-09-22 19:31:07,third,measure,A,73-60,3,10.0,9.995141,2A07_2B08,SMU,-22,-5,
73-50,current,4.32124e-11,RESULT,,,,LaMP_HP_b,lamp_wholewafer,,,,,,,2026-09-22 19:31:07,fourth,measure,A,73-50,4,10.0,9.995146,2A05_2B06,SMU,-21,-5,
73-61,current,4.60091e-11,RESULT,,,,LaMP_HP_b,lamp_wholewafer,,,,,,,2026-09-22 19:31:13,first,measure,A,73-61,1,10.0,9.995152,4A06_4B05,SMU,-22,-4,
73-51,current,4.39115e-11,RESULT,,,,LaMP_HP_b,lamp_wholewafer,,,,,,,2026-09-22 19:31:13,second,measure,A,73-51,2,10.0,9.995168,4A08_4B07,SMU,-21,-4,
73-62,current,4.39854e-11,RESULT,,,,LaMP_HP_b,lamp_wholewafer,,,,,,,2026-09-22 19:31:13,third,measure,A,73-62,3,10.0,9.995176,2A07_2B08,SMU,-22,-3,
73-52,current,4.18709e-11,RESULT,,,,LaMP_HP_b,lamp_wholewafer,,,,,,,2026-09-22 19:31:13,fourth,measure,A,73-52,4,10.0,9.995234,2A05_2B06,SMU,-21,-3,
73-63,current,4.99256e-11,RESULT,,,,LaMP_HP_b,lamp_wholewafer,,,,,,,2026-09-22 19:31:20,first,measure,A,73-63,1,10.0,9.995119,4A06_4B05,SMU,-22,-2,
73-53,current,4.61398e-11,RESULT,,,,LaMP_HP_b,lamp_wholewafer,,,,,,,2026-09-22 19:31:20,second,measure,A,73-53,2,10.0,9.995131,4A08_4B07,SMU,-21,-2,
73-64,current,4.3525e-11,RESULT,,,,LaMP_HP_b,lamp_wholewafer,,,,,,,2026-09-22 19:31:20,third,measure,A,73-64,3,10.0,9.995089,2A07_2B08,SMU,-22,-1,
73-54,current,4.60773e-11,RESULT,,,,LaMP_HP_b,lamp_wholewafer,,,,,,,2026-09-22 19:31:20,fourth,measure,A,73-54,4,10.0,9.995134,2A05_2B06,SMU,-21,-1,
74-60,current,4.90047e-11,RESULT,,,,LaMP_HP_b,lamp_wholewafer,,,,,,,2026-09-22 19:31:27,first,measure,A,74-60,1,10.0,9.995135,4A06_4B05,SMU,-22,0,
74-50,current,4.42014e-11,RESULT,,,,LaMP_HP_b,lamp_wholewafer,,,,,,,2026-09-22 19:31:27,second,measure,A,74-50,2,10.0,9.995147,4A08_4B07,SMU,-21,0,
74-61,current,4.38263e-11,RESULT,,,,LaMP_HP_b,lamp_wholewafer,,,,,,,2026-09-22 19:31:27,third,measure,A,74-61,3,10.0,9.995111,2A07_2B08,SMU,-22,1,
74-51,current,4.59238e-11,RESULT,,,,LaMP_HP_b,lamp_wholewafer,,,,,,,2026-09-22 19:31:27,fourth,measure,A,74-51,4,10.0,9.995168,2A05_2B06,SMU,-21,1,
74-62,current,5.2836e-11,RESULT,,,,LaMP_HP_b,lamp_wholewafer,,,,,,,2026-09-22 19:31:34,first,measure,A,74-62,1,10.0,9.995205,4A06_4B05,SMU,-22,2,
74-52,current,4.7487e-11,RESULT,,,,LaMP_HP_b,lamp_wholewafer,,,,,,,2026-09-22 19:31:34,second,measure,A,74-52,2,10.0,9.995137,4A08_4B07,SMU,-21,2,
74-63,current,4.48381e-11,RESULT,,,,LaMP_HP_b,lamp_wholewafer,,,,,,,2026-09-22 19:31:34,third,measure,A,74-63,3,10.0,9.995119,2A07_2B08,SMU,-22,3,
74-53,current,4.63103e-11,RESULT,,,,LaMP_HP_b,lamp_wholewafer,,,,,,,2026-09-22 19:31:34,fourth,measure,A,74-53,4,10.0,9.995097,2A05_2B06,SMU,-21,3,
74-64,current,4.88967e-11,RESULT,,,,LaMP_HP_b,lamp_wholewafer,,,,,,,2026-09-22 19:31:40,first,measure,A,74-64,1,10.0,9.995078,4A06_4B05,SMU,-22,4,
74-54,current,4.44004e-11,RESULT,,,,LaMP_HP_b,lamp_wholewafer,,,,,,,2026-09-22 19:31:40,second,measure,A,74-54,2,10.0,9.99518,4A08_4B07,SMU,-21,4,
75-60,current,4.48153e-11,RESULT,,,,LaMP_HP_b,lamp_wholewafer,,,,,,,2026-09-22 19:31:40,third,measure,A,75-60,3,10.0,9.995201,2A07_2B08,SMU,-22,5,
75-50,current,4.51052e-11,RESULT,,,,LaMP_HP_b,lamp_wholewafer,,,,,,,2026-09-22 19:31:40,fourth,measure,A,75-50,4,10.0,9.995188,2A05_2B06,SMU,-21,5,
75-61,current,4.84476e-11,RESULT,,,,LaMP_HP_b,lamp_wholewafer,,,,,,,2026-09-22 19:31:47,first,measure,A,75-61,1,10.0,9.995095,4A06_4B05,SMU,-22,6,
75-51,current,4.37922e-11,RESULT,,,,LaMP_HP_b,lamp_wholewafer,,,,,,,2026-09-22 19:31:47,second,measure,A,75-51,2,10.0,9.995095,4A08_4B07,SMU,-21,6,
75-62,current,4.311e-11,RESULT,,,,LaMP_HP_b,lamp_wholewafer,,,,,,,2026-09-22 19:31:47,third,measure,A,75-62,3,10.0,9.99518,2A07_2B08,SMU,-22,7,
75-52,current,4.25075e-11,RESULT,,,,LaMP_HP_b,lamp_wholewafer,,,,,,,2026-09-22 19:31:47,fourth,measure,A,75-52,4,10.0,9.995172,2A05_2B06,SMU,-21,7,
75-63,current,4.82487e-11,RESULT,,,,LaMP_HP_b,lamp_wholewafer,,,,,,,2026-09-22 19:31:53,first,measure,A,75-63,1,10.0,9.995124,4A06_4B05,SMU,-22,8,
75-53,current,4.41219e-11,RESULT,,,,LaMP_HP_b,lamp_wholewafer,,,,,,,2026-09-22 19:31:53,second,measure,A,75-53,2,10.0,9.99512,4A08_4B07,SMU,-21,8,
75-64,current,4.4156e-11,RESULT,,,,LaMP_HP_b,lamp_wholewafer,,,,,,,2026-09-22 19:31:53,third,measure,A,75-64,3,10.0,9.995151,2A07_2B08,SMU,-22,9,
75-54,current,4.48267e-11,RESULT,,,,LaMP_HP_b,lamp_wholewafer,,,,,,,2026-09-22 19:31:53,fourth,measure,A,75-54,4,10.0,9.995136,2A05_2B06,SMU,-21,9,
76-60,current,4.61114e-11,RESULT,,,,LaMP_HP_b,lamp_wholewafer,,,,,,,2026-09-22 19:32:00,first,measure,A,76-60,1,10.0,9.995085,4A06_4B05,SMU,-22,10,
76-50,current,4.17629e-11,RESULT,,,,LaMP_HP_b,lamp_wholewafer,,,,,,,2026-09-22 19:32:00,second,measure,A,76-50,2,10.0,9.995073,4A08_4B07,SMU,-21,10,
76-61,current,2.07035e-10,RESULT,,,,LaMP_HP_b,lamp_wholewafer,,,,,,,2026-09-22 19:32:00,third,measure,A,76-61,3,10.0,9.995133,2A07_2B08,SMU,-22,11,
76-51,current,5.13126e-11,RESULT,,,,LaMP_HP_b,lamp_wholewafer,,,,,,,2026-09-22 19:32:00,fourth,measure,A,76-51,4,10.0,9.995119,2A05_2B06,SMU,-21,11,
76-62,current,5.13921e-11,RESULT,,,,LaMP_HP_b,lamp_wholewafer,,,,,,,2026-09-22 19:32:06,first,measure,A,76-62,1,10.0,9.9951,4A06_4B05,SMU,-22,12,
76-52,current,4.64752e-11,RESULT,,,,LaMP_HP_b,lamp_wholewafer,,,,,,,2026-09-22 19:32:06,second,measure,A,76-52,2,10.0,9.995114,4A08_4B07,SMU,-21,12,
76-63,current,3.94948e-11,RESULT,,,,LaMP_HP_b,lamp_wholewafer,,,,,,,2026-09-22 19:32:06,third,measure,A,76-63,3,10.0,9.995147,2A07_2B08,SMU,-22,13,
76-53,current,4.11035e-11,RESULT,,,,LaMP_HP_b,lamp_wholewafer,,,,,,,2026-09-22 19:32:06,fourth,measure,A,76-53,4,10.0,9.995183,2A05_2B06,SMU,-21,13,
76-64,current,4.47187e-11,RESULT,,,,LaMP_HP_b,lamp_wholewafer,,,,,,,2026-09-22 19:32:13,first,measure,A,76-64,1,10.0,9.995158,4A06_4B05,SMU,-22,14,
76-54,current,3.96824e-11,RESULT,,,,LaMP_HP_b,lamp_wholewafer,,,,,,,2026-09-22 19:32:13,second,measure,A,76-54,2,10.0,9.995128,4A08_4B07,SMU,-21,14,
77-60,current,3.75337e-11,RESULT,,,,LaMP_HP_b,lamp_wholewafer,,,,,,,2026-09-22 19:32:13,third,measure,A,77-60,3,10.0,9.995154,2A07_2B08,SMU,-22,15,
77-50,current,4.35534e-11,RESULT,,,,LaMP_HP_b,lamp_wholewafer,,,,,,,2026-09-22 19:32:13,fourth,measure,A,77-50,4,10.0,9.995226,2A05_2B06,SMU,-21,15,
NA,current,4.67992e-11,RESULT,,,,LaMP_HP_b,lamp_wholewafer,,,,,,,2026-09-22 19:32:19,first,measure,A,NA,1,10.0,9.995192,4A06_4B05,SMU,-20,-18,
NA,current,4.22858e-11,RESULT,,,,LaMP_HP_b,lamp_wholewafer,,,,,,,2026-09-22 19:32:19,second,measure,A,NA,2,10.0,9.995233,4A08_4B07,SMU,-19,-18,
NA,current,3.73063e-11,RESULT,,,,LaMP_HP_b,lamp_wholewafer,,,,,,,2026-09-22 19:32:19,third,measure,A,NA,3,10.0,9.995172,2A07_2B08,SMU,-20,-17,
70-33,current,3.05704e-11,RESULT,,,,LaMP_HP_b,lamp_wholewafer,,,,,,,2026-09-22 19:32:19,fourth,measure,A,70-33,4,10.0,9.995192,2A05_2B06,SMU,-19,-17,
70-44,current,4.55088e-11,RESULT,,,,LaMP_HP_b,lamp_wholewafer,,,,,,,2026-09-22 19:32:26,first,measure,A,70-44,1,10.0,9.995096,4A06_4B05,SMU,-20,-16,
70-34,current,4.03986e-11,RESULT,,,,LaMP_HP_b,lamp_wholewafer,,,,,,,2026-09-22 19:32:26,second,measure,A,70-34,2,10.0,9.995029,4A08_4B07,SMU,-19,-16,
71-40,current,3.71017e-11,RESULT,,,,LaMP_HP_b,lamp_wholewafer,,,,,,,2026-09-22 19:32:26,third,measure,A,71-40,3,10.0,9.995146,2A07_2B08,SMU,-20,-15,
71-30,current,3.62377e-11,RESULT,,,,LaMP_HP_b,lamp_wholewafer,,,,,,,2026-09-22 19:32:26,fourth,measure,A,71-30,4,10.0,9.995137,2A05_2B06,SMU,-19,-15,
71-41,current,4.39456e-11,RESULT,,,,LaMP_HP_b,lamp_wholewafer,,,,,,,2026-09-22 19:32:32,first,measure,A,71-41,1,10.0,9.995017,4A06_4B05,SMU,-20,-14,
71-31,current,5.35408e-11,RESULT,,,,LaMP_HP_b,lamp_wholewafer,,,,,,,2026-09-22 19:32:32,second,measure,A,71-31,2,10.0,9.995077,4A08_4B07,SMU,-19,-14,
71-42,current,3.64878e-11,RESULT,,,,LaMP_HP_b,lamp_wholewafer,,,,,,,2026-09-22 19:32:32,third,measure,A,71-42,3,10.0,9.995055,2A07_2B08,SMU,-20,-13,
71-32,current,3.92049e-11,RESULT,,,,LaMP_HP_b,lamp_wholewafer,,,,,,,2026-09-22 19:32:32,fourth,measure,A,71-32,4,10.0,9.995143,2A05_2B06,SMU,-19,-13,
71-43,current,3.99098e-11,RESULT,,,,LaMP_HP_b,lamp_wholewafer,,,,,,,2026-09-22 19:32:39,first,measure,A,71-43,1,10.0,9.995089,4A06_4B05,SMU,-20,-12,
71-33,current,3.81476e-11,RESULT,,,,LaMP_HP_b,lamp_wholewafer,,,,,,,2026-09-22 19:32:39,second,measure,A,71-33,2,10.0,9.995027,4A08_4B07,SMU,-19,-12,
71-44,current,3.79089e-11,RESULT,,,,LaMP_HP_b,lamp_wholewafer,,,,,,,2026-09-22 19:32:39,third,measure,A,71-44,3,10.0,9.995028,2A07_2B08,SMU,-20,-11,
71-34,current,4.20016e-11,RESULT,,,,LaMP_HP_b,lamp_wholewafer,,,,,,,2026-09-22 19:32:39,fourth,measure,A,71-34,4,10.0,9.995108,2A05_2B06,SMU,-19,-11,
72-40,current,4.57817e-11,RESULT,,,,LaMP_HP_b,lamp_wholewafer,,,,,,,2026-09-22 19:32:45,first,measure,A,72-40,1,10.0,9.995111,4A06_4B05,SMU,-20,-10,
72-30,current,3.99382e-11,RESULT,,,,LaMP_HP_b,lamp_wholewafer,,,,,,,2026-09-22 19:32:45,second,measure,A,72-30,2,10.0,9.995137,4A08_4B07,SMU,-19,-10,
72-41,current,4.28599e-11,RESULT,,,,LaMP_HP_b,lamp_wholewafer,,,,,,,2026-09-22 19:32:45,third,measure,A,72-41,3,10.0,9.995146,2A07_2B08,SMU,-20,-9,
72-31,current,4.16264e-11,RESULT,,,,LaMP_HP_b,lamp_wholewafer,,,,,,,2026-09-22 19:32:45,fourth,measure,A,72-31,4,10.0,9.99511,2A05_2B06,SMU,-19,-9,
72-42,current,4.89308e-11,RESULT,,,,LaMP_HP_b,lamp_wholewafer,,,,,,,2026-09-22 19:32:52,first,measure,A,72-42,1,10.0,9.995121,4A06_4B05,SMU,-20,-8,
72-32,current,4.49461e-11,RESULT,,,,LaMP_HP_b,lamp_wholewafer,,,,,,,2026-09-22 19:32:52,second,measure,A,72-32,2,10.0,9.995085,4A08_4B07,SMU,-19,-8,
72-43,current,4.18595e-11,RESULT,,,,LaMP_HP_b,lamp_wholewafer,,,,,,,2026-09-22 19:32:52,third,measure,A,72-43,3,10.0,9.995131,2A07_2B08,SMU,-20,-7,
72-33,current,4.31498e-11,RESULT,,,,LaMP_HP_b,lamp_wholewafer,,,,,,,2026-09-22 19:32:52,fourth,measure,A,72-33,4,10.0,9.995096,2A05_2B06,SMU,-19,-7,
72-44,current,4.77996e-11,RESULT,,,,LaMP_HP_b,lamp_wholewafer,,,,,,,2026-09-22 19:32:58,first,measure,A,72-44,1,10.0,9.995171,4A06_4B05,SMU,-20,-6,
72-34,current,4.36387e-11,RESULT,,,,LaMP_HP_b,lamp_wholewafer,,,,,,,2026-09-22 19:32:58,second,measure,A,72-34,2,10.0,9.995135,4A08_4B07,SMU,-19,-6,
73-40,current,4.48836e-11,RESULT,,,,LaMP_HP_b,lamp_wholewafer,,,,,,,2026-09-22 19:32:58,third,measure,A,73-40,3,10.0,9.995161,2A07_2B08,SMU,-20,-5,
73-30,current,4.34511e-11,RESULT,,,,LaMP_HP_b,lamp_wholewafer,,,,,,,2026-09-22 19:32:58,fourth,measure,A,73-30,4,10.0,9.9951,2A05_2B06,SMU,-19,-5,
73-41,current,4.76405e-11,RESULT,,,,LaMP_HP_b,lamp_wholewafer,,,,,,,2026-09-22 19:33:05,first,measure,A,73-41,1,10.0,9.995127,4A06_4B05,SMU,-20,-4,
73-31,current,4.38035e-11,RESULT,,,,LaMP_HP_b,lamp_wholewafer,,,,,,,2026-09-22 19:33:05,second,measure,A,73-31,2,10.0,9.995144,4A08_4B07,SMU,-19,-4,
73-42,current,4.32067e-11,RESULT,,,,LaMP_HP_b,lamp_wholewafer,,,,,,,2026-09-22 19:33:05,third,measure,A,73-42,3,10.0,9.995146,2A07_2B08,SMU,-20,-3,
73-32,current,4.50996e-11,RESULT,,,,LaMP_HP_b,lamp_wholewafer,,,,,,,2026-09-22 19:33:05,fourth,measure,A,73-32,4,10.0,9.995138,2A05_2B06,SMU,-19,-3,
73-43,current,4.88967e-11,RESULT,,,,LaMP_HP_b,lamp_wholewafer,,,,,,,2026-09-22 19:33:11,first,measure,A,73-43,1,10.0,9.995186,4A06_4B05,SMU,-20,-2,
73-33,current,4.37751e-11,RESULT,,,,LaMP_HP_b,lamp_wholewafer,,,,,,,2026-09-22 19:33:11,second,measure,A,73-33,2,10.0,9.995142,4A08_4B07,SMU,-19,-2,
73-44,current,4.26439e-11,RESULT,,,,LaMP_HP_b,lamp_wholewafer,,,,,,,2026-09-22 19:33:11,third,measure,A,73-44,3,10.0,9.995205,2A07_2B08,SMU,-20,-1,
73-34,current,4.20243e-11,RESULT,,,,LaMP_HP_b,lamp_wholewafer,,,,,,,2026-09-22 19:33:11,fourth,measure,A,73-34,4,10.0,9.995205,2A05_2B06,SMU,-19,-1,
74-40,current,4.84363e-11,RESULT,,,,LaMP_HP_b,lamp_wholewafer,,,,,,,2026-09-22 19:33:18,first,measure,A,74-40,1,10.0,9.995253,4A06_4B05,SMU,-20,0,
74-30,current,4.44175e-11,RESULT,,,,LaMP_HP_b,lamp_wholewafer,,,,,,,2026-09-22 19:33:18,second,measure,A,74-30,2,10.0,9.995165,4A08_4B07,SMU,-19,0,
74-41,current,4.18083e-11,RESULT,,,,LaMP_HP_b,lamp_wholewafer,,,,,,,2026-09-22 19:33:18,third,measure,A,74-41,3,10.0,9.995167,2A07_2B08,SMU,-20,1,
74-31,current,4.40821e-11,RESULT,,,,LaMP_HP_b,lamp_wholewafer,,,,,,,2026-09-22 19:33:18,fourth,measure,A,74-31,4,10.0,9.995121,2A05_2B06,SMU,-19,1,
74-42,current,4.70266e-11,RESULT,,,,LaMP_HP_b,lamp_wholewafer,,,,,,,2026-09-22 19:33:24,first,measure,A,74-42,1,10.0,9.99516,4A06_4B05,SMU,-20,2,
74-32,current,4.43833e-11,RESULT,,,,LaMP_HP_b,lamp_wholewafer,,,,,,,2026-09-22 19:33:24,second,measure,A,74-32,2,10.0,9.995122,4A08_4B07,SMU,-19,2,
74-43,current,4.51905e-11,RESULT,,,,LaMP_HP_b,lamp_wholewafer,,,,,,,2026-09-22 19:33:24,third,measure,A,74-43,3,10.0,9.995214,2A07_2B08,SMU,-20,3,
74-33,current,4.25985e-11,RESULT,,,,LaMP_HP_b,lamp_wholewafer,,,,,,,2026-09-22 19:33:24,fourth,measure,A,74-33,4,10.0,9.995113,2A05_2B06,SMU,-19,3,
74-44,current,4.96072e-11,RESULT,,,,LaMP_HP_b,lamp_wholewafer,,,,,,,2026-09-22 19:33:31,first,measure,A,74-44,1,10.0,9.995092,4A06_4B05,SMU,-20,4,
74-34,current,4.62762e-11,RESULT,,,,LaMP_HP_b,lamp_wholewafer,,,,,,,2026-09-22 19:33:31,second,measure,A,74-34,2,10.0,9.995086,4A08_4B07,SMU,-19,4,
75-40,current,4.52815e-11,RESULT,,,,LaMP_HP_b,lamp_wholewafer,,,,,,,2026-09-22 19:33:31,third,measure,A,75-40,3,10.0,9.995137,2A07_2B08,SMU,-20,5,
75-30,current,4.718e-11,RESULT,,,,LaMP_HP_b,lamp_wholewafer,,,,,,,2026-09-22 19:33:31,fourth,measure,A,75-30,4,10.0,9.995136,2A05_2B06,SMU,-19,5,
75-41,current,4.66798e-11,RESULT,,,,LaMP_HP_b,lamp_wholewafer,,,,,,,2026-09-22 19:33:37,first,measure,A,75-41,1,10.0,9.99507,4A06_4B05,SMU,-20,6,
75-31,current,4.22403e-11,RESULT,,,,LaMP_HP_b,lamp_wholewafer,,,,,,,2026-09-22 19:33:37,second,measure,A,75-31,2,10.0,9.995127,4A08_4B07,SMU,-19,6,
75-42,current,4.52189e-11,RESULT,,,,LaMP_HP_b,lamp_wholewafer,,,,,,,2026-09-22 19:33:37,third,measure,A,75-42,3,10.0,9.995193,2A07_2B08,SMU,-20,7,
75-32,current,4.44175e-11,RESULT,,,,LaMP_HP_b,lamp_wholewafer,,,,,,,2026-09-22 19:33:37,fourth,measure,A,75-32,4,10.0,9.995152,2A05_2B06,SMU,-19,7,
75-43,current,4.70493e-11,RESULT,,,,LaMP_HP_b,lamp_wholewafer,,,,,,,2026-09-22 19:33:44,first,measure,A,75-43,1,10.0,9.995048,4A06_4B05,SMU,-20,8,
75-33,current,4.5361e-11,RESULT,,,,LaMP_HP_b,lamp_wholewafer,,,,,,,2026-09-22 19:33:44,second,measure,A,75-33,2,10.0,9.995082,4A08_4B07,SMU,-19,8,
75-44,current,4.4264e-11,RESULT,,,,LaMP_HP_b,lamp_wholewafer,,,,,,,2026-09-22 19:33:44,third,measure,A,75-44,3,10.0,9.995094,2A07_2B08,SMU,-20,9,
75-34,current,4.16492e-11,RESULT,,,,LaMP_HP_b,lamp_wholewafer,,,,,,,2026-09-22 19:33:44,fourth,measure,A,75-34,4,10.0,9.995127,2A05_2B06,SMU,-19,9,
76-40,current,4.57817e-11,RESULT,,,,LaMP_HP_b,lamp_wholewafer,,,,,,,2026-09-22 19:33:50,first,measure,A,76-40,1,10.0,9.995147,4A06_4B05,SMU,-20,10,
76-30,current,4.45993e-11,RESULT,,,,LaMP_HP_b,lamp_wholewafer,,,,,,,2026-09-22 19:33:50,second,measure,A,76-30,2,10.0,9.995161,4A08_4B07,SMU,-19,10,
76-41,current,4.39456e-11,RESULT,,,,LaMP_HP_b,lamp_wholewafer,,,,,,,2026-09-22 19:33:50,third,measure,A,76-41,3,10.0,9.995157,2A07_2B08,SMU,-20,11,
76-31,current,1.38357e-10,RESULT,,,,LaMP_HP_b,lamp_wholewafer,,,,,,,2026-09-22 19:33:50,fourth,measure,A,76-31,4,10.0,9.995143,2A05_2B06,SMU,-19,11,
76-42,current,4.22006e-11,RESULT,,,,LaMP_HP_b,lamp_wholewafer,,,,,,,2026-09-22 19:33:57,first,measure,A,76-42,1,10.0,9.995152,4A06_4B05,SMU,-20,12,
76-32,current,4.05635e-11,RESULT,,,,LaMP_HP_b,lamp_wholewafer,,,,,,,2026-09-22 19:33:57,second,measure,A,76-32,2,10.0,9.995144,4A08_4B07,SMU,-19,12,
76-43,current,3.82101e-11,RESULT,,,,LaMP_HP_b,lamp_wholewafer,,,,,,,2026-09-22 19:33:57,third,measure,A,76-43,3,10.0,9.995155,2A07_2B08,SMU,-20,13,
76-33,current,3.78009e-11,RESULT,,,,LaMP_HP_b,lamp_wholewafer,,,,,,,2026-09-22 19:33:57,fourth,measure,A,76-33,4,10.0,9.995148,2A05_2B06,SMU,-19,13,
76-44,current,4.18368e-11,RESULT,,,,LaMP_HP_b,lamp_wholewafer,,,,,,,2026-09-22 19:34:03,first,measure,A,76-44,1,10.0,9.99518,4A06_4B05,SMU,-20,14,
76-34,current,3.99382e-11,RESULT,,,,LaMP_HP_b,lamp_wholewafer,,,,,,,2026-09-22 19:34:03,second,measure,A,76-34,2,10.0,9.995138,4A08_4B07,SMU,-19,14,
77-40,current,3.50156e-11,RESULT,,,,LaMP_HP_b,lamp_wholewafer,,,,,,,2026-09-22 19:34:03,third,measure,A,77-40,3,10.0,9.995203,2A07_2B08,SMU,-20,15,
77-30,current,3.56067e-11,RESULT,,,,LaMP_HP_b,lamp_wholewafer,,,,,,,2026-09-22 19:34:03,fourth,measure,A,77-30,4,10.0,9.99518,2A05_2B06,SMU,-19,15,
NA,current,3.93413e-11,RESULT,,,,LaMP_HP_b,lamp_wholewafer,,,,,,,2026-09-22 19:34:10,first,measure,A,NA,1,10.0,9.995146,4A06_4B05,SMU,-20,16,
77-31,current,3.57602e-11,RESULT,,,,LaMP_HP_b,lamp_wholewafer,,,,,,,2026-09-22 19:34:10,second,measure,A,77-31,2,10.0,9.995189,4A08_4B07,SMU,-19,16,
NA,current,9.99996e-07,RESULT,,,,LaMP_HP_b,lamp_wholewafer,,,,,,,2026-09-22 19:34:10,third,measure,A,NA,3,10.0,0.002523804,2A07_2B08,SMU,-20,17,
NA,current,7.15488e-11,RESULT,,,,LaMP_HP_b,lamp_wholewafer,,,,,,,2026-09-22 19:34:10,fourth,measure,A,NA,4,10.0,9.995173,2A05_2B06,SMU,-19,17,
NA,current,5.25404e-11,RESULT,,,,LaMP_HP_b,lamp_wholewafer,,,,,,,2026-09-22 19:34:17,first,measure,A,NA,1,10.0,9.995231,4A06_4B05,SMU,-18,-18,
NA,current,4.72426e-11,RESULT,,,,LaMP_HP_b,lamp_wholewafer,,,,,,,2026-09-22 19:34:17,second,measure,A,NA,2,10.0,9.995169,4A08_4B07,SMU,-17,-18,
70-23,current,4.18254e-11,RESULT,,,,LaMP_HP_b,lamp_wholewafer,,,,,,,2026-09-22 19:34:17,third,measure,A,70-23,3,10.0,9.995211,2A07_2B08,SMU,-18,-17,
70-13,current,3.57716e-11,RESULT,,,,LaMP_HP_b,lamp_wholewafer,,,,,,,2026-09-22 19:34:17,fourth,measure,A,70-13,4,10.0,9.995211,2A05_2B06,SMU,-17,-17,
70-24,current,4.46334e-11,RESULT,,,,LaMP_HP_b,lamp_wholewafer,,,,,,,2026-09-22 19:34:23,first,measure,A,70-24,1,10.0,9.995163,4A06_4B05,SMU,-18,-16,
70-14,current,4.36842e-11,RESULT,,,,LaMP_HP_b,lamp_wholewafer,,,,,,,2026-09-22 19:34:23,second,measure,A,70-14,2,10.0,9.995238,4A08_4B07,SMU,-17,-16,
71-20,current,4.01485e-11,RESULT,,,,LaMP_HP_b,lamp_wholewafer,,,,,,,2026-09-22 19:34:23,third,measure,A,71-20,3,10.0,9.995234,2A07_2B08,SMU,-18,-15,
71-10,current,4.11887e-11,RESULT,,,,LaMP_HP_b,lamp_wholewafer,,,,,,,2026-09-22 19:34:23,fourth,measure,A,71-10,4,10.0,9.995195,2A05_2B06,SMU,-17,-15,
71-21,current,4.29168e-11,RESULT,,,,LaMP_HP_b,lamp_wholewafer,,,,,,,2026-09-22 19:34:30,first,measure,A,71-21,1,10.0,9.995226,4A06_4B05,SMU,-18,-14,
71-11,current,3.84887e-11,RESULT,,,,LaMP_HP_b,lamp_wholewafer,,,,,,,2026-09-22 19:34:30,second,measure,A,71-11,2,10.0,9.995208,4A08_4B07,SMU,-17,-14,
71-22,current,5.40012e-11,RESULT,,,,LaMP_HP_b,lamp_wholewafer,,,,,,,2026-09-22 19:34:30,third,measure,A,71-22,3,10.0,9.995214,2A07_2B08,SMU,-18,-13,
71-12,current,3.76247e-11,RESULT,,,,LaMP_HP_b,lamp_wholewafer,,,,,,,2026-09-22 19:34:30,fourth,measure,A,71-12,4,10.0,9.995217,2A05_2B06,SMU,-17,-13,
71-23,current,4.46391e-11,RESULT,,,,LaMP_HP_b,lamp_wholewafer,,,,,,,2026-09-22 19:34:36,first,measure,A,71-23,1,10.0,9.995262,4A06_4B05,SMU,-18,-12,
71-13,current,3.69937e-11,RESULT,,,,LaMP_HP_b,lamp_wholewafer,,,,,,,2026-09-22 19:34:36,second,measure,A,71-13,2,10.0,9.995218,4A08_4B07,SMU,-17,-12,
71-24,current,3.87104e-11,RESULT,,,,LaMP_HP_b,lamp_wholewafer,,,,,,,2026-09-22 19:34:36,third,measure,A,71-24,3,10.0,9.995212,2A07_2B08,SMU,-18,-11,
71-14,current,3.94664e-11,RESULT,,,,LaMP_HP_b,lamp_wholewafer,,,,,,,2026-09-22 19:34:36,fourth,measure,A,71-14,4,10.0,9.995232,2A05_2B06,SMU,-17,-11,
72-20,current,4.71175e-11,RESULT,,,,LaMP_HP_b,lamp_wholewafer,,,,,,,2026-09-22 19:34:43,first,measure,A,72-20,1,10.0,9.995152,4A06_4B05,SMU,-18,-10,
72-10,current,3.98018e-11,RESULT,,,,LaMP_HP_b,lamp_wholewafer,,,,,,,2026-09-22 19:34:43,second,measure,A,72-10,2,10.0,9.995195,4A08_4B07,SMU,-17,-10,
72-21,current,4.17572e-11,RESULT,,,,LaMP_HP_b,lamp_wholewafer,,,,,,,2026-09-22 19:34:43,third,measure,A,72-21,3,10.0,9.995161,2A07_2B08,SMU,-18,-9,
72-11,current,4.04725e-11,RESULT,,,,LaMP_HP_b,lamp_wholewafer,,,,,,,2026-09-22 19:34:43,fourth,measure,A,72-11,4,10.0,9.995216,2A05_2B06,SMU,-17,-9,
72-22,current,4.85272e-11,RESULT,,,,LaMP_HP_b,lamp_wholewafer,,,,,,,2026-09-22 19:34:49,first,measure,A,72-22,1,10.0,9.995152,4A06_4B05,SMU,-18,-8,
72-12,current,4.08022e-11,RESULT,,,,LaMP_HP_b,lamp_wholewafer,,,,,,,2026-09-22 19:34:49,second,measure,A,72-12,2,10.0,9.995137,4A08_4B07,SMU,-17,-8,
72-23,current,4.00348e-11,RESULT,,,,LaMP_HP_b,lamp_wholewafer,,,,,,,2026-09-22 19:34:49,third,measure,A,72-23,3,10.0,9.995186,2A07_2B08,SMU,-18,-7,
72-13,current,3.77213e-11,RESULT,,,,LaMP_HP_b,lamp_wholewafer,,,,,,,2026-09-22 19:34:49,fourth,measure,A,72-13,4,10.0,9.995196,2A05_2B06,SMU,-17,-7,
72-24,current,4.31612e-11,RESULT,,,,LaMP_HP_b,lamp_wholewafer,,,,,,,2026-09-22 19:34:56,first,measure,A,72-24,1,10.0,9.995177,4A06_4B05,SMU,-18,-6,
72-14,current,3.83011e-11,RESULT,,,,LaMP_HP_b,lamp_wholewafer,,,,,,,2026-09-22 19:34:56,second,measure,A,72-14,2,10.0,9.995179,4A08_4B07,SMU,-17,-6,
73-20,current,4.18424e-11,RESULT,,,,LaMP_HP_b,lamp_wholewafer,,,,,,,2026-09-22 19:34:56,third,measure,A,73-20,3,10.0,9.995165,2A07_2B08,SMU,-18,-5,
73-10,current,4.14445e-11,RESULT,,,,LaMP_HP_b,lamp_wholewafer,,,,,,,2026-09-22 19:34:56,fourth,measure,A,73-10,4,10.0,9.99515,2A05_2B06,SMU,-17,-5,
73-21,current,4.73562e-11,RESULT,,,,LaMP_HP_b,lamp_wholewafer,,,,,,,2026-09-22 19:35:02,first,measure,A,73-21,1,10.0,9.995213,4A06_4B05,SMU,-18,-4,
73-11,current,4.39513e-11,RESULT,,,,LaMP_HP_b,lamp_wholewafer,,,,,,,2026-09-22 19:35:02,second,measure,A,73-11,2,10.0,9.995183,4A08_4B07,SMU,-17,-4,
73-22,current,4.35364e-11,RESULT,,,,LaMP_HP_b,lamp_wholewafer,,,,,,,2026-09-22 19:35:02,third,measure,A,73-22,3,10.0,9.995165,2A07_2B08,SMU,-18,-3,
73-12,current,4.13195e-11,RESULT,,,,LaMP_HP_b,lamp_wholewafer,,,,,,,2026-09-22 19:35:02,fourth,measure,A,73-12,4,10.0,9.995178,2A05_2B06,SMU,-17,-3,
73-23,current,4.57248e-11,RESULT,,,,LaMP_HP_b,lamp_wholewafer,,,,,,,2026-09-22 19:35:09,first,measure,A,73-23,1,10.0,9.995193,4A06_4B05,SMU,-18,-2,
73-13,current,4.69015e-11,RESULT,,,,LaMP_HP_b,lamp_wholewafer,,,,,,,2026-09-22 19:35:09,second,measure,A,73-13,2,10.0,9.995217,4A08_4B07,SMU,-17,-2,
73-24,current,2.17358e-10,RESULT,,,,LaMP_HP_b,lamp_wholewafer,,,,,,,2026-09-22 19:35:09,third,measure,A,73-24,3,10.0,9.995203,2A07_2B08,SMU,-18,-1,
73-14,current,3.96767e-11,RESULT,,,,LaMP_HP_b,lamp_wholewafer,,,,,,,2026-09-22 19:35:09,fourth,measure,A,73-14,4,10.0,9.995256,2A05_2B06,SMU,-17,-1,
74-20,current,4.27122e-11,RESULT,,,,LaMP_HP_b,lamp_wholewafer,,,,,,,2026-09-22 19:35:15,first,measure,A,74-20,1,10.0,9.99523,4A06_4B05,SMU,-18,0,
74-10,current,4.39911e-11,RESULT,,,,LaMP_HP_b,lamp_wholewafer,,,,,,,2026-09-22 19:35:15,second,measure,A,74-10,2,10.0,9.995209,4A08_4B07,SMU,-17,0,
74-21,current,4.15412e-11,RESULT,,,,LaMP_HP_b,lamp_wholewafer,,,,,,,2026-09-22 19:35:15,third,measure,A,74-21,3,10.0,9.995236,2A07_2B08,SMU,-18,1,
74-11,current,4.14218e-11,RESULT,,,,LaMP_HP_b,lamp_wholewafer,,,,,,,2026-09-22 19:35:15,fourth,measure,A,74-11,4,10.0,9.995252,2A05_2B06,SMU,-17,1,
74-22,current,4.53326e-11,RESULT,,,,LaMP_HP_b,lamp_wholewafer,,,,,,,2026-09-22 19:35:22,first,measure,A,74-22,1,10.0,9.995245,4A06_4B05,SMU,-18,2,
74-12,current,4.18083e-11,RESULT,,,,LaMP_HP_b,lamp_wholewafer,,,,,,,2026-09-22 19:35:22,second,measure,A,74-12,2,10.0,9.995245,4A08_4B07,SMU,-17,2,
74-23,current,4.18481e-11,RESULT,,,,LaMP_HP_b,lamp_wholewafer,,,,,,,2026-09-22 19:35:22,third,measure,A,74-23,3,10.0,9.995218,2A07_2B08,SMU,-18,3,
74-13,current,4.33374e-11,RESULT,,,,LaMP_HP_b,lamp_wholewafer,,,,,,,2026-09-22 19:35:22,fourth,measure,A,74-13,4,10.0,9.995175,2A05_2B06,SMU,-17,3,
74-24,current,4.8135e-11,RESULT,,,,LaMP_HP_b,lamp_wholewafer,,,,,,,2026-09-22 19:35:28,first,measure,A,74-24,1,10.0,9.995161,4A06_4B05,SMU,-18,4,
74-14,current,4.502e-11,RESULT,,,,LaMP_HP_b,lamp_wholewafer,,,,,,,2026-09-22 19:35:28,second,measure,A,74-14,2,10.0,9.995206,4A08_4B07,SMU,-17,4,
75-20,current,4.21665e-11,RESULT,,,,LaMP_HP_b,lamp_wholewafer,,,,,,,2026-09-22 19:35:28,third,measure,A,75-20,3,10.0,9.995085,2A07_2B08,SMU,-18,5,
75-10,current,4.3616e-11,RESULT,,,,LaMP_HP_b,lamp_wholewafer,,,,,,,2026-09-22 19:35:28,fourth,measure,A,75-10,4,10.0,9.99511,2A05_2B06,SMU,-17,5,
75-21,current,4.43322e-11,RESULT,,,,LaMP_HP_b,lamp_wholewafer,,,,,,,2026-09-22 19:35:35,first,measure,A,75-21,1,10.0,9.995157,4A06_4B05,SMU,-18,6,
75-11,current,4.47187e-11,RESULT,,,,LaMP_HP_b,lamp_wholewafer,,,,,,,2026-09-22 19:35:35,second,measure,A,75-11,2,10.0,9.995129,4A08_4B07,SMU,-17,6,
75-22,current,4.03816e-11,RESULT,,,,LaMP_HP_b,lamp_wholewafer,,,,,,,2026-09-22 19:35:35,third,measure,A,75-22,3,10.0,9.995208,2A07_2B08,SMU,-18,7,
75-12,current,4.14957e-11,RESULT,,,,LaMP_HP_b,lamp_wholewafer,,,,,,,2026-09-22 19:35:35,fourth,measure,A,75-12,4,10.0,9.995203,2A05_2B06,SMU,-17,7,
75-23,current,4.65377e-11,RESULT,,,,LaMP_HP_b,lamp_wholewafer,,,,,,,2026-09-22 19:35:41,first,measure,A,75-23,1,10.0,9.995244,4A06_4B05,SMU,-18,8,
75-13,current,4.58613e-11,RESULT,,,,LaMP_HP_b,lamp_wholewafer,,,,,,,2026-09-22 19:35:41,second,measure,A,75-13,2,10.0,9.995188,4A08_4B07,SMU,-17,8,
75-24,current,4.24109e-11,RESULT,,,,LaMP_HP_b,lamp_wholewafer,,,,,,,2026-09-22 19:35:41,third,measure,A,75-24,3,10.0,9.995169,2A07_2B08,SMU,-18,9,
75-14,current,4.0302e-11,RESULT,,,,LaMP_HP_b,lamp_wholewafer,,,,,,,2026-09-22 19:35:41,fourth,measure,A,75-14,4,10.0,9.995149,2A05_2B06,SMU,-17,9,
76-20,current,4.64979e-11,RESULT,,,,LaMP_HP_b,lamp_wholewafer,,,,,,,2026-09-22 19:35:48,first,measure,A,76-20,1,10.0,9.99523,4A06_4B05,SMU,-18,10,
76-10,current,4.20755e-11,RESULT,,,,LaMP_HP_b,lamp_wholewafer,,,,,,,2026-09-22 19:35:48,second,measure,A,76-10,2,10.0,9.995282,4A08_4B07,SMU,-17,10,
76-21,current,3.95687e-11,RESULT,,,,LaMP_HP_b,lamp_wholewafer,,,,,,,2026-09-22 19:35:48,third,measure,A,76-21,3,10.0,9.995251,2A07_2B08,SMU,-18,11,
76-11,current,4.11035e-11,RESULT,,,,LaMP_HP_b,lamp_wholewafer,,,,,,,2026-09-22 19:35:48,fourth,measure,A,76-11,4,10.0,9.995176,2A05_2B06,SMU,-17,11,
76-22,current,4.63672e-11,RESULT,,,,LaMP_HP_b,lamp_wholewafer,,,,,,,2026-09-22 19:35:54,first,measure,A,76-22,1,10.0,9.995161,4A06_4B05,SMU,-18,12,
76-12,current,4.63501e-11,RESULT,,,,LaMP_HP_b,lamp_wholewafer,,,,,,,2026-09-22 19:35:54,second,measure,A,76-12,2,10.0,9.995203,4A08_4B07,SMU,-17,12,
76-23,current,4.34909e-11,RESULT,,,,LaMP_HP_b,lamp_wholewafer,,,,,,,2026-09-22 19:35:54,third,measure,A,76-23,3,10.0,9.995184,2A07_2B08,SMU,-18,13,
76-13,current,4.31498e-11,RESULT,,,,LaMP_HP_b,lamp_wholewafer,,,,,,,2026-09-22 19:35:54,fourth,measure,A,76-13,4,10.0,9.995142,2A05_2B06,SMU,-17,13,
76-24,current,4.55998e-11,RESULT,,,,LaMP_HP_b,lamp_wholewafer,,,,,,,2026-09-22 19:36:00,first,measure,A,76-24,1,10.0,9.995221,4A06_4B05,SMU,-18,14,
76-14,current,4.28884e-11,RESULT,,,,LaMP_HP_b,lamp_wholewafer,,,,,,,2026-09-22 19:36:00,second,measure,A,76-14,2,10.0,9.995193,4A08_4B07,SMU,-17,14,
77-20,current,3.89264e-11,RESULT,,,,LaMP_HP_b,lamp_wholewafer,,,,,,,2026-09-22 19:36:00,third,measure,A,77-20,3,10.0,9.995169,2A07_2B08,SMU,-18,15,
77-10,current,3.64707e-11,RESULT,,,,LaMP_HP_b,lamp_wholewafer,,,,,,,2026-09-22 19:36:00,fourth,measure,A,77-10,4,10.0,9.995214,2A05_2B06,SMU,-17,15,
77-21,current,3.89775e-11,RESULT,,,,LaMP_HP_b,lamp_wholewafer,,,,,,,2026-09-22 19:36:07,first,measure,A,77-21,1,10.0,9.995173,4A06_4B05,SMU,-18,16,
77-11,current,7.22918e-10,RESULT,,,,LaMP_HP_b,lamp_wholewafer,,,,,,,2026-09-22 19:36:07,second,measure,A,77-11,2,10.0,9.995138,4A08_4B07,SMU,-17,16,
NA,current,2.98883e-11,RESULT,,,,LaMP_HP_b,lamp_wholewafer,,,,,,,2026-09-22 19:36:07,third,measure,A,NA,3,10.0,9.995196,2A07_2B08,SMU,-18,17,
NA,current,1.55231e-09,RESULT,,,,LaMP_HP_b,lamp_wholewafer,,,,,,,2026-09-22 19:36:07,fourth,measure,A,NA,4,10.0,9.995264,2A05_2B06,SMU,-17,17,
NA,current,4.83624e-11,RESULT,,,,LaMP_HP_b,lamp_wholewafer,,,,,,,2026-09-22 19:36:14,first,measure,A,NA,1,10.0,9.995179,4A06_4B05,SMU,-16,-18,
60-72,current,4.50029e-11,RESULT,,,,LaMP_HP_b,lamp_wholewafer,,,,,,,2026-09-22 19:36:14,second,measure,A,60-72,2,10.0,9.995216,4A08_4B07,SMU,-15,-18,
70-03,current,3.90685e-11,RESULT,,,,LaMP_HP_b,lamp_wholewafer,,,,,,,2026-09-22 19:36:14,third,measure,A,70-03,3,10.0,9.995249,2A07_2B08,SMU,-16,-17,
60-73,current,3.72381e-11,RESULT,,,,LaMP_HP_b,lamp_wholewafer,,,,,,,2026-09-22 19:36:14,fourth,measure,A,60-73,4,10.0,9.995173,2A05_2B06,SMU,-15,-17,
70-04,current,4.59067e-11,RESULT,,,,LaMP_HP_b,lamp_wholewafer,,,,,,,2026-09-22 19:36:20,first,measure,A,70-04,1,10.0,9.995236,4A06_4B05,SMU,-16,-16,
60-74,current,4.1581e-11,RESULT,,,,LaMP_HP_b,lamp_wholewafer,,,,,,,2026-09-22 19:36:20,second,measure,A,60-74,2,10.0,9.995231,4A08_4B07,SMU,-15,-16,
71-00,current,3.95971e-11,RESULT,,,,LaMP_HP_b,lamp_wholewafer,,,,,,,2026-09-22 19:36:20,third,measure,A,71-00,3,10.0,9.995218,2A07_2B08,SMU,-16,-15,
61-70,current,3.84091e-11,RESULT,,,,LaMP_HP_b,lamp_wholewafer,,,,,,,2026-09-22 19:36:20,fourth,measure,A,61-70,4,10.0,9.995235,2A05_2B06,SMU,-15,-15,
71-01,current,4.40423e-11,RESULT,,,,LaMP_HP_b,lamp_wholewafer,,,,,,,2026-09-22 19:36:27,first,measure,A,71-01,1,10.0,9.995188,4A06_4B05,SMU,-16,-14,
61-71,current,4.05407e-11,RESULT,,,,LaMP_HP_b,lamp_wholewafer,,,,,,,2026-09-22 19:36:27,second,measure,A,61-71,2,10.0,9.995187,4A08_4B07,SMU,-15,-14,
71-02,current,3.82613e-11,RESULT,,,,LaMP_HP_b,lamp_wholewafer,,,,,,,2026-09-22 19:36:27,third,measure,A,71-02,3,10.0,9.995203,2A07_2B08,SMU,-16,-13,
61-72,current,3.60785e-11,RESULT,,,,LaMP_HP_b,lamp_wholewafer,,,,,,,2026-09-22 19:36:27,fourth,measure,A,61-72,4,10.0,9.995255,2A05_2B06,SMU,-15,-13,
71-03,current,3.92276e-11,RESULT,,,,LaMP_HP_b,lamp_wholewafer,,,,,,,2026-09-22 19:36:33,first,measure,A,71-03,1,10.0,9.995246,4A06_4B05,SMU,-16,-12,
61-73,current,3.80339e-11,RESULT,,,,LaMP_HP_b,lamp_wholewafer,,,,,,,2026-09-22 19:36:33,second,measure,A,61-73,2,10.0,9.995207,4A08_4B07,SMU,-15,-12,
71-04,current,3.73348e-11,RESULT,,,,LaMP_HP_b,lamp_wholewafer,,,,,,,2026-09-22 19:36:33,third,measure,A,71-04,3,10.0,9.995147,2A07_2B08,SMU,-16,-11,
61-74,current,3.90116e-11,RESULT,,,,LaMP_HP_b,lamp_wholewafer,,,,,,,2026-09-22 19:36:33,fourth,measure,A,61-74,4,10.0,9.995115,2A05_2B06,SMU,-15,-11,
72-00,current,4.15184e-11,RESULT,,,,LaMP_HP_b,lamp_wholewafer,,,,,,,2026-09-22 19:36:40,first,measure,A,72-00,1,10.0,9.995138,4A06_4B05,SMU,-16,-10,
62-70,current,4.18083e-11,RESULT,,,,LaMP_HP_b,lamp_wholewafer,,,,,,,2026-09-22 19:36:40,second,measure,A,62-70,2,10.0,9.99514,4A08_4B07,SMU,-15,-10,
72-01,current,4.2246e-11,RESULT,,,,LaMP_HP_b,lamp_wholewafer,,,,,,,2026-09-22 19:36:40,third,measure,A,72-01,3,10.0,9.995153,2A07_2B08,SMU,-16,-9,
62-71,current,4.20641e-11,RESULT,,,,LaMP_HP_b,lamp_wholewafer,,,,,,,2026-09-22 19:36:40,fourth,measure,A,62-71,4,10.0,9.995258,2A05_2B06,SMU,-15,-9,
72-02,current,4.69299e-11,RESULT,,,,LaMP_HP_b,lamp_wholewafer,,,,,,,2026-09-22 19:36:46,first,measure,A,72-02,1,10.0,9.995238,4A06_4B05,SMU,-16,-8,
62-72,current,3.99154e-11,RESULT,,,,LaMP_HP_b,lamp_wholewafer,,,,,,,2026-09-22 19:36:46,second,measure,A,62-72,2,10.0,9.995181,4A08_4B07,SMU,-15,-8,
72-03,current,3.91538e-11,RESULT,,,,LaMP_HP_b,lamp_wholewafer,,,,,,,2026-09-22 19:36:46,third,measure,A,72-03,3,10.0,9.995177,2A07_2B08,SMU,-16,-7,
62-73,current,3.62831e-11,RESULT,,,,LaMP_HP_b,lamp_wholewafer,,,,,,,2026-09-22 19:36:46,fourth,measure,A,62-73,4,10.0,9.995165,2A05_2B06,SMU,-15,-7,
72-04,current,4.5128e-11,RESULT,,,,LaMP_HP_b,lamp_wholewafer,,,,,,,2026-09-22 19:36:53,first,measure,A,72-04,1,10.0,9.995267,4A06_4B05,SMU,-16,-6,
62-74,current,4.42753e-11,RESULT,,,,LaMP_HP_b,lamp_wholewafer,,,,,,,2026-09-22 19:36:53,second,measure,A,62-74,2,10.0,9.995229,4A08_4B07,SMU,-15,-6,
73-00,current,3.69369e-11,RESULT,,,,LaMP_HP_b,lamp_wholewafer,,,,,,,2026-09-22 19:36:53,third,measure,A,73-00,3,10.0,9.995234,2A07_2B08,SMU,-16,-5,
63-70,current,4.06715e-11,RESULT,,,,LaMP_HP_b,lamp_wholewafer,,,,,,,2026-09-22 19:36:53,fourth,measure,A,63-70,4,10.0,9.995244,2A05_2B06,SMU,-15,-5,
73-01,current,4.64581e-11,RESULT,,,,LaMP_HP_b,lamp_wholewafer,,,,,,,2026-09-22 19:36:59,first,measure,A,73-01,1,10.0,9.995279,4A06_4B05,SMU,-16,-4,
63-71,current,4.51564e-11,RESULT,,,,LaMP_HP_b,lamp_wholewafer,,,,,,,2026-09-22 19:36:59,second,measure,A,63-71,2,10.0,9.995238,4A08_4B07,SMU,-15,-4,
73-02,current,3.85285e-11,RESULT,,,,LaMP_HP_b,lamp_wholewafer,,,,,,,2026-09-22 19:36:59,third,measure,A,73-02,3,10.0,9.995275,2A07_2B08,SMU,-16,-3,
63-72,current,3.81476e-11,RESULT,,,,LaMP_HP_b,lamp_wholewafer,,,,,,,2026-09-22 19:36:59,fourth,measure,A,63-72,4,10.0,9.995164,2A05_2B06,SMU,-15,-3,
73-03,current,4.92662e-11,RESULT,,,,LaMP_HP_b,lamp_wholewafer,,,,,,,2026-09-22 19:37:06,first,measure,A,73-03,1,10.0,9.995265,4A06_4B05,SMU,-16,-2,
63-73,current,4.47244e-11,RESULT,,,,LaMP_HP_b,lamp_wholewafer,,,,,,,2026-09-22 19:37:06,second,measure,A,63-73,2,10.0,9.995269,4A08_4B07,SMU,-15,-2,
73-04,current,4.30362e-11,RESULT,,,,LaMP_HP_b,lamp_wholewafer,,,,,,,2026-09-22 19:37:06,third,measure,A,73-04,3,10.0,9.99523,2A07_2B08,SMU,-16,-1,
63-74,current,4.56396e-11,RESULT,,,,LaMP_HP_b,lamp_wholewafer,,,,,,,2026-09-22 19:37:06,fourth,measure,A,63-74,4,10.0,9.995114,2A05_2B06,SMU,-15,-1,
74-00,current,5.16138e-11,RESULT,,,,LaMP_HP_b,lamp_wholewafer,,,,,,,2026-09-22 19:37:12,first,measure,A,74-00,1,10.0,9.995075,4A06_4B05,SMU,-16,0,
64-70,current,4.22176e-11,RESULT,,,,LaMP_HP_b,lamp_wholewafer,,,,,,,2026-09-22 19:37:12,second,measure,A,64-70,2,10.0,9.995115,4A08_4B07,SMU,-15,0,
74-01,current,4.16947e-11,RESULT,,,,LaMP_HP_b,lamp_wholewafer,,,,,,,2026-09-22 19:37:12,third,measure,A,74-01,3,10.0,9.995091,2A07_2B08,SMU,-16,1,
64-71,current,4.35364e-11,RESULT,,,,LaMP_HP_b,lamp_wholewafer,,,,,,,2026-09-22 19:37:12,fourth,measure,A,64-71,4,10.0,9.995166,2A05_2B06,SMU,-15,1,
74-02,current,4.76803e-11,RESULT,,,,LaMP_HP_b,lamp_wholewafer,,,,,,,2026-09-22 19:37:19,first,measure,A,74-02,1,10.0,9.995119,4A06_4B05,SMU,-16,2,
64-72,current,4.47187e-11,RESULT,,,,LaMP_HP_b,lamp_wholewafer,,,,,,,2026-09-22 19:37:19,second,measure,A,64-72,2,10.0,9.995086,4A08_4B07,SMU,-15,2,
74-03,current,4.26439e-11,RESULT,,,,LaMP_HP_b,lamp_wholewafer,,,,,,,2026-09-22 19:37:19,third,measure,A,74-03,3,10.0,9.99507,2A07_2B08,SMU,-16,3,
64-73,current,4.26553e-11,RESULT,,,,LaMP_HP_b,lamp_wholewafer,,,,,,,2026-09-22 19:37:19,fourth,measure,A,64-73,4,10.0,9.995123,2A05_2B06,SMU,-15,3,
74-04,current,4.65093e-11,RESULT,,,,LaMP_HP_b,lamp_wholewafer,,,,,,,2026-09-22 19:37:25,first,measure,A,74-04,1,10.0,9.995089,4A06_4B05,SMU,-16,4,
64-74,current,4.35477e-11,RESULT,,,,LaMP_HP_b,lamp_wholewafer,,,,,,,2026-09-22 19:37:25,second,measure,A,64-74,2,10.0,9.995161,4A08_4B07,SMU,-15,4,
75-00,current,4.01656e-11,RESULT,,,,LaMP_HP_b,lamp_wholewafer,,,,,,,2026-09-22 19:37:25,third,measure,A,75-00,3,10.0,9.995157,2A07_2B08,SMU,-16,5,
65-70,current,4.15639e-11,RESULT,,,,LaMP_HP_b,lamp_wholewafer,,,,,,,2026-09-22 19:37:25,fourth,measure,A,65-70,4,10.0,9.995133,2A05_2B06,SMU,-15,5,
75-01,current,4.59806e-11,RESULT,,,,LaMP_HP_b,lamp_wholewafer,,,,,,,2026-09-22 19:37:32,first,measure,A,75-01,1,10.0,9.995146,4A06_4B05,SMU,-16,6,
65-71,current,4.20755e-11,RESULT,,,,LaMP_HP_b,lamp_wholewafer,,,,,,,2026-09-22 19:37:32,second,measure,A,65-71,2,10.0,9.995089,4A08_4B07,SMU,-15,6,
75-02,current,4.40877e-11,RESULT,,,,LaMP_HP_b,lamp_wholewafer,,,,,,,2026-09-22 19:37:32,third,measure,A,75-02,3,10.0,9.995131,2A07_2B08,SMU,-16,7,
65-72,current,4.04782e-11,RESULT,,,,LaMP_HP_b,lamp_wholewafer,,,,,,,2026-09-22 19:37:32,fourth,measure,A,65-72,4,10.0,9.995162,2A05_2B06,SMU,-15,7,
75-03,current,4.97778e-11,RESULT,,,,LaMP_HP_b,lamp_wholewafer,,,,,,,2026-09-22 19:37:38,first,measure,A,75-03,1,10.0,9.99516,4A06_4B05,SMU,-16,8,
65-73,current,4.39513e-11,RESULT,,,,LaMP_HP_b,lamp_wholewafer,,,,,,,2026-09-22 19:37:38,second,measure,A,65-73,2,10.0,9.995131,4A08_4B07,SMU,-15,8,
75-04,current,4.03418e-11,RESULT,,,,LaMP_HP_b,lamp_wholewafer,,,,,,,2026-09-22 19:37:38,third,measure,A,75-04,3,10.0,9.995173,2A07_2B08,SMU,-16,9,
65-74,current,4.52019e-11,RESULT,,,,LaMP_HP_b,lamp_wholewafer,,,,,,,2026-09-22 19:37:38,fourth,measure,A,65-74,4,10.0,9.99518,2A05_2B06,SMU,-15,9,
76-00,current,4.69811e-11,RESULT,,,,LaMP_HP_b,lamp_wholewafer,,,,,,,2026-09-22 19:37:45,first,measure,A,76-00,1,10.0,9.995171,4A06_4B05,SMU,-16,10,
66-70,current,4.31839e-11,RESULT,,,,LaMP_HP_b,lamp_wholewafer,,,,,,,2026-09-22 19:37:45,second,measure,A,66-70,2,10.0,9.995091,4A08_4B07,SMU,-15,10,
76-01,current,4.10694e-11,RESULT,,,,LaMP_HP_b,lamp_wholewafer,,,,,,,2026-09-22 19:37:45,third,measure,A,76-01,3,10.0,9.995103,2A07_2B08,SMU,-16,11,
66-71,current,4.28202e-11,RESULT,,,,LaMP_HP_b,lamp_wholewafer,,,,,,,2026-09-22 19:37:45,fourth,measure,A,66-71,4,10.0,9.995131,2A05_2B06,SMU,-15,11,
76-02,current,4.94595e-11,RESULT,,,,LaMP_HP_b,lamp_wholewafer,,,,,,,2026-09-22 19:37:51,first,measure,A,76-02,1,10.0,9.995153,4A06_4B05,SMU,-16,12,
66-72,current,4.29281e-11,RESULT,,,,LaMP_HP_b,lamp_wholewafer,,,,,,,2026-09-22 19:37:51,second,measure,A,66-72,2,10.0,9.995236,4A08_4B07,SMU,-15,12,
76-03,current,4.08136e-11,RESULT,,,,LaMP_HP_b,lamp_wholewafer,,,,,,,2026-09-22 19:37:51,third,measure,A,76-03,3,10.0,9.995221,2A07_2B08,SMU,-16,13,
66-73,current,3.96597e-11,RESULT,,,,LaMP_HP_b,lamp_wholewafer,,,,,,,2026-09-22 19:37:51,fourth,measure,A,66-73,4,10.0,9.995161,2A05_2B06,SMU,-15,13,
76-04,current,4.2786e-11,RESULT,,,,LaMP_HP_b,lamp_wholewafer,,,,,,,2026-09-22 19:37:58,first,measure,A,76-04,1,10.0,9.995195,4A06_4B05,SMU,-16,14,
66-74,current,3.95403e-11,RESULT,,,,LaMP_HP_b,lamp_wholewafer,,,,,,,2026-09-22 19:37:58,second,measure,A,66-74,2,10.0,9.995111,4A08_4B07,SMU,-15,14,
77-00,current,4.08875e-11,RESULT,,,,LaMP_HP_b,lamp_wholewafer,,,,,,,2026-09-22 19:37:58,third,measure,A,77-00,3,10.0,9.995104,2A07_2B08,SMU,-16,15,
67-70,current,3.87672e-11,RESULT,,,,LaMP_HP_b,lamp_wholewafer,,,,,,,2026-09-22 19:37:58,fourth,measure,A,67-70,4,10.0,9.995188,2A05_2B06,SMU,-15,15,
77-01,current,3.78975e-11,RESULT,,,,LaMP_HP_b,lamp_wholewafer,,,,,,,2026-09-22 19:38:04,first,measure,A,77-01,1,10.0,9.995122,4A06_4B05,SMU,-16,16,
67-71,current,3.7852e-11,RESULT,,,,LaMP_HP_b,lamp_wholewafer,,,,,,,2026-09-22 19:38:04,second,measure,A,67-71,2,10.0,9.995142,4A08_4B07,SMU,-15,16,
NA,current,2.95984e-11,RESULT,,,,LaMP_HP_b,lamp_wholewafer,,,,,,,2026-09-22 19:38:04,third,measure,A,NA,3,10.0,9.995099,2A07_2B08,SMU,-16,17,
67-72,current,3.00702e-11,RESULT,,,,LaMP_HP_b,lamp_wholewafer,,,,,,,2026-09-22 19:38:04,fourth,measure,A,67-72,4,10.0,9.99518,2A05_2B06,SMU,-15,17,
60-62,current,4.59522e-11,RESULT,,,,LaMP_HP_b,lamp_wholewafer,,,,,,,2026-09-22 19:38:11,first,measure,A,60-62,1,10.0,9.995184,4A06_4B05,SMU,-14,-18,
60-52,current,3.93413e-11,RESULT,,,,LaMP_HP_b,lamp_wholewafer,,,,,,,2026-09-22 19:38:11,second,measure,A,60-52,2,10.0,9.995146,4A08_4B07,SMU,-13,-18,
60-63,current,3.95062e-11,RESULT,,,,LaMP_HP_b,lamp_wholewafer,,,,,,,2026-09-22 19:38:11,third,measure,A,60-63,3,10.0,9.995096,2A07_2B08,SMU,-14,-17,
60-53,current,3.63912e-11,RESULT,,,,LaMP_HP_b,lamp_wholewafer,,,,,,,2026-09-22 19:38:11,fourth,measure,A,60-53,4,10.0,9.995081,2A05_2B06,SMU,-13,-17,
60-64,current,4.22006e-11,RESULT,,,,LaMP_HP_b,lamp_wholewafer,,,,,,,2026-09-22 19:38:17,first,measure,A,60-64,1,10.0,9.995018,4A06_4B05,SMU,-14,-16,
60-54,current,4.17458e-11,RESULT,,,,LaMP_HP_b,lamp_wholewafer,,,,,,,2026-09-22 19:38:17,second,measure,A,60-54,2,10.0,9.995079,4A08_4B07,SMU,-13,-16,
61-60,current,4.21551e-11,RESULT,,,,LaMP_HP_b,lamp_wholewafer,,,,,,,2026-09-22 19:38:17,third,measure,A,61-60,3,10.0,9.995146,2A07_2B08,SMU,-14,-15,
61-50,current,4.00235e-11,RESULT,,,,LaMP_HP_b,lamp_wholewafer,,,,,,,2026-09-22 19:38:17,fourth,measure,A,61-50,4,10.0,9.99515,2A05_2B06,SMU,-13,-15,
61-61,current,2.88043e-10,RESULT,,,,LaMP_HP_b,lamp_wholewafer,,,,,,,2026-09-22 19:38:24,first,measure,A,61-61,1,10.0,9.995195,4A06_4B05,SMU,-14,-14,
61-51,current,4.24848e-11,RESULT,,,,LaMP_HP_b,lamp_wholewafer,,,,,,,2026-09-22 19:38:24,second,measure,A,61-51,2,10.0,9.995229,4A08_4B07,SMU,-13,-14,
PCM,current,2.36412e-11,RESULT,,,,LaMP_HP_b,lamp_wholewafer,,,,,,,2026-09-22 19:38:24,third,measure,A,PCM,3,10.0,9.995203,2A07_2B08,SMU,-14,-13,
61-52,current,3.77042e-11,RESULT,,,,LaMP_HP_b,lamp_wholewafer,,,,,,,2026-09-22 19:38:24,fourth,measure,A,61-52,4,10.0,9.995163,2A05_2B06,SMU,-13,-13,
61-63,current,4.07681e-11,RESULT,,,,LaMP_HP_b,lamp_wholewafer,,,,,,,2026-09-22 19:38:30,first,measure,A,61-63,1,10.0,9.995097,4A06_4B05,SMU,-14,-12,
61-53,current,3.83977e-11,RESULT,,,,LaMP_HP_b,lamp_wholewafer,,,,,,,2026-09-22 19:38:30,second,measure,A,61-53,2,10.0,9.995128,4A08_4B07,SMU,-13,-12,
61-64,current,3.98415e-11,RESULT,,,,LaMP_HP_b,lamp_wholewafer,,,,,,,2026-09-22 19:38:30,third,measure,A,61-64,3,10.0,9.995187,2A07_2B08,SMU,-14,-11,
61-54,current,4.16378e-11,RESULT,,,,LaMP_HP_b,lamp_wholewafer,,,,,,,2026-09-22 19:38:30,fourth,measure,A,61-54,4,10.0,9.995155,2A05_2B06,SMU,-13,-11,
62-60,current,4.40991e-11,RESULT,,,,LaMP_HP_b,lamp_wholewafer,,,,,,,2026-09-22 19:38:37,first,measure,A,62-60,1,10.0,9.995074,4A06_4B05,SMU,-14,-10,
62-50,current,4.19391e-11,RESULT,,,,LaMP_HP_b,lamp_wholewafer,,,,,,,2026-09-22 19:38:37,second,measure,A,62-50,2,10.0,9.995193,4A08_4B07,SMU,-13,-10,
62-61,current,4.13138e-11,RESULT,,,,LaMP_HP_b,lamp_wholewafer,,,,,,,2026-09-22 19:38:37,third,measure,A,62-61,3,10.0,9.99512,2A07_2B08,SMU,-14,-9,
62-51,current,4.14843e-11,RESULT,,,,LaMP_HP_b,lamp_wholewafer,,,,,,,2026-09-22 19:38:37,fourth,measure,A,62-51,4,10.0,9.995108,2A05_2B06,SMU,-13,-9,
62-62,current,4.58158e-11,RESULT,,,,LaMP_HP_b,lamp_wholewafer,,,,,,,2026-09-22 19:38:43,first,measure,A,62-62,1,10.0,9.995092,4A06_4B05,SMU,-14,-8,
62-52,current,4.26269e-11,RESULT,,,,LaMP_HP_b,lamp_wholewafer,,,,,,,2026-09-22 19:38:43,second,measure,A,62-52,2,10.0,9.995091,4A08_4B07,SMU,-13,-8,
62-63,current,3.99325e-11,RESULT,,,,LaMP_HP_b,lamp_wholewafer,,,,,,,2026-09-22 19:38:43,third,measure,A,62-63,3,10.0,9.995153,2A07_2B08,SMU,-14,-7,
62-53,current,4.17117e-11,RESULT,,,,LaMP_HP_b,lamp_wholewafer,,,,,,,2026-09-22 19:38:43,fourth,measure,A,62-53,4,10.0,9.99514,2A05_2B06,SMU,-13,-7,
62-64,current,4.60204e-11,RESULT,,,,LaMP_HP_b,lamp_wholewafer,,,,,,,2026-09-22 19:38:50,first,measure,A,62-64,1,10.0,9.995169,4A06_4B05,SMU,-14,-6,
62-54,current,4.29225e-11,RESULT,,,,LaMP_HP_b,lamp_wholewafer,,,,,,,2026-09-22 19:38:50,second,measure,A,62-54,2,10.0,9.995173,4A08_4B07,SMU,-13,-6,
63-60,current,4.22233e-11,RESULT,,,,LaMP_HP_b,lamp_wholewafer,,,,,,,2026-09-22 19:38:50,third,measure,A,63-60,3,10.0,9.995163,2A07_2B08,SMU,-14,-5,
63-50,current,3.98927e-11,RESULT,,,,LaMP_HP_b,lamp_wholewafer,,,,,,,2026-09-22 19:38:50,fourth,measure,A,63-50,4,10.0,9.995167,2A05_2B06,SMU,-13,-5,
63-61,current,4.46732e-11,RESULT,,,,LaMP_HP_b,lamp_wholewafer,,,,,,,2026-09-22 19:38:56,first,measure,A,63-61,1,10.0,9.995114,4A06_4B05,SMU,-14,-4,
63-51,current,4.1905e-11,RESULT,,,,LaMP_HP_b,lamp_wholewafer,,,,,,,2026-09-22 19:38:56,second,measure,A,63-51,2,10.0,9.99515,4A08_4B07,SMU,-13,-4,
PCM,current,2.21178e-11,RESULT,,,,LaMP_HP_b,lamp_wholewafer,,,,,,,2026-09-22 19:38:56,third,measure,A,PCM,3,10.0,9.995126,2A07_2B08,SMU,-14,-3,
63-52,current,4.10807e-11,RESULT,,,,LaMP_HP_b,lamp_wholewafer,,,,,,,2026-09-22 19:38:56,fourth,measure,A,63-52,4,10.0,9.995151,2A05_2B06,SMU,-13,-3,
63-63,current,4.718e-11,RESULT,,,,LaMP_HP_b,lamp_wholewafer,,,,,,,2026-09-22 19:39:03,first,measure,A,63-63,1,10.0,9.995099,4A06_4B05,SMU,-14,-2,
63-53,current,4.6515e-11,RESULT,,,,LaMP_HP_b,lamp_wholewafer,,,,,,,2026-09-22 19:39:03,second,measure,A,63-53,2,10.0,9.995111,4A08_4B07,SMU,-13,-2,
63-64,current,4.92605e-11,RESULT,,,,LaMP_HP_b,lamp_wholewafer,,,,,,,2026-09-22 19:39:03,third,measure,A,63-64,3,10.0,9.995146,2A07_2B08,SMU,-14,-1,
63-54,current,4.44459e-11,RESULT,,,,LaMP_HP_b,lamp_wholewafer,,,,,,,2026-09-22 19:39:03,fourth,measure,A,63-54,4,10.0,9.995123,2A05_2B06,SMU,-13,-1,
64-60,current,4.50768e-11,RESULT,,,,LaMP_HP_b,lamp_wholewafer,,,,,,,2026-09-22 19:39:09,first,measure,A,64-60,1,10.0,9.995054,4A06_4B05,SMU,-14,0,
64-50,current,4.88114e-11,RESULT,,,,LaMP_HP_b,lamp_wholewafer,,,,,,,2026-09-22 19:39:09,second,measure,A,64-50,2,10.0,9.995037,4A08_4B07,SMU,-13,0,
64-61,current,4.24961e-11,RESULT,,,,LaMP_HP_b,lamp_wholewafer,,,,,,,2026-09-22 19:39:09,third,measure,A,64-61,3,10.0,9.995085,2A07_2B08,SMU,-14,1,
64-51,current,4.2138e-11,RESULT,,,,LaMP_HP_b,lamp_wholewafer,,,,,,,2026-09-22 19:39:09,fourth,measure,A,64-51,4,10.0,9.995111,2A05_2B06,SMU,-13,1,
64-62,current,4.64752e-11,RESULT,,,,LaMP_HP_b,lamp_wholewafer,,,,,,,2026-09-22 19:39:16,first,measure,A,64-62,1,10.0,9.995111,4A06_4B05,SMU,-14,2,
64-52,current,4.70379e-11,RESULT,,,,LaMP_HP_b,lamp_wholewafer,,,,,,,2026-09-22 19:39:16,second,measure,A,64-52,2,10.0,9.995028,4A08_4B07,SMU,-13,2,
64-63,current,4.40707e-11,RESULT,,,,LaMP_HP_b,lamp_wholewafer,,,,,,,2026-09-22 19:39:16,third,measure,A,64-63,3,10.0,9.995077,2A07_2B08,SMU,-14,3,
64-53,current,4.24052e-11,RESULT,,,,LaMP_HP_b,lamp_wholewafer,,,,,,,2026-09-22 19:39:16,fourth,measure,A,64-53,4,10.0,9.99517,2A05_2B06,SMU,-13,3,
64-64,current,5.42002e-11,RESULT,,,,LaMP_HP_b,lamp_wholewafer,,,,,,,2026-09-22 19:39:22,first,measure,A,64-64,1,10.0,9.995168,4A06_4B05,SMU,-14,4,
64-54,current,4.39286e-11,RESULT,,,,LaMP_HP_b,lamp_wholewafer,,,,,,,2026-09-22 19:39:22,second,measure,A,64-54,2,10.0,9.995199,4A08_4B07,SMU,-13,4,
65-60,current,3.88241e-11,RESULT,,,,LaMP_HP_b,lamp_wholewafer,,,,,,,2026-09-22 19:39:22,third,measure,A,65-60,3,10.0,9.995184,2A07_2B08,SMU,-14,5,
65-50,current,4.33261e-11,RESULT,,,,LaMP_HP_b,lamp_wholewafer,,,,,,,2026-09-22 19:39:22,fourth,measure,A,65-50,4,10.0,9.995192,2A05_2B06,SMU,-13,5,
65-61,current,5.01132e-11,RESULT,,,,LaMP_HP_b,lamp_wholewafer,,,,,,,2026-09-22 19:39:29,first,measure,A,65-61,1,10.0,9.995094,4A06_4B05,SMU,-14,6,
65-51,current,4.13024e-11,RESULT,,,,LaMP_HP_b,lamp_wholewafer,,,,,,,2026-09-22 19:39:29,second,measure,A,65-51,2,10.0,9.995114,4A08_4B07,SMU,-13,6,
PCM,current,2.37435e-11,RESULT,,,,LaMP_HP_b,lamp_wholewafer,,,,,,,2026-09-22 19:39:29,third,measure,A,PCM,3,10.0,9.995133,2A07_2B08,SMU,-14,7,
65-52,current,4.04896e-11,RESULT,,,,LaMP_HP_b,lamp_wholewafer,,,,,,,2026-09-22 19:39:29,fourth,measure,A,65-52,4,10.0,9.995192,2A05_2B06,SMU,-13,7,
65-63,current,4.61114e-11,RESULT,,,,LaMP_HP_b,lamp_wholewafer,,,,,,,2026-09-22 19:39:35,first,measure,A,65-63,1,10.0,9.995238,4A06_4B05,SMU,-14,8,
65-53,current,4.30362e-11,RESULT,,,,LaMP_HP_b,lamp_wholewafer,,,,,,,2026-09-22 19:39:35,second,measure,A,65-53,2,10.0,9.995185,4A08_4B07,SMU,-13,8,
65-64,current,4.17685e-11,RESULT,,,,LaMP_HP_b,lamp_wholewafer,,,,,,,2026-09-22 19:39:35,third,measure,A,65-64,3,10.0,9.99525,2A07_2B08,SMU,-14,9,
65-54,current,4.38661e-11,RESULT,,,,LaMP_HP_b,lamp_wholewafer,,,,,,,2026-09-22 19:39:35,fourth,measure,A,65-54,4,10.0,9.995195,2A05_2B06,SMU,-13,9,
66-60,current,4.78963e-11,RESULT,,,,LaMP_HP_b,lamp_wholewafer,,,,,,,2026-09-22 19:39:42,first,measure,A,66-60,1,10.0,9.995252,4A06_4B05,SMU,-14,10,
66-50,current,4.30532e-11,RESULT,,,,LaMP_HP_b,lamp_wholewafer,,,,,,,2026-09-22 19:39:42,second,measure,A,66-50,2,10.0,9.995253,4A08_4B07,SMU,-13,10,
66-61,current,4.4156e-11,RESULT,,,,LaMP_HP_b,lamp_wholewafer,,,,,,,2026-09-22 19:39:42,third,measure,A,66-61,3,10.0,9.995193,2A07_2B08,SMU,-14,11,
66-51,current,4.34227e-11,RESULT,,,,LaMP_HP_b,lamp_wholewafer,,,,,,,2026-09-22 19:39:42,fourth,measure,A,66-51,4,10.0,9.995184,2A05_2B06,SMU,-13,11,
66-62,current,4.63501e-11,RESULT,,,,LaMP_HP_b,lamp_wholewafer,,,,,,,2026-09-22 19:39:48,first,measure,A,66-62,1,10.0,9.995161,4A06_4B05,SMU,-14,12,
66-52,current,4.448e-11,RESULT,,,,LaMP_HP_b,lamp_wholewafer,,,,,,,2026-09-22 19:39:48,second,measure,A,66-52,2,10.0,9.995153,4A08_4B07,SMU,-13,12,
66-63,current,4.2462e-11,RESULT,,,,LaMP_HP_b,lamp_wholewafer,,,,,,,2026-09-22 19:39:48,third,measure,A,66-63,3,10.0,9.995171,2A07_2B08,SMU,-14,13,
66-53,current,4.18993e-11,RESULT,,,,LaMP_HP_b,lamp_wholewafer,,,,,,,2026-09-22 19:39:48,fourth,measure,A,66-53,4,10.0,9.995298,2A05_2B06,SMU,-13,13,
66-64,current,4.30532e-11,RESULT,,,,LaMP_HP_b,lamp_wholewafer,,,,,,,2026-09-22 19:39:55,first,measure,A,66-64,1,10.0,9.995101,4A06_4B05,SMU,-14,14,
66-54,current,4.20812e-11,RESULT,,,,LaMP_HP_b,lamp_wholewafer,,,,,,,2026-09-22 19:39:55,second,measure,A,66-54,2,10.0,9.995079,4A08_4B07,SMU,-13,14,
67-60,current,3.46518e-11,RESULT,,,,LaMP_HP_b,lamp_wholewafer,,,,,,,2026-09-22 19:39:55,third,measure,A,67-60,3,10.0,9.995197,2A07_2B08,SMU,-14,15,
67-50,current,3.90969e-11,RESULT,,,,LaMP_HP_b,lamp_wholewafer,,,,,,,2026-09-22 19:39:55,fourth,measure,A,67-50,4,10.0,9.995192,2A05_2B06,SMU,-13,15,
67-61,current,4.00746e-11,RESULT,,,,LaMP_HP_b,lamp_wholewafer,,,,,,,2026-09-22 19:40:01,first,measure,A,67-61,1,10.0,9.995188,4A06_4B05,SMU,-14,16,
67-51,current,3.81988e-11,RESULT,,,,LaMP_HP_b,lamp_wholewafer,,,,,,,2026-09-22 19:40:01,second,measure,A,67-51,2,10.0,9.995176,4A08_4B07,SMU,-13,16,
PCM,current,2.1555e-11,RESULT,,,,LaMP_HP_b,lamp_wholewafer,,,,,,,2026-09-22 19:40:01,third,measure,A,PCM,3,10.0,9.995173,2A07_2B08,SMU,-14,17,
67-52,current,3.33671e-11,RESULT,,,,LaMP_HP_b,lamp_wholewafer,,,,,,,2026-09-22 19:40:01,fourth,measure,A,67-52,4,10.0,9.995224,2A05_2B06,SMU,-13,17,
60-42,current,4.3616e-11,RESULT,,,,LaMP_HP_b,lamp_wholewafer,,,,,,,2026-09-22 19:40:08,first,measure,A,60-42,1,10.0,9.995154,4A06_4B05,SMU,-12,-18,
60-32,current,4.21039e-11,RESULT,,,,LaMP_HP_b,lamp_wholewafer,,,,,,,2026-09-22 19:40:08,second,measure,A,60-32,2,10.0,9.995207,4A08_4B07,SMU,-11,-18,
60-43,current,4.00576e-11,RESULT,,,,LaMP_HP_b,lamp_wholewafer,,,,,,,2026-09-22 19:40:08,third,measure,A,60-43,3,10.0,9.995173,2A07_2B08,SMU,-12,-17,
60-33,current,3.6431e-11,RESULT,,,,LaMP_HP_b,lamp_wholewafer,,,,,,,2026-09-22 19:40:08,fourth,measure,A,60-33,4,10.0,9.995203,2A05_2B06,SMU,-11,-17,
60-44,current,4.43322e-11,RESULT,,,,LaMP_HP_b,lamp_wholewafer,,,,,,,2026-09-22 19:40:15,first,measure,A,60-44,1,10.0,9.995179,4A06_4B05,SMU,-12,-16,
60-34,current,4.03872e-11,RESULT,,,,LaMP_HP_b,lamp_wholewafer,,,,,,,2026-09-22 19:40:15,second,measure,A,60-34,2,10.0,9.995226,4A08_4B07,SMU,-11,-16,
61-40,current,5.78666e-11,RESULT,,,,LaMP_HP_b,lamp_wholewafer,,,,,,,2026-09-22 19:40:15,third,measure,A,61-40,3,10.0,9.99518,2A07_2B08,SMU,-12,-15,
61-30,current,3.71642e-11,RESULT,,,,LaMP_HP_b,lamp_wholewafer,,,,,,,2026-09-22 19:40:15,fourth,measure,A,61-30,4,10.0,9.995236,2A05_2B06,SMU,-11,-15,
61-41,current,4.2553e-11,RESULT,,,,LaMP_HP_b,lamp_wholewafer,,,,,,,2026-09-22 19:40:21,first,measure,A,61-41,1,10.0,9.995282,4A06_4B05,SMU,-12,-14,
61-31,current,6.69615e-11,RESULT,,,,LaMP_HP_b,lamp_wholewafer,,,,,,,2026-09-22 19:40:21,second,measure,A,61-31,2,10.0,9.99521,4A08_4B07,SMU,-11,-14,
61-42,current,3.62888e-11,RESULT,,,,LaMP_HP_b,lamp_wholewafer,,,,,,,2026-09-22 19:40:21,third,measure,A,61-42,3,10.0,9.995185,2A07_2B08,SMU,-12,-13,
61-32,current,3.51861e-11,RESULT,,,,LaMP_HP_b,lamp_wholewafer,,,,,,,2026-09-22 19:40:21,fourth,measure,A,61-32,4,10.0,9.995184,2A05_2B06,SMU,-11,-13,
61-43,current,3.98415e-11,RESULT,,,,LaMP_HP_b,lamp_wholewafer,,,,,,,2026-09-22 19:40:28,first,measure,A,61-43,1,10.0,9.995239,4A06_4B05,SMU,-12,-12,
61-33,current,4.502e-11,RESULT,,,,LaMP_HP_b,lamp_wholewafer,,,,,,,2026-09-22 19:40:28,second,measure,A,61-33,2,10.0,9.995211,4A08_4B07,SMU,-11,-12,
61-44,current,3.94152e-11,RESULT,,,,LaMP_HP_b,lamp_wholewafer,,,,,,,2026-09-22 19:40:28,third,measure,A,61-44,3,10.0,9.995175,2A07_2B08,SMU,-12,-11,
61-34,current,5.30008e-11,RESULT,,,,LaMP_HP_b,lamp_wholewafer,,,,,,,2026-09-22 19:40:28,fourth,measure,A,61-34,4,10.0,9.995186,2A05_2B06,SMU,-11,-11,
62-40,current,4.88399e-11,RESULT,,,,LaMP_HP_b,lamp_wholewafer,,,,,,,2026-09-22 19:40:34,first,measure,A,62-40,1,10.0,9.995176,4A06_4B05,SMU,-12,-10,
62-30,current,4.67423e-11,RESULT,,,,LaMP_HP_b,lamp_wholewafer,,,,,,,2026-09-22 19:40:34,second,measure,A,62-30,2,10.0,9.995195,4A08_4B07,SMU,-11,-10,
62-41,current,4.20073e-11,RESULT,,,,LaMP_HP_b,lamp_wholewafer,,,,,,,2026-09-22 19:40:34,third,measure,A,62-41,3,10.0,9.995233,2A07_2B08,SMU,-12,-9,
62-31,current,4.09727e-11,RESULT,,,,LaMP_HP_b,lamp_wholewafer,,,,,,,2026-09-22 19:40:34,fourth,measure,A,62-31,4,10.0,9.99518,2A05_2B06,SMU,-11,-9,
62-42,current,4.56737e-11,RESULT,,,,LaMP_HP_b,lamp_wholewafer,,,,,,,2026-09-22 19:40:41,first,measure,A,62-42,1,10.0,9.995221,4A06_4B05,SMU,-12,-8,
62-32,current,4.58272e-11,RESULT,,,,LaMP_HP_b,lamp_wholewafer,,,,,,,2026-09-22 19:40:41,second,measure,A,62-32,2,10.0,9.995181,4A08_4B07,SMU,-11,-8,
62-43,current,4.42071e-11,RESULT,,,,LaMP_HP_b,lamp_wholewafer,,,,,,,2026-09-22 19:40:41,third,measure,A,62-43,3,10.0,9.99516,2A07_2B08,SMU,-12,-7,
62-33,current,4.24961e-11,RESULT,,,,LaMP_HP_b,lamp_wholewafer,,,,,,,2026-09-22 19:40:41,fourth,measure,A,62-33,4,10.0,9.995249,2A05_2B06,SMU,-11,-7,
62-44,current,4.70663e-11,RESULT,,,,LaMP_HP_b,lamp_wholewafer,,,,,,,2026-09-22 19:40:47,first,measure,A,62-44,1,10.0,9.995242,4A06_4B05,SMU,-12,-6,
62-34,current,4.58385e-11,RESULT,,,,LaMP_HP_b,lamp_wholewafer,,,,,,,2026-09-22 19:40:47,second,measure,A,62-34,2,10.0,9.99518,4A08_4B07,SMU,-11,-6,
63-40,current,4.42299e-11,RESULT,,,,LaMP_HP_b,lamp_wholewafer,,,,,,,2026-09-22 19:40:47,third,measure,A,63-40,3,10.0,9.995225,2A07_2B08,SMU,-12,-5,
63-30,current,4.15582e-11,RESULT,,,,LaMP_HP_b,lamp_wholewafer,,,,,,,2026-09-22 19:40:47,fourth,measure,A,63-30,4,10.0,9.995193,2A05_2B06,SMU,-11,-5,
63-41,current,4.61512e-11,RESULT,,,,LaMP_HP_b,lamp_wholewafer,,,,,,,2026-09-22 19:40:53,first,measure,A,63-41,1,10.0,9.995172,4A06_4B05,SMU,-12,-4,
63-31,current,4.25303e-11,RESULT,,,,LaMP_HP_b,lamp_wholewafer,,,,,,,2026-09-22 19:40:53,second,measure,A,63-31,2,10.0,9.995132,4A08_4B07,SMU,-11,-4,
63-42,current,4.05805e-11,RESULT,,,,LaMP_HP_b,lamp_wholewafer,,,,,,,2026-09-22 19:40:53,third,measure,A,63-42,3,10.0,9.99518,2A07_2B08,SMU,-12,-3,
63-32,current,4.34568e-11,RESULT,,,,LaMP_HP_b,lamp_wholewafer,,,,,,,2026-09-22 19:40:53,fourth,measure,A,63-32,4,10.0,9.995149,2A05_2B06,SMU,-11,-3,
63-43,current,4.76632e-11,RESULT,,,,LaMP_HP_b,lamp_wholewafer,,,,,,,2026-09-22 19:41:00,first,measure,A,63-43,1,10.0,9.995152,4A06_4B05,SMU,-12,-2,
63-33,current,4.43208e-11,RESULT,,,,LaMP_HP_b,lamp_wholewafer,,,,,,,2026-09-22 19:41:00,second,measure,A,63-33,2,10.0,9.995172,4A08_4B07,SMU,-11,-2,
63-44,current,4.44345e-11,RESULT,,,,LaMP_HP_b,lamp_wholewafer,,,,,,,2026-09-22 19:41:00,third,measure,A,63-44,3,10.0,9.99514,2A07_2B08,SMU,-12,-1,
63-34,current,4.25985e-11,RESULT,,,,LaMP_HP_b,lamp_wholewafer,,,,,,,2026-09-22 19:41:00,fourth,measure,A,63-34,4,10.0,9.995173,2A05_2B06,SMU,-11,-1,
64-40,current,4.72028e-11,RESULT,,,,LaMP_HP_b,lamp_wholewafer,,,,,,,2026-09-22 19:41:06,first,measure,A,64-40,1,10.0,9.995231,4A06_4B05,SMU,-12,0,
64-30,current,4.45823e-11,RESULT,,,,LaMP_HP_b,lamp_wholewafer,,,,,,,2026-09-22 19:41:06,second,measure,A,64-30,2,10.0,9.995182,4A08_4B07,SMU,-11,0,
64-41,current,4.40877e-11,RESULT,,,,LaMP_HP_b,lamp_wholewafer,,,,,,,2026-09-22 19:41:06,third,measure,A,64-41,3,10.0,9.99518,2A07_2B08,SMU,-12,1,
64-31,current,4.18083e-11,RESULT,,,,LaMP_HP_b,lamp_wholewafer,,,,,,,2026-09-22 19:41:06,fourth,measure,A,64-31,4,10.0,9.995155,2A05_2B06,SMU,-11,1,
64-42,current,5.00506e-11,RESULT,,,,LaMP_HP_b,lamp_wholewafer,,,,,,,2026-09-22 19:41:13,first,measure,A,64-42,1,10.0,9.995184,4A06_4B05,SMU,-12,2,
64-32,current,4.38831e-11,RESULT,,,,LaMP_HP_b,lamp_wholewafer,,,,,,,2026-09-22 19:41:13,second,measure,A,64-32,2,10.0,9.995193,4A08_4B07,SMU,-11,2,
64-43,current,4.25871e-11,RESULT,,,,LaMP_HP_b,lamp_wholewafer,,,,,,,2026-09-22 19:41:13,third,measure,A,64-43,3,10.0,9.995272,2A07_2B08,SMU,-12,3,
64-33,current,4.20243e-11,RESULT,,,,LaMP_HP_b,lamp_wholewafer,,,,,,,2026-09-22 19:41:13,fourth,measure,A,64-33,4,10.0,9.995282,2A05_2B06,SMU,-11,3,
64-44,current,4.78622e-11,RESULT,,,,LaMP_HP_b,lamp_wholewafer,,,,,,,2026-09-22 19:41:19,first,measure,A,64-44,1,10.0,9.995229,4A06_4B05,SMU,-12,4,
64-34,current,4.35932e-11,RESULT,,,,LaMP_HP_b,lamp_wholewafer,,,,,,,2026-09-22 19:41:19,second,measure,A,64-34,2,10.0,9.995138,4A08_4B07,SMU,-11,4,
65-40,current,4.20869e-11,RESULT,,,,LaMP_HP_b,lamp_wholewafer,,,,,,,2026-09-22 19:41:19,third,measure,A,65-40,3,10.0,9.995149,2A07_2B08,SMU,-12,5,
65-30,current,4.4804e-11,RESULT,,,,LaMP_HP_b,lamp_wholewafer,,,,,,,2026-09-22 19:41:19,fourth,measure,A,65-30,4,10.0,9.995188,2A05_2B06,SMU,-11,5,
65-41,current,4.52587e-11,RESULT,,,,LaMP_HP_b,lamp_wholewafer,,,,,,,2026-09-22 19:41:26,first,measure,A,65-41,1,10.0,9.995271,4A06_4B05,SMU,-12,6,
65-31,current,4.44118e-11,RESULT,,,,LaMP_HP_b,lamp_wholewafer,,,,,,,2026-09-22 19:41:26,second,measure,A,65-31,2,10.0,9.99525,4A08_4B07,SMU,-11,6,
65-42,current,4.15753e-11,RESULT,,,,LaMP_HP_b,lamp_wholewafer,,,,,,,2026-09-22 19:41:26,third,measure,A,65-42,3,10.0,9.995256,2A07_2B08,SMU,-12,7,
65-32,current,4.36273e-11,RESULT,,,,LaMP_HP_b,lamp_wholewafer,,,,,,,2026-09-22 19:41:26,fourth,measure,A,65-32,4,10.0,9.995166,2A05_2B06,SMU,-11,7,
65-43,current,4.67139e-11,RESULT,,,,LaMP_HP_b,lamp_wholewafer,,,,,,,2026-09-22 19:41:32,first,measure,A,65-43,1,10.0,9.995146,4A06_4B05,SMU,-12,8,
65-33,current,4.49177e-11,RESULT,,,,LaMP_HP_b,lamp_wholewafer,,,,,,,2026-09-22 19:41:32,second,measure,A,65-33,2,10.0,9.995102,4A08_4B07,SMU,-11,8,
65-44,current,4.12285e-11,RESULT,,,,LaMP_HP_b,lamp_wholewafer,,,,,,,2026-09-22 19:41:32,third,measure,A,65-44,3,10.0,9.995153,2A07_2B08,SMU,-12,9,
65-34,current,4.09045e-11,RESULT,,,,LaMP_HP_b,lamp_wholewafer,,,,,,,2026-09-22 19:41:32,fourth,measure,A,65-34,4,10.0,9.995148,2A05_2B06,SMU,-11,9,
66-40,current,4.64013e-11,RESULT,,,,LaMP_HP_b,lamp_wholewafer,,,,,,,2026-09-22 19:41:39,first,measure,A,66-40,1,10.0,9.995199,4A06_4B05,SMU,-12,10,
66-30,current,4.2786e-11,RESULT,,,,LaMP_HP_b,lamp_wholewafer,,,,,,,2026-09-22 19:41:39,second,measure,A,66-30,2,10.0,9.995158,4A08_4B07,SMU,-11,10,
66-41,current,4.17572e-11,RESULT,,,,LaMP_HP_b,lamp_wholewafer,,,,,,,2026-09-22 19:41:39,third,measure,A,66-41,3,10.0,9.995184,2A07_2B08,SMU,-12,11,
66-31,current,4.58556e-11,RESULT,,,,LaMP_HP_b,lamp_wholewafer,,,,,,,2026-09-22 19:41:39,fourth,measure,A,66-31,4,10.0,9.995154,2A05_2B06,SMU,-11,11,
66-42,current,5.1989e-11,RESULT,,,,LaMP_HP_b,lamp_wholewafer,,,,,,,2026-09-22 19:41:45,first,measure,A,66-42,1,10.0,9.995173,4A06_4B05,SMU,-12,12,
66-32,current,4.43663e-11,RESULT,,,,LaMP_HP_b,lamp_wholewafer,,,,,,,2026-09-22 19:41:45,second,measure,A,66-32,2,10.0,9.995215,4A08_4B07,SMU,-11,12,
66-43,current,4.21835e-11,RESULT,,,,LaMP_HP_b,lamp_wholewafer,,,,,,,2026-09-22 19:41:45,third,measure,A,66-43,3,10.0,9.995166,2A07_2B08,SMU,-12,13,
66-33,current,4.16094e-11,RESULT,,,,LaMP_HP_b,lamp_wholewafer,,,,,,,2026-09-22 19:41:45,fourth,measure,A,66-33,4,10.0,9.995133,2A05_2B06,SMU,-11,13,
66-44,current,4.48153e-11,RESULT,,,,LaMP_HP_b,lamp_wholewafer,,,,,,,2026-09-22 19:41:52,first,measure,A,66-44,1,10.0,9.9952,4A06_4B05,SMU,-12,14,
66-34,current,3.89036e-11,RESULT,,,,LaMP_HP_b,lamp_wholewafer,,,,,,,2026-09-22 19:41:52,second,measure,A,66-34,2,10.0,9.995142,4A08_4B07,SMU,-11,14,
67-40,current,3.91026e-11,RESULT,,,,LaMP_HP_b,lamp_wholewafer,,,,,,,2026-09-22 19:41:52,third,measure,A,67-40,3,10.0,9.995194,2A07_2B08,SMU,-12,15,
67-30,current,3.87672e-11,RESULT,,,,LaMP_HP_b,lamp_wholewafer,,,,,,,2026-09-22 19:41:52,fourth,measure,A,67-30,4,10.0,9.995196,2A05_2B06,SMU,-11,15,
67-41,current,3.93129e-11,RESULT,,,,LaMP_HP_b,lamp_wholewafer,,,,,,,2026-09-22 19:41:58,first,measure,A,67-41,1,10.0,9.995211,4A06_4B05,SMU,-12,16,
67-31,current,3.53396e-11,RESULT,,,,LaMP_HP_b,lamp_wholewafer,,,,,,,2026-09-22 19:41:58,second,measure,A,67-31,2,10.0,9.995268,4A08_4B07,SMU,-11,16,
67-42,current,2.83194e-11,RESULT,,,,LaMP_HP_b,lamp_wholewafer,,,,,,,2026-09-22 19:41:58,third,measure,A,67-42,3,10.0,9.995262,2A07_2B08,SMU,-12,17,
67-32,current,3.01497e-11,RESULT,,,,LaMP_HP_b,lamp_wholewafer,,,,,,,2026-09-22 19:41:58,fourth,measure,A,67-32,4,10.0,9.995161,2A05_2B06,SMU,-11,17,
60-22,current,4.46505e-11,RESULT,,,,LaMP_HP_b,lamp_wholewafer,,,,,,,2026-09-22 19:42:05,first,measure,A,60-22,1,10.0,9.995166,4A06_4B05,SMU,-10,-18,
60-12,current,3.77725e-11,RESULT,,,,LaMP_HP_b,lamp_wholewafer,,,,,,,2026-09-22 19:42:05,second,measure,A,60-12,2,10.0,9.99521,4A08_4B07,SMU,-9,-18,
60-23,current,3.56636e-11,RESULT,,,,LaMP_HP_b,lamp_wholewafer,,,,,,,2026-09-22 19:42:05,third,measure,A,60-23,3,10.0,9.995195,2A07_2B08,SMU,-10,-17,
60-13,current,3.77156e-11,RESULT,,,,LaMP_HP_b,lamp_wholewafer,,,,,,,2026-09-22 19:42:05,fourth,measure,A,60-13,4,10.0,9.99517,2A05_2B06,SMU,-9,-17,
60-24,current,4.21551e-11,RESULT,,,,LaMP_HP_b,lamp_wholewafer,,,,,,,2026-09-22 19:42:12,first,measure,A,60-24,1,10.0,9.995212,4A06_4B05,SMU,-10,-16,
60-14,current,4.15469e-11,RESULT,,,,LaMP_HP_b,lamp_wholewafer,,,,,,,2026-09-22 19:42:12,second,measure,A,60-14,2,10.0,9.99523,4A08_4B07,SMU,-9,-16,
61-20,current,3.60103e-11,RESULT,,,,LaMP_HP_b,lamp_wholewafer,,,,,,,2026-09-22 19:42:12,third,measure,A,61-20,3,10.0,9.99519,2A07_2B08,SMU,-10,-15,
61-10,current,9.19897e-11,RESULT,,,,LaMP_HP_b,lamp_wholewafer,,,,,,,2026-09-22 19:42:12,fourth,measure,A,61-10,4,10.0,9.995141,2A05_2B06,SMU,-9,-15,
61-21,current,4.718e-11,RESULT,,,,LaMP_HP_b,lamp_wholewafer,,,,,,,2026-09-22 19:42:18,first,measure,A,61-21,1,10.0,9.99516,4A06_4B05,SMU,-10,-14,
61-11,current,4.18595e-11,RESULT,,,,LaMP_HP_b,lamp_wholewafer,,,,,,,2026-09-22 19:42:18,second,measure,A,61-11,2,10.0,9.99518,4A08_4B07,SMU,-9,-14,
61-22,current,6.00323e-11,RESULT,,,,LaMP_HP_b,lamp_wholewafer,,,,,,,2026-09-22 19:42:18,third,measure,A,61-22,3,10.0,9.995207,2A07_2B08,SMU,-10,-13,
61-12,current,3.68914e-11,RESULT,,,,LaMP_HP_b,lamp_wholewafer,,,,,,,2026-09-22 19:42:18,fourth,measure,A,61-12,4,10.0,9.995203,2A05_2B06,SMU,-9,-13,
61-23,current,4.01883e-11,RESULT,,,,LaMP_HP_b,lamp_wholewafer,,,,,,,2026-09-22 19:42:25,first,measure,A,61-23,1,10.0,9.99515,4A06_4B05,SMU,-10,-12,
61-13,current,3.77838e-11,RESULT,,,,LaMP_HP_b,lamp_wholewafer,,,,,,,2026-09-22 19:42:25,second,measure,A,61-13,2,10.0,9.995208,4A08_4B07,SMU,-9,-12,
61-24,current,4.041e-11,RESULT,,,,LaMP_HP_b,lamp_wholewafer,,,,,,,2026-09-22 19:42:25,third,measure,A,61-24,3,10.0,9.995179,2A07_2B08,SMU,-10,-11,
61-14,current,3.93584e-11,RESULT,,,,LaMP_HP_b,lamp_wholewafer,,,,,,,2026-09-22 19:42:25,fourth,measure,A,61-14,4,10.0,9.99514,2A05_2B06,SMU,-9,-11,
62-20,current,4.58897e-11,RESULT,,,,LaMP_HP_b,lamp_wholewafer,,,,,,,2026-09-22 19:42:31,first,measure,A,62-20,1,10.0,9.995131,4A06_4B05,SMU,-10,-10,
62-10,current,4.11376e-11,RESULT,,,,LaMP_HP_b,lamp_wholewafer,,,,,,,2026-09-22 19:42:31,second,measure,A,62-10,2,10.0,9.995095,4A08_4B07,SMU,-9,-10,
62-21,current,7.04631e-11,RESULT,,,,LaMP_HP_b,lamp_wholewafer,,,,,,,2026-09-22 19:42:31,third,measure,A,62-21,3,10.0,9.99514,2A07_2B08,SMU,-10,-9,
62-11,current,4.05066e-11,RESULT,,,,LaMP_HP_b,lamp_wholewafer,,,,,,,2026-09-22 19:42:31,fourth,measure,A,62-11,4,10.0,9.995145,2A05_2B06,SMU,-9,-9,
62-22,current,4.77428e-11,RESULT,,,,LaMP_HP_b,lamp_wholewafer,,,,,,,2026-09-22 19:42:38,first,measure,A,62-22,1,10.0,9.995183,4A06_4B05,SMU,-10,-8,
62-12,current,4.18538e-11,RESULT,,,,LaMP_HP_b,lamp_wholewafer,,,,,,,2026-09-22 19:42:38,second,measure,A,62-12,2,10.0,9.995238,4A08_4B07,SMU,-9,-8,
62-23,current,4.0194e-11,RESULT,,,,LaMP_HP_b,lamp_wholewafer,,,,,,,2026-09-22 19:42:38,third,measure,A,62-23,3,10.0,9.995227,2A07_2B08,SMU,-10,-7,
62-13,current,3.93413e-11,RESULT,,,,LaMP_HP_b,lamp_wholewafer,,,,,,,2026-09-22 19:42:38,fourth,measure,A,62-13,4,10.0,9.995239,2A05_2B06,SMU,-9,-7,
62-24,current,4.6515e-11,RESULT,,,,LaMP_HP_b,lamp_wholewafer,,,,,,,2026-09-22 19:42:44,first,measure,A,62-24,1,10.0,9.995186,4A06_4B05,SMU,-10,-6,
62-14,current,2.18728e-10,RESULT,,,,LaMP_HP_b,lamp_wholewafer,,,,,,,2026-09-22 19:42:44,second,measure,A,62-14,2,10.0,9.995244,4A08_4B07,SMU,-9,-6,
63-20,current,4.54122e-11,RESULT,,,,LaMP_HP_b,lamp_wholewafer,,,,,,,2026-09-22 19:42:44,third,measure,A,63-20,3,10.0,9.995203,2A07_2B08,SMU,-10,-5,
63-10,current,4.50427e-11,RESULT,,,,LaMP_HP_b,lamp_wholewafer,,,,,,,2026-09-22 19:42:44,fourth,measure,A,63-10,4,10.0,9.995207,2A05_2B06,SMU,-9,-5,
63-21,current,4.90957e-11,RESULT,,,,LaMP_HP_b,lamp_wholewafer,,,,,,,2026-09-22 19:42:51,first,measure,A,63-21,1,10.0,9.995245,4A06_4B05,SMU,-10,-4,
63-11,current,4.47358e-11,RESULT,,,,LaMP_HP_b,lamp_wholewafer,,,,,,,2026-09-22 19:42:51,second,measure,A,63-11,2,10.0,9.995173,4A08_4B07,SMU,-9,-4,
63-22,current,4.34909e-11,RESULT,,,,LaMP_HP_b,lamp_wholewafer,,,,,,,2026-09-22 19:42:51,third,measure,A,63-22,3,10.0,9.995185,2A07_2B08,SMU,-10,-3,
63-12,current,1.53091e-10,RESULT,,,,LaMP_HP_b,lamp_wholewafer,,,,,,,2026-09-22 19:42:51,fourth,measure,A,63-12,4,10.0,9.995133,2A05_2B06,SMU,-9,-3,
63-23,current,4.64638e-11,RESULT,,,,LaMP_HP_b,lamp_wholewafer,,,,,,,2026-09-22 19:42:57,first,measure,A,63-23,1,10.0,9.995164,4A06_4B05,SMU,-10,-2,
63-13,current,3.9546e-11,RESULT,,,,LaMP_HP_b,lamp_wholewafer,,,,,,,2026-09-22 19:42:57,second,measure,A,63-13,2,10.0,9.99515,4A08_4B07,SMU,-9,-2,
63-24,current,4.09614e-11,RESULT,,,,LaMP_HP_b,lamp_wholewafer,,,,,,,2026-09-22 19:42:57,third,measure,A,63-24,3,10.0,9.995245,2A07_2B08,SMU,-10,-1,
63-14,current,4.37637e-11,RESULT,,,,LaMP_HP_b,lamp_wholewafer,,,,,,,2026-09-22 19:42:57,fourth,measure,A,63-14,4,10.0,9.995307,2A05_2B06,SMU,-9,-1,
64-20,current,4.4929e-11,RESULT,,,,LaMP_HP_b,lamp_wholewafer,,,,,,,2026-09-22 19:43:03,first,measure,A,64-20,1,10.0,9.995228,4A06_4B05,SMU,-10,0,
64-10,current,4.45652e-11,RESULT,,,,LaMP_HP_b,lamp_wholewafer,,,,,,,2026-09-22 19:43:03,second,measure,A,64-10,2,10.0,9.995221,4A08_4B07,SMU,-9,0,
64-21,current,4.07511e-11,RESULT,,,,LaMP_HP_b,lamp_wholewafer,,,,,,,2026-09-22 19:43:03,third,measure,A,64-21,3,10.0,9.995206,2A07_2B08,SMU,-10,1,
64-11,current,4.31498e-11,RESULT,,,,LaMP_HP_b,lamp_wholewafer,,,,,,,2026-09-22 19:43:03,fourth,measure,A,64-11,4,10.0,9.995243,2A05_2B06,SMU,-9,1,
64-22,current,4.42924e-11,RESULT,,,,LaMP_HP_b,lamp_wholewafer,,,,,,,2026-09-22 19:43:10,first,measure,A,64-22,1,10.0,9.99522,4A06_4B05,SMU,-10,2,
64-12,current,4.51962e-11,RESULT,,,,LaMP_HP_b,lamp_wholewafer,,,,,,,2026-09-22 19:43:10,second,measure,A,64-12,2,10.0,9.995215,4A08_4B07,SMU,-9,2,
64-23,current,4.27178e-11,RESULT,,,,LaMP_HP_b,lamp_wholewafer,,,,,,,2026-09-22 19:43:10,third,measure,A,64-23,3,10.0,9.995154,2A07_2B08,SMU,-10,3,
64-13,current,4.3724e-11,RESULT,,,,LaMP_HP_b,lamp_wholewafer,,,,,,,2026-09-22 19:43:10,fourth,measure,A,64-13,4,10.0,9.995153,2A05_2B06,SMU,-9,3,
64-24,current,4.74756e-11,RESULT,,,,LaMP_HP_b,lamp_wholewafer,,,,,,,2026-09-22 19:43:16,first,measure,A,64-24,1,10.0,9.995145,4A06_4B05,SMU,-10,4,
64-14,current,4.39911e-11,RESULT,,,,LaMP_HP_b,lamp_wholewafer,,,,,,,2026-09-22 19:43:16,second,measure,A,64-14,2,10.0,9.995196,4A08_4B07,SMU,-9,4,
65-20,current,4.29679e-11,RESULT,,,,LaMP_HP_b,lamp_wholewafer,,,,,,,2026-09-22 19:43:16,third,measure,A,65-20,3,10.0,9.995193,2A07_2B08,SMU,-10,5,
65-10,current,4.28486e-11,RESULT,,,,LaMP_HP_b,lamp_wholewafer,,,,,,,2026-09-22 19:43:16,fourth,measure,A,65-10,4,10.0,9.995199,2A05_2B06,SMU,-9,5,
65-21,current,4.69299e-11,RESULT,,,,LaMP_HP_b,lamp_wholewafer,,,,,,,2026-09-22 19:43:23,first,measure,A,65-21,1,10.0,9.995162,4A06_4B05,SMU,-10,6,
65-11,current,4.34852e-11,RESULT,,,,LaMP_HP_b,lamp_wholewafer,,,,,,,2026-09-22 19:43:23,second,measure,A,65-11,2,10.0,9.995179,4A08_4B07,SMU,-9,6,
65-22,current,4.34284e-11,RESULT,,,,LaMP_HP_b,lamp_wholewafer,,,,,,,2026-09-22 19:43:23,third,measure,A,65-22,3,10.0,9.995156,2A07_2B08,SMU,-10,7,
65-12,current,4.32749e-11,RESULT,,,,LaMP_HP_b,lamp_wholewafer,,,,,,,2026-09-22 19:43:23,fourth,measure,A,65-12,4,10.0,9.995211,2A05_2B06,SMU,-9,7,
65-23,current,4.93799e-11,RESULT,,,,LaMP_HP_b,lamp_wholewafer,,,,,,,2026-09-22 19:43:29,first,measure,A,65-23,1,10.0,9.995203,4A06_4B05,SMU,-10,8,
65-13,current,4.58499e-11,RESULT,,,,LaMP_HP_b,lamp_wholewafer,,,,,,,2026-09-22 19:43:29,second,measure,A,65-13,2,10.0,9.995203,4A08_4B07,SMU,-9,8,
65-24,current,4.26439e-11,RESULT,,,,LaMP_HP_b,lamp_wholewafer,,,,,,,2026-09-22 19:43:29,third,measure,A,65-24,3,10.0,9.995108,2A07_2B08,SMU,-10,9,
65-14,current,4.1365e-11,RESULT,,,,LaMP_HP_b,lamp_wholewafer,,,,,,,2026-09-22 19:43:29,fourth,measure,A,65-14,4,10.0,9.995195,2A05_2B06,SMU,-9,9,
66-20,current,4.59295e-11,RESULT,,,,LaMP_HP_b,lamp_wholewafer,,,,,,,2026-09-22 19:43:36,first,measure,A,66-20,1,10.0,9.995206,4A06_4B05,SMU,-10,10,
66-10,current,4.35023e-11,RESULT,,,,LaMP_HP_b,lamp_wholewafer,,,,,,,2026-09-22 19:43:36,second,measure,A,66-10,2,10.0,9.995184,4A08_4B07,SMU,-9,10,
66-21,current,4.17231e-11,RESULT,,,,LaMP_HP_b,lamp_wholewafer,,,,,,,2026-09-22 19:43:36,third,measure,A,66-21,3,10.0,9.995173,2A07_2B08,SMU,-10,11,
66-11,current,4.18481e-11,RESULT,,,,LaMP_HP_b,lamp_wholewafer,,,,,,,2026-09-22 19:43:36,fourth,measure,A,66-11,4,10.0,9.995134,2A05_2B06,SMU,-9,11,
66-22,current,4.58897e-11,RESULT,,,,LaMP_HP_b,lamp_wholewafer,,,,,,,2026-09-22 19:43:42,first,measure,A,66-22,1,10.0,9.995179,4A06_4B05,SMU,-10,12,
66-12,current,4.32522e-11,RESULT,,,,LaMP_HP_b,lamp_wholewafer,,,,,,,2026-09-22 19:43:42,second,measure,A,66-12,2,10.0,9.995129,4A08_4B07,SMU,-9,12,
66-23,current,3.97847e-11,RESULT,,,,LaMP_HP_b,lamp_wholewafer,,,,,,,2026-09-22 19:43:42,third,measure,A,66-23,3,10.0,9.995145,2A07_2B08,SMU,-10,13,
66-13,current,3.98245e-11,RESULT,,,,LaMP_HP_b,lamp_wholewafer,,,,,,,2026-09-22 19:43:42,fourth,measure,A,66-13,4,10.0,9.995214,2A05_2B06,SMU,-9,13,
66-24,current,4.48324e-11,RESULT,,,,LaMP_HP_b,lamp_wholewafer,,,,,,,2026-09-22 19:43:49,first,measure,A,66-24,1,10.0,9.995296,4A06_4B05,SMU,-10,14,
66-14,current,3.93243e-11,RESULT,,,,LaMP_HP_b,lamp_wholewafer,,,,,,,2026-09-22 19:43:49,second,measure,A,66-14,2,10.0,9.995245,4A08_4B07,SMU,-9,14,
67-20,current,3.79089e-11,RESULT,,,,LaMP_HP_b,lamp_wholewafer,,,,,,,2026-09-22 19:43:49,third,measure,A,67-20,3,10.0,9.995218,2A07_2B08,SMU,-10,15,
67-10,current,2.12009e-10,RESULT,,,,LaMP_HP_b,lamp_wholewafer,,,,,,,2026-09-22 19:43:49,fourth,measure,A,67-10,4,10.0,9.99521,2A05_2B06,SMU,-9,15,
67-21,current,3.4953e-11,RESULT,,,,LaMP_HP_b,lamp_wholewafer,,,,,,,2026-09-22 19:43:55,first,measure,A,67-21,1,10.0,9.995151,4A06_4B05,SMU,-10,16,
67-11,current,3.18153e-11,RESULT,,,,LaMP_HP_b,lamp_wholewafer,,,,,,,2026-09-22 19:43:55,second,measure,A,67-11,2,10.0,9.995219,4A08_4B07,SMU,-9,16,
67-22,current,3.00645e-11,RESULT,,,,LaMP_HP_b,lamp_wholewafer,,,,,,,2026-09-22 19:43:55,third,measure,A,67-22,3,10.0,9.995135,2A07_2B08,SMU,-10,17,
67-12,current,3.13264e-11,RESULT,,,,LaMP_HP_b,lamp_wholewafer,,,,,,,2026-09-22 19:43:55,fourth,measure,A,67-12,4,10.0,9.995084,2A05_2B06,SMU,-9,17,
NA,current,2.07098e-10,RESULT,,,,LaMP_HP_b,lamp_wholewafer,,,,,,,2026-09-22 19:44:02,first,measure,A,NA,1,10.0,9.995094,4A06_4B05,SMU,-8,-20,
NA,current,1.0283e-10,RESULT,,,,LaMP_HP_b,lamp_wholewafer,,,,,,,2026-09-22 19:44:02,second,measure,A,NA,2,10.0,9.995096,4A08_4B07,SMU,-7,-20,
NA,current,2.99565e-11,RESULT,,,,LaMP_HP_b,lamp_wholewafer,,,,,,,2026-09-22 19:44:02,third,measure,A,NA,3,10.0,9.995115,2A07_2B08,SMU,-8,-19,
50-71,current,1.06741e-10,RESULT,,,,LaMP_HP_b,lamp_wholewafer,,,,,,,2026-09-22 19:44:02,fourth,measure,A,50-71,4,10.0,9.99509,2A05_2B06,SMU,-7,-19,
60-02,current,3.73063e-11,RESULT,,,,LaMP_HP_b,lamp_wholewafer,,,,,,,2026-09-22 19:44:09,first,measure,A,60-02,1,10.0,9.995154,4A06_4B05,SMU,-8,-18,
50-72,current,3.79032e-11,RESULT,,,,LaMP_HP_b,lamp_wholewafer,,,,,,,2026-09-22 19:44:09,second,measure,A,50-72,2,10.0,9.995185,4A08_4B07,SMU,-7,-18,
60-03,current,3.43448e-11,RESULT,,,,LaMP_HP_b,lamp_wholewafer,,,,,,,2026-09-22 19:44:09,third,measure,A,60-03,3,10.0,9.995151,2A07_2B08,SMU,-8,-17,
50-73,current,3.70392e-11,RESULT,,,,LaMP_HP_b,lamp_wholewafer,,,,,,,2026-09-22 19:44:09,fourth,measure,A,50-73,4,10.0,9.995117,2A05_2B06,SMU,-7,-17,
60-04,current,4.0734e-11,RESULT,,,,LaMP_HP_b,lamp_wholewafer,,,,,,,2026-09-22 19:44:15,first,measure,A,60-04,1,10.0,9.995208,4A06_4B05,SMU,-8,-16,
50-74,current,4.05976e-11,RESULT,,,,LaMP_HP_b,lamp_wholewafer,,,,,,,2026-09-22 19:44:15,second,measure,A,50-74,2,10.0,9.995171,4A08_4B07,SMU,-7,-16,
61-00,current,3.62149e-11,RESULT,,,,LaMP_HP_b,lamp_wholewafer,,,,,,,2026-09-22 19:44:15,third,measure,A,61-00,3,10.0,9.995165,2A07_2B08,SMU,-8,-15,
51-70,current,3.7943e-11,RESULT,,,,LaMP_HP_b,lamp_wholewafer,,,,,,,2026-09-22 19:44:15,fourth,measure,A,51-70,4,10.0,9.995109,2A05_2B06,SMU,-7,-15,
61-01,current,4.21153e-11,RESULT,,,,LaMP_HP_b,lamp_wholewafer,,,,,,,2026-09-22 19:44:22,first,measure,A,61-01,1,10.0,9.995136,4A06_4B05,SMU,-8,-14,
51-71,current,3.39696e-11,RESULT,,,,LaMP_HP_b,lamp_wholewafer,,,,,,,2026-09-22 19:44:22,second,measure,A,51-71,2,10.0,9.995172,4A08_4B07,SMU,-7,-14,
61-02,current,3.42766e-11,RESULT,,,,LaMP_HP_b,lamp_wholewafer,,,,,,,2026-09-22 19:44:22,third,measure,A,61-02,3,10.0,9.995138,2A07_2B08,SMU,-8,-13,
51-72,current,3.37366e-11,RESULT,,,,LaMP_HP_b,lamp_wholewafer,,,,,,,2026-09-22 19:44:22,fourth,measure,A,51-72,4,10.0,9.995199,2A05_2B06,SMU,-7,-13,
61-03,current,4.37694e-11,RESULT,,,,LaMP_HP_b,lamp_wholewafer,,,,,,,2026-09-22 19:44:28,first,measure,A,61-03,1,10.0,9.995074,4A06_4B05,SMU,-8,-12,
51-73,current,3.76644e-11,RESULT,,,,LaMP_HP_b,lamp_wholewafer,,,,,,,2026-09-22 19:44:28,second,measure,A,51-73,2,10.0,9.995131,4A08_4B07,SMU,-7,-12,
61-04,current,3.6448e-11,RESULT,,,,LaMP_HP_b,lamp_wholewafer,,,,,,,2026-09-22 19:44:28,third,measure,A,61-04,3,10.0,9.995216,2A07_2B08,SMU,-8,-11,
51-74,current,3.86081e-11,RESULT,,,,LaMP_HP_b,lamp_wholewafer,,,,,,,2026-09-22 19:44:28,fourth,measure,A,51-74,4,10.0,9.995225,2A05_2B06,SMU,-7,-11,
62-00,current,4.29623e-11,RESULT,,,,LaMP_HP_b,lamp_wholewafer,,,,,,,2026-09-22 19:44:35,first,measure,A,62-00,1,10.0,9.99517,4A06_4B05,SMU,-8,-10,
52-70,current,4.41219e-11,RESULT,,,,LaMP_HP_b,lamp_wholewafer,,,,,,,2026-09-22 19:44:35,second,measure,A,52-70,2,10.0,9.995178,4A08_4B07,SMU,-7,-10,
62-01,current,8.11383e-11,RESULT,,,,LaMP_HP_b,lamp_wholewafer,,,,,,,2026-09-22 19:44:35,third,measure,A,62-01,3,10.0,9.99517,2A07_2B08,SMU,-8,-9,
52-71,current,6.48413e-11,RESULT,,,,LaMP_HP_b,lamp_wholewafer,,,,,,,2026-09-22 19:44:35,fourth,measure,A,52-71,4,10.0,9.995161,2A05_2B06,SMU,-7,-9,
62-02,current,4.94879e-11,RESULT,,,,LaMP_HP_b,lamp_wholewafer,,,,,,,2026-09-22 19:44:41,first,measure,A,62-02,1,10.0,9.995129,4A06_4B05,SMU,-8,-8,
52-72,current,4.61341e-11,RESULT,,,,LaMP_HP_b,lamp_wholewafer,,,,,,,2026-09-22 19:44:41,second,measure,A,52-72,2,10.0,9.995123,4A08_4B07,SMU,-7,-8,
62-03,current,3.87502e-11,RESULT,,,,LaMP_HP_b,lamp_wholewafer,,,,,,,2026-09-22 19:44:41,third,measure,A,62-03,3,10.0,9.995234,2A07_2B08,SMU,-8,-7,
52-73,current,4.04725e-11,RESULT,,,,LaMP_HP_b,lamp_wholewafer,,,,,,,2026-09-22 19:44:41,fourth,measure,A,52-73,4,10.0,9.995224,2A05_2B06,SMU,-7,-7,
62-04,current,4.66116e-11,RESULT,,,,LaMP_HP_b,lamp_wholewafer,,,,,,,2026-09-22 19:44:48,first,measure,A,62-04,1,10.0,9.995214,4A06_4B05,SMU,-8,-6,
52-74,current,4.3218e-11,RESULT,,,,LaMP_HP_b,lamp_wholewafer,,,,,,,2026-09-22 19:44:48,second,measure,A,52-74,2,10.0,9.995249,4A08_4B07,SMU,-7,-6,
63-00,current,4.12569e-11,RESULT,,,,LaMP_HP_b,lamp_wholewafer,,,,,,,2026-09-22 19:44:48,third,measure,A,63-00,3,10.0,9.995199,2A07_2B08,SMU,-8,-5,
53-70,current,4.30703e-11,RESULT,,,,LaMP_HP_b,lamp_wholewafer,,,,,,,2026-09-22 19:44:48,fourth,measure,A,53-70,4,10.0,9.995155,2A05_2B06,SMU,-7,-5,
63-01,current,4.85215e-11,RESULT,,,,LaMP_HP_b,lamp_wholewafer,,,,,,,2026-09-22 19:44:54,first,measure,A,63-01,1,10.0,9.995122,4A06_4B05,SMU,-8,-4,
53-71,current,4.3093e-11,RESULT,,,,LaMP_HP_b,lamp_wholewafer,,,,,,,2026-09-22 19:44:54,second,measure,A,53-71,2,10.0,9.995146,4A08_4B07,SMU,-7,-4,
63-02,current,4.29281e-11,RESULT,,,,LaMP_HP_b,lamp_wholewafer,,,,,,,2026-09-22 19:44:54,third,measure,A,63-02,3,10.0,9.995121,2A07_2B08,SMU,-8,-3,
53-72,current,4.19163e-11,RESULT,,,,LaMP_HP_b,lamp_wholewafer,,,,,,,2026-09-22 19:44:54,fourth,measure,A,53-72,4,10.0,9.995119,2A05_2B06,SMU,-7,-3,
63-03,current,5.06986e-11,RESULT,,,,LaMP_HP_b,lamp_wholewafer,,,,,,,2026-09-22 19:45:01,first,measure,A,63-03,1,10.0,9.995147,4A06_4B05,SMU,-8,-2,
53-73,current,4.46164e-11,RESULT,,,,LaMP_HP_b,lamp_wholewafer,,,,,,,2026-09-22 19:45:01,second,measure,A,53-73,2,10.0,9.99519,4A08_4B07,SMU,-7,-2,
63-04,current,4.36614e-11,RESULT,,,,LaMP_HP_b,lamp_wholewafer,,,,,,,2026-09-22 19:45:01,third,measure,A,63-04,3,10.0,9.995165,2A07_2B08,SMU,-8,-1,
53-74,current,4.15184e-11,RESULT,,,,LaMP_HP_b,lamp_wholewafer,,,,,,,2026-09-22 19:45:01,fourth,measure,A,53-74,4,10.0,9.995244,2A05_2B06,SMU,-7,-1,
64-00,current,4.84647e-11,RESULT,,,,LaMP_HP_b,lamp_wholewafer,,,,,,,2026-09-22 19:45:07,first,measure,A,64-00,1,10.0,9.995166,4A06_4B05,SMU,-8,0,
54-70,current,4.32237e-11,RESULT,,,,LaMP_HP_b,lamp_wholewafer,,,,,,,2026-09-22 19:45:07,second,measure,A,54-70,2,10.0,9.995138,4A08_4B07,SMU,-7,0,
64-01,current,4.25587e-11,RESULT,,,,LaMP_HP_b,lamp_wholewafer,,,,,,,2026-09-22 19:45:07,third,measure,A,64-01,3,10.0,9.995108,2A07_2B08,SMU,-8,1,
54-71,current,4.27178e-11,RESULT,,,,LaMP_HP_b,lamp_wholewafer,,,,,,,2026-09-22 19:45:07,fourth,measure,A,54-71,4,10.0,9.995168,2A05_2B06,SMU,-7,1,
64-02,current,4.64979e-11,RESULT,,,,LaMP_HP_b,lamp_wholewafer,,,,,,,2026-09-22 19:45:14,first,measure,A,64-02,1,10.0,9.995187,4A06_4B05,SMU,-8,2,
54-72,current,4.53099e-11,RESULT,,,,LaMP_HP_b,lamp_wholewafer,,,,,,,2026-09-22 19:45:14,second,measure,A,54-72,2,10.0,9.995174,4A08_4B07,SMU,-7,2,
64-03,current,4.51337e-11,RESULT,,,,LaMP_HP_b,lamp_wholewafer,,,,,,,2026-09-22 19:45:14,third,measure,A,64-03,3,10.0,9.995246,2A07_2B08,SMU,-8,3,
54-73,current,4.3417e-11,RESULT,,,,LaMP_HP_b,lamp_wholewafer,,,,,,,2026-09-22 19:45:14,fourth,measure,A,54-73,4,10.0,9.995234,2A05_2B06,SMU,-7,3,
64-04,current,4.53383e-11,RESULT,,,,LaMP_HP_b,lamp_wholewafer,,,,,,,2026-09-22 19:45:20,first,measure,A,64-04,1,10.0,9.99519,4A06_4B05,SMU,-8,4,
54-74,current,4.3832e-11,RESULT,,,,LaMP_HP_b,lamp_wholewafer,,,,,,,2026-09-22 19:45:20,second,measure,A,54-74,2,10.0,9.995225,4A08_4B07,SMU,-7,4,
65-00,current,4.46676e-11,RESULT,,,,LaMP_HP_b,lamp_wholewafer,,,,,,,2026-09-22 19:45:20,third,measure,A,65-00,3,10.0,9.99523,2A07_2B08,SMU,-8,5,
55-70,current,4.12513e-11,RESULT,,,,LaMP_HP_b,lamp_wholewafer,,,,,,,2026-09-22 19:45:20,fourth,measure,A,55-70,4,10.0,9.995261,2A05_2B06,SMU,-7,5,
65-01,current,4.58329e-11,RESULT,,,,LaMP_HP_b,lamp_wholewafer,,,,,,,2026-09-22 19:45:27,first,measure,A,65-01,1,10.0,9.995274,4A06_4B05,SMU,-8,6,
55-71,current,4.64809e-11,RESULT,,,,LaMP_HP_b,lamp_wholewafer,,,,,,,2026-09-22 19:45:27,second,measure,A,55-71,2,10.0,9.995279,4A08_4B07,SMU,-7,6,
65-02,current,4.31214e-11,RESULT,,,,LaMP_HP_b,lamp_wholewafer,,,,,,,2026-09-22 19:45:27,third,measure,A,65-02,3,10.0,9.995199,2A07_2B08,SMU,-8,7,
55-72,current,4.06146e-11,RESULT,,,,LaMP_HP_b,lamp_wholewafer,,,,,,,2026-09-22 19:45:27,fourth,measure,A,55-72,4,10.0,9.99521,2A05_2B06,SMU,-7,7,
65-03,current,4.97721e-11,RESULT,,,,LaMP_HP_b,lamp_wholewafer,,,,,,,2026-09-22 19:45:33,first,measure,A,65-03,1,10.0,9.995218,4A06_4B05,SMU,-8,8,
55-73,current,4.26326e-11,RESULT,,,,LaMP_HP_b,lamp_wholewafer,,,,,,,2026-09-22 19:45:33,second,measure,A,55-73,2,10.0,9.995131,4A08_4B07,SMU,-7,8,
65-04,current,4.44061e-11,RESULT,,,,LaMP_HP_b,lamp_wholewafer,,,,,,,2026-09-22 19:45:33,third,measure,A,65-04,3,10.0,9.995192,2A07_2B08,SMU,-8,9,
55-74,current,4.38149e-11,RESULT,,,,LaMP_HP_b,lamp_wholewafer,,,,,,,2026-09-22 19:45:33,fourth,measure,A,55-74,4,10.0,9.995184,2A05_2B06,SMU,-7,9,
66-00,current,4.30362e-11,RESULT,,,,LaMP_HP_b,lamp_wholewafer,,,,,,,2026-09-22 19:45:40,first,measure,A,66-00,1,10.0,9.995222,4A06_4B05,SMU,-8,10,
56-70,current,4.29168e-11,RESULT,,,,LaMP_HP_b,lamp_wholewafer,,,,,,,2026-09-22 19:45:40,second,measure,A,56-70,2,10.0,9.995148,4A08_4B07,SMU,-7,10,
66-01,current,4.28884e-11,RESULT,,,,LaMP_HP_b,lamp_wholewafer,,,,,,,2026-09-22 19:45:40,third,measure,A,66-01,3,10.0,9.995043,2A07_2B08,SMU,-8,11,
56-71,current,4.03418e-11,RESULT,,,,LaMP_HP_b,lamp_wholewafer,,,,,,,2026-09-22 19:45:40,fourth,measure,A,56-71,4,10.0,9.995184,2A05_2B06,SMU,-7,11,
66-02,current,4.81123e-11,RESULT,,,,LaMP_HP_b,lamp_wholewafer,,,,,,,2026-09-22 19:45:46,first,measure,A,66-02,1,10.0,9.99526,4A06_4B05,SMU,-8,12,
56-72,current,4.31555e-11,RESULT,,,,LaMP_HP_b,lamp_wholewafer,,,,,,,2026-09-22 19:45:46,second,measure,A,56-72,2,10.0,9.995203,4A08_4B07,SMU,-7,12,
66-03,current,4.07624e-11,RESULT,,,,LaMP_HP_b,lamp_wholewafer,,,,,,,2026-09-22 19:45:46,third,measure,A,66-03,3,10.0,9.995214,2A07_2B08,SMU,-8,13,
56-73,current,4.02679e-11,RESULT,,,,LaMP_HP_b,lamp_wholewafer,,,,,,,2026-09-22 19:45:46,fourth,measure,A,56-73,4,10.0,9.995207,2A05_2B06,SMU,-7,13,
66-04,current,4.54975e-11,RESULT,,,,LaMP_HP_b,lamp_wholewafer,,,,,,,2026-09-22 19:45:53,first,measure,A,66-04,1,10.0,9.995119,4A06_4B05,SMU,-8,14,
56-74,current,4.11887e-11,RESULT,,,,LaMP_HP_b,lamp_wholewafer,,,,,,,2026-09-22 19:45:53,second,measure,A,56-74,2,10.0,9.995176,4A08_4B07,SMU,-7,14,
67-00,current,3.85512e-11,RESULT,,,,LaMP_HP_b,lamp_wholewafer,,,,,,,2026-09-22 19:45:53,third,measure,A,67-00,3,10.0,9.995125,2A07_2B08,SMU,-8,15,
57-70,current,3.7096e-11,RESULT,,,,LaMP_HP_b,lamp_wholewafer,,,,,,,2026-09-22 19:45:53,fourth,measure,A,57-70,4,10.0,9.995165,2A05_2B06,SMU,-7,15,
67-01,current,3.98757e-11,RESULT,,,,LaMP_HP_b,lamp_wholewafer,,,,,,,2026-09-22 19:45:59,first,measure,A,67-01,1,10.0,9.995135,4A06_4B05,SMU,-8,16,
57-71,current,3.65162e-11,RESULT,,,,LaMP_HP_b,lamp_wholewafer,,,,,,,2026-09-22 19:45:59,second,measure,A,57-71,2,10.0,9.995141,4A08_4B07,SMU,-7,16,
67-02,current,3.22757e-11,RESULT,,,,LaMP_HP_b,lamp_wholewafer,,,,,,,2026-09-22 19:45:59,third,measure,A,67-02,3,10.0,9.99515,2A07_2B08,SMU,-8,17,
57-72,current,3.24519e-11,RESULT,,,,LaMP_HP_b,lamp_wholewafer,,,,,,,2026-09-22 19:45:59,fourth,measure,A,57-72,4,10.0,9.995073,2A05_2B06,SMU,-7,17,
NA,current,2.61082e-11,RESULT,,,,LaMP_HP_b,lamp_wholewafer,,,,,,,2026-09-22 19:46:06,first,measure,A,NA,1,10.0,9.995165,4A06_4B05,SMU,-8,18,
57-73,current,2.39424e-11,RESULT,,,,LaMP_HP_b,lamp_wholewafer,,,,,,,2026-09-22 19:46:06,second,measure,A,57-73,2,10.0,9.995123,4A08_4B07,SMU,-7,18,
NA,current,9.99996e-07,RESULT,,,,LaMP_HP_b,lamp_wholewafer,,,,,,,2026-09-22 19:46:06,third,measure,A,NA,3,10.0,0.002349854,2A07_2B08,SMU,-8,19,
NA,current,9.99996e-07,RESULT,,,,LaMP_HP_b,lamp_wholewafer,,,,,,,2026-09-22 19:46:06,fourth,measure,A,NA,4,10.0,0.002410126,2A05_2B06,SMU,-7,19,
NA,current,4.6947e-11,RESULT,,,,LaMP_HP_b,lamp_wholewafer,,,,,,,2026-09-22 19:46:13,first,measure,A,NA,1,10.0,9.995165,4A06_4B05,SMU,-6,-20,
NA,current,1.65249e-10,RESULT,,,,LaMP_HP_b,lamp_wholewafer,,,,,,,2026-09-22 19:46:13,second,measure,A,NA,2,10.0,9.995183,4A08_4B07,SMU,-5,-20,
50-61,current,4.70152e-11,RESULT,,,,LaMP_HP_b,lamp_wholewafer,,,,,,,2026-09-22 19:46:13,third,measure,A,50-61,3,10.0,9.995152,2A07_2B08,SMU,-6,-19,
50-51,current,4.47244e-11,RESULT,,,,LaMP_HP_b,lamp_wholewafer,,,,,,,2026-09-22 19:46:13,fourth,measure,A,50-51,4,10.0,9.995181,2A05_2B06,SMU,-5,-19,
50-62,current,4.54293e-11,RESULT,,,,LaMP_HP_b,lamp_wholewafer,,,,,,,2026-09-22 19:46:19,first,measure,A,50-62,1,10.0,9.995142,4A06_4B05,SMU,-6,-18,
50-52,current,3.88297e-11,RESULT,,,,LaMP_HP_b,lamp_wholewafer,,,,,,,2026-09-22 19:46:19,second,measure,A,50-52,2,10.0,9.995153,4A08_4B07,SMU,-5,-18,
50-63,current,4.15582e-11,RESULT,,,,LaMP_HP_b,lamp_wholewafer,,,,,,,2026-09-22 19:46:19,third,measure,A,50-63,3,10.0,9.995127,2A07_2B08,SMU,-6,-17,
50-53,current,4.2462e-11,RESULT,,,,LaMP_HP_b,lamp_wholewafer,,,,,,,2026-09-22 19:46:19,fourth,measure,A,50-53,4,10.0,9.995075,2A05_2B06,SMU,-5,-17,
50-64,current,4.63444e-11,RESULT,,,,LaMP_HP_b,lamp_wholewafer,,,,,,,2026-09-22 19:46:26,first,measure,A,50-64,1,10.0,9.995145,4A06_4B05,SMU,-6,-16,
50-54,current,4.30305e-11,RESULT,,,,LaMP_HP_b,lamp_wholewafer,,,,,,,2026-09-22 19:46:26,second,measure,A,50-54,2,10.0,9.995151,4A08_4B07,SMU,-5,-16,
51-60,current,3.84887e-11,RESULT,,,,LaMP_HP_b,lamp_wholewafer,,,,,,,2026-09-22 19:46:26,third,measure,A,51-60,3,10.0,9.995125,2A07_2B08,SMU,-6,-15,
51-50,current,3.84546e-11,RESULT,,,,LaMP_HP_b,lamp_wholewafer,,,,,,,2026-09-22 19:46:26,fourth,measure,A,51-50,4,10.0,9.99519,2A05_2B06,SMU,-5,-15,
51-61,current,4.4065e-11,RESULT,,,,LaMP_HP_b,lamp_wholewafer,,,,,,,2026-09-22 19:46:32,first,measure,A,51-61,1,10.0,9.995107,4A06_4B05,SMU,-6,-14,
51-51,current,3.9438e-11,RESULT,,,,LaMP_HP_b,lamp_wholewafer,,,,,,,2026-09-22 19:46:32,second,measure,A,51-51,2,10.0,9.995083,4A08_4B07,SMU,-5,-14,
51-62,current,3.89321e-11,RESULT,,,,LaMP_HP_b,lamp_wholewafer,,,,,,,2026-09-22 19:46:32,third,measure,A,51-62,3,10.0,9.995107,2A07_2B08,SMU,-6,-13,
51-52,current,3.80169e-11,RESULT,,,,LaMP_HP_b,lamp_wholewafer,,,,,,,2026-09-22 19:46:32,fourth,measure,A,51-52,4,10.0,9.995136,2A05_2B06,SMU,-5,-13,
51-63,current,4.00178e-11,RESULT,,,,LaMP_HP_b,lamp_wholewafer,,,,,,,2026-09-22 19:46:39,first,measure,A,51-63,1,10.0,9.995128,4A06_4B05,SMU,-6,-12,
51-53,current,3.85683e-11,RESULT,,,,LaMP_HP_b,lamp_wholewafer,,,,,,,2026-09-22 19:46:39,second,measure,A,51-53,2,10.0,9.99513,4A08_4B07,SMU,-5,-12,
51-64,current,3.88582e-11,RESULT,,,,LaMP_HP_b,lamp_wholewafer,,,,,,,2026-09-22 19:46:39,third,measure,A,51-64,3,10.0,9.995095,2A07_2B08,SMU,-6,-11,
51-54,current,3.68345e-11,RESULT,,,,LaMP_HP_b,lamp_wholewafer,,,,,,,2026-09-22 19:46:39,fourth,measure,A,51-54,4,10.0,9.995135,2A05_2B06,SMU,-5,-11,
52-60,current,4.40195e-11,RESULT,,,,LaMP_HP_b,lamp_wholewafer,,,,,,,2026-09-22 19:46:45,first,measure,A,52-60,1,10.0,9.995127,4A06_4B05,SMU,-6,-10,
52-50,current,4.09784e-11,RESULT,,,,LaMP_HP_b,lamp_wholewafer,,,,,,,2026-09-22 19:46:45,second,measure,A,52-50,2,10.0,9.995156,4A08_4B07,SMU,-5,-10,
52-61,current,3.99837e-11,RESULT,,,,LaMP_HP_b,lamp_wholewafer,,,,,,,2026-09-22 19:46:45,third,measure,A,52-61,3,10.0,9.995145,2A07_2B08,SMU,-6,-9,
52-51,current,4.15582e-11,RESULT,,,,LaMP_HP_b,lamp_wholewafer,,,,,,,2026-09-22 19:46:45,fourth,measure,A,52-51,4,10.0,9.99513,2A05_2B06,SMU,-5,-9,
52-62,current,4.67878e-11,RESULT,,,,LaMP_HP_b,lamp_wholewafer,,,,,,,2026-09-22 19:46:52,first,measure,A,52-62,1,10.0,9.995085,4A06_4B05,SMU,-6,-8,
52-52,current,4.73676e-11,RESULT,,,,LaMP_HP_b,lamp_wholewafer,,,,,,,2026-09-22 19:46:52,second,measure,A,52-52,2,10.0,9.995171,4A08_4B07,SMU,-5,-8,
52-63,current,3.94039e-11,RESULT,,,,LaMP_HP_b,lamp_wholewafer,,,,,,,2026-09-22 19:46:52,third,measure,A,52-63,3,10.0,9.995139,2A07_2B08,SMU,-6,-7,
52-53,current,4.53838e-11,RESULT,,,,LaMP_HP_b,lamp_wholewafer,,,,,,,2026-09-22 19:46:52,fourth,measure,A,52-53,4,10.0,9.995184,2A05_2B06,SMU,-5,-7,
52-64,current,4.2769e-11,RESULT,,,,LaMP_HP_b,lamp_wholewafer,,,,,,,2026-09-22 19:46:58,first,measure,A,52-64,1,10.0,9.995209,4A06_4B05,SMU,-6,-6,
52-54,current,4.67992e-11,RESULT,,,,LaMP_HP_b,lamp_wholewafer,,,,,,,2026-09-22 19:46:58,second,measure,A,52-54,2,10.0,9.995218,4A08_4B07,SMU,-5,-6,
53-60,current,3.57147e-11,RESULT,,,,LaMP_HP_b,lamp_wholewafer,,,,,,,2026-09-22 19:46:58,third,measure,A,53-60,3,10.0,9.995204,2A07_2B08,SMU,-6,-5,
53-50,current,3.49758e-11,RESULT,,,,LaMP_HP_b,lamp_wholewafer,,,,,,,2026-09-22 19:46:58,fourth,measure,A,53-50,4,10.0,9.995203,2A05_2B06,SMU,-5,-5,
53-61,current,4.72596e-11,RESULT,,,,LaMP_HP_b,lamp_wholewafer,,,,,,,2026-09-22 19:47:05,first,measure,A,53-61,1,10.0,9.99518,4A06_4B05,SMU,-6,-4,
53-51,current,4.40423e-11,RESULT,,,,LaMP_HP_b,lamp_wholewafer,,,,,,,2026-09-22 19:47:05,second,measure,A,53-51,2,10.0,9.995217,4A08_4B07,SMU,-5,-4,
53-62,current,4.55202e-11,RESULT,,,,LaMP_HP_b,lamp_wholewafer,,,,,,,2026-09-22 19:47:05,third,measure,A,53-62,3,10.0,9.995148,2A07_2B08,SMU,-6,-3,
53-52,current,4.30418e-11,RESULT,,,,LaMP_HP_b,lamp_wholewafer,,,,,,,2026-09-22 19:47:05,fourth,measure,A,53-52,4,10.0,9.995194,2A05_2B06,SMU,-5,-3,
53-63,current,5.08805e-11,RESULT,,,,LaMP_HP_b,lamp_wholewafer,,,,,,,2026-09-22 19:47:11,first,measure,A,53-63,1,10.0,9.995205,4A06_4B05,SMU,-6,-2,
53-53,current,4.51621e-11,RESULT,,,,LaMP_HP_b,lamp_wholewafer,,,,,,,2026-09-22 19:47:11,second,measure,A,53-53,2,10.0,9.995171,4A08_4B07,SMU,-5,-2,
53-64,current,4.59067e-11,RESULT,,,,LaMP_HP_b,lamp_wholewafer,,,,,,,2026-09-22 19:47:11,third,measure,A,53-64,3,10.0,9.99515,2A07_2B08,SMU,-6,-1,
53-54,current,4.08704e-11,RESULT,,,,LaMP_HP_b,lamp_wholewafer,,,,,,,2026-09-22 19:47:11,fourth,measure,A,53-54,4,10.0,9.995091,2A05_2B06,SMU,-5,-1,
54-60,current,4.89706e-11,RESULT,,,,LaMP_HP_b,lamp_wholewafer,,,,,,,2026-09-22 19:47:18,first,measure,A,54-60,1,10.0,9.995131,4A06_4B05,SMU,-6,0,
54-50,current,4.4065e-11,RESULT,,,,LaMP_HP_b,lamp_wholewafer,,,,,,,2026-09-22 19:47:18,second,measure,A,54-50,2,10.0,9.995142,4A08_4B07,SMU,-5,0,
54-61,current,4.1581e-11,RESULT,,,,LaMP_HP_b,lamp_wholewafer,,,,,,,2026-09-22 19:47:18,third,measure,A,54-61,3,10.0,9.995141,2A07_2B08,SMU,-6,1,
54-51,current,4.34625e-11,RESULT,,,,LaMP_HP_b,lamp_wholewafer,,,,,,,2026-09-22 19:47:18,fourth,measure,A,54-51,4,10.0,9.995137,2A05_2B06,SMU,-5,1,
54-62,current,4.89706e-11,RESULT,,,,LaMP_HP_b,lamp_wholewafer,,,,,,,2026-09-22 19:47:24,first,measure,A,54-62,1,10.0,9.995123,4A06_4B05,SMU,-6,2,
54-52,current,4.30703e-11,RESULT,,,,LaMP_HP_b,lamp_wholewafer,,,,,,,2026-09-22 19:47:24,second,measure,A,54-52,2,10.0,9.995175,4A08_4B07,SMU,-5,2,
54-63,current,4.29054e-11,RESULT,,,,LaMP_HP_b,lamp_wholewafer,,,,,,,2026-09-22 19:47:24,third,measure,A,54-63,3,10.0,9.995163,2A07_2B08,SMU,-6,3,
54-53,current,4.35364e-11,RESULT,,,,LaMP_HP_b,lamp_wholewafer,,,,,,,2026-09-22 19:47:24,fourth,measure,A,54-53,4,10.0,9.995111,2A05_2B06,SMU,-5,3,
54-64,current,4.61625e-11,RESULT,,,,LaMP_HP_b,lamp_wholewafer,,,,,,,2026-09-22 19:47:31,first,measure,A,54-64,1,10.0,9.995229,4A06_4B05,SMU,-6,4,
54-54,current,4.61625e-11,RESULT,,,,LaMP_HP_b,lamp_wholewafer,,,,,,,2026-09-22 19:47:31,second,measure,A,54-54,2,10.0,9.995222,4A08_4B07,SMU,-5,4,
55-60,current,4.26553e-11,RESULT,,,,LaMP_HP_b,lamp_wholewafer,,,,,,,2026-09-22 19:47:31,third,measure,A,55-60,3,10.0,9.995249,2A07_2B08,SMU,-6,5,
55-50,current,4.59181e-11,RESULT,,,,LaMP_HP_b,lamp_wholewafer,,,,,,,2026-09-22 19:47:31,fourth,measure,A,55-50,4,10.0,9.995171,2A05_2B06,SMU,-5,5,
55-61,current,5.04485e-11,RESULT,,,,LaMP_HP_b,lamp_wholewafer,,,,,,,2026-09-22 19:47:37,first,measure,A,55-61,1,10.0,9.995128,4A06_4B05,SMU,-6,6,
55-51,current,4.29964e-11,RESULT,,,,LaMP_HP_b,lamp_wholewafer,,,,,,,2026-09-22 19:47:37,second,measure,A,55-51,2,10.0,9.995142,4A08_4B07,SMU,-5,6,
55-62,current,4.11831e-11,RESULT,,,,LaMP_HP_b,lamp_wholewafer,,,,,,,2026-09-22 19:47:37,third,measure,A,55-62,3,10.0,9.995118,2A07_2B08,SMU,-6,7,
55-52,current,4.00291e-11,RESULT,,,,LaMP_HP_b,lamp_wholewafer,,,,,,,2026-09-22 19:47:37,fourth,measure,A,55-52,4,10.0,9.995214,2A05_2B06,SMU,-5,7,
55-63,current,4.98517e-11,RESULT,,,,LaMP_HP_b,lamp_wholewafer,,,,,,,2026-09-22 19:47:44,first,measure,A,55-63,1,10.0,9.995163,4A06_4B05,SMU,-6,8,
55-53,current,4.46391e-11,RESULT,,,,LaMP_HP_b,lamp_wholewafer,,,,,,,2026-09-22 19:47:44,second,measure,A,55-53,2,10.0,9.995194,4A08_4B07,SMU,-5,8,
55-64,current,4.3201e-11,RESULT,,,,LaMP_HP_b,lamp_wholewafer,,,,,,,2026-09-22 19:47:44,third,measure,A,55-64,3,10.0,9.995272,2A07_2B08,SMU,-6,9,
55-54,current,4.27576e-11,RESULT,,,,LaMP_HP_b,lamp_wholewafer,,,,,,,2026-09-22 19:47:44,fourth,measure,A,55-54,4,10.0,9.995325,2A05_2B06,SMU,-5,9,
56-60,current,4.7703e-11,RESULT,,,,LaMP_HP_b,lamp_wholewafer,,,,,,,2026-09-22 19:47:50,first,measure,A,56-60,1,10.0,9.995193,4A06_4B05,SMU,-6,10,
56-50,current,4.32237e-11,RESULT,,,,LaMP_HP_b,lamp_wholewafer,,,,,,,2026-09-22 19:47:50,second,measure,A,56-50,2,10.0,9.995173,4A08_4B07,SMU,-5,10,
56-61,current,4.07624e-11,RESULT,,,,LaMP_HP_b,lamp_wholewafer,,,,,,,2026-09-22 19:47:50,third,measure,A,56-61,3,10.0,9.995134,2A07_2B08,SMU,-6,11,
56-51,current,4.25985e-11,RESULT,,,,LaMP_HP_b,lamp_wholewafer,,,,,,,2026-09-22 19:47:50,fourth,measure,A,56-51,4,10.0,9.995167,2A05_2B06,SMU,-5,11,
56-62,current,4.7072e-11,RESULT,,,,LaMP_HP_b,lamp_wholewafer,,,,,,,2026-09-22 19:47:57,first,measure,A,56-62,1,10.0,9.995134,4A06_4B05,SMU,-6,12,
56-52,current,4.46221e-11,RESULT,,,,LaMP_HP_b,lamp_wholewafer,,,,,,,2026-09-22 19:47:57,second,measure,A,56-52,2,10.0,9.995199,4A08_4B07,SMU,-5,12,
56-63,current,4.04896e-11,RESULT,,,,LaMP_HP_b,lamp_wholewafer,,,,,,,2026-09-22 19:47:57,third,measure,A,56-63,3,10.0,9.99517,2A07_2B08,SMU,-6,13,
56-53,current,4.24791e-11,RESULT,,,,LaMP_HP_b,lamp_wholewafer,,,,,,,2026-09-22 19:47:57,fourth,measure,A,56-53,4,10.0,9.995198,2A05_2B06,SMU,-5,13,
56-64,current,4.37467e-11,RESULT,,,,LaMP_HP_b,lamp_wholewafer,,,,,,,2026-09-22 19:48:03,first,measure,A,56-64,1,10.0,9.995154,4A06_4B05,SMU,-6,14,
56-54,current,4.18424e-11,RESULT,,,,LaMP_HP_b,lamp_wholewafer,,,,,,,2026-09-22 19:48:03,second,measure,A,56-54,2,10.0,9.995182,4A08_4B07,SMU,-5,14,
57-60,current,3.98586e-11,RESULT,,,,LaMP_HP_b,lamp_wholewafer,,,,,,,2026-09-22 19:48:03,third,measure,A,57-60,3,10.0,9.99517,2A07_2B08,SMU,-6,15,
57-50,current,3.5925e-11,RESULT,,,,LaMP_HP_b,lamp_wholewafer,,,,,,,2026-09-22 19:48:03,fourth,measure,A,57-50,4,10.0,9.99513,2A05_2B06,SMU,-5,15,
57-61,current,3.81078e-11,RESULT,,,,LaMP_HP_b,lamp_wholewafer,,,,,,,2026-09-22 19:48:10,first,measure,A,57-61,1,10.0,9.995137,4A06_4B05,SMU,-6,16,
57-51,current,3.53055e-11,RESULT,,,,LaMP_HP_b,lamp_wholewafer,,,,,,,2026-09-22 19:48:10,second,measure,A,57-51,2,10.0,9.995153,4A08_4B07,SMU,-5,16,
57-62,current,2.96893e-11,RESULT,,,,LaMP_HP_b,lamp_wholewafer,,,,,,,2026-09-22 19:48:10,third,measure,A,57-62,3,10.0,9.995115,2A07_2B08,SMU,-6,17,
57-52,current,3.49758e-11,RESULT,,,,LaMP_HP_b,lamp_wholewafer,,,,,,,2026-09-22 19:48:10,fourth,measure,A,57-52,4,10.0,9.99512,2A05_2B06,SMU,-5,17,
57-63,current,2.88651e-11,RESULT,,,,LaMP_HP_b,lamp_wholewafer,,,,,,,2026-09-22 19:48:17,first,measure,A,57-63,1,10.0,9.995057,4A06_4B05,SMU,-6,18,
57-53,current,3.02862e-11,RESULT,,,,LaMP_HP_b,lamp_wholewafer,,,,,,,2026-09-22 19:48:17,second,measure,A,57-53,2,10.0,9.995112,4A08_4B07,SMU,-5,18,
NA,current,9.99996e-07,RESULT,,,,LaMP_HP_b,lamp_wholewafer,,,,,,,2026-09-22 19:48:17,third,measure,A,NA,3,10.0,0.002400208,2A07_2B08,SMU,-6,19,
NA,current,3.418e-11,RESULT,,,,LaMP_HP_b,lamp_wholewafer,,,,,,,2026-09-22 19:48:17,fourth,measure,A,NA,4,10.0,9.995102,2A05_2B06,SMU,-5,19,
NA,current,4.8783e-11,RESULT,,,,LaMP_HP_b,lamp_wholewafer,,,,,,,2026-09-22 19:48:23,first,measure,A,NA,1,10.0,9.995077,4A06_4B05,SMU,-4,-20,
NA,current,4.59465e-11,RESULT,,,,LaMP_HP_b,lamp_wholewafer,,,,,,,2026-09-22 19:48:23,second,measure,A,NA,2,10.0,9.995044,4A08_4B07,SMU,-3,-20,
50-41,current,3.95971e-11,RESULT,,,,LaMP_HP_b,lamp_wholewafer,,,,,,,2026-09-22 19:48:23,third,measure,A,50-41,3,10.0,9.99503,2A07_2B08,SMU,-4,-19,
50-31,current,4.12626e-11,RESULT,,,,LaMP_HP_b,lamp_wholewafer,,,,,,,2026-09-22 19:48:23,fourth,measure,A,50-31,4,10.0,9.995031,2A05_2B06,SMU,-3,-19,
50-42,current,4.33033e-11,RESULT,,,,LaMP_HP_b,lamp_wholewafer,,,,,,,2026-09-22 19:48:30,first,measure,A,50-42,1,10.0,9.99512,4A06_4B05,SMU,-4,-18,
50-32,current,4.0518e-11,RESULT,,,,LaMP_HP_b,lamp_wholewafer,,,,,,,2026-09-22 19:48:30,second,measure,A,50-32,2,10.0,9.995128,4A08_4B07,SMU,-3,-18,
50-43,current,3.89946e-11,RESULT,,,,LaMP_HP_b,lamp_wholewafer,,,,,,,2026-09-22 19:48:30,third,measure,A,50-43,3,10.0,9.995066,2A07_2B08,SMU,-4,-17,
50-33,current,3.85342e-11,RESULT,,,,LaMP_HP_b,lamp_wholewafer,,,,,,,2026-09-22 19:48:30,fourth,measure,A,50-33,4,10.0,9.995006,2A05_2B06,SMU,-3,-17,
50-44,current,4.43606e-11,RESULT,,,,LaMP_HP_b,lamp_wholewafer,,,,,,,2026-09-22 19:48:36,first,measure,A,50-44,1,10.0,9.995035,4A06_4B05,SMU,-4,-16,
50-34,current,4.22233e-11,RESULT,,,,LaMP_HP_b,lamp_wholewafer,,,,,,,2026-09-22 19:48:36,second,measure,A,50-34,2,10.0,9.995141,4A08_4B07,SMU,-3,-16,
51-40,current,3.78748e-11,RESULT,,,,LaMP_HP_b,lamp_wholewafer,,,,,,,2026-09-22 19:48:36,third,measure,A,51-40,3,10.0,9.995161,2A07_2B08,SMU,-4,-15,
51-30,current,3.77838e-11,RESULT,,,,LaMP_HP_b,lamp_wholewafer,,,,,,,2026-09-22 19:48:36,fourth,measure,A,51-30,4,10.0,9.995108,2A05_2B06,SMU,-3,-15,
51-41,current,4.20187e-11,RESULT,,,,LaMP_HP_b,lamp_wholewafer,,,,,,,2026-09-22 19:48:43,first,measure,A,51-41,1,10.0,9.995133,4A06_4B05,SMU,-4,-14,
51-31,current,3.75735e-11,RESULT,,,,LaMP_HP_b,lamp_wholewafer,,,,,,,2026-09-22 19:48:43,second,measure,A,51-31,2,10.0,9.995105,4A08_4B07,SMU,-3,-14,
51-42,current,3.55215e-11,RESULT,,,,LaMP_HP_b,lamp_wholewafer,,,,,,,2026-09-22 19:48:43,third,measure,A,51-42,3,10.0,9.995154,2A07_2B08,SMU,-4,-13,
51-32,current,3.60274e-11,RESULT,,,,LaMP_HP_b,lamp_wholewafer,,,,,,,2026-09-22 19:48:43,fourth,measure,A,51-32,4,10.0,9.995162,2A05_2B06,SMU,-3,-13,
51-43,current,3.90628e-11,RESULT,,,,LaMP_HP_b,lamp_wholewafer,,,,,,,2026-09-22 19:48:50,first,measure,A,51-43,1,10.0,9.995136,4A06_4B05,SMU,-4,-12,
51-33,current,3.53339e-11,RESULT,,,,LaMP_HP_b,lamp_wholewafer,,,,,,,2026-09-22 19:48:50,second,measure,A,51-33,2,10.0,9.995169,4A08_4B07,SMU,-3,-12,
51-44,current,3.64537e-11,RESULT,,,,LaMP_HP_b,lamp_wholewafer,,,,,,,2026-09-22 19:48:50,third,measure,A,51-44,3,10.0,9.995176,2A07_2B08,SMU,-4,-11,
51-34,current,3.69425e-11,RESULT,,,,LaMP_HP_b,lamp_wholewafer,,,,,,,2026-09-22 19:48:50,fourth,measure,A,51-34,4,10.0,9.995152,2A05_2B06,SMU,-3,-11,
52-40,current,4.39854e-11,RESULT,,,,LaMP_HP_b,lamp_wholewafer,,,,,,,2026-09-22 19:48:56,first,measure,A,52-40,1,10.0,9.995213,4A06_4B05,SMU,-4,-10,
52-30,current,3.78066e-11,RESULT,,,,LaMP_HP_b,lamp_wholewafer,,,,,,,2026-09-22 19:48:56,second,measure,A,52-30,2,10.0,9.995197,4A08_4B07,SMU,-3,-10,
52-41,current,4.01258e-11,RESULT,,,,LaMP_HP_b,lamp_wholewafer,,,,,,,2026-09-22 19:48:56,third,measure,A,52-41,3,10.0,9.995203,2A07_2B08,SMU,-4,-9,
52-31,current,3.82613e-11,RESULT,,,,LaMP_HP_b,lamp_wholewafer,,,,,,,2026-09-22 19:48:56,fourth,measure,A,52-31,4,10.0,9.995173,2A05_2B06,SMU,-3,-9,
52-42,current,4.34454e-11,RESULT,,,,LaMP_HP_b,lamp_wholewafer,,,,,,,2026-09-22 19:49:02,first,measure,A,52-42,1,10.0,9.99517,4A06_4B05,SMU,-4,-8,
52-32,current,4.08136e-11,RESULT,,,,LaMP_HP_b,lamp_wholewafer,,,,,,,2026-09-22 19:49:02,second,measure,A,52-32,2,10.0,9.995153,4A08_4B07,SMU,-3,-8,
52-43,current,4.05919e-11,RESULT,,,,LaMP_HP_b,lamp_wholewafer,,,,,,,2026-09-22 19:49:02,third,measure,A,52-43,3,10.0,9.995141,2A07_2B08,SMU,-4,-7,
52-33,current,4.09216e-11,RESULT,,,,LaMP_HP_b,lamp_wholewafer,,,,,,,2026-09-22 19:49:02,fourth,measure,A,52-33,4,10.0,9.995073,2A05_2B06,SMU,-3,-7,
52-44,current,4.39854e-11,RESULT,,,,LaMP_HP_b,lamp_wholewafer,,,,,,,2026-09-22 19:49:09,first,measure,A,52-44,1,10.0,9.995138,4A06_4B05,SMU,-4,-6,
52-34,current,4.15696e-11,RESULT,,,,LaMP_HP_b,lamp_wholewafer,,,,,,,2026-09-22 19:49:09,second,measure,A,52-34,2,10.0,9.995193,4A08_4B07,SMU,-3,-6,
53-40,current,4.15469e-11,RESULT,,,,LaMP_HP_b,lamp_wholewafer,,,,,,,2026-09-22 19:49:09,third,measure,A,53-40,3,10.0,9.995244,2A07_2B08,SMU,-4,-5,
53-30,current,4.05237e-11,RESULT,,,,LaMP_HP_b,lamp_wholewafer,,,,,,,2026-09-22 19:49:09,fourth,measure,A,53-30,4,10.0,9.995199,2A05_2B06,SMU,-3,-5,
53-41,current,4.58272e-11,RESULT,,,,LaMP_HP_b,lamp_wholewafer,,,,,,,2026-09-22 19:49:16,first,measure,A,53-41,1,10.0,9.995195,4A06_4B05,SMU,-4,-4,
53-31,current,4.36444e-11,RESULT,,,,LaMP_HP_b,lamp_wholewafer,,,,,,,2026-09-22 19:49:16,second,measure,A,53-31,2,10.0,9.995226,4A08_4B07,SMU,-3,-4,
53-42,current,4.15355e-11,RESULT,,,,LaMP_HP_b,lamp_wholewafer,,,,,,,2026-09-22 19:49:16,third,measure,A,53-42,3,10.0,9.995151,2A07_2B08,SMU,-4,-3,
53-32,current,4.13422e-11,RESULT,,,,LaMP_HP_b,lamp_wholewafer,,,,,,,2026-09-22 19:49:16,fourth,measure,A,53-32,4,10.0,9.99507,2A05_2B06,SMU,-3,-3,
53-43,current,4.67651e-11,RESULT,,,,LaMP_HP_b,lamp_wholewafer,,,,,,,2026-09-22 19:49:22,first,measure,A,53-43,1,10.0,9.995102,4A06_4B05,SMU,-4,-2,
53-33,current,4.38945e-11,RESULT,,,,LaMP_HP_b,lamp_wholewafer,,,,,,,2026-09-22 19:49:22,second,measure,A,53-33,2,10.0,9.995195,4A08_4B07,SMU,-3,-2,
53-44,current,4.4912e-11,RESULT,,,,LaMP_HP_b,lamp_wholewafer,,,,,,,2026-09-22 19:49:22,third,measure,A,53-44,3,10.0,9.995179,2A07_2B08,SMU,-4,-1,
53-34,current,4.56851e-11,RESULT,,,,LaMP_HP_b,lamp_wholewafer,,,,,,,2026-09-22 19:49:22,fourth,measure,A,53-34,4,10.0,9.995218,2A05_2B06,SMU,-3,-1,
54-40,current,5.15513e-11,RESULT,,,,LaMP_HP_b,lamp_wholewafer,,,,,,,2026-09-22 19:49:28,first,measure,A,54-40,1,10.0,9.995214,4A06_4B05,SMU,-4,0,
54-30,current,4.53099e-11,RESULT,,,,LaMP_HP_b,lamp_wholewafer,,,,,,,2026-09-22 19:49:28,second,measure,A,54-30,2,10.0,9.995195,4A08_4B07,SMU,-3,0,
54-41,current,4.15753e-11,RESULT,,,,LaMP_HP_b,lamp_wholewafer,,,,,,,2026-09-22 19:49:28,third,measure,A,54-41,3,10.0,9.995135,2A07_2B08,SMU,-4,1,
54-31,current,3.8159e-11,RESULT,,,,LaMP_HP_b,lamp_wholewafer,,,,,,,2026-09-22 19:49:28,fourth,measure,A,54-31,4,10.0,9.995183,2A05_2B06,SMU,-3,1,
54-42,current,4.8226e-11,RESULT,,,,LaMP_HP_b,lamp_wholewafer,,,,,,,2026-09-22 19:49:35,first,measure,A,54-42,1,10.0,9.99517,4A06_4B05,SMU,-4,2,
54-32,current,4.54747e-11,RESULT,,,,LaMP_HP_b,lamp_wholewafer,,,,,,,2026-09-22 19:49:35,second,measure,A,54-32,2,10.0,9.995154,4A08_4B07,SMU,-3,2,
54-43,current,4.28031e-11,RESULT,,,,LaMP_HP_b,lamp_wholewafer,,,,,,,2026-09-22 19:49:35,third,measure,A,54-43,3,10.0,9.995246,2A07_2B08,SMU,-4,3,
54-33,current,3.95744e-11,RESULT,,,,LaMP_HP_b,lamp_wholewafer,,,,,,,2026-09-22 19:49:35,fourth,measure,A,54-33,4,10.0,9.995203,2A05_2B06,SMU,-3,3,
54-44,current,4.99711e-11,RESULT,,,,LaMP_HP_b,lamp_wholewafer,,,,,,,2026-09-22 19:49:41,first,measure,A,54-44,1,10.0,9.995234,4A06_4B05,SMU,-4,4,
54-34,current,4.70266e-11,RESULT,,,,LaMP_HP_b,lamp_wholewafer,,,,,,,2026-09-22 19:49:41,second,measure,A,54-34,2,10.0,9.995176,4A08_4B07,SMU,-3,4,
55-40,current,4.31726e-11,RESULT,,,,LaMP_HP_b,lamp_wholewafer,,,,,,,2026-09-22 19:49:41,third,measure,A,55-40,3,10.0,9.995167,2A07_2B08,SMU,-4,5,
55-30,current,4.1166e-11,RESULT,,,,LaMP_HP_b,lamp_wholewafer,,,,,,,2026-09-22 19:49:41,fourth,measure,A,55-30,4,10.0,9.995258,2A05_2B06,SMU,-3,5,
55-41,current,4.67367e-11,RESULT,,,,LaMP_HP_b,lamp_wholewafer,,,,,,,2026-09-22 19:49:48,first,measure,A,55-41,1,10.0,9.995241,4A06_4B05,SMU,-4,6,
55-31,current,4.22347e-11,RESULT,,,,LaMP_HP_b,lamp_wholewafer,,,,,,,2026-09-22 19:49:48,second,measure,A,55-31,2,10.0,9.995202,4A08_4B07,SMU,-3,6,
55-42,current,4.36046e-11,RESULT,,,,LaMP_HP_b,lamp_wholewafer,,,,,,,2026-09-22 19:49:48,third,measure,A,55-42,3,10.0,9.995127,2A07_2B08,SMU,-4,7,
55-32,current,4.18936e-11,RESULT,,,,LaMP_HP_b,lamp_wholewafer,,,,,,,2026-09-22 19:49:48,fourth,measure,A,55-32,4,10.0,9.995115,2A05_2B06,SMU,-3,7,
55-43,current,4.3218e-11,RESULT,,,,LaMP_HP_b,lamp_wholewafer,,,,,,,2026-09-22 19:49:55,first,measure,A,55-43,1,10.0,9.995169,4A06_4B05,SMU,-4,8,
55-33,current,4.42526e-11,RESULT,,,,LaMP_HP_b,lamp_wholewafer,,,,,,,2026-09-22 19:49:55,second,measure,A,55-33,2,10.0,9.995172,4A08_4B07,SMU,-3,8,
55-44,current,4.03247e-11,RESULT,,,,LaMP_HP_b,lamp_wholewafer,,,,,,,2026-09-22 19:49:55,third,measure,A,55-44,3,10.0,9.995245,2A07_2B08,SMU,-4,9,
55-34,current,3.89718e-11,RESULT,,,,LaMP_HP_b,lamp_wholewafer,,,,,,,2026-09-22 19:49:55,fourth,measure,A,55-34,4,10.0,9.995264,2A05_2B06,SMU,-3,9,
56-40,current,4.81179e-11,RESULT,,,,LaMP_HP_b,lamp_wholewafer,,,,,,,2026-09-22 19:50:01,first,measure,A,56-40,1,10.0,9.995192,4A06_4B05,SMU,-4,10,
56-30,current,4.26724e-11,RESULT,,,,LaMP_HP_b,lamp_wholewafer,,,,,,,2026-09-22 19:50:01,second,measure,A,56-30,2,10.0,9.995185,4A08_4B07,SMU,-3,10,
56-41,current,4.2786e-11,RESULT,,,,LaMP_HP_b,lamp_wholewafer,,,,,,,2026-09-22 19:50:01,third,measure,A,56-41,3,10.0,9.995225,2A07_2B08,SMU,-4,11,
56-31,current,4.2337e-11,RESULT,,,,LaMP_HP_b,lamp_wholewafer,,,,,,,2026-09-22 19:50:01,fourth,measure,A,56-31,4,10.0,9.995187,2A05_2B06,SMU,-3,11,
56-42,current,4.94651e-11,RESULT,,,,LaMP_HP_b,lamp_wholewafer,,,,,,,2026-09-22 19:50:07,first,measure,A,56-42,1,10.0,9.995096,4A06_4B05,SMU,-4,12,
56-32,current,4.61625e-11,RESULT,,,,LaMP_HP_b,lamp_wholewafer,,,,,,,2026-09-22 19:50:07,second,measure,A,56-32,2,10.0,9.995133,4A08_4B07,SMU,-3,12,
56-43,current,4.28997e-11,RESULT,,,,LaMP_HP_b,lamp_wholewafer,,,,,,,2026-09-22 19:50:07,third,measure,A,56-43,3,10.0,9.995163,2A07_2B08,SMU,-4,13,
56-33,current,4.40366e-11,RESULT,,,,LaMP_HP_b,lamp_wholewafer,,,,,,,2026-09-22 19:50:07,fourth,measure,A,56-33,4,10.0,9.995141,2A05_2B06,SMU,-3,13,
56-44,current,4.53554e-11,RESULT,,,,LaMP_HP_b,lamp_wholewafer,,,,,,,2026-09-22 19:50:14,first,measure,A,56-44,1,10.0,9.995211,4A06_4B05,SMU,-4,14,
56-34,current,4.3633e-11,RESULT,,,,LaMP_HP_b,lamp_wholewafer,,,,,,,2026-09-22 19:50:14,second,measure,A,56-34,2,10.0,9.995176,4A08_4B07,SMU,-3,14,
57-40,current,4.07226e-11,RESULT,,,,LaMP_HP_b,lamp_wholewafer,,,,,,,2026-09-22 19:50:14,third,measure,A,57-40,3,10.0,9.995183,2A07_2B08,SMU,-4,15,
57-30,current,3.91538e-11,RESULT,,,,LaMP_HP_b,lamp_wholewafer,,,,,,,2026-09-22 19:50:14,fourth,measure,A,57-30,4,10.0,9.995185,2A05_2B06,SMU,-3,15,
57-41,current,4.21039e-11,RESULT,,,,LaMP_HP_b,lamp_wholewafer,,,,,,,2026-09-22 19:50:21,first,measure,A,57-41,1,10.0,9.995114,4A06_4B05,SMU,-4,16,
57-31,current,3.99609e-11,RESULT,,,,LaMP_HP_b,lamp_wholewafer,,,,,,,2026-09-22 19:50:21,second,measure,A,57-31,2,10.0,9.995104,4A08_4B07,SMU,-3,16,
57-42,current,3.29294e-11,RESULT,,,,LaMP_HP_b,lamp_wholewafer,,,,,,,2026-09-22 19:50:21,third,measure,A,57-42,3,10.0,9.995136,2A07_2B08,SMU,-4,17,
57-32,current,3.27361e-11,RESULT,,,,LaMP_HP_b,lamp_wholewafer,,,,,,,2026-09-22 19:50:21,fourth,measure,A,57-32,4,10.0,9.995222,2A05_2B06,SMU,-3,17,
57-43,current,3.50553e-11,RESULT,,,,LaMP_HP_b,lamp_wholewafer,,,,,,,2026-09-22 19:50:27,first,measure,A,57-43,1,10.0,9.995131,4A06_4B05,SMU,-4,18,
57-33,current,3.59876e-11,RESULT,,,,LaMP_HP_b,lamp_wholewafer,,,,,,,2026-09-22 19:50:27,second,measure,A,57-33,2,10.0,9.995176,4A08_4B07,SMU,-3,18,
NA,current,2.93085e-11,RESULT,,,,LaMP_HP_b,lamp_wholewafer,,,,,,,2026-09-22 19:50:27,third,measure,A,NA,3,10.0,9.995146,2A07_2B08,SMU,-4,19,
NA,current,3.1423e-11,RESULT,,,,LaMP_HP_b,lamp_wholewafer,,,,,,,2026-09-22 19:50:27,fourth,measure,A,NA,4,10.0,9.995197,2A05_2B06,SMU,-3,19,
NA,current,1.53676e-10,RESULT,,,,LaMP_HP_b,lamp_wholewafer,,,,,,,2026-09-22 19:50:34,first,measure,A,NA,1,10.0,9.995184,4A06_4B05,SMU,-2,-20,
NA,current,9.99996e-07,RESULT,,,,LaMP_HP_b,lamp_wholewafer,,,,,,,2026-09-22 19:50:34,second,measure,A,NA,2,10.0,0.03851471,4A08_4B07,SMU,-1,-20,
50-21,current,8.92669e-11,RESULT,,,,LaMP_HP_b,lamp_wholewafer,,,,,,,2026-09-22 19:50:34,third,measure,A,50-21,3,10.0,9.995136,2A07_2B08,SMU,-2,-19,
50-11,current,9.99996e-07,RESULT,,,,LaMP_HP_b,lamp_wholewafer,,,,,,,2026-09-22 19:50:34,fourth,measure,A,50-11,4,10.0,0.780893,2A05_2B06,SMU,-1,-19,
50-22,current,4.96129e-11,RESULT,,,,LaMP_HP_b,lamp_wholewafer,,,,,,,2026-09-22 19:50:40,first,measure,A,50-22,1,10.0,9.995112,4A06_4B05,SMU,-2,-18,
50-12,current,4.31157e-11,RESULT,,,,LaMP_HP_b,lamp_wholewafer,,,,,,,2026-09-22 19:50:40,second,measure,A,50-12,2,10.0,9.995192,4A08_4B07,SMU,-1,-18,
50-23,current,3.98131e-11,RESULT,,,,LaMP_HP_b,lamp_wholewafer,,,,,,,2026-09-22 19:50:40,third,measure,A,50-23,3,10.0,9.995148,2A07_2B08,SMU,-2,-17,
50-13,current,4.34795e-11,RESULT,,,,LaMP_HP_b,lamp_wholewafer,,,,,,,2026-09-22 19:50:40,fourth,measure,A,50-13,4,10.0,9.995195,2A05_2B06,SMU,-1,-17,
50-24,current,4.40366e-11,RESULT,,,,LaMP_HP_b,lamp_wholewafer,,,,,,,2026-09-22 19:50:47,first,measure,A,50-24,1,10.0,9.9951,4A06_4B05,SMU,-2,-16,
50-14,current,7.68182e-11,RESULT,,,,LaMP_HP_b,lamp_wholewafer,,,,,,,2026-09-22 19:50:47,second,measure,A,50-14,2,10.0,9.995146,4A08_4B07,SMU,-1,-16,
51-20,current,3.95914e-11,RESULT,,,,LaMP_HP_b,lamp_wholewafer,,,,,,,2026-09-22 19:50:47,third,measure,A,51-20,3,10.0,9.995122,2A07_2B08,SMU,-2,-15,
51-10,current,3.97904e-11,RESULT,,,,LaMP_HP_b,lamp_wholewafer,,,,,,,2026-09-22 19:50:47,fourth,measure,A,51-10,4,10.0,9.995173,2A05_2B06,SMU,-1,-15,
51-21,current,4.22119e-11,RESULT,,,,LaMP_HP_b,lamp_wholewafer,,,,,,,2026-09-22 19:50:53,first,measure,A,51-21,1,10.0,9.995098,4A06_4B05,SMU,-2,-14,
51-11,current,4.01542e-11,RESULT,,,,LaMP_HP_b,lamp_wholewafer,,,,,,,2026-09-22 19:50:53,second,measure,A,51-11,2,10.0,9.995092,4A08_4B07,SMU,-1,-14,
PCM,current,1.94177e-11,RESULT,,,,LaMP_HP_b,lamp_wholewafer,,,,,,,2026-09-22 19:50:53,third,measure,A,PCM,3,10.0,9.995157,2A07_2B08,SMU,-2,-13,
51-12,current,3.47427e-11,RESULT,,,,LaMP_HP_b,lamp_wholewafer,,,,,,,2026-09-22 19:50:53,fourth,measure,A,51-12,4,10.0,9.995158,2A05_2B06,SMU,-1,-13,
51-23,current,3.96597e-11,RESULT,,,,LaMP_HP_b,lamp_wholewafer,,,,,,,2026-09-22 19:51:00,first,measure,A,51-23,1,10.0,9.995173,4A06_4B05,SMU,-2,-12,
51-13,current,3.78236e-11,RESULT,,,,LaMP_HP_b,lamp_wholewafer,,,,,,,2026-09-22 19:51:00,second,measure,A,51-13,2,10.0,9.995185,4A08_4B07,SMU,-1,-12,
51-24,current,3.58625e-11,RESULT,,,,LaMP_HP_b,lamp_wholewafer,,,,,,,2026-09-22 19:51:00,third,measure,A,51-24,3,10.0,9.995125,2A07_2B08,SMU,-2,-11,
51-14,current,3.61069e-11,RESULT,,,,LaMP_HP_b,lamp_wholewafer,,,,,,,2026-09-22 19:51:00,fourth,measure,A,51-14,4,10.0,9.995138,2A05_2B06,SMU,-1,-11,
52-20,current,4.26724e-11,RESULT,,,,LaMP_HP_b,lamp_wholewafer,,,,,,,2026-09-22 19:51:06,first,measure,A,52-20,1,10.0,9.995249,4A06_4B05,SMU,-2,-10,
52-10,current,4.14445e-11,RESULT,,,,LaMP_HP_b,lamp_wholewafer,,,,,,,2026-09-22 19:51:06,second,measure,A,52-10,2,10.0,9.99526,4A08_4B07,SMU,-1,-10,
52-21,current,4.00064e-11,RESULT,,,,LaMP_HP_b,lamp_wholewafer,,,,,,,2026-09-22 19:51:06,third,measure,A,52-21,3,10.0,9.995207,2A07_2B08,SMU,-2,-9,
52-11,current,4.07113e-11,RESULT,,,,LaMP_HP_b,lamp_wholewafer,,,,,,,2026-09-22 19:51:06,fourth,measure,A,52-11,4,10.0,9.99521,2A05_2B06,SMU,-1,-9,
52-22,current,4.63956e-11,RESULT,,,,LaMP_HP_b,lamp_wholewafer,,,,,,,2026-09-22 19:51:13,first,measure,A,52-22,1,10.0,9.995234,4A06_4B05,SMU,-2,-8,
52-12,current,4.61966e-11,RESULT,,,,LaMP_HP_b,lamp_wholewafer,,,,,,,2026-09-22 19:51:13,second,measure,A,52-12,2,10.0,9.995205,4A08_4B07,SMU,-1,-8,
52-23,current,4.25303e-11,RESULT,,,,LaMP_HP_b,lamp_wholewafer,,,,,,,2026-09-22 19:51:13,third,measure,A,52-23,3,10.0,9.995241,2A07_2B08,SMU,-2,-7,
52-13,current,4.21551e-11,RESULT,,,,LaMP_HP_b,lamp_wholewafer,,,,,,,2026-09-22 19:51:13,fourth,measure,A,52-13,4,10.0,9.995304,2A05_2B06,SMU,-1,-7,
52-24,current,4.448e-11,RESULT,,,,LaMP_HP_b,lamp_wholewafer,,,,,,,2026-09-22 19:51:19,first,measure,A,52-24,1,10.0,9.995224,4A06_4B05,SMU,-2,-6,
52-14,current,4.11319e-11,RESULT,,,,LaMP_HP_b,lamp_wholewafer,,,,,,,2026-09-22 19:51:19,second,measure,A,52-14,2,10.0,9.995272,4A08_4B07,SMU,-1,-6,
53-20,current,4.27917e-11,RESULT,,,,LaMP_HP_b,lamp_wholewafer,,,,,,,2026-09-22 19:51:19,third,measure,A,53-20,3,10.0,9.995302,2A07_2B08,SMU,-2,-5,
53-10,current,3.97847e-11,RESULT,,,,LaMP_HP_b,lamp_wholewafer,,,,,,,2026-09-22 19:51:19,fourth,measure,A,53-10,4,10.0,9.99513,2A05_2B06,SMU,-1,-5,
53-21,current,4.65889e-11,RESULT,,,,LaMP_HP_b,lamp_wholewafer,,,,,,,2026-09-22 19:51:26,first,measure,A,53-21,1,10.0,9.995153,4A06_4B05,SMU,-2,-4,
53-11,current,4.00462e-11,RESULT,,,,LaMP_HP_b,lamp_wholewafer,,,,,,,2026-09-22 19:51:26,second,measure,A,53-11,2,10.0,9.995163,4A08_4B07,SMU,-1,-4,
PCM,current,2.13333e-11,RESULT,,,,LaMP_HP_b,lamp_wholewafer,,,,,,,2026-09-22 19:51:26,third,measure,A,PCM,3,10.0,9.995249,2A07_2B08,SMU,-2,-3,
53-12,current,3.88525e-11,RESULT,,,,LaMP_HP_b,lamp_wholewafer,,,,,,,2026-09-22 19:51:26,fourth,measure,A,53-12,4,10.0,9.995208,2A05_2B06,SMU,-1,-3,
53-23,current,4.42696e-11,RESULT,,,,LaMP_HP_b,lamp_wholewafer,,,,,,,2026-09-22 19:51:32,first,measure,A,53-23,1,10.0,9.995268,4A06_4B05,SMU,-2,-2,
53-13,current,4.35875e-11,RESULT,,,,LaMP_HP_b,lamp_wholewafer,,,,,,,2026-09-22 19:51:32,second,measure,A,53-13,2,10.0,9.995191,4A08_4B07,SMU,-1,-2,
53-24,current,4.44288e-11,RESULT,,,,LaMP_HP_b,lamp_wholewafer,,,,,,,2026-09-22 19:51:32,third,measure,A,53-24,3,10.0,9.995268,2A07_2B08,SMU,-2,-1,
53-14,current,4.05009e-11,RESULT,,,,LaMP_HP_b,lamp_wholewafer,,,,,,,2026-09-22 19:51:32,fourth,measure,A,53-14,4,10.0,9.995283,2A05_2B06,SMU,-1,-1,
54-20,current,4.49063e-11,RESULT,,,,LaMP_HP_b,lamp_wholewafer,,,,,,,2026-09-22 19:51:39,first,measure,A,54-20,1,10.0,9.995224,4A06_4B05,SMU,-2,0,
54-10,current,4.07567e-11,RESULT,,,,LaMP_HP_b,lamp_wholewafer,,,,,,,2026-09-22 19:51:39,second,measure,A,54-10,2,10.0,9.995193,4A08_4B07,SMU,-1,0,
54-21,current,4.71175e-11,RESULT,,,,LaMP_HP_b,lamp_wholewafer,,,,,,,2026-09-22 19:51:39,third,measure,A,54-21,3,10.0,9.995173,2A07_2B08,SMU,-2,1,
54-11,current,4.08875e-11,RESULT,,,,LaMP_HP_b,lamp_wholewafer,,,,,,,2026-09-22 19:51:39,fourth,measure,A,54-11,4,10.0,9.995161,2A05_2B06,SMU,-1,1,
54-22,current,4.79815e-11,RESULT,,,,LaMP_HP_b,lamp_wholewafer,,,,,,,2026-09-22 19:51:45,first,measure,A,54-22,1,10.0,9.995148,4A06_4B05,SMU,-2,2,
54-12,current,4.12399e-11,RESULT,,,,LaMP_HP_b,lamp_wholewafer,,,,,,,2026-09-22 19:51:45,second,measure,A,54-12,2,10.0,9.995214,4A08_4B07,SMU,-1,2,
54-23,current,4.29395e-11,RESULT,,,,LaMP_HP_b,lamp_wholewafer,,,,,,,2026-09-22 19:51:45,third,measure,A,54-23,3,10.0,9.9952,2A07_2B08,SMU,-2,3,
54-13,current,4.02963e-11,RESULT,,,,LaMP_HP_b,lamp_wholewafer,,,,,,,2026-09-22 19:51:45,fourth,measure,A,54-13,4,10.0,9.995197,2A05_2B06,SMU,-1,3,
54-24,current,4.13365e-11,RESULT,,,,LaMP_HP_b,lamp_wholewafer,,,,,,,2026-09-22 19:51:52,first,measure,A,54-24,1,10.0,9.995161,4A06_4B05,SMU,-2,4,
54-14,current,4.92946e-11,RESULT,,,,LaMP_HP_b,lamp_wholewafer,,,,,,,2026-09-22 19:51:52,second,measure,A,54-14,2,10.0,9.995214,4A08_4B07,SMU,-1,4,
55-20,current,4.13138e-11,RESULT,,,,LaMP_HP_b,lamp_wholewafer,,,,,,,2026-09-22 19:51:52,third,measure,A,55-20,3,10.0,9.995111,2A07_2B08,SMU,-2,5,
55-10,current,4.15696e-11,RESULT,,,,LaMP_HP_b,lamp_wholewafer,,,,,,,2026-09-22 19:51:52,fourth,measure,A,55-10,4,10.0,9.99518,2A05_2B06,SMU,-1,5,
55-21,current,5.02894e-11,RESULT,,,,LaMP_HP_b,lamp_wholewafer,,,,,,,2026-09-22 19:51:58,first,measure,A,55-21,1,10.0,9.995253,4A06_4B05,SMU,-2,6,
55-11,current,4.30646e-11,RESULT,,,,LaMP_HP_b,lamp_wholewafer,,,,,,,2026-09-22 19:51:58,second,measure,A,55-11,2,10.0,9.995297,4A08_4B07,SMU,-1,6,
PCM,current,2.28965e-11,RESULT,,,,LaMP_HP_b,lamp_wholewafer,,,,,,,2026-09-22 19:51:58,third,measure,A,PCM,3,10.0,9.995275,2A07_2B08,SMU,-2,7,
55-12,current,4.10978e-11,RESULT,,,,LaMP_HP_b,lamp_wholewafer,,,,,,,2026-09-22 19:51:58,fourth,measure,A,55-12,4,10.0,9.99531,2A05_2B06,SMU,-1,7,
55-23,current,4.68049e-11,RESULT,,,,LaMP_HP_b,lamp_wholewafer,,,,,,,2026-09-22 19:52:05,first,measure,A,55-23,1,10.0,9.995251,4A06_4B05,SMU,-2,8,
55-13,current,4.2985e-11,RESULT,,,,LaMP_HP_b,lamp_wholewafer,,,,,,,2026-09-22 19:52:05,second,measure,A,55-13,2,10.0,9.99525,4A08_4B07,SMU,-1,8,
55-24,current,4.59806e-11,RESULT,,,,LaMP_HP_b,lamp_wholewafer,,,,,,,2026-09-22 19:52:05,third,measure,A,55-24,3,10.0,9.995254,2A07_2B08,SMU,-2,9,
55-14,current,4.45596e-11,RESULT,,,,LaMP_HP_b,lamp_wholewafer,,,,,,,2026-09-22 19:52:05,fourth,measure,A,55-14,4,10.0,9.995279,2A05_2B06,SMU,-1,9,
56-20,current,4.5668e-11,RESULT,,,,LaMP_HP_b,lamp_wholewafer,,,,,,,2026-09-22 19:52:11,first,measure,A,56-20,1,10.0,9.995276,4A06_4B05,SMU,-2,10,
56-10,current,4.54406e-11,RESULT,,,,LaMP_HP_b,lamp_wholewafer,,,,,,,2026-09-22 19:52:11,second,measure,A,56-10,2,10.0,9.995253,4A08_4B07,SMU,-1,10,
56-21,current,4.14332e-11,RESULT,,,,LaMP_HP_b,lamp_wholewafer,,,,,,,2026-09-22 19:52:11,third,measure,A,56-21,3,10.0,9.995149,2A07_2B08,SMU,-2,11,
56-11,current,4.17458e-11,RESULT,,,,LaMP_HP_b,lamp_wholewafer,,,,,,,2026-09-22 19:52:11,fourth,measure,A,56-11,4,10.0,9.995123,2A05_2B06,SMU,-1,11,
56-22,current,4.79474e-11,RESULT,,,,LaMP_HP_b,lamp_wholewafer,,,,,,,2026-09-22 19:52:18,first,measure,A,56-22,1,10.0,9.995089,4A06_4B05,SMU,-2,12,
56-12,current,4.45425e-11,RESULT,,,,LaMP_HP_b,lamp_wholewafer,,,,,,,2026-09-22 19:52:18,second,measure,A,56-12,2,10.0,9.995104,4A08_4B07,SMU,-1,12,
56-23,current,4.40991e-11,RESULT,,,,LaMP_HP_b,lamp_wholewafer,,,,,,,2026-09-22 19:52:18,third,measure,A,56-23,3,10.0,9.995173,2A07_2B08,SMU,-2,13,
56-13,current,4.32124e-11,RESULT,,,,LaMP_HP_b,lamp_wholewafer,,,,,,,2026-09-22 19:52:18,fourth,measure,A,56-13,4,10.0,9.995211,2A05_2B06,SMU,-1,13,
56-24,current,4.8442e-11,RESULT,,,,LaMP_HP_b,lamp_wholewafer,,,,,,,2026-09-22 19:52:24,first,measure,A,56-24,1,10.0,9.995153,4A06_4B05,SMU,-2,14,
56-14,current,4.65946e-11,RESULT,,,,LaMP_HP_b,lamp_wholewafer,,,,,,,2026-09-22 19:52:24,second,measure,A,56-14,2,10.0,9.995175,4A08_4B07,SMU,-1,14,
57-20,current,4.09955e-11,RESULT,,,,LaMP_HP_b,lamp_wholewafer,,,,,,,2026-09-22 19:52:24,third,measure,A,57-20,3,10.0,9.995189,2A07_2B08,SMU,-2,15,
57-10,current,4.2229e-11,RESULT,,,,LaMP_HP_b,lamp_wholewafer,,,,,,,2026-09-22 19:52:24,fourth,measure,A,57-10,4,10.0,9.995311,2A05_2B06,SMU,-1,15,
57-21,current,4.25132e-11,RESULT,,,,LaMP_HP_b,lamp_wholewafer,,,,,,,2026-09-22 19:52:31,first,measure,A,57-21,1,10.0,9.99524,4A06_4B05,SMU,-2,16,
57-11,current,4.11092e-11,RESULT,,,,LaMP_HP_b,lamp_wholewafer,,,,,,,2026-09-22 19:52:31,second,measure,A,57-11,2,10.0,9.995278,4A08_4B07,SMU,-1,16,
PCM,current,2.18279e-11,RESULT,,,,LaMP_HP_b,lamp_wholewafer,,,,,,,2026-09-22 19:52:31,third,measure,A,PCM,3,10.0,9.99523,2A07_2B08,SMU,-2,17,
57-12,current,3.53452e-11,RESULT,,,,LaMP_HP_b,lamp_wholewafer,,,,,,,2026-09-22 19:52:31,fourth,measure,A,57-12,4,10.0,9.995248,2A05_2B06,SMU,-1,17,
57-23,current,3.80283e-11,RESULT,,,,LaMP_HP_b,lamp_wholewafer,,,,,,,2026-09-22 19:52:37,first,measure,A,57-23,1,10.0,9.995161,4A06_4B05,SMU,-2,18,
57-13,current,3.68516e-11,RESULT,,,,LaMP_HP_b,lamp_wholewafer,,,,,,,2026-09-22 19:52:37,second,measure,A,57-13,2,10.0,9.995126,4A08_4B07,SMU,-1,18,
NA,current,3.17698e-11,RESULT,,,,LaMP_HP_b,lamp_wholewafer,,,,,,,2026-09-22 19:52:37,third,measure,A,NA,3,10.0,9.995188,2A07_2B08,SMU,-2,19,
NA,current,3.22359e-11,RESULT,,,,LaMP_HP_b,lamp_wholewafer,,,,,,,2026-09-22 19:52:37,fourth,measure,A,NA,4,10.0,9.995299,2A05_2B06,SMU,-1,19,
NA,current,1.60708e-10,RESULT,,,,LaMP_HP_b,lamp_wholewafer,,,,,,,2026-09-22 19:52:44,first,measure,A,NA,1,10.0,9.995224,4A06_4B05,SMU,0,-20,
NA,current,5.52319e-10,RESULT,,,,LaMP_HP_b,lamp_wholewafer,,,,,,,2026-09-22 19:52:44,second,measure,A,NA,2,10.0,9.995246,4A08_4B07,SMU,1,-20,
50-01,current,2.06995e-09,RESULT,,,,LaMP_HP_b,lamp_wholewafer,,,,,,,2026-09-22 19:52:44,third,measure,A,50-01,3,10.0,9.995236,2A07_2B08,SMU,0,-19,
40-71,current,3.96824e-11,RESULT,,,,LaMP_HP_b,lamp_wholewafer,,,,,,,2026-09-22 19:52:44,fourth,measure,A,40-71,4,10.0,9.995165,2A05_2B06,SMU,1,-19,
50-02,current,4.18936e-11,RESULT,,,,LaMP_HP_b,lamp_wholewafer,,,,,,,2026-09-22 19:52:50,first,measure,A,50-02,1,10.0,9.995134,4A06_4B05,SMU,0,-18,
40-72,current,3.48791e-11,RESULT,,,,LaMP_HP_b,lamp_wholewafer,,,,,,,2026-09-22 19:52:50,second,measure,A,40-72,2,10.0,9.995162,4A08_4B07,SMU,1,-18,
50-03,current,3.88923e-11,RESULT,,,,LaMP_HP_b,lamp_wholewafer,,,,,,,2026-09-22 19:52:50,third,measure,A,50-03,3,10.0,9.995182,2A07_2B08,SMU,0,-17,
40-73,current,3.91765e-11,RESULT,,,,LaMP_HP_b,lamp_wholewafer,,,,,,,2026-09-22 19:52:50,fourth,measure,A,40-73,4,10.0,9.995122,2A05_2B06,SMU,1,-17,
50-04,current,4.51621e-11,RESULT,,,,LaMP_HP_b,lamp_wholewafer,,,,,,,2026-09-22 19:52:57,first,measure,A,50-04,1,10.0,9.995126,4A06_4B05,SMU,0,-16,
40-74,current,4.14843e-11,RESULT,,,,LaMP_HP_b,lamp_wholewafer,,,,,,,2026-09-22 19:52:57,second,measure,A,40-74,2,10.0,9.995045,4A08_4B07,SMU,1,-16,
51-00,current,3.89264e-11,RESULT,,,,LaMP_HP_b,lamp_wholewafer,,,,,,,2026-09-22 19:52:57,third,measure,A,51-00,3,10.0,9.995115,2A07_2B08,SMU,0,-15,
41-70,current,4.1797e-11,RESULT,,,,LaMP_HP_b,lamp_wholewafer,,,,,,,2026-09-22 19:52:57,fourth,measure,A,41-70,4,10.0,9.995157,2A05_2B06,SMU,1,-15,
TARGET,current,9.99996e-07,RESULT,,,,LaMP_HP_b,lamp_wholewafer,,,,,,,2026-09-22 19:53:03,first,measure,A,TARGET,1,10.0,0.0485527,4A06_4B05,SMU,0,-14,
41-71,current,4.90161e-11,RESULT,,,,LaMP_HP_b,lamp_wholewafer,,,,,,,2026-09-22 19:53:03,second,measure,A,41-71,2,10.0,9.995085,4A08_4B07,SMU,1,-14,
TARGET,current,9.99996e-07,RESULT,,,,LaMP_HP_b,lamp_wholewafer,,,,,,,2026-09-22 19:53:03,third,measure,A,TARGET,3,10.0,0.05302963,2A07_2B08,SMU,0,-13,
41-72,current,4.93458e-11,RESULT,,,,LaMP_HP_b,lamp_wholewafer,,,,,,,2026-09-22 19:53:03,fourth,measure,A,41-72,4,10.0,9.995054,2A05_2B06,SMU,1,-13,
TARGET,current,9.99996e-07,RESULT,,,,LaMP_HP_b,lamp_wholewafer,,,,,,,2026-09-22 19:53:10,first,measure,A,TARGET,1,10.0,0.05242538,4A06_4B05,SMU,0,-12,
41-73,current,5.12557e-11,RESULT,,,,LaMP_HP_b,lamp_wholewafer,,,,,,,2026-09-22 19:53:10,second,measure,A,41-73,2,10.0,9.995071,4A08_4B07,SMU,1,-12,
51-04,current,4.18993e-11,RESULT,,,,LaMP_HP_b,lamp_wholewafer,,,,,,,2026-09-22 19:53:10,third,measure,A,51-04,3,10.0,9.995152,2A07_2B08,SMU,0,-11,
41-74,current,4.16662e-11,RESULT,,,,LaMP_HP_b,lamp_wholewafer,,,,,,,2026-09-22 19:53:10,fourth,measure,A,41-74,4,10.0,9.995073,2A05_2B06,SMU,1,-11,
52-00,current,4.84533e-11,RESULT,,,,LaMP_HP_b,lamp_wholewafer,,,,,,,2026-09-22 19:53:16,first,measure,A,52-00,1,10.0,9.995126,4A06_4B05,SMU,0,-10,
42-70,current,4.35762e-11,RESULT,,,,LaMP_HP_b,lamp_wholewafer,,,,,,,2026-09-22 19:53:16,second,measure,A,42-70,2,10.0,9.995141,4A08_4B07,SMU,1,-10,
52-01,current,4.20528e-11,RESULT,,,,LaMP_HP_b,lamp_wholewafer,,,,,,,2026-09-22 19:53:16,third,measure,A,52-01,3,10.0,9.995167,2A07_2B08,SMU,0,-9,
42-71,current,4.20471e-11,RESULT,,,,LaMP_HP_b,lamp_wholewafer,,,,,,,2026-09-22 19:53:16,fourth,measure,A,42-71,4,10.0,9.995168,2A05_2B06,SMU,1,-9,
52-02,current,4.81805e-11,RESULT,,,,LaMP_HP_b,lamp_wholewafer,,,,,,,2026-09-22 19:53:23,first,measure,A,52-02,1,10.0,9.995176,4A06_4B05,SMU,0,-8,
42-72,current,4.46903e-11,RESULT,,,,LaMP_HP_b,lamp_wholewafer,,,,,,,2026-09-22 19:53:23,second,measure,A,42-72,2,10.0,9.995158,4A08_4B07,SMU,1,-8,
52-03,current,4.09898e-11,RESULT,,,,LaMP_HP_b,lamp_wholewafer,,,,,,,2026-09-22 19:53:23,third,measure,A,52-03,3,10.0,9.995066,2A07_2B08,SMU,0,-7,
42-73,current,3.83523e-11,RESULT,,,,LaMP_HP_b,lamp_wholewafer,,,,,,,2026-09-22 19:53:23,fourth,measure,A,42-73,4,10.0,9.995087,2A05_2B06,SMU,1,-7,
52-04,current,4.62819e-11,RESULT,,,,LaMP_HP_b,lamp_wholewafer,,,,,,,2026-09-22 19:53:29,first,measure,A,52-04,1,10.0,9.995131,4A06_4B05,SMU,0,-6,
42-74,current,4.55827e-11,RESULT,,,,LaMP_HP_b,lamp_wholewafer,,,,,,,2026-09-22 19:53:29,second,measure,A,42-74,2,10.0,9.995115,4A08_4B07,SMU,1,-6,
53-00,current,4.08761e-11,RESULT,,,,LaMP_HP_b,lamp_wholewafer,,,,,,,2026-09-22 19:53:29,third,measure,A,53-00,3,10.0,9.995108,2A07_2B08,SMU,0,-5,
43-70,current,4.1706e-11,RESULT,,,,LaMP_HP_b,lamp_wholewafer,,,,,,,2026-09-22 19:53:29,fourth,measure,A,43-70,4,10.0,9.995092,2A05_2B06,SMU,1,-5,
53-01,current,4.71118e-11,RESULT,,,,LaMP_HP_b,lamp_wholewafer,,,,,,,2026-09-22 19:53:36,first,measure,A,53-01,1,10.0,9.995211,4A06_4B05,SMU,0,-4,
43-71,current,4.36728e-11,RESULT,,,,LaMP_HP_b,lamp_wholewafer,,,,,,,2026-09-22 19:53:36,second,measure,A,43-71,2,10.0,9.995193,4A08_4B07,SMU,1,-4,
53-02,current,4.32635e-11,RESULT,,,,LaMP_HP_b,lamp_wholewafer,,,,,,,2026-09-22 19:53:36,third,measure,A,53-02,3,10.0,9.995214,2A07_2B08,SMU,0,-3,
43-72,current,4.22858e-11,RESULT,,,,LaMP_HP_b,lamp_wholewafer,,,,,,,2026-09-22 19:53:36,fourth,measure,A,43-72,4,10.0,9.995214,2A05_2B06,SMU,1,-3,
53-03,current,4.7072e-11,RESULT,,,,LaMP_HP_b,lamp_wholewafer,,,,,,,2026-09-22 19:53:42,first,measure,A,53-03,1,10.0,9.995153,4A06_4B05,SMU,0,-2,
43-73,current,4.41901e-11,RESULT,,,,LaMP_HP_b,lamp_wholewafer,,,,,,,2026-09-22 19:53:42,second,measure,A,43-73,2,10.0,9.995095,4A08_4B07,SMU,1,-2,
53-04,current,4.04896e-11,RESULT,,,,LaMP_HP_b,lamp_wholewafer,,,,,,,2026-09-22 19:53:42,third,measure,A,53-04,3,10.0,9.995095,2A07_2B08,SMU,0,-1,
43-74,current,4.01428e-11,RESULT,,,,LaMP_HP_b,lamp_wholewafer,,,,,,,2026-09-22 19:53:42,fourth,measure,A,43-74,4,10.0,9.99511,2A05_2B06,SMU,1,-1,
54-00,current,4.70607e-11,RESULT,,,,LaMP_HP_b,lamp_wholewafer,,,,,,,2026-09-22 19:53:49,first,measure,A,54-00,1,10.0,9.995098,4A06_4B05,SMU,0,0,
44-70,current,4.31555e-11,RESULT,,,,LaMP_HP_b,lamp_wholewafer,,,,,,,2026-09-22 19:53:49,second,measure,A,44-70,2,10.0,9.995112,4A08_4B07,SMU,1,0,
54-01,current,4.19846e-11,RESULT,,,,LaMP_HP_b,lamp_wholewafer,,,,,,,2026-09-22 19:53:49,third,measure,A,54-01,3,10.0,9.995133,2A07_2B08,SMU,0,1,
44-71,current,4.2786e-11,RESULT,,,,LaMP_HP_b,lamp_wholewafer,,,,,,,2026-09-22 19:53:49,fourth,measure,A,44-71,4,10.0,9.99511,2A05_2B06,SMU,1,1,
54-02,current,4.81179e-11,RESULT,,,,LaMP_HP_b,lamp_wholewafer,,,,,,,2026-09-22 19:53:55,first,measure,A,54-02,1,10.0,9.995154,4A06_4B05,SMU,0,2,
44-72,current,4.45311e-11,RESULT,,,,LaMP_HP_b,lamp_wholewafer,,,,,,,2026-09-22 19:53:55,second,measure,A,44-72,2,10.0,9.995159,4A08_4B07,SMU,1,2,
54-03,current,4.30077e-11,RESULT,,,,LaMP_HP_b,lamp_wholewafer,,,,,,,2026-09-22 19:53:55,third,measure,A,54-03,3,10.0,9.995131,2A07_2B08,SMU,0,3,
44-73,current,3.73063e-11,RESULT,,,,LaMP_HP_b,lamp_wholewafer,,,,,,,2026-09-22 19:53:55,fourth,measure,A,44-73,4,10.0,9.995076,2A05_2B06,SMU,1,3,
54-04,current,4.55884e-11,RESULT,,,,LaMP_HP_b,lamp_wholewafer,,,,,,,2026-09-22 19:54:02,first,measure,A,54-04,1,10.0,9.995104,4A06_4B05,SMU,0,4,
44-74,current,4.4156e-11,RESULT,,,,LaMP_HP_b,lamp_wholewafer,,,,,,,2026-09-22 19:54:02,second,measure,A,44-74,2,10.0,9.995096,4A08_4B07,SMU,1,4,
55-00,current,4.29907e-11,RESULT,,,,LaMP_HP_b,lamp_wholewafer,,,,,,,2026-09-22 19:54:02,third,measure,A,55-00,3,10.0,9.995114,2A07_2B08,SMU,0,5,
45-70,current,3.98472e-11,RESULT,,,,LaMP_HP_b,lamp_wholewafer,,,,,,,2026-09-22 19:54:02,fourth,measure,A,45-70,4,10.0,9.995131,2A05_2B06,SMU,1,5,
55-01,current,4.75438e-11,RESULT,,,,LaMP_HP_b,lamp_wholewafer,,,,,,,2026-09-22 19:54:08,first,measure,A,55-01,1,10.0,9.995145,4A06_4B05,SMU,0,6,
45-71,current,4.70209e-11,RESULT,,,,LaMP_HP_b,lamp_wholewafer,,,,,,,2026-09-22 19:54:08,second,measure,A,45-71,2,10.0,9.995176,4A08_4B07,SMU,1,6,
55-02,current,4.27747e-11,RESULT,,,,LaMP_HP_b,lamp_wholewafer,,,,,,,2026-09-22 19:54:08,third,measure,A,55-02,3,10.0,9.995145,2A07_2B08,SMU,0,7,
45-72,current,4.64411e-11,RESULT,,,,LaMP_HP_b,lamp_wholewafer,,,,,,,2026-09-22 19:54:08,fourth,measure,A,45-72,4,10.0,9.995174,2A05_2B06,SMU,1,7,
55-03,current,4.7487e-11,RESULT,,,,LaMP_HP_b,lamp_wholewafer,,,,,,,2026-09-22 19:54:15,first,measure,A,55-03,1,10.0,9.995212,4A06_4B05,SMU,0,8,
45-73,current,4.34738e-11,RESULT,,,,LaMP_HP_b,lamp_wholewafer,,,,,,,2026-09-22 19:54:15,second,measure,A,45-73,2,10.0,9.995246,4A08_4B07,SMU,1,8,
55-04,current,3.86081e-11,RESULT,,,,LaMP_HP_b,lamp_wholewafer,,,,,,,2026-09-22 19:54:15,third,measure,A,55-04,3,10.0,9.995238,2A07_2B08,SMU,0,9,
45-74,current,4.79531e-11,RESULT,,,,LaMP_HP_b,lamp_wholewafer,,,,,,,2026-09-22 19:54:15,fourth,measure,A,45-74,4,10.0,9.995193,2A05_2B06,SMU,1,9,
56-00,current,4.98005e-11,RESULT,,,,LaMP_HP_b,lamp_wholewafer,,,,,,,2026-09-22 19:54:21,first,measure,A,56-00,1,10.0,9.99509,4A06_4B05,SMU,0,10,
46-70,current,4.53383e-11,RESULT,,,,LaMP_HP_b,lamp_wholewafer,,,,,,,2026-09-22 19:54:21,second,measure,A,46-70,2,10.0,9.99513,4A08_4B07,SMU,1,10,
TARGET,current,9.99995e-07,RESULT,,,,LaMP_HP_b,lamp_wholewafer,,,,,,,2026-09-22 19:54:21,third,measure,A,TARGET,3,10.0,0.04931717,2A07_2B08,SMU,0,11,
46-71,current,2.21212e-10,RESULT,,,,LaMP_HP_b,lamp_wholewafer,,,,,,,2026-09-22 19:54:21,fourth,measure,A,46-71,4,10.0,9.995131,2A05_2B06,SMU,1,11,
TARGET,current,9.99996e-07,RESULT,,,,LaMP_HP_b,lamp_wholewafer,,,,,,,2026-09-22 19:54:28,first,measure,A,TARGET,1,10.0,0.04808579,4A06_4B05,SMU,0,12,
46-72,current,5.13182e-11,RESULT,,,,LaMP_HP_b,lamp_wholewafer,,,,,,,2026-09-22 19:54:28,second,measure,A,46-72,2,10.0,9.995111,4A08_4B07,SMU,1,12,
TARGET,current,9.99996e-07,RESULT,,,,LaMP_HP_b,lamp_wholewafer,,,,,,,2026-09-22 19:54:28,third,measure,A,TARGET,3,10.0,0.042556,2A07_2B08,SMU,0,13,
46-73,current,5.18071e-11,RESULT,,,,LaMP_HP_b,lamp_wholewafer,,,,,,,2026-09-22 19:54:28,fourth,measure,A,46-73,4,10.0,9.995122,2A05_2B06,SMU,1,13,
56-04,current,5.04315e-11,RESULT,,,,LaMP_HP_b,lamp_wholewafer,,,,,,,2026-09-22 19:54:34,first,measure,A,56-04,1,10.0,9.995051,4A06_4B05,SMU,0,14,
46-74,current,4.78394e-11,RESULT,,,,LaMP_HP_b,lamp_wholewafer,,,,,,,2026-09-22 19:54:34,second,measure,A,46-74,2,10.0,9.995072,4A08_4B07,SMU,1,14,
57-00,current,4.41787e-11,RESULT,,,,LaMP_HP_b,lamp_wholewafer,,,,,,,2026-09-22 19:54:34,third,measure,A,57-00,3,10.0,9.995119,2A07_2B08,SMU,0,15,
47-70,current,4.35591e-11,RESULT,,,,LaMP_HP_b,lamp_wholewafer,,,,,,,2026-09-22 19:54:34,fourth,measure,A,47-70,4,10.0,9.995131,2A05_2B06,SMU,1,15,
57-01,current,4.556e-11,RESULT,,,,LaMP_HP_b,lamp_wholewafer,,,,,,,2026-09-22 19:54:41,first,measure,A,57-01,1,10.0,9.995123,4A06_4B05,SMU,0,16,
47-71,current,4.08932e-11,RESULT,,,,LaMP_HP_b,lamp_wholewafer,,,,,,,2026-09-22 19:54:41,second,measure,A,47-71,2,10.0,9.995173,4A08_4B07,SMU,1,16,
57-02,current,2.32808e-10,RESULT,,,,LaMP_HP_b,lamp_wholewafer,,,,,,,2026-09-22 19:54:41,third,measure,A,57-02,3,10.0,9.995142,2A07_2B08,SMU,0,17,
47-72,current,4.50768e-11,RESULT,,,,LaMP_HP_b,lamp_wholewafer,,,,,,,2026-09-22 19:54:41,fourth,measure,A,47-72,4,10.0,9.995199,2A05_2B06,SMU,1,17,
57-03,current,4.58726e-11,RESULT,,,,LaMP_HP_b,lamp_wholewafer,,,,,,,2026-09-22 19:54:47,first,measure,A,57-03,1,10.0,9.995139,4A06_4B05,SMU,0,18,
47-73,current,4.35193e-11,RESULT,,,,LaMP_HP_b,lamp_wholewafer,,,,,,,2026-09-22 19:54:47,second,measure,A,47-73,2,10.0,9.995091,4A08_4B07,SMU,1,18,
NA,current,2.27902e-10,RESULT,,,,LaMP_HP_b,lamp_wholewafer,,,,,,,2026-09-22 19:54:47,third,measure,A,NA,3,10.0,9.995188,2A07_2B08,SMU,0,19,
NA,current,9.99996e-07,RESULT,,,,LaMP_HP_b,lamp_wholewafer,,,,,,,2026-09-22 19:54:47,fourth,measure,A,NA,4,10.0,0.8004425,2A05_2B06,SMU,1,19,
NA,current,5.43139e-11,RESULT,,,,LaMP_HP_b,lamp_wholewafer,,,,,,,2026-09-22 19:54:54,first,measure,A,NA,1,10.0,9.995234,4A06_4B05,SMU,2,-20,
NA,current,9.99996e-07,RESULT,,,,LaMP_HP_b,lamp_wholewafer,,,,,,,2026-09-22 19:54:54,second,measure,A,NA,2,10.0,3.402356,4A08_4B07,SMU,3,-20,
40-61,current,4.70493e-11,RESULT,,,,LaMP_HP_b,lamp_wholewafer,,,,,,,2026-09-22 19:54:54,third,measure,A,40-61,3,10.0,9.995112,2A07_2B08,SMU,2,-19,
40-51,current,4.24791e-11,RESULT,,,,LaMP_HP_b,lamp_wholewafer,,,,,,,2026-09-22 19:54:54,fourth,measure,A,40-51,4,10.0,9.995132,2A05_2B06,SMU,3,-19,
40-62,current,4.42299e-11,RESULT,,,,LaMP_HP_b,lamp_wholewafer,,,,,,,2026-09-22 19:55:01,first,measure,A,40-62,1,10.0,9.99513,4A06_4B05,SMU,2,-18,
40-52,current,4.22801e-11,RESULT,,,,LaMP_HP_b,lamp_wholewafer,,,,,,,2026-09-22 19:55:01,second,measure,A,40-52,2,10.0,9.99515,4A08_4B07,SMU,3,-18,
40-63,current,3.99154e-11,RESULT,,,,LaMP_HP_b,lamp_wholewafer,,,,,,,2026-09-22 19:55:01,third,measure,A,40-63,3,10.0,9.995154,2A07_2B08,SMU,2,-17,
40-53,current,3.93186e-11,RESULT,,,,LaMP_HP_b,lamp_wholewafer,,,,,,,2026-09-22 19:55:01,fourth,measure,A,40-53,4,10.0,9.995184,2A05_2B06,SMU,3,-17,
40-64,current,4.71061e-11,RESULT,,,,LaMP_HP_b,lamp_wholewafer,,,,,,,2026-09-22 19:55:07,first,measure,A,40-64,1,10.0,9.995173,4A06_4B05,SMU,2,-16,
40-54,current,4.01599e-11,RESULT,,,,LaMP_HP_b,lamp_wholewafer,,,,,,,2026-09-22 19:55:07,second,measure,A,40-54,2,10.0,9.995127,4A08_4B07,SMU,3,-16,
41-60,current,4.25473e-11,RESULT,,,,LaMP_HP_b,lamp_wholewafer,,,,,,,2026-09-22 19:55:07,third,measure,A,41-60,3,10.0,9.995138,2A07_2B08,SMU,2,-15,
41-50,current,4.32408e-11,RESULT,,,,LaMP_HP_b,lamp_wholewafer,,,,,,,2026-09-22 19:55:07,fourth,measure,A,41-50,4,10.0,9.995189,2A05_2B06,SMU,3,-15,
41-61,current,4.69072e-11,RESULT,,,,LaMP_HP_b,lamp_wholewafer,,,,,,,2026-09-22 19:55:14,first,measure,A,41-61,1,10.0,9.995125,4A06_4B05,SMU,2,-14,
41-51,current,4.08818e-11,RESULT,,,,LaMP_HP_b,lamp_wholewafer,,,,,,,2026-09-22 19:55:14,second,measure,A,41-51,2,10.0,9.99505,4A08_4B07,SMU,3,-14,
41-62,current,3.92106e-11,RESULT,,,,LaMP_HP_b,lamp_wholewafer,,,,,,,2026-09-22 19:55:14,third,measure,A,41-62,3,10.0,9.995119,2A07_2B08,SMU,2,-13,
41-52,current,4.23938e-11,RESULT,,,,LaMP_HP_b,lamp_wholewafer,,,,,,,2026-09-22 19:55:14,fourth,measure,A,41-52,4,10.0,9.995234,2A05_2B06,SMU,3,-13,
41-63,current,4.37808e-11,RESULT,,,,LaMP_HP_b,lamp_wholewafer,,,,,,,2026-09-22 19:55:20,first,measure,A,41-63,1,10.0,9.995147,4A06_4B05,SMU,2,-12,
41-53,current,4.34056e-11,RESULT,,,,LaMP_HP_b,lamp_wholewafer,,,,,,,2026-09-22 19:55:20,second,measure,A,41-53,2,10.0,9.995221,4A08_4B07,SMU,3,-12,
41-64,current,4.32465e-11,RESULT,,,,LaMP_HP_b,lamp_wholewafer,,,,,,,2026-09-22 19:55:20,third,measure,A,41-64,3,10.0,9.99521,2A07_2B08,SMU,2,-11,
41-54,current,4.36728e-11,RESULT,,,,LaMP_HP_b,lamp_wholewafer,,,,,,,2026-09-22 19:55:20,fourth,measure,A,41-54,4,10.0,9.995178,2A05_2B06,SMU,3,-11,
42-60,current,4.43777e-11,RESULT,,,,LaMP_HP_b,lamp_wholewafer,,,,,,,2026-09-22 19:55:27,first,measure,A,42-60,1,10.0,9.995182,4A06_4B05,SMU,2,-10,
42-50,current,4.4264e-11,RESULT,,,,LaMP_HP_b,lamp_wholewafer,,,,,,,2026-09-22 19:55:27,second,measure,A,42-50,2,10.0,9.995246,4A08_4B07,SMU,3,-10,
42-61,current,3.94721e-11,RESULT,,,,LaMP_HP_b,lamp_wholewafer,,,,,,,2026-09-22 19:55:27,third,measure,A,42-61,3,10.0,9.99518,2A07_2B08,SMU,2,-9,
42-51,current,3.91822e-11,RESULT,,,,LaMP_HP_b,lamp_wholewafer,,,,,,,2026-09-22 19:55:27,fourth,measure,A,42-51,4,10.0,9.99523,2A05_2B06,SMU,3,-9,
42-62,current,4.61569e-11,RESULT,,,,LaMP_HP_b,lamp_wholewafer,,,,,,,2026-09-22 19:55:33,first,measure,A,42-62,1,10.0,9.995234,4A06_4B05,SMU,2,-8,
42-52,current,4.31214e-11,RESULT,,,,LaMP_HP_b,lamp_wholewafer,,,,,,,2026-09-22 19:55:33,second,measure,A,42-52,2,10.0,9.995201,4A08_4B07,SMU,3,-8,
42-63,current,4.13309e-11,RESULT,,,,LaMP_HP_b,lamp_wholewafer,,,,,,,2026-09-22 19:55:33,third,measure,A,42-63,3,10.0,9.995181,2A07_2B08,SMU,2,-7,
42-53,current,3.99666e-11,RESULT,,,,LaMP_HP_b,lamp_wholewafer,,,,,,,2026-09-22 19:55:33,fourth,measure,A,42-53,4,10.0,9.995165,2A05_2B06,SMU,3,-7,
42-64,current,4.58442e-11,RESULT,,,,LaMP_HP_b,lamp_wholewafer,,,,,,,2026-09-22 19:55:40,first,measure,A,42-64,1,10.0,9.99521,4A06_4B05,SMU,2,-6,
42-54,current,4.37012e-11,RESULT,,,,LaMP_HP_b,lamp_wholewafer,,,,,,,2026-09-22 19:55:40,second,measure,A,42-54,2,10.0,9.995171,4A08_4B07,SMU,3,-6,
43-60,current,4.51109e-11,RESULT,,,,LaMP_HP_b,lamp_wholewafer,,,,,,,2026-09-22 19:55:40,third,measure,A,43-60,3,10.0,9.995164,2A07_2B08,SMU,2,-5,
43-50,current,4.08591e-11,RESULT,,,,LaMP_HP_b,lamp_wholewafer,,,,,,,2026-09-22 19:55:40,fourth,measure,A,43-50,4,10.0,9.995151,2A05_2B06,SMU,3,-5,
43-61,current,4.55259e-11,RESULT,,,,LaMP_HP_b,lamp_wholewafer,,,,,,,2026-09-22 19:55:46,first,measure,A,43-61,1,10.0,9.995138,4A06_4B05,SMU,2,-4,
43-51,current,4.55657e-11,RESULT,,,,LaMP_HP_b,lamp_wholewafer,,,,,,,2026-09-22 19:55:46,second,measure,A,43-51,2,10.0,9.995148,4A08_4B07,SMU,3,-4,
43-62,current,4.33545e-11,RESULT,,,,LaMP_HP_b,lamp_wholewafer,,,,,,,2026-09-22 19:55:46,third,measure,A,43-62,3,10.0,9.995111,2A07_2B08,SMU,2,-3,
43-52,current,4.32465e-11,RESULT,,,,LaMP_HP_b,lamp_wholewafer,,,,,,,2026-09-22 19:55:46,fourth,measure,A,43-52,4,10.0,9.995194,2A05_2B06,SMU,3,-3,
43-63,current,4.71403e-11,RESULT,,,,LaMP_HP_b,lamp_wholewafer,,,,,,,2026-09-22 19:55:53,first,measure,A,43-63,1,10.0,9.995129,4A06_4B05,SMU,2,-2,
43-53,current,4.15525e-11,RESULT,,,,LaMP_HP_b,lamp_wholewafer,,,,,,,2026-09-22 19:55:53,second,measure,A,43-53,2,10.0,9.995168,4A08_4B07,SMU,3,-2,
43-64,current,4.19448e-11,RESULT,,,,LaMP_HP_b,lamp_wholewafer,,,,,,,2026-09-22 19:55:53,third,measure,A,43-64,3,10.0,9.995226,2A07_2B08,SMU,2,-1,
43-54,current,4.41162e-11,RESULT,,,,LaMP_HP_b,lamp_wholewafer,,,,,,,2026-09-22 19:55:53,fourth,measure,A,43-54,4,10.0,9.995195,2A05_2B06,SMU,3,-1,
44-60,current,4.83226e-11,RESULT,,,,LaMP_HP_b,lamp_wholewafer,,,,,,,2026-09-22 19:55:59,first,measure,A,44-60,1,10.0,9.995234,4A06_4B05,SMU,2,0,
44-50,current,4.02565e-11,RESULT,,,,LaMP_HP_b,lamp_wholewafer,,,,,,,2026-09-22 19:55:59,second,measure,A,44-50,2,10.0,9.995157,4A08_4B07,SMU,3,0,
44-61,current,4.25359e-11,RESULT,,,,LaMP_HP_b,lamp_wholewafer,,,,,,,2026-09-22 19:55:59,third,measure,A,44-61,3,10.0,9.995113,2A07_2B08,SMU,2,1,
44-51,current,4.23483e-11,RESULT,,,,LaMP_HP_b,lamp_wholewafer,,,,,,,2026-09-22 19:55:59,fourth,measure,A,44-51,4,10.0,9.995092,2A05_2B06,SMU,3,1,
44-62,current,4.58556e-11,RESULT,,,,LaMP_HP_b,lamp_wholewafer,,,,,,,2026-09-22 19:56:06,first,measure,A,44-62,1,10.0,9.995111,4A06_4B05,SMU,2,2,
44-52,current,4.25416e-11,RESULT,,,,LaMP_HP_b,lamp_wholewafer,,,,,,,2026-09-22 19:56:06,second,measure,A,44-52,2,10.0,9.995157,4A08_4B07,SMU,3,2,
44-63,current,4.25814e-11,RESULT,,,,LaMP_HP_b,lamp_wholewafer,,,,,,,2026-09-22 19:56:06,third,measure,A,44-63,3,10.0,9.99515,2A07_2B08,SMU,2,3,
44-53,current,4.34511e-11,RESULT,,,,LaMP_HP_b,lamp_wholewafer,,,,,,,2026-09-22 19:56:06,fourth,measure,A,44-53,4,10.0,9.995169,2A05_2B06,SMU,3,3,
44-64,current,4.75438e-11,RESULT,,,,LaMP_HP_b,lamp_wholewafer,,,,,,,2026-09-22 19:56:12,first,measure,A,44-64,1,10.0,9.99523,4A06_4B05,SMU,2,4,
44-54,current,4.40764e-11,RESULT,,,,LaMP_HP_b,lamp_wholewafer,,,,,,,2026-09-22 19:56:12,second,measure,A,44-54,2,10.0,9.995154,4A08_4B07,SMU,3,4,
45-60,current,4.23654e-11,RESULT,,,,LaMP_HP_b,lamp_wholewafer,,,,,,,2026-09-22 19:56:12,third,measure,A,45-60,3,10.0,9.995219,2A07_2B08,SMU,2,5,
45-50,current,4.11831e-11,RESULT,,,,LaMP_HP_b,lamp_wholewafer,,,,,,,2026-09-22 19:56:12,fourth,measure,A,45-50,4,10.0,9.995201,2A05_2B06,SMU,3,5,
45-61,current,6.43775e-10,RESULT,,,,LaMP_HP_b,lamp_wholewafer,,,,,,,2026-09-22 19:56:19,first,measure,A,45-61,1,10.0,9.995203,4A06_4B05,SMU,2,6,
45-51,current,5.29155e-11,RESULT,,,,LaMP_HP_b,lamp_wholewafer,,,,,,,2026-09-22 19:56:19,second,measure,A,45-51,2,10.0,9.995193,4A08_4B07,SMU,3,6,
45-62,current,4.43492e-11,RESULT,,,,LaMP_HP_b,lamp_wholewafer,,,,,,,2026-09-22 19:56:19,third,measure,A,45-62,3,10.0,9.995255,2A07_2B08,SMU,2,7,
45-52,current,4.1706e-11,RESULT,,,,LaMP_HP_b,lamp_wholewafer,,,,,,,2026-09-22 19:56:19,fourth,measure,A,45-52,4,10.0,9.995296,2A05_2B06,SMU,3,7,
45-63,current,4.74472e-11,RESULT,,,,LaMP_HP_b,lamp_wholewafer,,,,,,,2026-09-22 19:56:25,first,measure,A,45-63,1,10.0,9.995175,4A06_4B05,SMU,2,8,
45-53,current,4.38149e-11,RESULT,,,,LaMP_HP_b,lamp_wholewafer,,,,,,,2026-09-22 19:56:25,second,measure,A,45-53,2,10.0,9.995199,4A08_4B07,SMU,3,8,
45-64,current,4.31498e-11,RESULT,,,,LaMP_HP_b,lamp_wholewafer,,,,,,,2026-09-22 19:56:25,third,measure,A,45-64,3,10.0,9.995165,2A07_2B08,SMU,2,9,
45-54,current,3.76474e-11,RESULT,,,,LaMP_HP_b,lamp_wholewafer,,,,,,,2026-09-22 19:56:25,fourth,measure,A,45-54,4,10.0,9.995204,2A05_2B06,SMU,3,9,
46-60,current,5.38535e-11,RESULT,,,,LaMP_HP_b,lamp_wholewafer,,,,,,,2026-09-22 19:56:32,first,measure,A,46-60,1,10.0,9.995204,4A06_4B05,SMU,2,10,
46-50,current,4.19618e-11,RESULT,,,,LaMP_HP_b,lamp_wholewafer,,,,,,,2026-09-22 19:56:32,second,measure,A,46-50,2,10.0,9.995178,4A08_4B07,SMU,3,10,
46-61,current,4.13991e-11,RESULT,,,,LaMP_HP_b,lamp_wholewafer,,,,,,,2026-09-22 19:56:32,third,measure,A,46-61,3,10.0,9.995184,2A07_2B08,SMU,2,11,
46-51,current,4.23768e-11,RESULT,,,,LaMP_HP_b,lamp_wholewafer,,,,,,,2026-09-22 19:56:32,fourth,measure,A,46-51,4,10.0,9.995185,2A05_2B06,SMU,3,11,
46-62,current,5.12671e-11,RESULT,,,,LaMP_HP_b,lamp_wholewafer,,,,,,,2026-09-22 19:56:38,first,measure,A,46-62,1,10.0,9.995235,4A06_4B05,SMU,2,12,
46-52,current,4.08591e-11,RESULT,,,,LaMP_HP_b,lamp_wholewafer,,,,,,,2026-09-22 19:56:38,second,measure,A,46-52,2,10.0,9.995169,4A08_4B07,SMU,3,12,
46-63,current,4.81805e-11,RESULT,,,,LaMP_HP_b,lamp_wholewafer,,,,,,,2026-09-22 19:56:38,third,measure,A,46-63,3,10.0,9.995161,2A07_2B08,SMU,2,13,
46-53,current,4.23881e-11,RESULT,,,,LaMP_HP_b,lamp_wholewafer,,,,,,,2026-09-22 19:56:38,fourth,measure,A,46-53,4,10.0,9.995176,2A05_2B06,SMU,3,13,
46-64,current,4.67367e-11,RESULT,,,,LaMP_HP_b,lamp_wholewafer,,,,,,,2026-09-22 19:56:44,first,measure,A,46-64,1,10.0,9.995199,4A06_4B05,SMU,2,14,
46-54,current,4.27576e-11,RESULT,,,,LaMP_HP_b,lamp_wholewafer,,,,,,,2026-09-22 19:56:44,second,measure,A,46-54,2,10.0,9.995202,4A08_4B07,SMU,3,14,
47-60,current,4.61057e-11,RESULT,,,,LaMP_HP_b,lamp_wholewafer,,,,,,,2026-09-22 19:56:44,third,measure,A,47-60,3,10.0,9.995203,2A07_2B08,SMU,2,15,
47-50,current,4.35932e-11,RESULT,,,,LaMP_HP_b,lamp_wholewafer,,,,,,,2026-09-22 19:56:44,fourth,measure,A,47-50,4,10.0,9.995182,2A05_2B06,SMU,3,15,
47-61,current,4.63444e-11,RESULT,,,,LaMP_HP_b,lamp_wholewafer,,,,,,,2026-09-22 19:56:51,first,measure,A,47-61,1,10.0,9.995218,4A06_4B05,SMU,2,16,
47-51,current,4.15639e-11,RESULT,,,,LaMP_HP_b,lamp_wholewafer,,,,,,,2026-09-22 19:56:51,second,measure,A,47-51,2,10.0,9.995162,4A08_4B07,SMU,3,16,
47-62,current,3.79657e-11,RESULT,,,,LaMP_HP_b,lamp_wholewafer,,,,,,,2026-09-22 19:56:51,third,measure,A,47-62,3,10.0,9.995183,2A07_2B08,SMU,2,17,
47-52,current,3.94891e-11,RESULT,,,,LaMP_HP_b,lamp_wholewafer,,,,,,,2026-09-22 19:56:51,fourth,measure,A,47-52,4,10.0,9.995168,2A05_2B06,SMU,3,17,
47-63,current,4.71459e-11,RESULT,,,,LaMP_HP_b,lamp_wholewafer,,,,,,,2026-09-22 19:56:58,first,measure,A,47-63,1,10.0,9.995158,4A06_4B05,SMU,2,18,
47-53,current,1.99532e-10,RESULT,,,,LaMP_HP_b,lamp_wholewafer,,,,,,,2026-09-22 19:56:58,second,measure,A,47-53,2,10.0,9.995203,4A08_4B07,SMU,3,18,
NA,current,3.42936e-11,RESULT,,,,LaMP_HP_b,lamp_wholewafer,,,,,,,2026-09-22 19:56:58,third,measure,A,NA,3,10.0,9.995174,2A07_2B08,SMU,2,19,
NA,current,3.6971e-11,RESULT,,,,LaMP_HP_b,lamp_wholewafer,,,,,,,2026-09-22 19:56:58,fourth,measure,A,NA,4,10.0,9.995222,2A05_2B06,SMU,3,19,
NA,current,4.83283e-11,RESULT,,,,LaMP_HP_b,lamp_wholewafer,,,,,,,2026-09-22 19:57:04,first,measure,A,NA,1,10.0,9.99526,4A06_4B05,SMU,4,-20,
NA,current,1.49481e-10,RESULT,,,,LaMP_HP_b,lamp_wholewafer,,,,,,,2026-09-22 19:57:04,second,measure,A,NA,2,10.0,9.995259,4A08_4B07,SMU,5,-20,
40-41,current,3.47598e-11,RESULT,,,,LaMP_HP_b,lamp_wholewafer,,,,,,,2026-09-22 19:57:04,third,measure,A,40-41,3,10.0,9.995301,2A07_2B08,SMU,4,-19,
40-31,current,3.54021e-11,RESULT,,,,LaMP_HP_b,lamp_wholewafer,,,,,,,2026-09-22 19:57:04,fourth,measure,A,40-31,4,10.0,9.995175,2A05_2B06,SMU,5,-19,
40-42,current,3.94095e-11,RESULT,,,,LaMP_HP_b,lamp_wholewafer,,,,,,,2026-09-22 19:57:11,first,measure,A,40-42,1,10.0,9.995279,4A06_4B05,SMU,4,-18,
40-32,current,3.84773e-11,RESULT,,,,LaMP_HP_b,lamp_wholewafer,,,,,,,2026-09-22 19:57:11,second,measure,A,40-32,2,10.0,9.995276,4A08_4B07,SMU,5,-18,
40-43,current,4.10694e-11,RESULT,,,,LaMP_HP_b,lamp_wholewafer,,,,,,,2026-09-22 19:57:11,third,measure,A,40-43,3,10.0,9.995254,2A07_2B08,SMU,4,-17,
40-33,current,3.83807e-11,RESULT,,,,LaMP_HP_b,lamp_wholewafer,,,,,,,2026-09-22 19:57:11,fourth,measure,A,40-33,4,10.0,9.995197,2A05_2B06,SMU,5,-17,
40-44,current,4.47528e-11,RESULT,,,,LaMP_HP_b,lamp_wholewafer,,,,,,,2026-09-22 19:57:17,first,measure,A,40-44,1,10.0,9.995201,4A06_4B05,SMU,4,-16,
40-34,current,3.9131e-11,RESULT,,,,LaMP_HP_b,lamp_wholewafer,,,,,,,2026-09-22 19:57:17,second,measure,A,40-34,2,10.0,9.99518,4A08_4B07,SMU,5,-16,
41-40,current,3.95005e-11,RESULT,,,,LaMP_HP_b,lamp_wholewafer,,,,,,,2026-09-22 19:57:17,third,measure,A,41-40,3,10.0,9.995197,2A07_2B08,SMU,4,-15,
41-30,current,1.27727e-10,RESULT,,,,LaMP_HP_b,lamp_wholewafer,,,,,,,2026-09-22 19:57:17,fourth,measure,A,41-30,4,10.0,9.995214,2A05_2B06,SMU,5,-15,
41-41,current,1.12982e-10,RESULT,,,,LaMP_HP_b,lamp_wholewafer,,,,,,,2026-09-22 19:57:24,first,measure,A,41-41,1,10.0,9.995247,4A06_4B05,SMU,4,-14,
41-31,current,9.99995e-07,RESULT,,,,LaMP_HP_b,lamp_wholewafer,,,,,,,2026-09-22 19:57:24,second,measure,A,41-31,2,10.0,0.1747414,4A08_4B07,SMU,5,-14,
41-42,current,4.49631e-11,RESULT,,,,LaMP_HP_b,lamp_wholewafer,,,,,,,2026-09-22 19:57:24,third,measure,A,41-42,3,10.0,9.995192,2A07_2B08,SMU,4,-13,
41-32,current,4.27917e-11,RESULT,,,,LaMP_HP_b,lamp_wholewafer,,,,,,,2026-09-22 19:57:24,fourth,measure,A,41-32,4,10.0,9.995176,2A05_2B06,SMU,5,-13,
41-43,current,4.86352e-11,RESULT,,,,LaMP_HP_b,lamp_wholewafer,,,,,,,2026-09-22 19:57:30,first,measure,A,41-43,1,10.0,9.995168,4A06_4B05,SMU,4,-12,
41-33,current,4.18026e-11,RESULT,,,,LaMP_HP_b,lamp_wholewafer,,,,,,,2026-09-22 19:57:30,second,measure,A,41-33,2,10.0,9.995157,4A08_4B07,SMU,5,-12,
41-44,current,4.19902e-11,RESULT,,,,LaMP_HP_b,lamp_wholewafer,,,,,,,2026-09-22 19:57:30,third,measure,A,41-44,3,10.0,9.995108,2A07_2B08,SMU,4,-11,
41-34,current,4.0535e-11,RESULT,,,,LaMP_HP_b,lamp_wholewafer,,,,,,,2026-09-22 19:57:30,fourth,measure,A,41-34,4,10.0,9.9951,2A05_2B06,SMU,5,-11,
42-40,current,4.37069e-11,RESULT,,,,LaMP_HP_b,lamp_wholewafer,,,,,,,2026-09-22 19:57:37,first,measure,A,42-40,1,10.0,9.995092,4A06_4B05,SMU,4,-10,
42-30,current,4.33886e-11,RESULT,,,,LaMP_HP_b,lamp_wholewafer,,,,,,,2026-09-22 19:57:37,second,measure,A,42-30,2,10.0,9.995104,4A08_4B07,SMU,5,-10,
42-41,current,3.98018e-11,RESULT,,,,LaMP_HP_b,lamp_wholewafer,,,,,,,2026-09-22 19:57:37,third,measure,A,42-41,3,10.0,9.995127,2A07_2B08,SMU,4,-9,
42-31,current,4.05976e-11,RESULT,,,,LaMP_HP_b,lamp_wholewafer,,,,,,,2026-09-22 19:57:37,fourth,measure,A,42-31,4,10.0,9.995066,2A05_2B06,SMU,5,-9,
42-42,current,4.38377e-11,RESULT,,,,LaMP_HP_b,lamp_wholewafer,,,,,,,2026-09-22 19:57:43,first,measure,A,42-42,1,10.0,9.995134,4A06_4B05,SMU,4,-8,
42-32,current,4.19732e-11,RESULT,,,,LaMP_HP_b,lamp_wholewafer,,,,,,,2026-09-22 19:57:43,second,measure,A,42-32,2,10.0,9.995087,4A08_4B07,SMU,5,-8,
42-43,current,3.99268e-11,RESULT,,,,LaMP_HP_b,lamp_wholewafer,,,,,,,2026-09-22 19:57:43,third,measure,A,42-43,3,10.0,9.995102,2A07_2B08,SMU,4,-7,
42-33,current,3.94664e-11,RESULT,,,,LaMP_HP_b,lamp_wholewafer,,,,,,,2026-09-22 19:57:43,fourth,measure,A,42-33,4,10.0,9.99515,2A05_2B06,SMU,5,-7,
42-44,current,1.86679e-10,RESULT,,,,LaMP_HP_b,lamp_wholewafer,,,,,,,2026-09-22 19:57:50,first,measure,A,42-44,1,10.0,9.995149,4A06_4B05,SMU,4,-6,
42-34,current,4.77769e-11,RESULT,,,,LaMP_HP_b,lamp_wholewafer,,,,,,,2026-09-22 19:57:50,second,measure,A,42-34,2,10.0,9.995245,4A08_4B07,SMU,5,-6,
43-40,current,4.5253e-11,RESULT,,,,LaMP_HP_b,lamp_wholewafer,,,,,,,2026-09-22 19:57:50,third,measure,A,43-40,3,10.0,9.995249,2A07_2B08,SMU,4,-5,
43-30,current,4.28656e-11,RESULT,,,,LaMP_HP_b,lamp_wholewafer,,,,,,,2026-09-22 19:57:50,fourth,measure,A,43-30,4,10.0,9.995197,2A05_2B06,SMU,5,-5,
43-41,current,4.57874e-11,RESULT,,,,LaMP_HP_b,lamp_wholewafer,,,,,,,2026-09-22 19:57:56,first,measure,A,43-41,1,10.0,9.99517,4A06_4B05,SMU,4,-4,
43-31,current,4.40934e-11,RESULT,,,,LaMP_HP_b,lamp_wholewafer,,,,,,,2026-09-22 19:57:56,second,measure,A,43-31,2,10.0,9.995176,4A08_4B07,SMU,5,-4,
43-42,current,4.42867e-11,RESULT,,,,LaMP_HP_b,lamp_wholewafer,,,,,,,2026-09-22 19:57:56,third,measure,A,43-42,3,10.0,9.995143,2A07_2B08,SMU,4,-3,
43-32,current,4.39741e-11,RESULT,,,,LaMP_HP_b,lamp_wholewafer,,,,,,,2026-09-22 19:57:56,fourth,measure,A,43-32,4,10.0,9.99516,2A05_2B06,SMU,5,-3,
43-43,current,4.51848e-11,RESULT,,,,LaMP_HP_b,lamp_wholewafer,,,,,,,2026-09-22 19:58:03,first,measure,A,43-43,1,10.0,9.995149,4A06_4B05,SMU,4,-2,
43-33,current,4.57362e-11,RESULT,,,,LaMP_HP_b,lamp_wholewafer,,,,,,,2026-09-22 19:58:03,second,measure,A,43-33,2,10.0,9.995101,4A08_4B07,SMU,5,-2,
43-44,current,4.15639e-11,RESULT,,,,LaMP_HP_b,lamp_wholewafer,,,,,,,2026-09-22 19:58:03,third,measure,A,43-44,3,10.0,9.995123,2A07_2B08,SMU,4,-1,
43-34,current,4.20016e-11,RESULT,,,,LaMP_HP_b,lamp_wholewafer,,,,,,,2026-09-22 19:58:03,fourth,measure,A,43-34,4,10.0,9.995147,2A05_2B06,SMU,5,-1,
44-40,current,4.49688e-11,RESULT,,,,LaMP_HP_b,lamp_wholewafer,,,,,,,2026-09-22 19:58:09,first,measure,A,44-40,1,10.0,9.995111,4A06_4B05,SMU,4,0,
44-30,current,4.4389e-11,RESULT,,,,LaMP_HP_b,lamp_wholewafer,,,,,,,2026-09-22 19:58:09,second,measure,A,44-30,2,10.0,9.995111,4A08_4B07,SMU,5,0,
44-41,current,4.36955e-11,RESULT,,,,LaMP_HP_b,lamp_wholewafer,,,,,,,2026-09-22 19:58:09,third,measure,A,44-41,3,10.0,9.995134,2A07_2B08,SMU,4,1,
44-31,current,4.18311e-11,RESULT,,,,LaMP_HP_b,lamp_wholewafer,,,,,,,2026-09-22 19:58:09,fourth,measure,A,44-31,4,10.0,9.99518,2A05_2B06,SMU,5,1,
44-42,current,4.63103e-11,RESULT,,,,LaMP_HP_b,lamp_wholewafer,,,,,,,2026-09-22 19:58:16,first,measure,A,44-42,1,10.0,9.99526,4A06_4B05,SMU,4,2,
44-32,current,4.51735e-11,RESULT,,,,LaMP_HP_b,lamp_wholewafer,,,,,,,2026-09-22 19:58:16,second,measure,A,44-32,2,10.0,9.99522,4A08_4B07,SMU,5,2,
44-43,current,4.00576e-11,RESULT,,,,LaMP_HP_b,lamp_wholewafer,,,,,,,2026-09-22 19:58:16,third,measure,A,44-43,3,10.0,9.995215,2A07_2B08,SMU,4,3,
44-33,current,4.22347e-11,RESULT,,,,LaMP_HP_b,lamp_wholewafer,,,,,,,2026-09-22 19:58:16,fourth,measure,A,44-33,4,10.0,9.995167,2A05_2B06,SMU,5,3,
44-44,current,4.54293e-11,RESULT,,,,LaMP_HP_b,lamp_wholewafer,,,,,,,2026-09-22 19:58:22,first,measure,A,44-44,1,10.0,9.995173,4A06_4B05,SMU,4,4,
44-34,current,4.42924e-11,RESULT,,,,LaMP_HP_b,lamp_wholewafer,,,,,,,2026-09-22 19:58:22,second,measure,A,44-34,2,10.0,9.995152,4A08_4B07,SMU,5,4,
45-40,current,4.26951e-11,RESULT,,,,LaMP_HP_b,lamp_wholewafer,,,,,,,2026-09-22 19:58:22,third,measure,A,45-40,3,10.0,9.995196,2A07_2B08,SMU,4,5,
45-30,current,4.40366e-11,RESULT,,,,LaMP_HP_b,lamp_wholewafer,,,,,,,2026-09-22 19:58:22,fourth,measure,A,45-30,4,10.0,9.995244,2A05_2B06,SMU,5,5,
45-41,current,4.64809e-11,RESULT,,,,LaMP_HP_b,lamp_wholewafer,,,,,,,2026-09-22 19:58:29,first,measure,A,45-41,1,10.0,9.995192,4A06_4B05,SMU,4,6,
45-31,current,4.18026e-11,RESULT,,,,LaMP_HP_b,lamp_wholewafer,,,,,,,2026-09-22 19:58:29,second,measure,A,45-31,2,10.0,9.995251,4A08_4B07,SMU,5,6,
45-42,current,4.29168e-11,RESULT,,,,LaMP_HP_b,lamp_wholewafer,,,,,,,2026-09-22 19:58:29,third,measure,A,45-42,3,10.0,9.995207,2A07_2B08,SMU,4,7,
45-32,current,4.70663e-11,RESULT,,,,LaMP_HP_b,lamp_wholewafer,,,,,,,2026-09-22 19:58:29,fourth,measure,A,45-32,4,10.0,9.995231,2A05_2B06,SMU,5,7,
45-43,current,4.77428e-11,RESULT,,,,LaMP_HP_b,lamp_wholewafer,,,,,,,2026-09-22 19:58:35,first,measure,A,45-43,1,10.0,9.995188,4A06_4B05,SMU,4,8,
45-33,current,4.43663e-11,RESULT,,,,LaMP_HP_b,lamp_wholewafer,,,,,,,2026-09-22 19:58:35,second,measure,A,45-33,2,10.0,9.995206,4A08_4B07,SMU,5,8,
45-44,current,4.16492e-11,RESULT,,,,LaMP_HP_b,lamp_wholewafer,,,,,,,2026-09-22 19:58:35,third,measure,A,45-44,3,10.0,9.995181,2A07_2B08,SMU,4,9,
45-34,current,4.28884e-11,RESULT,,,,LaMP_HP_b,lamp_wholewafer,,,,,,,2026-09-22 19:58:35,fourth,measure,A,45-34,4,10.0,9.995226,2A05_2B06,SMU,5,9,
46-40,current,4.55486e-11,RESULT,,,,LaMP_HP_b,lamp_wholewafer,,,,,,,2026-09-22 19:58:42,first,measure,A,46-40,1,10.0,9.995267,4A06_4B05,SMU,4,10,
46-30,current,4.20471e-11,RESULT,,,,LaMP_HP_b,lamp_wholewafer,,,,,,,2026-09-22 19:58:42,second,measure,A,46-30,2,10.0,9.995197,4A08_4B07,SMU,5,10,
46-41,current,4.30305e-11,RESULT,,,,LaMP_HP_b,lamp_wholewafer,,,,,,,2026-09-22 19:58:42,third,measure,A,46-41,3,10.0,9.995192,2A07_2B08,SMU,4,11,
46-31,current,4.28827e-11,RESULT,,,,LaMP_HP_b,lamp_wholewafer,,,,,,,2026-09-22 19:58:42,fourth,measure,A,46-31,4,10.0,9.995241,2A05_2B06,SMU,5,11,
46-42,current,4.65832e-11,RESULT,,,,LaMP_HP_b,lamp_wholewafer,,,,,,,2026-09-22 19:58:48,first,measure,A,46-42,1,10.0,9.995157,4A06_4B05,SMU,4,12,
46-32,current,4.6623e-11,RESULT,,,,LaMP_HP_b,lamp_wholewafer,,,,,,,2026-09-22 19:58:48,second,measure,A,46-32,2,10.0,9.995207,4A08_4B07,SMU,5,12,
46-43,current,4.3633e-11,RESULT,,,,LaMP_HP_b,lamp_wholewafer,,,,,,,2026-09-22 19:58:48,third,measure,A,46-43,3,10.0,9.995164,2A07_2B08,SMU,4,13,
46-33,current,4.84817e-11,RESULT,,,,LaMP_HP_b,lamp_wholewafer,,,,,,,2026-09-22 19:58:48,fourth,measure,A,46-33,4,10.0,9.995256,2A05_2B06,SMU,5,13,
46-44,current,4.85954e-11,RESULT,,,,LaMP_HP_b,lamp_wholewafer,,,,,,,2026-09-22 19:58:54,first,measure,A,46-44,1,10.0,9.995134,4A06_4B05,SMU,4,14,
46-34,current,4.89763e-11,RESULT,,,,LaMP_HP_b,lamp_wholewafer,,,,,,,2026-09-22 19:58:54,second,measure,A,46-34,2,10.0,9.995165,4A08_4B07,SMU,5,14,
47-40,current,5.24136e-10,RESULT,,,,LaMP_HP_b,lamp_wholewafer,,,,,,,2026-09-22 19:58:54,third,measure,A,47-40,3,10.0,9.995196,2A07_2B08,SMU,4,15,
47-30,current,4.26041e-11,RESULT,,,,LaMP_HP_b,lamp_wholewafer,,,,,,,2026-09-22 19:58:54,fourth,measure,A,47-30,4,10.0,9.995189,2A05_2B06,SMU,5,15,
47-41,current,4.40593e-11,RESULT,,,,LaMP_HP_b,lamp_wholewafer,,,,,,,2026-09-22 19:59:01,first,measure,A,47-41,1,10.0,9.995158,4A06_4B05,SMU,4,16,
47-31,current,3.94323e-11,RESULT,,,,LaMP_HP_b,lamp_wholewafer,,,,,,,2026-09-22 19:59:01,second,measure,A,47-31,2,10.0,9.995169,4A08_4B07,SMU,5,16,
47-42,current,4.25018e-11,RESULT,,,,LaMP_HP_b,lamp_wholewafer,,,,,,,2026-09-22 19:59:01,third,measure,A,47-42,3,10.0,9.99519,2A07_2B08,SMU,4,17,
47-32,current,2.45143e-10,RESULT,,,,LaMP_HP_b,lamp_wholewafer,,,,,,,2026-09-22 19:59:01,fourth,measure,A,47-32,4,10.0,9.995131,2A05_2B06,SMU,5,17,
47-43,current,4.39797e-11,RESULT,,,,LaMP_HP_b,lamp_wholewafer,,,,,,,2026-09-22 19:59:08,first,measure,A,47-43,1,10.0,9.995126,4A06_4B05,SMU,4,18,
47-33,current,9.07335e-11,RESULT,,,,LaMP_HP_b,lamp_wholewafer,,,,,,,2026-09-22 19:59:08,second,measure,A,47-33,2,10.0,9.995123,4A08_4B07,SMU,5,18,
NA,current,4.33374e-11,RESULT,,,,LaMP_HP_b,lamp_wholewafer,,,,,,,2026-09-22 19:59:08,third,measure,A,NA,3,10.0,9.995195,2A07_2B08,SMU,4,19,
NA,current,9.99995e-07,RESULT,,,,LaMP_HP_b,lamp_wholewafer,,,,,,,2026-09-22 19:59:08,fourth,measure,A,NA,4,10.0,4.086637,2A05_2B06,SMU,5,19,
NA,current,1.80614e-10,RESULT,,,,LaMP_HP_b,lamp_wholewafer,,,,,,,2026-09-22 19:59:15,first,measure,A,NA,1,10.0,9.995132,4A06_4B05,SMU,6,-20,
NA,current,1.51414e-10,RESULT,,,,LaMP_HP_b,lamp_wholewafer,,,,,,,2026-09-22 19:59:15,second,measure,A,NA,2,10.0,9.995207,4A08_4B07,SMU,7,-20,
40-21,current,3.61126e-11,RESULT,,,,LaMP_HP_b,lamp_wholewafer,,,,,,,2026-09-22 19:59:15,third,measure,A,40-21,3,10.0,9.995226,2A07_2B08,SMU,6,-19,
40-11,current,4.06203e-11,RESULT,,,,LaMP_HP_b,lamp_wholewafer,,,,,,,2026-09-22 19:59:15,fourth,measure,A,40-11,4,10.0,9.995167,2A05_2B06,SMU,7,-19,
40-22,current,4.35136e-11,RESULT,,,,LaMP_HP_b,lamp_wholewafer,,,,,,,2026-09-22 19:59:21,first,measure,A,40-22,1,10.0,9.995166,4A06_4B05,SMU,6,-18,
40-12,current,3.93868e-11,RESULT,,,,LaMP_HP_b,lamp_wholewafer,,,,,,,2026-09-22 19:59:21,second,measure,A,40-12,2,10.0,9.995173,4A08_4B07,SMU,7,-18,
40-23,current,5.69412e-10,RESULT,,,,LaMP_HP_b,lamp_wholewafer,,,,,,,2026-09-22 19:59:21,third,measure,A,40-23,3,10.0,9.995175,2A07_2B08,SMU,6,-17,
40-13,current,4.51337e-11,RESULT,,,,LaMP_HP_b,lamp_wholewafer,,,,,,,2026-09-22 19:59:21,fourth,measure,A,40-13,4,10.0,9.995184,2A05_2B06,SMU,7,-17,
40-24,current,4.81634e-11,RESULT,,,,LaMP_HP_b,lamp_wholewafer,,,,,,,2026-09-22 19:59:28,first,measure,A,40-24,1,10.0,9.995061,4A06_4B05,SMU,6,-16,
40-14,current,4.31839e-11,RESULT,,,,LaMP_HP_b,lamp_wholewafer,,,,,,,2026-09-22 19:59:28,second,measure,A,40-14,2,10.0,9.995084,4A08_4B07,SMU,7,-16,
41-20,current,4.00348e-11,RESULT,,,,LaMP_HP_b,lamp_wholewafer,,,,,,,2026-09-22 19:59:28,third,measure,A,41-20,3,10.0,9.995085,2A07_2B08,SMU,6,-15,
41-10,current,4.33772e-11,RESULT,,,,LaMP_HP_b,lamp_wholewafer,,,,,,,2026-09-22 19:59:28,fourth,measure,A,41-10,4,10.0,9.995095,2A05_2B06,SMU,7,-15,
41-21,current,4.89479e-11,RESULT,,,,LaMP_HP_b,lamp_wholewafer,,,,,,,2026-09-22 19:59:34,first,measure,A,41-21,1,10.0,9.995083,4A06_4B05,SMU,6,-14,
41-11,current,4.6839e-11,RESULT,,,,LaMP_HP_b,lamp_wholewafer,,,,,,,2026-09-22 19:59:34,second,measure,A,41-11,2,10.0,9.995094,4A08_4B07,SMU,7,-14,
41-22,current,4.25814e-11,RESULT,,,,LaMP_HP_b,lamp_wholewafer,,,,,,,2026-09-22 19:59:34,third,measure,A,41-22,3,10.0,9.995104,2A07_2B08,SMU,6,-13,
41-12,current,4.39456e-11,RESULT,,,,LaMP_HP_b,lamp_wholewafer,,,,,,,2026-09-22 19:59:34,fourth,measure,A,41-12,4,10.0,9.995122,2A05_2B06,SMU,7,-13,
41-23,current,4.78281e-11,RESULT,,,,LaMP_HP_b,lamp_wholewafer,,,,,,,2026-09-22 19:59:41,first,measure,A,41-23,1,10.0,9.995167,4A06_4B05,SMU,6,-12,
41-13,current,4.33829e-11,RESULT,,,,LaMP_HP_b,lamp_wholewafer,,,,,,,2026-09-22 19:59:41,second,measure,A,41-13,2,10.0,9.995176,4A08_4B07,SMU,7,-12,
41-24,current,4.26837e-11,RESULT,,,,LaMP_HP_b,lamp_wholewafer,,,,,,,2026-09-22 19:59:41,third,measure,A,41-24,3,10.0,9.995179,2A07_2B08,SMU,6,-11,
41-14,current,4.13422e-11,RESULT,,,,LaMP_HP_b,lamp_wholewafer,,,,,,,2026-09-22 19:59:41,fourth,measure,A,41-14,4,10.0,9.995153,2A05_2B06,SMU,7,-11,
42-20,current,4.57931e-11,RESULT,,,,LaMP_HP_b,lamp_wholewafer,,,,,,,2026-09-22 19:59:47,first,measure,A,42-20,1,10.0,9.995158,4A06_4B05,SMU,6,-10,
42-10,current,4.12967e-11,RESULT,,,,LaMP_HP_b,lamp_wholewafer,,,,,,,2026-09-22 19:59:47,second,measure,A,42-10,2,10.0,9.995161,4A08_4B07,SMU,7,-10,
42-21,current,4.01144e-11,RESULT,,,,LaMP_HP_b,lamp_wholewafer,,,,,,,2026-09-22 19:59:47,third,measure,A,42-21,3,10.0,9.995188,2A07_2B08,SMU,6,-9,
42-11,current,3.94948e-11,RESULT,,,,LaMP_HP_b,lamp_wholewafer,,,,,,,2026-09-22 19:59:47,fourth,measure,A,42-11,4,10.0,9.99513,2A05_2B06,SMU,7,-9,
42-22,current,4.59806e-11,RESULT,,,,LaMP_HP_b,lamp_wholewafer,,,,,,,2026-09-22 19:59:53,first,measure,A,42-22,1,10.0,9.995092,4A06_4B05,SMU,6,-8,
42-12,current,4.29793e-11,RESULT,,,,LaMP_HP_b,lamp_wholewafer,,,,,,,2026-09-22 19:59:53,second,measure,A,42-12,2,10.0,9.995089,4A08_4B07,SMU,7,-8,
42-23,current,3.94266e-11,RESULT,,,,LaMP_HP_b,lamp_wholewafer,,,,,,,2026-09-22 19:59:53,third,measure,A,42-23,3,10.0,9.995133,2A07_2B08,SMU,6,-7,
42-13,current,3.933e-11,RESULT,,,,LaMP_HP_b,lamp_wholewafer,,,,,,,2026-09-22 19:59:53,fourth,measure,A,42-13,4,10.0,9.995165,2A05_2B06,SMU,7,-7,
42-24,current,4.60204e-11,RESULT,,,,LaMP_HP_b,lamp_wholewafer,,,,,,,2026-09-22 20:00:00,first,measure,A,42-24,1,10.0,9.995116,4A06_4B05,SMU,6,-6,
42-14,current,4.00405e-11,RESULT,,,,LaMP_HP_b,lamp_wholewafer,,,,,,,2026-09-22 20:00:00,second,measure,A,42-14,2,10.0,9.995146,4A08_4B07,SMU,7,-6,
43-20,current,3.73006e-11,RESULT,,,,LaMP_HP_b,lamp_wholewafer,,,,,,,2026-09-22 20:00:00,third,measure,A,43-20,3,10.0,9.995171,2A07_2B08,SMU,6,-5,
43-10,current,4.25587e-11,RESULT,,,,LaMP_HP_b,lamp_wholewafer,,,,,,,2026-09-22 20:00:00,fourth,measure,A,43-10,4,10.0,9.995143,2A05_2B06,SMU,7,-5,
43-21,current,4.71118e-11,RESULT,,,,LaMP_HP_b,lamp_wholewafer,,,,,,,2026-09-22 20:00:07,first,measure,A,43-21,1,10.0,9.995193,4A06_4B05,SMU,6,-4,
43-11,current,4.22347e-11,RESULT,,,,LaMP_HP_b,lamp_wholewafer,,,,,,,2026-09-22 20:00:07,second,measure,A,43-11,2,10.0,9.99521,4A08_4B07,SMU,7,-4,
43-22,current,4.51394e-11,RESULT,,,,LaMP_HP_b,lamp_wholewafer,,,,,,,2026-09-22 20:00:07,third,measure,A,43-22,3,10.0,9.995268,2A07_2B08,SMU,6,-3,
43-12,current,3.95005e-11,RESULT,,,,LaMP_HP_b,lamp_wholewafer,,,,,,,2026-09-22 20:00:07,fourth,measure,A,43-12,4,10.0,9.995337,2A05_2B06,SMU,7,-3,
43-23,current,4.66741e-11,RESULT,,,,LaMP_HP_b,lamp_wholewafer,,,,,,,2026-09-22 20:00:13,first,measure,A,43-23,1,10.0,9.995208,4A06_4B05,SMU,6,-2,
43-13,current,4.38888e-11,RESULT,,,,LaMP_HP_b,lamp_wholewafer,,,,,,,2026-09-22 20:00:13,second,measure,A,43-13,2,10.0,9.995199,4A08_4B07,SMU,7,-2,
43-24,current,4.4929e-11,RESULT,,,,LaMP_HP_b,lamp_wholewafer,,,,,,,2026-09-22 20:00:13,third,measure,A,43-24,3,10.0,9.995249,2A07_2B08,SMU,6,-1,
43-14,current,3.87388e-11,RESULT,,,,LaMP_HP_b,lamp_wholewafer,,,,,,,2026-09-22 20:00:13,fourth,measure,A,43-14,4,10.0,9.995176,2A05_2B06,SMU,7,-1,
44-20,current,4.94595e-11,RESULT,,,,LaMP_HP_b,lamp_wholewafer,,,,,,,2026-09-22 20:00:19,first,measure,A,44-20,1,10.0,9.995174,4A06_4B05,SMU,6,0,
44-10,current,4.68845e-11,RESULT,,,,LaMP_HP_b,lamp_wholewafer,,,,,,,2026-09-22 20:00:19,second,measure,A,44-10,2,10.0,9.995123,4A08_4B07,SMU,7,0,
44-21,current,4.19163e-11,RESULT,,,,LaMP_HP_b,lamp_wholewafer,,,,,,,2026-09-22 20:00:19,third,measure,A,44-21,3,10.0,9.995129,2A07_2B08,SMU,6,1,
44-11,current,4.01712e-11,RESULT,,,,LaMP_HP_b,lamp_wholewafer,,,,,,,2026-09-22 20:00:19,fourth,measure,A,44-11,4,10.0,9.995059,2A05_2B06,SMU,7,1,
44-22,current,4.74358e-11,RESULT,,,,LaMP_HP_b,lamp_wholewafer,,,,,,,2026-09-22 20:00:26,first,measure,A,44-22,1,10.0,9.995084,4A06_4B05,SMU,6,2,
44-12,current,4.33374e-11,RESULT,,,,LaMP_HP_b,lamp_wholewafer,,,,,,,2026-09-22 20:00:26,second,measure,A,44-12,2,10.0,9.995137,4A08_4B07,SMU,7,2,
44-23,current,4.03702e-11,RESULT,,,,LaMP_HP_b,lamp_wholewafer,,,,,,,2026-09-22 20:00:26,third,measure,A,44-23,3,10.0,9.99513,2A07_2B08,SMU,6,3,
44-13,current,2.23747e-10,RESULT,,,,LaMP_HP_b,lamp_wholewafer,,,,,,,2026-09-22 20:00:26,fourth,measure,A,44-13,4,10.0,9.99516,2A05_2B06,SMU,7,3,
44-24,current,3.94778e-11,RESULT,,,,LaMP_HP_b,lamp_wholewafer,,,,,,,2026-09-22 20:00:32,first,measure,A,44-24,1,10.0,9.995195,4A06_4B05,SMU,6,4,
44-14,current,4.30191e-11,RESULT,,,,LaMP_HP_b,lamp_wholewafer,,,,,,,2026-09-22 20:00:32,second,measure,A,44-14,2,10.0,9.995199,4A08_4B07,SMU,7,4,
45-20,current,3.76474e-11,RESULT,,,,LaMP_HP_b,lamp_wholewafer,,,,,,,2026-09-22 20:00:32,third,measure,A,45-20,3,10.0,9.995206,2A07_2B08,SMU,6,5,
45-10,current,3.89434e-11,RESULT,,,,LaMP_HP_b,lamp_wholewafer,,,,,,,2026-09-22 20:00:32,fourth,measure,A,45-10,4,10.0,9.9952,2A05_2B06,SMU,7,5,
45-21,current,4.60886e-11,RESULT,,,,LaMP_HP_b,lamp_wholewafer,,,,,,,2026-09-22 20:00:39,first,measure,A,45-21,1,10.0,9.995278,4A06_4B05,SMU,6,6,
45-11,current,4.2462e-11,RESULT,,,,LaMP_HP_b,lamp_wholewafer,,,,,,,2026-09-22 20:00:39,second,measure,A,45-11,2,10.0,9.995197,4A08_4B07,SMU,7,6,
45-22,current,3.93641e-11,RESULT,,,,LaMP_HP_b,lamp_wholewafer,,,,,,,2026-09-22 20:00:39,third,measure,A,45-22,3,10.0,9.995162,2A07_2B08,SMU,6,7,
45-12,current,4.11774e-11,RESULT,,,,LaMP_HP_b,lamp_wholewafer,,,,,,,2026-09-22 20:00:39,fourth,measure,A,45-12,4,10.0,9.995188,2A05_2B06,SMU,7,7,
45-23,current,4.61625e-11,RESULT,,,,LaMP_HP_b,lamp_wholewafer,,,,,,,2026-09-22 20:00:45,first,measure,A,45-23,1,10.0,9.995203,4A06_4B05,SMU,6,8,
45-13,current,4.26212e-11,RESULT,,,,LaMP_HP_b,lamp_wholewafer,,,,,,,2026-09-22 20:00:45,second,measure,A,45-13,2,10.0,9.995111,4A08_4B07,SMU,7,8,
45-24,current,4.35705e-11,RESULT,,,,LaMP_HP_b,lamp_wholewafer,,,,,,,2026-09-22 20:00:45,third,measure,A,45-24,3,10.0,9.995165,2A07_2B08,SMU,6,9,
45-14,current,4.26098e-11,RESULT,,,,LaMP_HP_b,lamp_wholewafer,,,,,,,2026-09-22 20:00:45,fourth,measure,A,45-14,4,10.0,9.995169,2A05_2B06,SMU,7,9,
46-20,current,4.86466e-11,RESULT,,,,LaMP_HP_b,lamp_wholewafer,,,,,,,2026-09-22 20:00:52,first,measure,A,46-20,1,10.0,9.995203,4A06_4B05,SMU,6,10,
46-10,current,4.26326e-11,RESULT,,,,LaMP_HP_b,lamp_wholewafer,,,,,,,2026-09-22 20:00:52,second,measure,A,46-10,2,10.0,9.99524,4A08_4B07,SMU,7,10,
46-21,current,4.19107e-11,RESULT,,,,LaMP_HP_b,lamp_wholewafer,,,,,,,2026-09-22 20:00:52,third,measure,A,46-21,3,10.0,9.995201,2A07_2B08,SMU,6,11,
46-11,current,4.38547e-11,RESULT,,,,LaMP_HP_b,lamp_wholewafer,,,,,,,2026-09-22 20:00:52,fourth,measure,A,46-11,4,10.0,9.995214,2A05_2B06,SMU,7,11,
46-22,current,1.93688e-10,RESULT,,,,LaMP_HP_b,lamp_wholewafer,,,,,,,2026-09-22 20:00:58,first,measure,A,46-22,1,10.0,9.995246,4A06_4B05,SMU,6,12,
46-12,current,5.05679e-11,RESULT,,,,LaMP_HP_b,lamp_wholewafer,,,,,,,2026-09-22 20:00:58,second,measure,A,46-12,2,10.0,9.995283,4A08_4B07,SMU,7,12,
46-23,current,4.56623e-11,RESULT,,,,LaMP_HP_b,lamp_wholewafer,,,,,,,2026-09-22 20:00:58,third,measure,A,46-23,3,10.0,9.995216,2A07_2B08,SMU,6,13,
46-13,current,4.72994e-11,RESULT,,,,LaMP_HP_b,lamp_wholewafer,,,,,,,2026-09-22 20:00:58,fourth,measure,A,46-13,4,10.0,9.995176,2A05_2B06,SMU,7,13,
46-24,current,4.85272e-11,RESULT,,,,LaMP_HP_b,lamp_wholewafer,,,,,,,2026-09-22 20:01:05,first,measure,A,46-24,1,10.0,9.995237,4A06_4B05,SMU,6,14,
46-14,current,4.87546e-11,RESULT,,,,LaMP_HP_b,lamp_wholewafer,,,,,,,2026-09-22 20:01:05,second,measure,A,46-14,2,10.0,9.995275,4A08_4B07,SMU,7,14,
47-20,current,4.36557e-11,RESULT,,,,LaMP_HP_b,lamp_wholewafer,,,,,,,2026-09-22 20:01:05,third,measure,A,47-20,3,10.0,9.995255,2A07_2B08,SMU,6,15,
47-10,current,4.1905e-11,RESULT,,,,LaMP_HP_b,lamp_wholewafer,,,,,,,2026-09-22 20:01:05,fourth,measure,A,47-10,4,10.0,9.995229,2A05_2B06,SMU,7,15,
47-21,current,4.8027e-11,RESULT,,,,LaMP_HP_b,lamp_wholewafer,,,,,,,2026-09-22 20:01:11,first,measure,A,47-21,1,10.0,9.995153,4A06_4B05,SMU,6,16,
47-11,current,4.60602e-11,RESULT,,,,LaMP_HP_b,lamp_wholewafer,,,,,,,2026-09-22 20:01:11,second,measure,A,47-11,2,10.0,9.995218,4A08_4B07,SMU,7,16,
47-22,current,2.64538e-10,RESULT,,,,LaMP_HP_b,lamp_wholewafer,,,,,,,2026-09-22 20:01:11,third,measure,A,47-22,3,10.0,9.995268,2A07_2B08,SMU,6,17,
47-12,current,4.61114e-11,RESULT,,,,LaMP_HP_b,lamp_wholewafer,,,,,,,2026-09-22 20:01:11,fourth,measure,A,47-12,4,10.0,9.995249,2A05_2B06,SMU,7,17,
47-23,current,4.97948e-11,RESULT,,,,LaMP_HP_b,lamp_wholewafer,,,,,,,2026-09-22 20:01:18,first,measure,A,47-23,1,10.0,9.995245,4A06_4B05,SMU,6,18,
47-13,current,1.79216e-10,RESULT,,,,LaMP_HP_b,lamp_wholewafer,,,,,,,2026-09-22 20:01:18,second,measure,A,47-13,2,10.0,9.995218,4A08_4B07,SMU,7,18,
NA,current,1.85202e-10,RESULT,,,,LaMP_HP_b,lamp_wholewafer,,,,,,,2026-09-22 20:01:18,third,measure,A,NA,3,10.0,9.995176,2A07_2B08,SMU,6,19,
NA,current,9.99996e-07,RESULT,,,,LaMP_HP_b,lamp_wholewafer,,,,,,,2026-09-22 20:01:18,fourth,measure,A,NA,4,10.0,0.002437592,2A05_2B06,SMU,7,19,
40-02,current,4.97607e-11,RESULT,,,,LaMP_HP_b,lamp_wholewafer,,,,,,,2026-09-22 20:01:25,first,measure,A,40-02,1,10.0,9.99517,4A06_4B05,SMU,8,-18,
30-72,current,4.34625e-11,RESULT,,,,LaMP_HP_b,lamp_wholewafer,,,,,,,2026-09-22 20:01:25,second,measure,A,30-72,2,10.0,9.995138,4A08_4B07,SMU,9,-18,
40-03,current,4.33261e-11,RESULT,,,,LaMP_HP_b,lamp_wholewafer,,,,,,,2026-09-22 20:01:25,third,measure,A,40-03,3,10.0,9.995177,2A07_2B08,SMU,8,-17,
30-73,current,4.36216e-11,RESULT,,,,LaMP_HP_b,lamp_wholewafer,,,,,,,2026-09-22 20:01:25,fourth,measure,A,30-73,4,10.0,9.995275,2A05_2B06,SMU,9,-17,
40-04,current,1.43189e-10,RESULT,,,,LaMP_HP_b,lamp_wholewafer,,,,,,,2026-09-22 20:01:31,first,measure,A,40-04,1,10.0,9.995262,4A06_4B05,SMU,8,-16,
30-74,current,9.99996e-07,RESULT,,,,LaMP_HP_b,lamp_wholewafer,,,,,,,2026-09-22 20:01:31,second,measure,A,30-74,2,10.0,0.01002884,4A08_4B07,SMU,9,-16,
41-00,current,4.66457e-11,RESULT,,,,LaMP_HP_b,lamp_wholewafer,,,,,,,2026-09-22 20:01:31,third,measure,A,41-00,3,10.0,9.995162,2A07_2B08,SMU,8,-15,
31-70,current,4.35591e-11,RESULT,,,,LaMP_HP_b,lamp_wholewafer,,,,,,,2026-09-22 20:01:31,fourth,measure,A,31-70,4,10.0,9.995156,2A05_2B06,SMU,9,-15,
41-01,current,4.95902e-11,RESULT,,,,LaMP_HP_b,lamp_wholewafer,,,,,,,2026-09-22 20:01:38,first,measure,A,41-01,1,10.0,9.995203,4A06_4B05,SMU,8,-14,
31-71,current,4.39002e-11,RESULT,,,,LaMP_HP_b,lamp_wholewafer,,,,,,,2026-09-22 20:01:38,second,measure,A,31-71,2,10.0,9.995249,4A08_4B07,SMU,9,-14,
41-02,current,4.16776e-11,RESULT,,,,LaMP_HP_b,lamp_wholewafer,,,,,,,2026-09-22 20:01:38,third,measure,A,41-02,3,10.0,9.99527,2A07_2B08,SMU,8,-13,
31-72,current,4.00235e-11,RESULT,,,,LaMP_HP_b,lamp_wholewafer,,,,,,,2026-09-22 20:01:38,fourth,measure,A,31-72,4,10.0,9.995175,2A05_2B06,SMU,9,-13,
41-03,current,4.71744e-11,RESULT,,,,LaMP_HP_b,lamp_wholewafer,,,,,,,2026-09-22 20:01:44,first,measure,A,41-03,1,10.0,9.995169,4A06_4B05,SMU,8,-12,
31-73,current,4.39343e-11,RESULT,,,,LaMP_HP_b,lamp_wholewafer,,,,,,,2026-09-22 20:01:44,second,measure,A,31-73,2,10.0,9.99521,4A08_4B07,SMU,9,-12,
41-04,current,4.2246e-11,RESULT,,,,LaMP_HP_b,lamp_wholewafer,,,,,,,2026-09-22 20:01:44,third,measure,A,41-04,3,10.0,9.995192,2A07_2B08,SMU,8,-11,
31-74,current,4.17401e-11,RESULT,,,,LaMP_HP_b,lamp_wholewafer,,,,,,,2026-09-22 20:01:44,fourth,measure,A,31-74,4,10.0,9.995165,2A05_2B06,SMU,9,-11,
42-00,current,4.56964e-11,RESULT,,,,LaMP_HP_b,lamp_wholewafer,,,,,,,2026-09-22 20:01:51,first,measure,A,42-00,1,10.0,9.995211,4A06_4B05,SMU,8,-10,
32-70,current,4.06942e-11,RESULT,,,,LaMP_HP_b,lamp_wholewafer,,,,,,,2026-09-22 20:01:51,second,measure,A,32-70,2,10.0,9.995182,4A08_4B07,SMU,9,-10,
42-01,current,4.16378e-11,RESULT,,,,LaMP_HP_b,lamp_wholewafer,,,,,,,2026-09-22 20:01:51,third,measure,A,42-01,3,10.0,9.995143,2A07_2B08,SMU,8,-9,
32-71,current,4.0211e-11,RESULT,,,,LaMP_HP_b,lamp_wholewafer,,,,,,,2026-09-22 20:01:51,fourth,measure,A,32-71,4,10.0,9.99518,2A05_2B06,SMU,9,-9,
42-02,current,4.59977e-11,RESULT,,,,LaMP_HP_b,lamp_wholewafer,,,,,,,2026-09-22 20:01:57,first,measure,A,42-02,1,10.0,9.99525,4A06_4B05,SMU,8,-8,
32-72,current,4.51735e-11,RESULT,,,,LaMP_HP_b,lamp_wholewafer,,,,,,,2026-09-22 20:01:57,second,measure,A,32-72,2,10.0,9.99523,4A08_4B07,SMU,9,-8,
42-03,current,4.03872e-11,RESULT,,,,LaMP_HP_b,lamp_wholewafer,,,,,,,2026-09-22 20:01:57,third,measure,A,42-03,3,10.0,9.99519,2A07_2B08,SMU,8,-7,
32-73,current,3.91879e-11,RESULT,,,,LaMP_HP_b,lamp_wholewafer,,,,,,,2026-09-22 20:01:57,fourth,measure,A,32-73,4,10.0,9.995302,2A05_2B06,SMU,9,-7,
42-04,current,4.81691e-11,RESULT,,,,LaMP_HP_b,lamp_wholewafer,,,,,,,2026-09-22 20:02:04,first,measure,A,42-04,1,10.0,9.995179,4A06_4B05,SMU,8,-6,
32-74,current,4.2229e-11,RESULT,,,,LaMP_HP_b,lamp_wholewafer,,,,,,,2026-09-22 20:02:04,second,measure,A,32-74,2,10.0,9.995174,4A08_4B07,SMU,9,-6,
43-00,current,4.24336e-11,RESULT,,,,LaMP_HP_b,lamp_wholewafer,,,,,,,2026-09-22 20:02:04,third,measure,A,43-00,3,10.0,9.995126,2A07_2B08,SMU,8,-5,
33-70,current,4.02338e-11,RESULT,,,,LaMP_HP_b,lamp_wholewafer,,,,,,,2026-09-22 20:02:04,fourth,measure,A,33-70,4,10.0,9.995188,2A05_2B06,SMU,9,-5,
43-01,current,4.57703e-11,RESULT,,,,LaMP_HP_b,lamp_wholewafer,,,,,,,2026-09-22 20:02:10,first,measure,A,43-01,1,10.0,9.995156,4A06_4B05,SMU,8,-4,
33-71,current,4.4605e-11,RESULT,,,,LaMP_HP_b,lamp_wholewafer,,,,,,,2026-09-22 20:02:10,second,measure,A,33-71,2,10.0,9.995131,4A08_4B07,SMU,9,-4,
43-02,current,4.32806e-11,RESULT,,,,LaMP_HP_b,lamp_wholewafer,,,,,,,2026-09-22 20:02:10,third,measure,A,43-02,3,10.0,9.995186,2A07_2B08,SMU,8,-3,
33-72,current,4.02167e-11,RESULT,,,,LaMP_HP_b,lamp_wholewafer,,,,,,,2026-09-22 20:02:10,fourth,measure,A,33-72,4,10.0,9.995191,2A05_2B06,SMU,9,-3,
43-03,current,4.91411e-11,RESULT,,,,LaMP_HP_b,lamp_wholewafer,,,,,,,2026-09-22 20:02:17,first,measure,A,43-03,1,10.0,9.995116,4A06_4B05,SMU,8,-2,
33-73,current,4.22574e-11,RESULT,,,,LaMP_HP_b,lamp_wholewafer,,,,,,,2026-09-22 20:02:17,second,measure,A,33-73,2,10.0,9.995148,4A08_4B07,SMU,9,-2,
43-04,current,3.92163e-11,RESULT,,,,LaMP_HP_b,lamp_wholewafer,,,,,,,2026-09-22 20:02:17,third,measure,A,43-04,3,10.0,9.995128,2A07_2B08,SMU,8,-1,
33-74,current,4.149e-11,RESULT,,,,LaMP_HP_b,lamp_wholewafer,,,,,,,2026-09-22 20:02:17,fourth,measure,A,33-74,4,10.0,9.995178,2A05_2B06,SMU,9,-1,
44-00,current,5.017e-11,RESULT,,,,LaMP_HP_b,lamp_wholewafer,,,,,,,2026-09-22 20:02:23,first,measure,A,44-00,1,10.0,9.995173,4A06_4B05,SMU,8,0,
34-70,current,4.38604e-11,RESULT,,,,LaMP_HP_b,lamp_wholewafer,,,,,,,2026-09-22 20:02:23,second,measure,A,34-70,2,10.0,9.995163,4A08_4B07,SMU,9,0,
44-01,current,4.41332e-11,RESULT,,,,LaMP_HP_b,lamp_wholewafer,,,,,,,2026-09-22 20:02:23,third,measure,A,44-01,3,10.0,9.995174,2A07_2B08,SMU,8,1,
34-71,current,4.02963e-11,RESULT,,,,LaMP_HP_b,lamp_wholewafer,,,,,,,2026-09-22 20:02:23,fourth,measure,A,34-71,4,10.0,9.995207,2A05_2B06,SMU,9,1,
44-02,current,1.87553e-09,RESULT,,,,LaMP_HP_b,lamp_wholewafer,,,,,,,2026-09-22 20:02:30,first,measure,A,44-02,1,10.0,9.995188,4A06_4B05,SMU,8,2,
34-72,current,4.03247e-11,RESULT,,,,LaMP_HP_b,lamp_wholewafer,,,,,,,2026-09-22 20:02:30,second,measure,A,34-72,2,10.0,9.995156,4A08_4B07,SMU,9,2,
44-03,current,3.56067e-11,RESULT,,,,LaMP_HP_b,lamp_wholewafer,,,,,,,2026-09-22 20:02:30,third,measure,A,44-03,3,10.0,9.995165,2A07_2B08,SMU,8,3,
34-73,current,3.87729e-11,RESULT,,,,LaMP_HP_b,lamp_wholewafer,,,,,,,2026-09-22 20:02:30,fourth,measure,A,34-73,4,10.0,9.995161,2A05_2B06,SMU,9,3,
44-04,current,4.42696e-11,RESULT,,,,LaMP_HP_b,lamp_wholewafer,,,,,,,2026-09-22 20:02:36,first,measure,A,44-04,1,10.0,9.995239,4A06_4B05,SMU,8,4,
34-74,current,3.91424e-11,RESULT,,,,LaMP_HP_b,lamp_wholewafer,,,,,,,2026-09-22 20:02:36,second,measure,A,34-74,2,10.0,9.995173,4A08_4B07,SMU,9,4,
45-00,current,3.91481e-11,RESULT,,,,LaMP_HP_b,lamp_wholewafer,,,,,,,2026-09-22 20:02:36,third,measure,A,45-00,3,10.0,9.995222,2A07_2B08,SMU,8,5,
35-70,current,3.91594e-11,RESULT,,,,LaMP_HP_b,lamp_wholewafer,,,,,,,2026-09-22 20:02:36,fourth,measure,A,35-70,4,10.0,9.995253,2A05_2B06,SMU,9,5,
45-01,current,5.47118e-11,RESULT,,,,LaMP_HP_b,lamp_wholewafer,,,,,,,2026-09-22 20:02:43,first,measure,A,45-01,1,10.0,9.995254,4A06_4B05,SMU,8,6,
35-71,current,4.08932e-11,RESULT,,,,LaMP_HP_b,lamp_wholewafer,,,,,,,2026-09-22 20:02:43,second,measure,A,35-71,2,10.0,9.995225,4A08_4B07,SMU,9,6,
45-02,current,4.16321e-11,RESULT,,,,LaMP_HP_b,lamp_wholewafer,,,,,,,2026-09-22 20:02:43,third,measure,A,45-02,3,10.0,9.995231,2A07_2B08,SMU,8,7,
35-72,current,4.67651e-11,RESULT,,,,LaMP_HP_b,lamp_wholewafer,,,,,,,2026-09-22 20:02:43,fourth,measure,A,35-72,4,10.0,9.995214,2A05_2B06,SMU,9,7,
45-03,current,4.57476e-11,RESULT,,,,LaMP_HP_b,lamp_wholewafer,,,,,,,2026-09-22 20:02:49,first,measure,A,45-03,1,10.0,9.995161,4A06_4B05,SMU,8,8,
35-73,current,4.13195e-11,RESULT,,,,LaMP_HP_b,lamp_wholewafer,,,,,,,2026-09-22 20:02:49,second,measure,A,35-73,2,10.0,9.995165,4A08_4B07,SMU,9,8,
45-04,current,3.77668e-11,RESULT,,,,LaMP_HP_b,lamp_wholewafer,,,,,,,2026-09-22 20:02:49,third,measure,A,45-04,3,10.0,9.995081,2A07_2B08,SMU,8,9,
35-74,current,4.11944e-11,RESULT,,,,LaMP_HP_b,lamp_wholewafer,,,,,,,2026-09-22 20:02:49,fourth,measure,A,35-74,4,10.0,9.995117,2A05_2B06,SMU,9,9,
46-00,current,4.6947e-11,RESULT,,,,LaMP_HP_b,lamp_wholewafer,,,,,,,2026-09-22 20:02:56,first,measure,A,46-00,1,10.0,9.995115,4A06_4B05,SMU,8,10,
36-70,current,4.67537e-11,RESULT,,,,LaMP_HP_b,lamp_wholewafer,,,,,,,2026-09-22 20:02:56,second,measure,A,36-70,2,10.0,9.995153,4A08_4B07,SMU,9,10,
46-01,current,4.04611e-11,RESULT,,,,LaMP_HP_b,lamp_wholewafer,,,,,,,2026-09-22 20:02:56,third,measure,A,46-01,3,10.0,9.995241,2A07_2B08,SMU,8,11,
36-71,current,4.37353e-11,RESULT,,,,LaMP_HP_b,lamp_wholewafer,,,,,,,2026-09-22 20:02:56,fourth,measure,A,36-71,4,10.0,9.995139,2A05_2B06,SMU,9,11,
46-02,current,4.8658e-11,RESULT,,,,LaMP_HP_b,lamp_wholewafer,,,,,,,2026-09-22 20:03:02,first,measure,A,46-02,1,10.0,9.99512,4A06_4B05,SMU,8,12,
36-72,current,4.67708e-11,RESULT,,,,LaMP_HP_b,lamp_wholewafer,,,,,,,2026-09-22 20:03:02,second,measure,A,36-72,2,10.0,9.995157,4A08_4B07,SMU,9,12,
46-03,current,4.42981e-11,RESULT,,,,LaMP_HP_b,lamp_wholewafer,,,,,,,2026-09-22 20:03:02,third,measure,A,46-03,3,10.0,9.995238,2A07_2B08,SMU,8,13,
36-73,current,4.17572e-11,RESULT,,,,LaMP_HP_b,lamp_wholewafer,,,,,,,2026-09-22 20:03:02,fourth,measure,A,36-73,4,10.0,9.995172,2A05_2B06,SMU,9,13,
46-04,current,4.73619e-11,RESULT,,,,LaMP_HP_b,lamp_wholewafer,,,,,,,2026-09-22 20:03:09,first,measure,A,46-04,1,10.0,9.995254,4A06_4B05,SMU,8,14,
36-74,current,2.24935e-10,RESULT,,,,LaMP_HP_b,lamp_wholewafer,,,,,,,2026-09-22 20:03:09,second,measure,A,36-74,2,10.0,9.995254,4A08_4B07,SMU,9,14,
47-00,current,3.56636e-11,RESULT,,,,LaMP_HP_b,lamp_wholewafer,,,,,,,2026-09-22 20:03:09,third,measure,A,47-00,3,10.0,9.995192,2A07_2B08,SMU,8,15,
37-70,current,3.69653e-11,RESULT,,,,LaMP_HP_b,lamp_wholewafer,,,,,,,2026-09-22 20:03:09,fourth,measure,A,37-70,4,10.0,9.995129,2A05_2B06,SMU,9,15,
47-01,current,4.59863e-11,RESULT,,,,LaMP_HP_b,lamp_wholewafer,,,,,,,2026-09-22 20:03:15,first,measure,A,47-01,1,10.0,9.995186,4A06_4B05,SMU,8,16,
37-71,current,4.28884e-11,RESULT,,,,LaMP_HP_b,lamp_wholewafer,,,,,,,2026-09-22 20:03:15,second,measure,A,37-71,2,10.0,9.9952,4A08_4B07,SMU,9,16,
47-02,current,4.09216e-11,RESULT,,,,LaMP_HP_b,lamp_wholewafer,,,,,,,2026-09-22 20:03:15,third,measure,A,47-02,3,10.0,9.995177,2A07_2B08,SMU,8,17,
37-72,current,4.11092e-11,RESULT,,,,LaMP_HP_b,lamp_wholewafer,,,,,,,2026-09-22 20:03:15,fourth,measure,A,37-72,4,10.0,9.995124,2A05_2B06,SMU,9,17,
30-62,current,4.63672e-11,RESULT,,,,LaMP_HP_b,lamp_wholewafer,,,,,,,2026-09-22 20:03:22,first,measure,A,30-62,1,10.0,9.995171,4A06_4B05,SMU,10,-18,
30-52,current,4.43094e-11,RESULT,,,,LaMP_HP_b,lamp_wholewafer,,,,,,,2026-09-22 20:03:22,second,measure,A,30-52,2,10.0,9.995221,4A08_4B07,SMU,11,-18,
30-63,current,3.73177e-11,RESULT,,,,LaMP_HP_b,lamp_wholewafer,,,,,,,2026-09-22 20:03:22,third,measure,A,30-63,3,10.0,9.995222,2A07_2B08,SMU,10,-17,
30-53,current,3.79998e-11,RESULT,,,,LaMP_HP_b,lamp_wholewafer,,,,,,,2026-09-22 20:03:22,fourth,measure,A,30-53,4,10.0,9.995249,2A05_2B06,SMU,11,-17,
30-64,current,8.83119e-11,RESULT,,,,LaMP_HP_b,lamp_wholewafer,,,,,,,2026-09-22 20:03:28,first,measure,A,30-64,1,10.0,9.995228,4A06_4B05,SMU,10,-16,
30-54,current,8.22411e-11,RESULT,,,,LaMP_HP_b,lamp_wholewafer,,,,,,,2026-09-22 20:03:28,second,measure,A,30-54,2,10.0,9.995238,4A08_4B07,SMU,11,-16,
31-60,current,4.86523e-11,RESULT,,,,LaMP_HP_b,lamp_wholewafer,,,,,,,2026-09-22 20:03:28,third,measure,A,31-60,3,10.0,9.995206,2A07_2B08,SMU,10,-15,
31-50,current,4.55145e-11,RESULT,,,,LaMP_HP_b,lamp_wholewafer,,,,,,,2026-09-22 20:03:28,fourth,measure,A,31-50,4,10.0,9.995211,2A05_2B06,SMU,11,-15,
31-61,current,4.52587e-11,RESULT,,,,LaMP_HP_b,lamp_wholewafer,,,,,,,2026-09-22 20:03:35,first,measure,A,31-61,1,10.0,9.995117,4A06_4B05,SMU,10,-14,
31-51,current,4.2138e-11,RESULT,,,,LaMP_HP_b,lamp_wholewafer,,,,,,,2026-09-22 20:03:35,second,measure,A,31-51,2,10.0,9.995153,4A08_4B07,SMU,11,-14,
PCM,current,1.96394e-11,RESULT,,,,LaMP_HP_b,lamp_wholewafer,,,,,,,2026-09-22 20:03:35,third,measure,A,PCM,3,10.0,9.995138,2A07_2B08,SMU,10,-13,
31-52,current,4.37694e-11,RESULT,,,,LaMP_HP_b,lamp_wholewafer,,,,,,,2026-09-22 20:03:35,fourth,measure,A,31-52,4,10.0,9.9952,2A05_2B06,SMU,11,-13,
31-63,current,4.83283e-11,RESULT,,,,LaMP_HP_b,lamp_wholewafer,,,,,,,2026-09-22 20:03:41,first,measure,A,31-63,1,10.0,9.99518,4A06_4B05,SMU,10,-12,
31-53,current,4.25643e-11,RESULT,,,,LaMP_HP_b,lamp_wholewafer,,,,,,,2026-09-22 20:03:41,second,measure,A,31-53,2,10.0,9.995204,4A08_4B07,SMU,11,-12,
31-64,current,4.25473e-11,RESULT,,,,LaMP_HP_b,lamp_wholewafer,,,,,,,2026-09-22 20:03:41,third,measure,A,31-64,3,10.0,9.995096,2A07_2B08,SMU,10,-11,
31-54,current,4.27292e-11,RESULT,,,,LaMP_HP_b,lamp_wholewafer,,,,,,,2026-09-22 20:03:41,fourth,measure,A,31-54,4,10.0,9.995094,2A05_2B06,SMU,11,-11,
32-60,current,4.82942e-11,RESULT,,,,LaMP_HP_b,lamp_wholewafer,,,,,,,2026-09-22 20:03:48,first,measure,A,32-60,1,10.0,9.995119,4A06_4B05,SMU,10,-10,
32-50,current,4.51337e-11,RESULT,,,,LaMP_HP_b,lamp_wholewafer,,,,,,,2026-09-22 20:03:48,second,measure,A,32-50,2,10.0,9.995094,4A08_4B07,SMU,11,-10,
32-61,current,3.90571e-11,RESULT,,,,LaMP_HP_b,lamp_wholewafer,,,,,,,2026-09-22 20:03:48,third,measure,A,32-61,3,10.0,9.995039,2A07_2B08,SMU,10,-9,
32-51,current,3.87899e-11,RESULT,,,,LaMP_HP_b,lamp_wholewafer,,,,,,,2026-09-22 20:03:48,fourth,measure,A,32-51,4,10.0,9.995082,2A05_2B06,SMU,11,-9,
32-62,current,4.91127e-11,RESULT,,,,LaMP_HP_b,lamp_wholewafer,,,,,,,2026-09-22 20:03:54,first,measure,A,32-62,1,10.0,9.995161,4A06_4B05,SMU,10,-8,
32-52,current,4.24734e-11,RESULT,,,,LaMP_HP_b,lamp_wholewafer,,,,,,,2026-09-22 20:03:54,second,measure,A,32-52,2,10.0,9.995132,4A08_4B07,SMU,11,-8,
32-63,current,4.37865e-11,RESULT,,,,LaMP_HP_b,lamp_wholewafer,,,,,,,2026-09-22 20:03:54,third,measure,A,32-63,3,10.0,9.99518,2A07_2B08,SMU,10,-7,
32-53,current,4.20357e-11,RESULT,,,,LaMP_HP_b,lamp_wholewafer,,,,,,,2026-09-22 20:03:54,fourth,measure,A,32-53,4,10.0,9.995113,2A05_2B06,SMU,11,-7,
32-64,current,4.79417e-11,RESULT,,,,LaMP_HP_b,lamp_wholewafer,,,,,,,2026-09-22 20:04:01,first,measure,A,32-64,1,10.0,9.995169,4A06_4B05,SMU,10,-6,
32-54,current,4.02679e-11,RESULT,,,,LaMP_HP_b,lamp_wholewafer,,,,,,,2026-09-22 20:04:01,second,measure,A,32-54,2,10.0,9.995222,4A08_4B07,SMU,11,-6,
33-60,current,3.78179e-11,RESULT,,,,LaMP_HP_b,lamp_wholewafer,,,,,,,2026-09-22 20:04:01,third,measure,A,33-60,3,10.0,9.995234,2A07_2B08,SMU,10,-5,
33-50,current,3.7835e-11,RESULT,,,,LaMP_HP_b,lamp_wholewafer,,,,,,,2026-09-22 20:04:01,fourth,measure,A,33-50,4,10.0,9.995206,2A05_2B06,SMU,11,-5,
33-61,current,4.5992e-11,RESULT,,,,LaMP_HP_b,lamp_wholewafer,,,,,,,2026-09-22 20:04:07,first,measure,A,33-61,1,10.0,9.995155,4A06_4B05,SMU,10,-4,
33-51,current,4.50711e-11,RESULT,,,,LaMP_HP_b,lamp_wholewafer,,,,,,,2026-09-22 20:04:07,second,measure,A,33-51,2,10.0,9.995169,4A08_4B07,SMU,11,-4,
PCM,current,2.3465e-11,RESULT,,,,LaMP_HP_b,lamp_wholewafer,,,,,,,2026-09-22 20:04:07,third,measure,A,PCM,3,10.0,9.99515,2A07_2B08,SMU,10,-3,
33-52,current,4.0967e-11,RESULT,,,,LaMP_HP_b,lamp_wholewafer,,,,,,,2026-09-22 20:04:07,fourth,measure,A,33-52,4,10.0,9.9952,2A05_2B06,SMU,11,-3,
33-63,current,4.5145e-11,RESULT,,,,LaMP_HP_b,lamp_wholewafer,,,,,,,2026-09-22 20:04:14,first,measure,A,33-63,1,10.0,9.99515,4A06_4B05,SMU,10,-2,
33-53,current,4.60318e-11,RESULT,,,,LaMP_HP_b,lamp_wholewafer,,,,,,,2026-09-22 20:04:14,second,measure,A,33-53,2,10.0,9.99524,4A08_4B07,SMU,11,-2,
33-64,current,4.47699e-11,RESULT,,,,LaMP_HP_b,lamp_wholewafer,,,,,,,2026-09-22 20:04:14,third,measure,A,33-64,3,10.0,9.995249,2A07_2B08,SMU,10,-1,
33-54,current,4.15923e-11,RESULT,,,,LaMP_HP_b,lamp_wholewafer,,,,,,,2026-09-22 20:04:14,fourth,measure,A,33-54,4,10.0,9.995232,2A05_2B06,SMU,11,-1,
34-60,current,4.52303e-11,RESULT,,,,LaMP_HP_b,lamp_wholewafer,,,,,,,2026-09-22 20:04:20,first,measure,A,34-60,1,10.0,9.995195,4A06_4B05,SMU,10,0,
34-50,current,4.31385e-11,RESULT,,,,LaMP_HP_b,lamp_wholewafer,,,,,,,2026-09-22 20:04:20,second,measure,A,34-50,2,10.0,9.995252,4A08_4B07,SMU,11,0,
34-61,current,4.18766e-11,RESULT,,,,LaMP_HP_b,lamp_wholewafer,,,,,,,2026-09-22 20:04:20,third,measure,A,34-61,3,10.0,9.995195,2A07_2B08,SMU,10,1,
34-51,current,4.13422e-11,RESULT,,,,LaMP_HP_b,lamp_wholewafer,,,,,,,2026-09-22 20:04:20,fourth,measure,A,34-51,4,10.0,9.995217,2A05_2B06,SMU,11,1,
34-62,current,4.92037e-11,RESULT,,,,LaMP_HP_b,lamp_wholewafer,,,,,,,2026-09-22 20:04:27,first,measure,A,34-62,1,10.0,9.995192,4A06_4B05,SMU,10,2,
34-52,current,4.71459e-11,RESULT,,,,LaMP_HP_b,lamp_wholewafer,,,,,,,2026-09-22 20:04:27,second,measure,A,34-52,2,10.0,9.995157,4A08_4B07,SMU,11,2,
34-63,current,3.93868e-11,RESULT,,,,LaMP_HP_b,lamp_wholewafer,,,,,,,2026-09-22 20:04:27,third,measure,A,34-63,3,10.0,9.995195,2A07_2B08,SMU,10,3,
34-53,current,4.40593e-11,RESULT,,,,LaMP_HP_b,lamp_wholewafer,,,,,,,2026-09-22 20:04:27,fourth,measure,A,34-53,4,10.0,9.995245,2A05_2B06,SMU,11,3,
34-64,current,4.61569e-11,RESULT,,,,LaMP_HP_b,lamp_wholewafer,,,,,,,2026-09-22 20:04:33,first,measure,A,34-64,1,10.0,9.995164,4A06_4B05,SMU,10,4,
34-54,current,4.59579e-11,RESULT,,,,LaMP_HP_b,lamp_wholewafer,,,,,,,2026-09-22 20:04:33,second,measure,A,34-54,2,10.0,9.995134,4A08_4B07,SMU,11,4,
35-60,current,4.25189e-11,RESULT,,,,LaMP_HP_b,lamp_wholewafer,,,,,,,2026-09-22 20:04:33,third,measure,A,35-60,3,10.0,9.995114,2A07_2B08,SMU,10,5,
35-50,current,4.31385e-11,RESULT,,,,LaMP_HP_b,lamp_wholewafer,,,,,,,2026-09-22 20:04:33,fourth,measure,A,35-50,4,10.0,9.995209,2A05_2B06,SMU,11,5,
35-61,current,4.7487e-11,RESULT,,,,LaMP_HP_b,lamp_wholewafer,,,,,,,2026-09-22 20:04:40,first,measure,A,35-61,1,10.0,9.995399,4A06_4B05,SMU,10,6,
35-51,current,3.82386e-11,RESULT,,,,LaMP_HP_b,lamp_wholewafer,,,,,,,2026-09-22 20:04:40,second,measure,A,35-51,2,10.0,9.995264,4A08_4B07,SMU,11,6,
PCM,current,2.16914e-11,RESULT,,,,LaMP_HP_b,lamp_wholewafer,,,,,,,2026-09-22 20:04:40,third,measure,A,PCM,3,10.0,9.995317,2A07_2B08,SMU,10,7,
35-52,current,4.16719e-11,RESULT,,,,LaMP_HP_b,lamp_wholewafer,,,,,,,2026-09-22 20:04:40,fourth,measure,A,35-52,4,10.0,9.99537,2A05_2B06,SMU,11,7,
35-63,current,4.94481e-11,RESULT,,,,LaMP_HP_b,lamp_wholewafer,,,,,,,2026-09-22 20:04:46,first,measure,A,35-63,1,10.0,9.995255,4A06_4B05,SMU,10,8,
35-53,current,4.18197e-11,RESULT,,,,LaMP_HP_b,lamp_wholewafer,,,,,,,2026-09-22 20:04:46,second,measure,A,35-53,2,10.0,9.995213,4A08_4B07,SMU,11,8,
35-64,current,4.66343e-11,RESULT,,,,LaMP_HP_b,lamp_wholewafer,,,,,,,2026-09-22 20:04:46,third,measure,A,35-64,3,10.0,9.995253,2A07_2B08,SMU,10,9,
35-54,current,4.15866e-11,RESULT,,,,LaMP_HP_b,lamp_wholewafer,,,,,,,2026-09-22 20:04:46,fourth,measure,A,35-54,4,10.0,9.995214,2A05_2B06,SMU,11,9,
36-60,current,4.77712e-11,RESULT,,,,LaMP_HP_b,lamp_wholewafer,,,,,,,2026-09-22 20:04:53,first,measure,A,36-60,1,10.0,9.995184,4A06_4B05,SMU,10,10,
36-50,current,4.27974e-11,RESULT,,,,LaMP_HP_b,lamp_wholewafer,,,,,,,2026-09-22 20:04:53,second,measure,A,36-50,2,10.0,9.995203,4A08_4B07,SMU,11,10,
36-61,current,4.09784e-11,RESULT,,,,LaMP_HP_b,lamp_wholewafer,,,,,,,2026-09-22 20:04:53,third,measure,A,36-61,3,10.0,9.995218,2A07_2B08,SMU,10,11,
36-51,current,1.8664e-10,RESULT,,,,LaMP_HP_b,lamp_wholewafer,,,,,,,2026-09-22 20:04:53,fourth,measure,A,36-51,4,10.0,9.995237,2A05_2B06,SMU,11,11,
36-62,current,5.3484e-11,RESULT,,,,LaMP_HP_b,lamp_wholewafer,,,,,,,2026-09-22 20:04:59,first,measure,A,36-62,1,10.0,9.995222,4A06_4B05,SMU,10,12,
36-52,current,5.3069e-11,RESULT,,,,LaMP_HP_b,lamp_wholewafer,,,,,,,2026-09-22 20:04:59,second,measure,A,36-52,2,10.0,9.995194,4A08_4B07,SMU,11,12,
36-63,current,2.27175e-10,RESULT,,,,LaMP_HP_b,lamp_wholewafer,,,,,,,2026-09-22 20:04:59,third,measure,A,36-63,3,10.0,9.995183,2A07_2B08,SMU,10,13,
36-53,current,4.9323e-11,RESULT,,,,LaMP_HP_b,lamp_wholewafer,,,,,,,2026-09-22 20:04:59,fourth,measure,A,36-53,4,10.0,9.995218,2A05_2B06,SMU,11,13,
36-64,current,5.78268e-11,RESULT,,,,LaMP_HP_b,lamp_wholewafer,,,,,,,2026-09-22 20:05:06,first,measure,A,36-64,1,10.0,9.995259,4A06_4B05,SMU,10,14,
36-54,current,4.90388e-11,RESULT,,,,LaMP_HP_b,lamp_wholewafer,,,,,,,2026-09-22 20:05:06,second,measure,A,36-54,2,10.0,9.995268,4A08_4B07,SMU,11,14,
37-60,current,1.89704e-10,RESULT,,,,LaMP_HP_b,lamp_wholewafer,,,,,,,2026-09-22 20:05:06,third,measure,A,37-60,3,10.0,9.995296,2A07_2B08,SMU,10,15,
37-50,current,9.99996e-07,RESULT,,,,LaMP_HP_b,lamp_wholewafer,,,,,,,2026-09-22 20:05:06,fourth,measure,A,37-50,4,10.0,1.670554,2A05_2B06,SMU,11,15,
37-61,current,9.99996e-07,RESULT,,,,LaMP_HP_b,lamp_wholewafer,,,,,,,2026-09-22 20:05:12,first,measure,A,37-61,1,10.0,1.893684,4A06_4B05,SMU,10,16,
37-51,current,5.29269e-11,RESULT,,,,LaMP_HP_b,lamp_wholewafer,,,,,,,2026-09-22 20:05:12,second,measure,A,37-51,2,10.0,9.995253,4A08_4B07,SMU,11,16,
PCM,current,1.04745e-10,RESULT,,,,LaMP_HP_b,lamp_wholewafer,,,,,,,2026-09-22 20:05:12,third,measure,A,PCM,3,10.0,9.995293,2A07_2B08,SMU,10,17,
37-52,current,4.92719e-11,RESULT,,,,LaMP_HP_b,lamp_wholewafer,,,,,,,2026-09-22 20:05:12,fourth,measure,A,37-52,4,10.0,9.995177,2A05_2B06,SMU,11,17,
30-42,current,2.5081e-10,RESULT,,,,LaMP_HP_b,lamp_wholewafer,,,,,,,2026-09-22 20:05:19,first,measure,A,30-42,1,10.0,9.995184,4A06_4B05,SMU,12,-18,
30-32,current,3.7403e-11,RESULT,,,,LaMP_HP_b,lamp_wholewafer,,,,,,,2026-09-22 20:05:19,second,measure,A,30-32,2,10.0,9.99517,4A08_4B07,SMU,13,-18,
30-43,current,3.85626e-11,RESULT,,,,LaMP_HP_b,lamp_wholewafer,,,,,,,2026-09-22 20:05:19,third,measure,A,30-43,3,10.0,9.995169,2A07_2B08,SMU,12,-17,
30-33,current,4.17288e-11,RESULT,,,,LaMP_HP_b,lamp_wholewafer,,,,,,,2026-09-22 20:05:19,fourth,measure,A,30-33,4,10.0,9.995195,2A05_2B06,SMU,13,-17,
30-44,current,4.45425e-11,RESULT,,,,LaMP_HP_b,lamp_wholewafer,,,,,,,2026-09-22 20:05:26,first,measure,A,30-44,1,10.0,9.995179,4A06_4B05,SMU,12,-16,
30-34,current,4.33317e-11,RESULT,,,,LaMP_HP_b,lamp_wholewafer,,,,,,,2026-09-22 20:05:26,second,measure,A,30-34,2,10.0,9.995119,4A08_4B07,SMU,13,-16,
31-40,current,3.93129e-11,RESULT,,,,LaMP_HP_b,lamp_wholewafer,,,,,,,2026-09-22 20:05:26,third,measure,A,31-40,3,10.0,9.995152,2A07_2B08,SMU,12,-15,
31-30,current,3.69994e-11,RESULT,,,,LaMP_HP_b,lamp_wholewafer,,,,,,,2026-09-22 20:05:26,fourth,measure,A,31-30,4,10.0,9.995133,2A05_2B06,SMU,13,-15,
31-41,current,4.50598e-11,RESULT,,,,LaMP_HP_b,lamp_wholewafer,,,,,,,2026-09-22 20:05:32,first,measure,A,31-41,1,10.0,9.995198,4A06_4B05,SMU,12,-14,
31-31,current,3.92504e-11,RESULT,,,,LaMP_HP_b,lamp_wholewafer,,,,,,,2026-09-22 20:05:32,second,measure,A,31-31,2,10.0,9.995199,4A08_4B07,SMU,13,-14,
31-42,current,3.80339e-11,RESULT,,,,LaMP_HP_b,lamp_wholewafer,,,,,,,2026-09-22 20:05:32,third,measure,A,31-42,3,10.0,9.995206,2A07_2B08,SMU,12,-13,
31-32,current,3.61013e-11,RESULT,,,,LaMP_HP_b,lamp_wholewafer,,,,,,,2026-09-22 20:05:32,fourth,measure,A,31-32,4,10.0,9.995165,2A05_2B06,SMU,13,-13,
31-43,current,4.50655e-11,RESULT,,,,LaMP_HP_b,lamp_wholewafer,,,,,,,2026-09-22 20:05:39,first,measure,A,31-43,1,10.0,9.995235,4A06_4B05,SMU,12,-12,
31-33,current,4.32237e-11,RESULT,,,,LaMP_HP_b,lamp_wholewafer,,,,,,,2026-09-22 20:05:39,second,measure,A,31-33,2,10.0,9.995218,4A08_4B07,SMU,13,-12,
31-44,current,4.32976e-11,RESULT,,,,LaMP_HP_b,lamp_wholewafer,,,,,,,2026-09-22 20:05:39,third,measure,A,31-44,3,10.0,9.995214,2A07_2B08,SMU,12,-11,
31-34,current,3.86478e-11,RESULT,,,,LaMP_HP_b,lamp_wholewafer,,,,,,,2026-09-22 20:05:39,fourth,measure,A,31-34,4,10.0,9.995152,2A05_2B06,SMU,13,-11,
32-40,current,4.3292e-11,RESULT,,,,LaMP_HP_b,lamp_wholewafer,,,,,,,2026-09-22 20:05:45,first,measure,A,32-40,1,10.0,9.995209,4A06_4B05,SMU,12,-10,
32-30,current,4.01542e-11,RESULT,,,,LaMP_HP_b,lamp_wholewafer,,,,,,,2026-09-22 20:05:45,second,measure,A,32-30,2,10.0,9.995194,4A08_4B07,SMU,13,-10,
32-41,current,3.93641e-11,RESULT,,,,LaMP_HP_b,lamp_wholewafer,,,,,,,2026-09-22 20:05:45,third,measure,A,32-41,3,10.0,9.995138,2A07_2B08,SMU,12,-9,
32-31,current,2.32478e-10,RESULT,,,,LaMP_HP_b,lamp_wholewafer,,,,,,,2026-09-22 20:05:45,fourth,measure,A,32-31,4,10.0,9.99515,2A05_2B06,SMU,13,-9,
32-42,current,5.31088e-11,RESULT,,,,LaMP_HP_b,lamp_wholewafer,,,,,,,2026-09-22 20:05:52,first,measure,A,32-42,1,10.0,9.995171,4A06_4B05,SMU,12,-8,
32-32,current,4.99426e-11,RESULT,,,,LaMP_HP_b,lamp_wholewafer,,,,,,,2026-09-22 20:05:52,second,measure,A,32-32,2,10.0,9.995156,4A08_4B07,SMU,13,-8,
32-43,current,4.46391e-11,RESULT,,,,LaMP_HP_b,lamp_wholewafer,,,,,,,2026-09-22 20:05:52,third,measure,A,32-43,3,10.0,9.995218,2A07_2B08,SMU,12,-7,
32-33,current,3.82499e-11,RESULT,,,,LaMP_HP_b,lamp_wholewafer,,,,,,,2026-09-22 20:05:52,fourth,measure,A,32-33,4,10.0,9.995241,2A05_2B06,SMU,13,-7,
32-44,current,4.71403e-11,RESULT,,,,LaMP_HP_b,lamp_wholewafer,,,,,,,2026-09-22 20:05:58,first,measure,A,32-44,1,10.0,9.995185,4A06_4B05,SMU,12,-6,
32-34,current,4.54008e-11,RESULT,,,,LaMP_HP_b,lamp_wholewafer,,,,,,,2026-09-22 20:05:58,second,measure,A,32-34,2,10.0,9.995113,4A08_4B07,SMU,13,-6,
33-40,current,4.31328e-11,RESULT,,,,LaMP_HP_b,lamp_wholewafer,,,,,,,2026-09-22 20:05:58,third,measure,A,33-40,3,10.0,9.995058,2A07_2B08,SMU,12,-5,
33-30,current,4.17458e-11,RESULT,,,,LaMP_HP_b,lamp_wholewafer,,,,,,,2026-09-22 20:05:58,fourth,measure,A,33-30,4,10.0,9.995096,2A05_2B06,SMU,13,-5,
33-41,current,4.76007e-11,RESULT,,,,LaMP_HP_b,lamp_wholewafer,,,,,,,2026-09-22 20:06:05,first,measure,A,33-41,1,10.0,9.995084,4A06_4B05,SMU,12,-4,
33-31,current,4.38718e-11,RESULT,,,,LaMP_HP_b,lamp_wholewafer,,,,,,,2026-09-22 20:06:05,second,measure,A,33-31,2,10.0,9.995128,4A08_4B07,SMU,13,-4,
33-42,current,3.80169e-11,RESULT,,,,LaMP_HP_b,lamp_wholewafer,,,,,,,2026-09-22 20:06:05,third,measure,A,33-42,3,10.0,9.99515,2A07_2B08,SMU,12,-3,
33-32,current,4.25189e-11,RESULT,,,,LaMP_HP_b,lamp_wholewafer,,,,,,,2026-09-22 20:06:05,fourth,measure,A,33-32,4,10.0,9.995136,2A05_2B06,SMU,13,-3,
33-43,current,4.36444e-11,RESULT,,,,LaMP_HP_b,lamp_wholewafer,,,,,,,2026-09-22 20:06:11,first,measure,A,33-43,1,10.0,9.995134,4A06_4B05,SMU,12,-2,
33-33,current,4.23768e-11,RESULT,,,,LaMP_HP_b,lamp_wholewafer,,,,,,,2026-09-22 20:06:11,second,measure,A,33-33,2,10.0,9.995165,4A08_4B07,SMU,13,-2,
33-44,current,4.18026e-11,RESULT,,,,LaMP_HP_b,lamp_wholewafer,,,,,,,2026-09-22 20:06:11,third,measure,A,33-44,3,10.0,9.995054,2A07_2B08,SMU,12,-1,
33-34,current,4.10239e-11,RESULT,,,,LaMP_HP_b,lamp_wholewafer,,,,,,,2026-09-22 20:06:11,fourth,measure,A,33-34,4,10.0,9.99514,2A05_2B06,SMU,13,-1,
34-40,current,4.85898e-11,RESULT,,,,LaMP_HP_b,lamp_wholewafer,,,,,,,2026-09-22 20:06:18,first,measure,A,34-40,1,10.0,9.995148,4A06_4B05,SMU,12,0,
34-30,current,4.51905e-11,RESULT,,,,LaMP_HP_b,lamp_wholewafer,,,,,,,2026-09-22 20:06:18,second,measure,A,34-30,2,10.0,9.995195,4A08_4B07,SMU,13,0,
34-41,current,4.13024e-11,RESULT,,,,LaMP_HP_b,lamp_wholewafer,,,,,,,2026-09-22 20:06:18,third,measure,A,34-41,3,10.0,9.995288,2A07_2B08,SMU,12,1,
34-31,current,3.87956e-11,RESULT,,,,LaMP_HP_b,lamp_wholewafer,,,,,,,2026-09-22 20:06:18,fourth,measure,A,34-31,4,10.0,9.995222,2A05_2B06,SMU,13,1,
34-42,current,4.97948e-11,RESULT,,,,LaMP_HP_b,lamp_wholewafer,,,,,,,2026-09-22 20:06:24,first,measure,A,34-42,1,10.0,9.995292,4A06_4B05,SMU,12,2,
34-32,current,4.52474e-11,RESULT,,,,LaMP_HP_b,lamp_wholewafer,,,,,,,2026-09-22 20:06:24,second,measure,A,34-32,2,10.0,9.995264,4A08_4B07,SMU,13,2,
34-43,current,4.2661e-11,RESULT,,,,LaMP_HP_b,lamp_wholewafer,,,,,,,2026-09-22 20:06:24,third,measure,A,34-43,3,10.0,9.995254,2A07_2B08,SMU,12,3,
34-33,current,4.22119e-11,RESULT,,,,LaMP_HP_b,lamp_wholewafer,,,,,,,2026-09-22 20:06:24,fourth,measure,A,34-33,4,10.0,9.995224,2A05_2B06,SMU,13,3,
34-44,current,4.79588e-11,RESULT,,,,LaMP_HP_b,lamp_wholewafer,,,,,,,2026-09-22 20:06:30,first,measure,A,34-44,1,10.0,9.995165,4A06_4B05,SMU,12,4,
34-34,current,4.53724e-11,RESULT,,,,LaMP_HP_b,lamp_wholewafer,,,,,,,2026-09-22 20:06:30,second,measure,A,34-34,2,10.0,9.99514,4A08_4B07,SMU,13,4,
35-40,current,4.33545e-11,RESULT,,,,LaMP_HP_b,lamp_wholewafer,,,,,,,2026-09-22 20:06:30,third,measure,A,35-40,3,10.0,9.995169,2A07_2B08,SMU,12,5,
35-30,current,4.26951e-11,RESULT,,,,LaMP_HP_b,lamp_wholewafer,,,,,,,2026-09-22 20:06:30,fourth,measure,A,35-30,4,10.0,9.99518,2A05_2B06,SMU,13,5,
35-41,current,4.4929e-11,RESULT,,,,LaMP_HP_b,lamp_wholewafer,,,,,,,2026-09-22 20:06:37,first,measure,A,35-41,1,10.0,9.9952,4A06_4B05,SMU,12,6,
35-31,current,4.31555e-11,RESULT,,,,LaMP_HP_b,lamp_wholewafer,,,,,,,2026-09-22 20:06:37,second,measure,A,35-31,2,10.0,9.995253,4A08_4B07,SMU,13,6,
35-42,current,4.06146e-11,RESULT,,,,LaMP_HP_b,lamp_wholewafer,,,,,,,2026-09-22 20:06:37,third,measure,A,35-42,3,10.0,9.995178,2A07_2B08,SMU,12,7,
35-32,current,4.30589e-11,RESULT,,,,LaMP_HP_b,lamp_wholewafer,,,,,,,2026-09-22 20:06:37,fourth,measure,A,35-32,4,10.0,9.995223,2A05_2B06,SMU,13,7,
35-43,current,4.80668e-11,RESULT,,,,LaMP_HP_b,lamp_wholewafer,,,,,,,2026-09-22 20:06:43,first,measure,A,35-43,1,10.0,9.995176,4A06_4B05,SMU,12,8,
35-33,current,4.35421e-11,RESULT,,,,LaMP_HP_b,lamp_wholewafer,,,,,,,2026-09-22 20:06:43,second,measure,A,35-33,2,10.0,9.995171,4A08_4B07,SMU,13,8,
35-44,current,4.35364e-11,RESULT,,,,LaMP_HP_b,lamp_wholewafer,,,,,,,2026-09-22 20:06:43,third,measure,A,35-44,3,10.0,9.995113,2A07_2B08,SMU,12,9,
35-34,current,4.0626e-11,RESULT,,,,LaMP_HP_b,lamp_wholewafer,,,,,,,2026-09-22 20:06:43,fourth,measure,A,35-34,4,10.0,9.995146,2A05_2B06,SMU,13,9,
36-40,current,4.90047e-11,RESULT,,,,LaMP_HP_b,lamp_wholewafer,,,,,,,2026-09-22 20:06:50,first,measure,A,36-40,1,10.0,9.995146,4A06_4B05,SMU,12,10,
36-30,current,4.18481e-11,RESULT,,,,LaMP_HP_b,lamp_wholewafer,,,,,,,2026-09-22 20:06:50,second,measure,A,36-30,2,10.0,9.995195,4A08_4B07,SMU,13,10,
36-41,current,4.23313e-11,RESULT,,,,LaMP_HP_b,lamp_wholewafer,,,,,,,2026-09-22 20:06:50,third,measure,A,36-41,3,10.0,9.995186,2A07_2B08,SMU,12,11,
36-31,current,4.62535e-11,RESULT,,,,LaMP_HP_b,lamp_wholewafer,,,,,,,2026-09-22 20:06:50,fourth,measure,A,36-31,4,10.0,9.995158,2A05_2B06,SMU,13,11,
36-42,current,1.80381e-10,RESULT,,,,LaMP_HP_b,lamp_wholewafer,,,,,,,2026-09-22 20:06:56,first,measure,A,36-42,1,10.0,9.995142,4A06_4B05,SMU,12,12,
36-32,current,4.78281e-11,RESULT,,,,LaMP_HP_b,lamp_wholewafer,,,,,,,2026-09-22 20:06:56,second,measure,A,36-32,2,10.0,9.995222,4A08_4B07,SMU,13,12,
36-43,current,5.04372e-11,RESULT,,,,LaMP_HP_b,lamp_wholewafer,,,,,,,2026-09-22 20:06:56,third,measure,A,36-43,3,10.0,9.995178,2A07_2B08,SMU,12,13,
36-33,current,8.91589e-11,RESULT,,,,LaMP_HP_b,lamp_wholewafer,,,,,,,2026-09-22 20:06:56,fourth,measure,A,36-33,4,10.0,9.995176,2A05_2B06,SMU,13,13,
36-44,current,5.62466e-11,RESULT,,,,LaMP_HP_b,lamp_wholewafer,,,,,,,2026-09-22 20:07:03,first,measure,A,36-44,1,10.0,9.995144,4A06_4B05,SMU,12,14,
36-34,current,4.95731e-11,RESULT,,,,LaMP_HP_b,lamp_wholewafer,,,,,,,2026-09-22 20:07:03,second,measure,A,36-34,2,10.0,9.995122,4A08_4B07,SMU,13,14,
37-40,current,4.68674e-11,RESULT,,,,LaMP_HP_b,lamp_wholewafer,,,,,,,2026-09-22 20:07:03,third,measure,A,37-40,3,10.0,9.995188,2A07_2B08,SMU,12,15,
37-30,current,4.45368e-11,RESULT,,,,LaMP_HP_b,lamp_wholewafer,,,,,,,2026-09-22 20:07:03,fourth,measure,A,37-30,4,10.0,9.995241,2A05_2B06,SMU,13,15,
37-41,current,5.07327e-11,RESULT,,,,LaMP_HP_b,lamp_wholewafer,,,,,,,2026-09-22 20:07:09,first,measure,A,37-41,1,10.0,9.995257,4A06_4B05,SMU,12,16,
37-31,current,5.12216e-11,RESULT,,,,LaMP_HP_b,lamp_wholewafer,,,,,,,2026-09-22 20:07:09,second,measure,A,37-31,2,10.0,9.995242,4A08_4B07,SMU,13,16,
37-42,current,1.55654e-10,RESULT,,,,LaMP_HP_b,lamp_wholewafer,,,,,,,2026-09-22 20:07:09,third,measure,A,37-42,3,10.0,9.995241,2A07_2B08,SMU,12,17,
37-32,current,3.95516e-11,RESULT,,,,LaMP_HP_b,lamp_wholewafer,,,,,,,2026-09-22 20:07:09,fourth,measure,A,37-32,4,10.0,9.995289,2A05_2B06,SMU,13,17,
30-22,current,4.4372e-11,RESULT,,,,LaMP_HP_b,lamp_wholewafer,,,,,,,2026-09-22 20:07:16,first,measure,A,30-22,1,10.0,9.995182,4A06_4B05,SMU,14,-18,
30-12,current,3.65048e-11,RESULT,,,,LaMP_HP_b,lamp_wholewafer,,,,,,,2026-09-22 20:07:16,second,measure,A,30-12,2,10.0,9.995175,4A08_4B07,SMU,15,-18,
30-23,current,4.31498e-11,RESULT,,,,LaMP_HP_b,lamp_wholewafer,,,,,,,2026-09-22 20:07:16,third,measure,A,30-23,3,10.0,9.995182,2A07_2B08,SMU,14,-17,
30-13,current,4.13422e-11,RESULT,,,,LaMP_HP_b,lamp_wholewafer,,,,,,,2026-09-22 20:07:16,fourth,measure,A,30-13,4,10.0,9.995182,2A05_2B06,SMU,15,-17,
30-24,current,4.52246e-11,RESULT,,,,LaMP_HP_b,lamp_wholewafer,,,,,,,2026-09-22 20:07:23,first,measure,A,30-24,1,10.0,9.995162,4A06_4B05,SMU,14,-16,
30-14,current,3.90457e-11,RESULT,,,,LaMP_HP_b,lamp_wholewafer,,,,,,,2026-09-22 20:07:23,second,measure,A,30-14,2,10.0,9.995125,4A08_4B07,SMU,15,-16,
31-20,current,4.0518e-11,RESULT,,,,LaMP_HP_b,lamp_wholewafer,,,,,,,2026-09-22 20:07:23,third,measure,A,31-20,3,10.0,9.995174,2A07_2B08,SMU,14,-15,
31-10,current,3.96995e-11,RESULT,,,,LaMP_HP_b,lamp_wholewafer,,,,,,,2026-09-22 20:07:23,fourth,measure,A,31-10,4,10.0,9.995174,2A05_2B06,SMU,15,-15,
31-21,current,4.48779e-11,RESULT,,,,LaMP_HP_b,lamp_wholewafer,,,,,,,2026-09-22 20:07:29,first,measure,A,31-21,1,10.0,9.995243,4A06_4B05,SMU,14,-14,
31-11,current,4.13593e-11,RESULT,,,,LaMP_HP_b,lamp_wholewafer,,,,,,,2026-09-22 20:07:29,second,measure,A,31-11,2,10.0,9.995155,4A08_4B07,SMU,15,-14,
31-22,current,4.1166e-11,RESULT,,,,LaMP_HP_b,lamp_wholewafer,,,,,,,2026-09-22 20:07:29,third,measure,A,31-22,3,10.0,9.995209,2A07_2B08,SMU,14,-13,
31-12,current,4.09557e-11,RESULT,,,,LaMP_HP_b,lamp_wholewafer,,,,,,,2026-09-22 20:07:29,fourth,measure,A,31-12,4,10.0,9.995292,2A05_2B06,SMU,15,-13,
31-23,current,4.58272e-11,RESULT,,,,LaMP_HP_b,lamp_wholewafer,,,,,,,2026-09-22 20:07:36,first,measure,A,31-23,1,10.0,9.995161,4A06_4B05,SMU,14,-12,
31-13,current,4.13252e-11,RESULT,,,,LaMP_HP_b,lamp_wholewafer,,,,,,,2026-09-22 20:07:36,second,measure,A,31-13,2,10.0,9.995101,4A08_4B07,SMU,15,-12,
31-24,current,4.40366e-11,RESULT,,,,LaMP_HP_b,lamp_wholewafer,,,,,,,2026-09-22 20:07:36,third,measure,A,31-24,3,10.0,9.995218,2A07_2B08,SMU,14,-11,
31-14,current,4.11319e-11,RESULT,,,,LaMP_HP_b,lamp_wholewafer,,,,,,,2026-09-22 20:07:36,fourth,measure,A,31-14,4,10.0,9.995144,2A05_2B06,SMU,15,-11,
32-20,current,4.69129e-11,RESULT,,,,LaMP_HP_b,lamp_wholewafer,,,,,,,2026-09-22 20:07:42,first,measure,A,32-20,1,10.0,9.995199,4A06_4B05,SMU,14,-10,
32-10,current,4.5975e-11,RESULT,,,,LaMP_HP_b,lamp_wholewafer,,,,,,,2026-09-22 20:07:42,second,measure,A,32-10,2,10.0,9.995234,4A08_4B07,SMU,15,-10,
32-21,current,4.22233e-11,RESULT,,,,LaMP_HP_b,lamp_wholewafer,,,,,,,2026-09-22 20:07:42,third,measure,A,32-21,3,10.0,9.995156,2A07_2B08,SMU,14,-9,
32-11,current,4.37467e-11,RESULT,,,,LaMP_HP_b,lamp_wholewafer,,,,,,,2026-09-22 20:07:42,fourth,measure,A,32-11,4,10.0,9.995204,2A05_2B06,SMU,15,-9,
32-22,current,4.67423e-11,RESULT,,,,LaMP_HP_b,lamp_wholewafer,,,,,,,2026-09-22 20:07:49,first,measure,A,32-22,1,10.0,9.995251,4A06_4B05,SMU,14,-8,
32-12,current,4.49688e-11,RESULT,,,,LaMP_HP_b,lamp_wholewafer,,,,,,,2026-09-22 20:07:49,second,measure,A,32-12,2,10.0,9.995201,4A08_4B07,SMU,15,-8,
32-23,current,4.27917e-11,RESULT,,,,LaMP_HP_b,lamp_wholewafer,,,,,,,2026-09-22 20:07:49,third,measure,A,32-23,3,10.0,9.995275,2A07_2B08,SMU,14,-7,
32-13,current,4.4065e-11,RESULT,,,,LaMP_HP_b,lamp_wholewafer,,,,,,,2026-09-22 20:07:49,fourth,measure,A,32-13,4,10.0,9.995296,2A05_2B06,SMU,15,-7,
32-24,current,4.78622e-11,RESULT,,,,LaMP_HP_b,lamp_wholewafer,,,,,,,2026-09-22 20:07:55,first,measure,A,32-24,1,10.0,9.995329,4A06_4B05,SMU,14,-6,
32-14,current,4.47642e-11,RESULT,,,,LaMP_HP_b,lamp_wholewafer,,,,,,,2026-09-22 20:07:55,second,measure,A,32-14,2,10.0,9.99538,4A08_4B07,SMU,15,-6,
33-20,current,4.0319e-11,RESULT,,,,LaMP_HP_b,lamp_wholewafer,,,,,,,2026-09-22 20:07:55,third,measure,A,33-20,3,10.0,9.99534,2A07_2B08,SMU,14,-5,
33-10,current,4.2661e-11,RESULT,,,,LaMP_HP_b,lamp_wholewafer,,,,,,,2026-09-22 20:07:55,fourth,measure,A,33-10,4,10.0,9.995335,2A05_2B06,SMU,15,-5,
33-21,current,4.92662e-11,RESULT,,,,LaMP_HP_b,lamp_wholewafer,,,,,,,2026-09-22 20:08:02,first,measure,A,33-21,1,10.0,9.995266,4A06_4B05,SMU,14,-4,
33-11,current,4.35591e-11,RESULT,,,,LaMP_HP_b,lamp_wholewafer,,,,,,,2026-09-22 20:08:02,second,measure,A,33-11,2,10.0,9.995226,4A08_4B07,SMU,15,-4,
33-22,current,4.04441e-11,RESULT,,,,LaMP_HP_b,lamp_wholewafer,,,,,,,2026-09-22 20:08:02,third,measure,A,33-22,3,10.0,9.995258,2A07_2B08,SMU,14,-3,
33-12,current,3.79089e-11,RESULT,,,,LaMP_HP_b,lamp_wholewafer,,,,,,,2026-09-22 20:08:02,fourth,measure,A,33-12,4,10.0,9.995226,2A05_2B06,SMU,15,-3,
33-23,current,4.42981e-11,RESULT,,,,LaMP_HP_b,lamp_wholewafer,,,,,,,2026-09-22 20:08:08,first,measure,A,33-23,1,10.0,9.995127,4A06_4B05,SMU,14,-2,
33-13,current,4.16719e-11,RESULT,,,,LaMP_HP_b,lamp_wholewafer,,,,,,,2026-09-22 20:08:08,second,measure,A,33-13,2,10.0,9.995155,4A08_4B07,SMU,15,-2,
33-24,current,4.20187e-11,RESULT,,,,LaMP_HP_b,lamp_wholewafer,,,,,,,2026-09-22 20:08:08,third,measure,A,33-24,3,10.0,9.995152,2A07_2B08,SMU,14,-1,
33-14,current,2.25043e-10,RESULT,,,,LaMP_HP_b,lamp_wholewafer,,,,,,,2026-09-22 20:08:08,fourth,measure,A,33-14,4,10.0,9.995077,2A05_2B06,SMU,15,-1,
34-20,current,4.1598e-11,RESULT,,,,LaMP_HP_b,lamp_wholewafer,,,,,,,2026-09-22 20:08:15,first,measure,A,34-20,1,10.0,9.995169,4A06_4B05,SMU,14,0,
34-10,current,3.92447e-11,RESULT,,,,LaMP_HP_b,lamp_wholewafer,,,,,,,2026-09-22 20:08:15,second,measure,A,34-10,2,10.0,9.995158,4A08_4B07,SMU,15,0,
34-21,current,3.94209e-11,RESULT,,,,LaMP_HP_b,lamp_wholewafer,,,,,,,2026-09-22 20:08:15,third,measure,A,34-21,3,10.0,9.99515,2A07_2B08,SMU,14,1,
34-11,current,3.82954e-11,RESULT,,,,LaMP_HP_b,lamp_wholewafer,,,,,,,2026-09-22 20:08:15,fourth,measure,A,34-11,4,10.0,9.995171,2A05_2B06,SMU,15,1,
34-22,current,4.63501e-11,RESULT,,,,LaMP_HP_b,lamp_wholewafer,,,,,,,2026-09-22 20:08:21,first,measure,A,34-22,1,10.0,9.995099,4A06_4B05,SMU,14,2,
34-12,current,4.17629e-11,RESULT,,,,LaMP_HP_b,lamp_wholewafer,,,,,,,2026-09-22 20:08:21,second,measure,A,34-12,2,10.0,9.995228,4A08_4B07,SMU,15,2,
34-23,current,4.15469e-11,RESULT,,,,LaMP_HP_b,lamp_wholewafer,,,,,,,2026-09-22 20:08:21,third,measure,A,34-23,3,10.0,9.995168,2A07_2B08,SMU,14,3,
34-13,current,4.15753e-11,RESULT,,,,LaMP_HP_b,lamp_wholewafer,,,,,,,2026-09-22 20:08:21,fourth,measure,A,34-13,4,10.0,9.995145,2A05_2B06,SMU,15,3,
34-24,current,4.54691e-11,RESULT,,,,LaMP_HP_b,lamp_wholewafer,,,,,,,2026-09-22 20:08:28,first,measure,A,34-24,1,10.0,9.995131,4A06_4B05,SMU,14,4,
34-14,current,4.52985e-11,RESULT,,,,LaMP_HP_b,lamp_wholewafer,,,,,,,2026-09-22 20:08:28,second,measure,A,34-14,2,10.0,9.995164,4A08_4B07,SMU,15,4,
35-20,current,4.4696e-11,RESULT,,,,LaMP_HP_b,lamp_wholewafer,,,,,,,2026-09-22 20:08:28,third,measure,A,35-20,3,10.0,9.995159,2A07_2B08,SMU,14,5,
35-10,current,2.07319e-10,RESULT,,,,LaMP_HP_b,lamp_wholewafer,,,,,,,2026-09-22 20:08:28,fourth,measure,A,35-10,4,10.0,9.995205,2A05_2B06,SMU,15,5,
35-21,current,4.22062e-11,RESULT,,,,LaMP_HP_b,lamp_wholewafer,,,,,,,2026-09-22 20:08:34,first,measure,A,35-21,1,10.0,9.995214,4A06_4B05,SMU,14,6,
35-11,current,3.92674e-11,RESULT,,,,LaMP_HP_b,lamp_wholewafer,,,,,,,2026-09-22 20:08:34,second,measure,A,35-11,2,10.0,9.995203,4A08_4B07,SMU,15,6,
35-22,current,4.01428e-11,RESULT,,,,LaMP_HP_b,lamp_wholewafer,,,,,,,2026-09-22 20:08:34,third,measure,A,35-22,3,10.0,9.995148,2A07_2B08,SMU,14,7,
35-12,current,4.02906e-11,RESULT,,,,LaMP_HP_b,lamp_wholewafer,,,,,,,2026-09-22 20:08:34,fourth,measure,A,35-12,4,10.0,9.9951,2A05_2B06,SMU,15,7,
35-23,current,4.9522e-11,RESULT,,,,LaMP_HP_b,lamp_wholewafer,,,,,,,2026-09-22 20:08:41,first,measure,A,35-23,1,10.0,9.995149,4A06_4B05,SMU,14,8,
35-13,current,4.03816e-11,RESULT,,,,LaMP_HP_b,lamp_wholewafer,,,,,,,2026-09-22 20:08:41,second,measure,A,35-13,2,10.0,9.995163,4A08_4B07,SMU,15,8,
35-24,current,4.37808e-11,RESULT,,,,LaMP_HP_b,lamp_wholewafer,,,,,,,2026-09-22 20:08:41,third,measure,A,35-24,3,10.0,9.995177,2A07_2B08,SMU,14,9,
35-14,current,1.9009e-10,RESULT,,,,LaMP_HP_b,lamp_wholewafer,,,,,,,2026-09-22 20:08:41,fourth,measure,A,35-14,4,10.0,9.995211,2A05_2B06,SMU,15,9,
36-20,current,5.36204e-11,RESULT,,,,LaMP_HP_b,lamp_wholewafer,,,,,,,2026-09-22 20:08:47,first,measure,A,36-20,1,10.0,9.995184,4A06_4B05,SMU,14,10,
36-10,current,4.82146e-11,RESULT,,,,LaMP_HP_b,lamp_wholewafer,,,,,,,2026-09-22 20:08:47,second,measure,A,36-10,2,10.0,9.995198,4A08_4B07,SMU,15,10,
36-21,current,4.6731e-11,RESULT,,,,LaMP_HP_b,lamp_wholewafer,,,,,,,2026-09-22 20:08:47,third,measure,A,36-21,3,10.0,9.99521,2A07_2B08,SMU,14,11,
36-11,current,3.92902e-11,RESULT,,,,LaMP_HP_b,lamp_wholewafer,,,,,,,2026-09-22 20:08:47,fourth,measure,A,36-11,4,10.0,9.995171,2A05_2B06,SMU,15,11,
36-22,current,4.68788e-11,RESULT,,,,LaMP_HP_b,lamp_wholewafer,,,,,,,2026-09-22 20:08:54,first,measure,A,36-22,1,10.0,9.99523,4A06_4B05,SMU,14,12,
36-12,current,4.51109e-11,RESULT,,,,LaMP_HP_b,lamp_wholewafer,,,,,,,2026-09-22 20:08:54,second,measure,A,36-12,2,10.0,9.995231,4A08_4B07,SMU,15,12,
36-23,current,4.6856e-11,RESULT,,,,LaMP_HP_b,lamp_wholewafer,,,,,,,2026-09-22 20:08:54,third,measure,A,36-23,3,10.0,9.995163,2A07_2B08,SMU,14,13,
36-13,current,4.55316e-11,RESULT,,,,LaMP_HP_b,lamp_wholewafer,,,,,,,2026-09-22 20:08:54,fourth,measure,A,36-13,4,10.0,9.995209,2A05_2B06,SMU,15,13,
36-24,current,4.81805e-11,RESULT,,,,LaMP_HP_b,lamp_wholewafer,,,,,,,2026-09-22 20:09:00,first,measure,A,36-24,1,10.0,9.995222,4A06_4B05,SMU,14,14,
36-14,current,4.64524e-11,RESULT,,,,LaMP_HP_b,lamp_wholewafer,,,,,,,2026-09-22 20:09:00,second,measure,A,36-14,2,10.0,9.995249,4A08_4B07,SMU,15,14,
37-20,current,4.47528e-11,RESULT,,,,LaMP_HP_b,lamp_wholewafer,,,,,,,2026-09-22 20:09:00,third,measure,A,37-20,3,10.0,9.995249,2A07_2B08,SMU,14,15,
37-10,current,4.09841e-11,RESULT,,,,LaMP_HP_b,lamp_wholewafer,,,,,,,2026-09-22 20:09:00,fourth,measure,A,37-10,4,10.0,9.99524,2A05_2B06,SMU,15,15,
37-21,current,4.84817e-11,RESULT,,,,LaMP_HP_b,lamp_wholewafer,,,,,,,2026-09-22 20:09:07,first,measure,A,37-21,1,10.0,9.99518,4A06_4B05,SMU,14,16,
37-11,current,4.37751e-11,RESULT,,,,LaMP_HP_b,lamp_wholewafer,,,,,,,2026-09-22 20:09:07,second,measure,A,37-11,2,10.0,9.995246,4A08_4B07,SMU,15,16,
37-22,current,4.36728e-11,RESULT,,,,LaMP_HP_b,lamp_wholewafer,,,,,,,2026-09-22 20:09:07,third,measure,A,37-22,3,10.0,9.995233,2A07_2B08,SMU,14,17,
37-12,current,3.9347e-11,RESULT,,,,LaMP_HP_b,lamp_wholewafer,,,,,,,2026-09-22 20:09:07,fourth,measure,A,37-12,4,10.0,9.9952,2A05_2B06,SMU,15,17,
NA,current,5.13239e-11,RESULT,,,,LaMP_HP_b,lamp_wholewafer,,,,,,,2026-09-22 20:09:13,first,measure,A,NA,1,10.0,9.995268,4A06_4B05,SMU,16,-18,
NA,current,4.44118e-11,RESULT,,,,LaMP_HP_b,lamp_wholewafer,,,,,,,2026-09-22 20:09:13,second,measure,A,NA,2,10.0,9.995218,4A08_4B07,SMU,17,-18,
30-03,current,4.39002e-11,RESULT,,,,LaMP_HP_b,lamp_wholewafer,,,,,,,2026-09-22 20:09:13,third,measure,A,30-03,3,10.0,9.995238,2A07_2B08,SMU,16,-17,
20-73,current,4.02395e-11,RESULT,,,,LaMP_HP_b,lamp_wholewafer,,,,,,,2026-09-22 20:09:13,fourth,measure,A,20-73,4,10.0,9.995232,2A05_2B06,SMU,17,-17,
30-04,current,1.80978e-10,RESULT,,,,LaMP_HP_b,lamp_wholewafer,,,,,,,2026-09-22 20:09:20,first,measure,A,30-04,1,10.0,9.995303,4A06_4B05,SMU,16,-16,
20-74,current,4.71914e-11,RESULT,,,,LaMP_HP_b,lamp_wholewafer,,,,,,,2026-09-22 20:09:20,second,measure,A,20-74,2,10.0,9.995289,4A08_4B07,SMU,17,-16,
31-00,current,4.74699e-11,RESULT,,,,LaMP_HP_b,lamp_wholewafer,,,,,,,2026-09-22 20:09:20,third,measure,A,31-00,3,10.0,9.995173,2A07_2B08,SMU,16,-15,
21-70,current,4.26553e-11,RESULT,,,,LaMP_HP_b,lamp_wholewafer,,,,,,,2026-09-22 20:09:20,fourth,measure,A,21-70,4,10.0,9.995256,2A05_2B06,SMU,17,-15,
31-01,current,4.62876e-11,RESULT,,,,LaMP_HP_b,lamp_wholewafer,,,,,,,2026-09-22 20:09:26,first,measure,A,31-01,1,10.0,9.995273,4A06_4B05,SMU,16,-14,
21-71,current,4.0518e-11,RESULT,,,,LaMP_HP_b,lamp_wholewafer,,,,,,,2026-09-22 20:09:26,second,measure,A,21-71,2,10.0,9.995281,4A08_4B07,SMU,17,-14,
31-02,current,3.96426e-11,RESULT,,,,LaMP_HP_b,lamp_wholewafer,,,,,,,2026-09-22 20:09:26,third,measure,A,31-02,3,10.0,9.995165,2A07_2B08,SMU,16,-13,
21-72,current,4.00007e-11,RESULT,,,,LaMP_HP_b,lamp_wholewafer,,,,,,,2026-09-22 20:09:26,fourth,measure,A,21-72,4,10.0,9.995146,2A05_2B06,SMU,17,-13,
31-03,current,4.42299e-11,RESULT,,,,LaMP_HP_b,lamp_wholewafer,,,,,,,2026-09-22 20:09:33,first,measure,A,31-03,1,10.0,9.995239,4A06_4B05,SMU,16,-12,
21-73,current,4.25303e-11,RESULT,,,,LaMP_HP_b,lamp_wholewafer,,,,,,,2026-09-22 20:09:33,second,measure,A,21-73,2,10.0,9.995194,4A08_4B07,SMU,17,-12,
31-04,current,4.05635e-11,RESULT,,,,LaMP_HP_b,lamp_wholewafer,,,,,,,2026-09-22 20:09:33,third,measure,A,31-04,3,10.0,9.995156,2A07_2B08,SMU,16,-11,
21-74,current,4.02224e-11,RESULT,,,,LaMP_HP_b,lamp_wholewafer,,,,,,,2026-09-22 20:09:33,fourth,measure,A,21-74,4,10.0,9.99515,2A05_2B06,SMU,17,-11,
32-00,current,4.47756e-11,RESULT,,,,LaMP_HP_b,lamp_wholewafer,,,,,,,2026-09-22 20:09:39,first,measure,A,32-00,1,10.0,9.995198,4A06_4B05,SMU,16,-10,
22-70,current,3.99041e-11,RESULT,,,,LaMP_HP_b,lamp_wholewafer,,,,,,,2026-09-22 20:09:39,second,measure,A,22-70,2,10.0,9.995199,4A08_4B07,SMU,17,-10,
32-01,current,4.04782e-11,RESULT,,,,LaMP_HP_b,lamp_wholewafer,,,,,,,2026-09-22 20:09:39,third,measure,A,32-01,3,10.0,9.99516,2A07_2B08,SMU,16,-9,
22-71,current,4.12854e-11,RESULT,,,,LaMP_HP_b,lamp_wholewafer,,,,,,,2026-09-22 20:09:39,fourth,measure,A,22-71,4,10.0,9.995165,2A05_2B06,SMU,17,-9,
32-02,current,4.56055e-11,RESULT,,,,LaMP_HP_b,lamp_wholewafer,,,,,,,2026-09-22 20:09:46,first,measure,A,32-02,1,10.0,9.995139,4A06_4B05,SMU,16,-8,
22-72,current,4.24677e-11,RESULT,,,,LaMP_HP_b,lamp_wholewafer,,,,,,,2026-09-22 20:09:46,second,measure,A,22-72,2,10.0,9.995128,4A08_4B07,SMU,17,-8,
32-03,current,4.50427e-11,RESULT,,,,LaMP_HP_b,lamp_wholewafer,,,,,,,2026-09-22 20:09:46,third,measure,A,32-03,3,10.0,9.995121,2A07_2B08,SMU,16,-7,
22-73,current,4.45596e-11,RESULT,,,,LaMP_HP_b,lamp_wholewafer,,,,,,,2026-09-22 20:09:46,fourth,measure,A,22-73,4,10.0,9.995174,2A05_2B06,SMU,17,-7,
32-04,current,4.79872e-11,RESULT,,,,LaMP_HP_b,lamp_wholewafer,,,,,,,2026-09-22 20:09:52,first,measure,A,32-04,1,10.0,9.995229,4A06_4B05,SMU,16,-6,
22-74,current,4.33829e-11,RESULT,,,,LaMP_HP_b,lamp_wholewafer,,,,,,,2026-09-22 20:09:52,second,measure,A,22-74,2,10.0,9.995214,4A08_4B07,SMU,17,-6,
33-00,current,4.2138e-11,RESULT,,,,LaMP_HP_b,lamp_wholewafer,,,,,,,2026-09-22 20:09:52,third,measure,A,33-00,3,10.0,9.995218,2A07_2B08,SMU,16,-5,
23-70,current,4.22915e-11,RESULT,,,,LaMP_HP_b,lamp_wholewafer,,,,,,,2026-09-22 20:09:52,fourth,measure,A,23-70,4,10.0,9.995211,2A05_2B06,SMU,17,-5,
33-01,current,4.52019e-11,RESULT,,,,LaMP_HP_b,lamp_wholewafer,,,,,,,2026-09-22 20:09:59,first,measure,A,33-01,1,10.0,9.995268,4A06_4B05,SMU,16,-4,
23-71,current,4.34056e-11,RESULT,,,,LaMP_HP_b,lamp_wholewafer,,,,,,,2026-09-22 20:09:59,second,measure,A,23-71,2,10.0,9.995233,4A08_4B07,SMU,17,-4,
33-02,current,4.04441e-11,RESULT,,,,LaMP_HP_b,lamp_wholewafer,,,,,,,2026-09-22 20:09:59,third,measure,A,33-02,3,10.0,9.995234,2A07_2B08,SMU,16,-3,
23-72,current,4.17799e-11,RESULT,,,,LaMP_HP_b,lamp_wholewafer,,,,,,,2026-09-22 20:09:59,fourth,measure,A,23-72,4,10.0,9.995222,2A05_2B06,SMU,17,-3,
33-03,current,4.71687e-11,RESULT,,,,LaMP_HP_b,lamp_wholewafer,,,,,,,2026-09-22 20:10:05,first,measure,A,33-03,1,10.0,9.995195,4A06_4B05,SMU,16,-2,
23-73,current,3.95687e-11,RESULT,,,,LaMP_HP_b,lamp_wholewafer,,,,,,,2026-09-22 20:10:05,second,measure,A,23-73,2,10.0,9.995218,4A08_4B07,SMU,17,-2,
33-04,current,3.97392e-11,RESULT,,,,LaMP_HP_b,lamp_wholewafer,,,,,,,2026-09-22 20:10:05,third,measure,A,33-04,3,10.0,9.995293,2A07_2B08,SMU,16,-1,
23-74,current,3.74541e-11,RESULT,,,,LaMP_HP_b,lamp_wholewafer,,,,,,,2026-09-22 20:10:05,fourth,measure,A,23-74,4,10.0,9.995181,2A05_2B06,SMU,17,-1,
34-00,current,4.58499e-11,RESULT,,,,LaMP_HP_b,lamp_wholewafer,,,,,,,2026-09-22 20:10:12,first,measure,A,34-00,1,10.0,9.995257,4A06_4B05,SMU,16,0,
24-70,current,3.9438e-11,RESULT,,,,LaMP_HP_b,lamp_wholewafer,,,,,,,2026-09-22 20:10:12,second,measure,A,24-70,2,10.0,9.995222,4A08_4B07,SMU,17,0,
34-01,current,4.15866e-11,RESULT,,,,LaMP_HP_b,lamp_wholewafer,,,,,,,2026-09-22 20:10:12,third,measure,A,34-01,3,10.0,9.995228,2A07_2B08,SMU,16,1,
24-71,current,4.07567e-11,RESULT,,,,LaMP_HP_b,lamp_wholewafer,,,,,,,2026-09-22 20:10:12,fourth,measure,A,24-71,4,10.0,9.995226,2A05_2B06,SMU,17,1,
34-02,current,4.59636e-11,RESULT,,,,LaMP_HP_b,lamp_wholewafer,,,,,,,2026-09-22 20:10:18,first,measure,A,34-02,1,10.0,9.995173,4A06_4B05,SMU,16,2,
24-72,current,4.52815e-11,RESULT,,,,LaMP_HP_b,lamp_wholewafer,,,,,,,2026-09-22 20:10:18,second,measure,A,24-72,2,10.0,9.995193,4A08_4B07,SMU,17,2,
34-03,current,3.96938e-11,RESULT,,,,LaMP_HP_b,lamp_wholewafer,,,,,,,2026-09-22 20:10:18,third,measure,A,34-03,3,10.0,9.99521,2A07_2B08,SMU,16,3,
24-73,current,4.2246e-11,RESULT,,,,LaMP_HP_b,lamp_wholewafer,,,,,,,2026-09-22 20:10:18,fourth,measure,A,24-73,4,10.0,9.995212,2A05_2B06,SMU,17,3,
34-04,current,4.31726e-11,RESULT,,,,LaMP_HP_b,lamp_wholewafer,,,,,,,2026-09-22 20:10:25,first,measure,A,34-04,1,10.0,9.995177,4A06_4B05,SMU,16,4,
24-74,current,4.05237e-11,RESULT,,,,LaMP_HP_b,lamp_wholewafer,,,,,,,2026-09-22 20:10:25,second,measure,A,24-74,2,10.0,9.995137,4A08_4B07,SMU,17,4,
35-00,current,4.45539e-11,RESULT,,,,LaMP_HP_b,lamp_wholewafer,,,,,,,2026-09-22 20:10:25,third,measure,A,35-00,3,10.0,9.995113,2A07_2B08,SMU,16,5,
25-70,current,3.75053e-11,RESULT,,,,LaMP_HP_b,lamp_wholewafer,,,,,,,2026-09-22 20:10:25,fourth,measure,A,25-70,4,10.0,9.995095,2A05_2B06,SMU,17,5,
35-01,current,4.61512e-11,RESULT,,,,LaMP_HP_b,lamp_wholewafer,,,,,,,2026-09-22 20:10:31,first,measure,A,35-01,1,10.0,9.995193,4A06_4B05,SMU,16,6,
25-71,current,4.10921e-11,RESULT,,,,LaMP_HP_b,lamp_wholewafer,,,,,,,2026-09-22 20:10:31,second,measure,A,25-71,2,10.0,9.995206,4A08_4B07,SMU,17,6,
35-02,current,4.19561e-11,RESULT,,,,LaMP_HP_b,lamp_wholewafer,,,,,,,2026-09-22 20:10:31,third,measure,A,35-02,3,10.0,9.995255,2A07_2B08,SMU,16,7,
25-72,current,3.96312e-11,RESULT,,,,LaMP_HP_b,lamp_wholewafer,,,,,,,2026-09-22 20:10:31,fourth,measure,A,25-72,4,10.0,9.995234,2A05_2B06,SMU,17,7,
35-03,current,4.86921e-11,RESULT,,,,LaMP_HP_b,lamp_wholewafer,,,,,,,2026-09-22 20:10:38,first,measure,A,35-03,1,10.0,9.995157,4A06_4B05,SMU,16,8,
25-73,current,4.50484e-11,RESULT,,,,LaMP_HP_b,lamp_wholewafer,,,,,,,2026-09-22 20:10:38,second,measure,A,25-73,2,10.0,9.995194,4A08_4B07,SMU,17,8,
35-04,current,4.12399e-11,RESULT,,,,LaMP_HP_b,lamp_wholewafer,,,,,,,2026-09-22 20:10:38,third,measure,A,35-04,3,10.0,9.995178,2A07_2B08,SMU,16,9,
25-74,current,4.1149e-11,RESULT,,,,LaMP_HP_b,lamp_wholewafer,,,,,,,2026-09-22 20:10:38,fourth,measure,A,25-74,4,10.0,9.995205,2A05_2B06,SMU,17,9,
36-00,current,4.7919e-11,RESULT,,,,LaMP_HP_b,lamp_wholewafer,,,,,,,2026-09-22 20:10:44,first,measure,A,36-00,1,10.0,9.995194,4A06_4B05,SMU,16,10,
26-70,current,4.2354e-11,RESULT,,,,LaMP_HP_b,lamp_wholewafer,,,,,,,2026-09-22 20:10:44,second,measure,A,26-70,2,10.0,9.995168,4A08_4B07,SMU,17,10,
36-01,current,4.14786e-11,RESULT,,,,LaMP_HP_b,lamp_wholewafer,,,,,,,2026-09-22 20:10:44,third,measure,A,36-01,3,10.0,9.995255,2A07_2B08,SMU,16,11,
26-71,current,4.13536e-11,RESULT,,,,LaMP_HP_b,lamp_wholewafer,,,,,,,2026-09-22 20:10:44,fourth,measure,A,26-71,4,10.0,9.995253,2A05_2B06,SMU,17,11,
36-02,current,4.74017e-11,RESULT,,,,LaMP_HP_b,lamp_wholewafer,,,,,,,2026-09-22 20:10:51,first,measure,A,36-02,1,10.0,9.995206,4A06_4B05,SMU,16,12,
26-72,current,4.33999e-11,RESULT,,,,LaMP_HP_b,lamp_wholewafer,,,,,,,2026-09-22 20:10:51,second,measure,A,26-72,2,10.0,9.995256,4A08_4B07,SMU,17,12,
36-03,current,4.22176e-11,RESULT,,,,LaMP_HP_b,lamp_wholewafer,,,,,,,2026-09-22 20:10:51,third,measure,A,36-03,3,10.0,9.995226,2A07_2B08,SMU,16,13,
26-73,current,4.46164e-11,RESULT,,,,LaMP_HP_b,lamp_wholewafer,,,,,,,2026-09-22 20:10:51,fourth,measure,A,26-73,4,10.0,9.995131,2A05_2B06,SMU,17,13,
36-04,current,5.00449e-11,RESULT,,,,LaMP_HP_b,lamp_wholewafer,,,,,,,2026-09-22 20:10:57,first,measure,A,36-04,1,10.0,9.99525,4A06_4B05,SMU,16,14,
26-74,current,4.67423e-11,RESULT,,,,LaMP_HP_b,lamp_wholewafer,,,,,,,2026-09-22 20:10:57,second,measure,A,26-74,2,10.0,9.995246,4A08_4B07,SMU,17,14,
37-00,current,4.22233e-11,RESULT,,,,LaMP_HP_b,lamp_wholewafer,,,,,,,2026-09-22 20:10:57,third,measure,A,37-00,3,10.0,9.995212,2A07_2B08,SMU,16,15,
27-70,current,4.22972e-11,RESULT,,,,LaMP_HP_b,lamp_wholewafer,,,,,,,2026-09-22 20:10:57,fourth,measure,A,27-70,4,10.0,9.995129,2A05_2B06,SMU,17,15,
37-01,current,4.55259e-11,RESULT,,,,LaMP_HP_b,lamp_wholewafer,,,,,,,2026-09-22 20:11:04,first,measure,A,37-01,1,10.0,9.995073,4A06_4B05,SMU,16,16,
27-71,current,3.9455e-11,RESULT,,,,LaMP_HP_b,lamp_wholewafer,,,,,,,2026-09-22 20:11:04,second,measure,A,27-71,2,10.0,9.995142,4A08_4B07,SMU,17,16,
NA,current,3.64366e-11,RESULT,,,,LaMP_HP_b,lamp_wholewafer,,,,,,,2026-09-22 20:11:04,third,measure,A,NA,3,10.0,9.995127,2A07_2B08,SMU,16,17,
NA,current,1.60998e-10,RESULT,,,,LaMP_HP_b,lamp_wholewafer,,,,,,,2026-09-22 20:11:04,fourth,measure,A,NA,4,10.0,9.995102,2A05_2B06,SMU,17,17,
NA,current,5.31145e-11,RESULT,,,,LaMP_HP_b,lamp_wholewafer,,,,,,,2026-09-22 20:11:10,first,measure,A,NA,1,10.0,9.995163,4A06_4B05,SMU,18,-18,
NA,current,4.59465e-11,RESULT,,,,LaMP_HP_b,lamp_wholewafer,,,,,,,2026-09-22 20:11:10,second,measure,A,NA,2,10.0,9.995141,4A08_4B07,SMU,19,-18,
20-63,current,4.28656e-11,RESULT,,,,LaMP_HP_b,lamp_wholewafer,,,,,,,2026-09-22 20:11:10,third,measure,A,20-63,3,10.0,9.995119,2A07_2B08,SMU,18,-17,
20-53,current,4.04611e-11,RESULT,,,,LaMP_HP_b,lamp_wholewafer,,,,,,,2026-09-22 20:11:10,fourth,measure,A,20-53,4,10.0,9.995129,2A05_2B06,SMU,19,-17,
20-64,current,4.64979e-11,RESULT,,,,LaMP_HP_b,lamp_wholewafer,,,,,,,2026-09-22 20:11:17,first,measure,A,20-64,1,10.0,9.995161,4A06_4B05,SMU,18,-16,
20-54,current,4.02395e-11,RESULT,,,,LaMP_HP_b,lamp_wholewafer,,,,,,,2026-09-22 20:11:17,second,measure,A,20-54,2,10.0,9.995193,4A08_4B07,SMU,19,-16,
21-60,current,3.91424e-11,RESULT,,,,LaMP_HP_b,lamp_wholewafer,,,,,,,2026-09-22 20:11:17,third,measure,A,21-60,3,10.0,9.995146,2A07_2B08,SMU,18,-15,
21-50,current,3.74143e-11,RESULT,,,,LaMP_HP_b,lamp_wholewafer,,,,,,,2026-09-22 20:11:17,fourth,measure,A,21-50,4,10.0,9.995222,2A05_2B06,SMU,19,-15,
21-61,current,1.43939e-10,RESULT,,,,LaMP_HP_b,lamp_wholewafer,,,,,,,2026-09-22 20:11:23,first,measure,A,21-61,1,10.0,9.995188,4A06_4B05,SMU,18,-14,
21-51,current,3.41004e-11,RESULT,,,,LaMP_HP_b,lamp_wholewafer,,,,,,,2026-09-22 20:11:23,second,measure,A,21-51,2,10.0,9.995183,4A08_4B07,SMU,19,-14,
21-62,current,3.51576e-11,RESULT,,,,LaMP_HP_b,lamp_wholewafer,,,,,,,2026-09-22 20:11:23,third,measure,A,21-62,3,10.0,9.995169,2A07_2B08,SMU,18,-13,
21-52,current,3.34865e-11,RESULT,,,,LaMP_HP_b,lamp_wholewafer,,,,,,,2026-09-22 20:11:23,fourth,measure,A,21-52,4,10.0,9.995181,2A05_2B06,SMU,19,-13,
21-63,current,4.73335e-11,RESULT,,,,LaMP_HP_b,lamp_wholewafer,,,,,,,2026-09-22 20:11:30,first,measure,A,21-63,1,10.0,9.995137,4A06_4B05,SMU,18,-12,
21-53,current,3.8915e-11,RESULT,,,,LaMP_HP_b,lamp_wholewafer,,,,,,,2026-09-22 20:11:30,second,measure,A,21-53,2,10.0,9.995105,4A08_4B07,SMU,19,-12,
21-64,current,3.89036e-11,RESULT,,,,LaMP_HP_b,lamp_wholewafer,,,,,,,2026-09-22 20:11:30,third,measure,A,21-64,3,10.0,9.995165,2A07_2B08,SMU,18,-11,
21-54,current,3.82499e-11,RESULT,,,,LaMP_HP_b,lamp_wholewafer,,,,,,,2026-09-22 20:11:30,fourth,measure,A,21-54,4,10.0,9.995202,2A05_2B06,SMU,19,-11,
22-60,current,4.44686e-11,RESULT,,,,LaMP_HP_b,lamp_wholewafer,,,,,,,2026-09-22 20:11:36,first,measure,A,22-60,1,10.0,9.99514,4A06_4B05,SMU,18,-10,
22-50,current,4.10466e-11,RESULT,,,,LaMP_HP_b,lamp_wholewafer,,,,,,,2026-09-22 20:11:36,second,measure,A,22-50,2,10.0,9.995111,4A08_4B07,SMU,19,-10,
22-61,current,3.98984e-11,RESULT,,,,LaMP_HP_b,lamp_wholewafer,,,,,,,2026-09-22 20:11:36,third,measure,A,22-61,3,10.0,9.995126,2A07_2B08,SMU,18,-9,
22-51,current,4.18538e-11,RESULT,,,,LaMP_HP_b,lamp_wholewafer,,,,,,,2026-09-22 20:11:36,fourth,measure,A,22-51,4,10.0,9.995198,2A05_2B06,SMU,19,-9,
22-62,current,4.448e-11,RESULT,,,,LaMP_HP_b,lamp_wholewafer,,,,,,,2026-09-22 20:11:43,first,measure,A,22-62,1,10.0,9.995165,4A06_4B05,SMU,18,-8,
22-52,current,4.39002e-11,RESULT,,,,LaMP_HP_b,lamp_wholewafer,,,,,,,2026-09-22 20:11:43,second,measure,A,22-52,2,10.0,9.995209,4A08_4B07,SMU,19,-8,
22-63,current,4.07624e-11,RESULT,,,,LaMP_HP_b,lamp_wholewafer,,,,,,,2026-09-22 20:11:43,third,measure,A,22-63,3,10.0,9.99519,2A07_2B08,SMU,18,-7,
22-53,current,4.17685e-11,RESULT,,,,LaMP_HP_b,lamp_wholewafer,,,,,,,2026-09-22 20:11:43,fourth,measure,A,22-53,4,10.0,9.995184,2A05_2B06,SMU,19,-7,
22-64,current,4.28656e-11,RESULT,,,,LaMP_HP_b,lamp_wholewafer,,,,,,,2026-09-22 20:11:49,first,measure,A,22-64,1,10.0,9.995185,4A06_4B05,SMU,18,-6,
22-54,current,3.98415e-11,RESULT,,,,LaMP_HP_b,lamp_wholewafer,,,,,,,2026-09-22 20:11:49,second,measure,A,22-54,2,10.0,9.995171,4A08_4B07,SMU,19,-6,
23-60,current,3.91992e-11,RESULT,,,,LaMP_HP_b,lamp_wholewafer,,,,,,,2026-09-22 20:11:49,third,measure,A,23-60,3,10.0,9.995138,2A07_2B08,SMU,18,-5,
23-50,current,3.97108e-11,RESULT,,,,LaMP_HP_b,lamp_wholewafer,,,,,,,2026-09-22 20:11:49,fourth,measure,A,23-50,4,10.0,9.995195,2A05_2B06,SMU,19,-5,
23-61,current,4.69356e-11,RESULT,,,,LaMP_HP_b,lamp_wholewafer,,,,,,,2026-09-22 20:11:56,first,measure,A,23-61,1,10.0,9.995127,4A06_4B05,SMU,18,-4,
23-51,current,4.05578e-11,RESULT,,,,LaMP_HP_b,lamp_wholewafer,,,,,,,2026-09-22 20:11:56,second,measure,A,23-51,2,10.0,9.995182,4A08_4B07,SMU,19,-4,
23-62,current,4.18368e-11,RESULT,,,,LaMP_HP_b,lamp_wholewafer,,,,,,,2026-09-22 20:11:56,third,measure,A,23-62,3,10.0,9.995134,2A07_2B08,SMU,18,-3,
23-52,current,3.90912e-11,RESULT,,,,LaMP_HP_b,lamp_wholewafer,,,,,,,2026-09-22 20:11:56,fourth,measure,A,23-52,4,10.0,9.995074,2A05_2B06,SMU,19,-3,
23-63,current,4.37581e-11,RESULT,,,,LaMP_HP_b,lamp_wholewafer,,,,,,,2026-09-22 20:12:02,first,measure,A,23-63,1,10.0,9.995139,4A06_4B05,SMU,18,-2,
23-53,current,4.06715e-11,RESULT,,,,LaMP_HP_b,lamp_wholewafer,,,,,,,2026-09-22 20:12:02,second,measure,A,23-53,2,10.0,9.995176,4A08_4B07,SMU,19,-2,
23-64,current,4.00405e-11,RESULT,,,,LaMP_HP_b,lamp_wholewafer,,,,,,,2026-09-22 20:12:02,third,measure,A,23-64,3,10.0,9.995199,2A07_2B08,SMU,18,-1,
23-54,current,3.8051e-11,RESULT,,,,LaMP_HP_b,lamp_wholewafer,,,,,,,2026-09-22 20:12:02,fourth,measure,A,23-54,4,10.0,9.995193,2A05_2B06,SMU,19,-1,
24-60,current,4.50598e-11,RESULT,,,,LaMP_HP_b,lamp_wholewafer,,,,,,,2026-09-22 20:12:09,first,measure,A,24-60,1,10.0,9.995152,4A06_4B05,SMU,18,0,
24-50,current,4.24791e-11,RESULT,,,,LaMP_HP_b,lamp_wholewafer,,,,,,,2026-09-22 20:12:09,second,measure,A,24-50,2,10.0,9.995149,4A08_4B07,SMU,19,0,
24-61,current,4.08932e-11,RESULT,,,,LaMP_HP_b,lamp_wholewafer,,,,,,,2026-09-22 20:12:09,third,measure,A,24-61,3,10.0,9.99507,2A07_2B08,SMU,18,1,
24-51,current,3.86308e-11,RESULT,,,,LaMP_HP_b,lamp_wholewafer,,,,,,,2026-09-22 20:12:09,fourth,measure,A,24-51,4,10.0,9.995108,2A05_2B06,SMU,19,1,
24-62,current,4.54236e-11,RESULT,,,,LaMP_HP_b,lamp_wholewafer,,,,,,,2026-09-22 20:12:15,first,measure,A,24-62,1,10.0,9.995147,4A06_4B05,SMU,18,2,
24-52,current,4.2769e-11,RESULT,,,,LaMP_HP_b,lamp_wholewafer,,,,,,,2026-09-22 20:12:15,second,measure,A,24-52,2,10.0,9.995199,4A08_4B07,SMU,19,2,
24-63,current,4.11205e-11,RESULT,,,,LaMP_HP_b,lamp_wholewafer,,,,,,,2026-09-22 20:12:15,third,measure,A,24-63,3,10.0,9.995202,2A07_2B08,SMU,18,3,
24-53,current,4.09727e-11,RESULT,,,,LaMP_HP_b,lamp_wholewafer,,,,,,,2026-09-22 20:12:15,fourth,measure,A,24-53,4,10.0,9.995195,2A05_2B06,SMU,19,3,
24-64,current,4.62705e-11,RESULT,,,,LaMP_HP_b,lamp_wholewafer,,,,,,,2026-09-22 20:12:22,first,measure,A,24-64,1,10.0,9.995062,4A06_4B05,SMU,18,4,
24-54,current,4.04441e-11,RESULT,,,,LaMP_HP_b,lamp_wholewafer,,,,,,,2026-09-22 20:12:22,second,measure,A,24-54,2,10.0,9.995123,4A08_4B07,SMU,19,4,
25-60,current,3.98415e-11,RESULT,,,,LaMP_HP_b,lamp_wholewafer,,,,,,,2026-09-22 20:12:22,third,measure,A,25-60,3,10.0,9.995097,2A07_2B08,SMU,18,5,
25-50,current,4.3741e-11,RESULT,,,,LaMP_HP_b,lamp_wholewafer,,,,,,,2026-09-22 20:12:22,fourth,measure,A,25-50,4,10.0,9.995155,2A05_2B06,SMU,19,5,
25-61,current,4.94538e-11,RESULT,,,,LaMP_HP_b,lamp_wholewafer,,,,,,,2026-09-22 20:12:28,first,measure,A,25-61,1,10.0,9.995233,4A06_4B05,SMU,18,6,
25-51,current,4.24961e-11,RESULT,,,,LaMP_HP_b,lamp_wholewafer,,,,,,,2026-09-22 20:12:28,second,measure,A,25-51,2,10.0,9.995234,4A08_4B07,SMU,19,6,
25-62,current,4.35534e-11,RESULT,,,,LaMP_HP_b,lamp_wholewafer,,,,,,,2026-09-22 20:12:28,third,measure,A,25-62,3,10.0,9.99524,2A07_2B08,SMU,18,7,
25-52,current,4.34284e-11,RESULT,,,,LaMP_HP_b,lamp_wholewafer,,,,,,,2026-09-22 20:12:28,fourth,measure,A,25-52,4,10.0,9.995249,2A05_2B06,SMU,19,7,
25-63,current,4.83851e-11,RESULT,,,,LaMP_HP_b,lamp_wholewafer,,,,,,,2026-09-22 20:12:35,first,measure,A,25-63,1,10.0,9.995158,4A06_4B05,SMU,18,8,
25-53,current,4.54065e-11,RESULT,,,,LaMP_HP_b,lamp_wholewafer,,,,,,,2026-09-22 20:12:35,second,measure,A,25-53,2,10.0,9.995161,4A08_4B07,SMU,19,8,
25-64,current,4.41162e-11,RESULT,,,,LaMP_HP_b,lamp_wholewafer,,,,,,,2026-09-22 20:12:35,third,measure,A,25-64,3,10.0,9.995223,2A07_2B08,SMU,18,9,
25-54,current,4.37865e-11,RESULT,,,,LaMP_HP_b,lamp_wholewafer,,,,,,,2026-09-22 20:12:35,fourth,measure,A,25-54,4,10.0,9.995165,2A05_2B06,SMU,19,9,
26-60,current,2.17199e-10,RESULT,,,,LaMP_HP_b,lamp_wholewafer,,,,,,,2026-09-22 20:12:41,first,measure,A,26-60,1,10.0,9.995127,4A06_4B05,SMU,18,10,
26-50,current,3.73291e-11,RESULT,,,,LaMP_HP_b,lamp_wholewafer,,,,,,,2026-09-22 20:12:41,second,measure,A,26-50,2,10.0,9.995202,4A08_4B07,SMU,19,10,
26-61,current,4.09159e-11,RESULT,,,,LaMP_HP_b,lamp_wholewafer,,,,,,,2026-09-22 20:12:41,third,measure,A,26-61,3,10.0,9.995285,2A07_2B08,SMU,18,11,
26-51,current,4.01144e-11,RESULT,,,,LaMP_HP_b,lamp_wholewafer,,,,,,,2026-09-22 20:12:41,fourth,measure,A,26-51,4,10.0,9.995199,2A05_2B06,SMU,19,11,
26-62,current,2.43989e-10,RESULT,,,,LaMP_HP_b,lamp_wholewafer,,,,,,,2026-09-22 20:12:48,first,measure,A,26-62,1,10.0,9.99512,4A06_4B05,SMU,18,12,
26-52,current,4.99199e-11,RESULT,,,,LaMP_HP_b,lamp_wholewafer,,,,,,,2026-09-22 20:12:48,second,measure,A,26-52,2,10.0,9.99514,4A08_4B07,SMU,19,12,
26-63,current,4.72255e-11,RESULT,,,,LaMP_HP_b,lamp_wholewafer,,,,,,,2026-09-22 20:12:48,third,measure,A,26-63,3,10.0,9.995199,2A07_2B08,SMU,18,13,
26-53,current,4.31044e-11,RESULT,,,,LaMP_HP_b,lamp_wholewafer,,,,,,,2026-09-22 20:12:48,fourth,measure,A,26-53,4,10.0,9.995157,2A05_2B06,SMU,19,13,
26-64,current,4.46562e-11,RESULT,,,,LaMP_HP_b,lamp_wholewafer,,,,,,,2026-09-22 20:12:54,first,measure,A,26-64,1,10.0,9.995188,4A06_4B05,SMU,18,14,
26-54,current,4.04668e-11,RESULT,,,,LaMP_HP_b,lamp_wholewafer,,,,,,,2026-09-22 20:12:54,second,measure,A,26-54,2,10.0,9.995125,4A08_4B07,SMU,19,14,
27-60,current,4.67537e-11,RESULT,,,,LaMP_HP_b,lamp_wholewafer,,,,,,,2026-09-22 20:12:54,third,measure,A,27-60,3,10.0,9.995116,2A07_2B08,SMU,18,15,
27-50,current,4.15923e-11,RESULT,,,,LaMP_HP_b,lamp_wholewafer,,,,,,,2026-09-22 20:12:54,fourth,measure,A,27-50,4,10.0,9.995185,2A05_2B06,SMU,19,15,
27-61,current,4.83738e-11,RESULT,,,,LaMP_HP_b,lamp_wholewafer,,,,,,,2026-09-22 20:13:01,first,measure,A,27-61,1,10.0,9.995101,4A06_4B05,SMU,18,16,
27-51,current,4.21267e-11,RESULT,,,,LaMP_HP_b,lamp_wholewafer,,,,,,,2026-09-22 20:13:01,second,measure,A,27-51,2,10.0,9.995176,4A08_4B07,SMU,19,16,
NA,current,4.37745e-10,RESULT,,,,LaMP_HP_b,lamp_wholewafer,,,,,,,2026-09-22 20:13:01,third,measure,A,NA,3,10.0,9.995189,2A07_2B08,SMU,18,17,
NA,current,9.99996e-07,RESULT,,,,LaMP_HP_b,lamp_wholewafer,,,,,,,2026-09-22 20:13:01,fourth,measure,A,NA,4,10.0,3.934766,2A05_2B06,SMU,19,17,
20-44,current,4.6424e-11,RESULT,,,,LaMP_HP_b,lamp_wholewafer,,,,,,,2026-09-22 20:13:08,first,measure,A,20-44,1,10.0,9.99524,4A06_4B05,SMU,20,-16,
20-34,current,3.55271e-11,RESULT,,,,LaMP_HP_b,lamp_wholewafer,,,,,,,2026-09-22 20:13:08,second,measure,A,20-34,2,10.0,9.995255,4A08_4B07,SMU,21,-16,
21-40,current,3.65844e-11,RESULT,,,,LaMP_HP_b,lamp_wholewafer,,,,,,,2026-09-22 20:13:08,third,measure,A,21-40,3,10.0,9.995161,2A07_2B08,SMU,20,-15,
21-30,current,3.19517e-11,RESULT,,,,LaMP_HP_b,lamp_wholewafer,,,,,,,2026-09-22 20:13:08,fourth,measure,A,21-30,4,10.0,9.995165,2A05_2B06,SMU,21,-15,
21-41,current,4.31328e-11,RESULT,,,,LaMP_HP_b,lamp_wholewafer,,,,,,,2026-09-22 20:13:14,first,measure,A,21-41,1,10.0,9.995135,4A06_4B05,SMU,20,-14,
21-31,current,3.82158e-11,RESULT,,,,LaMP_HP_b,lamp_wholewafer,,,,,,,2026-09-22 20:13:14,second,measure,A,21-31,2,10.0,9.995176,4A08_4B07,SMU,21,-14,
21-42,current,4.00462e-11,RESULT,,,,LaMP_HP_b,lamp_wholewafer,,,,,,,2026-09-22 20:13:14,third,measure,A,21-42,3,10.0,9.995173,2A07_2B08,SMU,20,-13,
21-32,current,3.89946e-11,RESULT,,,,LaMP_HP_b,lamp_wholewafer,,,,,,,2026-09-22 20:13:14,fourth,measure,A,21-32,4,10.0,9.995132,2A05_2B06,SMU,21,-13,
21-43,current,4.4804e-11,RESULT,,,,LaMP_HP_b,lamp_wholewafer,,,,,,,2026-09-22 20:13:21,first,measure,A,21-43,1,10.0,9.995221,4A06_4B05,SMU,20,-12,
21-33,current,4.23881e-11,RESULT,,,,LaMP_HP_b,lamp_wholewafer,,,,,,,2026-09-22 20:13:21,second,measure,A,21-33,2,10.0,9.995214,4A08_4B07,SMU,21,-12,
21-44,current,4.041e-11,RESULT,,,,LaMP_HP_b,lamp_wholewafer,,,,,,,2026-09-22 20:13:21,third,measure,A,21-44,3,10.0,9.995152,2A07_2B08,SMU,20,-11,
21-34,current,4.03531e-11,RESULT,,,,LaMP_HP_b,lamp_wholewafer,,,,,,,2026-09-22 20:13:21,fourth,measure,A,21-34,4,10.0,9.995184,2A05_2B06,SMU,21,-11,
22-40,current,4.53838e-11,RESULT,,,,LaMP_HP_b,lamp_wholewafer,,,,,,,2026-09-22 20:13:27,first,measure,A,22-40,1,10.0,9.995195,4A06_4B05,SMU,20,-10,
22-30,current,4.28542e-11,RESULT,,,,LaMP_HP_b,lamp_wholewafer,,,,,,,2026-09-22 20:13:27,second,measure,A,22-30,2,10.0,9.995182,4A08_4B07,SMU,21,-10,
22-41,current,3.96881e-11,RESULT,,,,LaMP_HP_b,lamp_wholewafer,,,,,,,2026-09-22 20:13:27,third,measure,A,22-41,3,10.0,9.99518,2A07_2B08,SMU,20,-9,
22-31,current,4.02963e-11,RESULT,,,,LaMP_HP_b,lamp_wholewafer,,,,,,,2026-09-22 20:13:27,fourth,measure,A,22-31,4,10.0,9.995225,2A05_2B06,SMU,21,-9,
22-42,current,4.74813e-11,RESULT,,,,LaMP_HP_b,lamp_wholewafer,,,,,,,2026-09-22 20:13:34,first,measure,A,22-42,1,10.0,9.995175,4A06_4B05,SMU,20,-8,
22-32,current,4.4713e-11,RESULT,,,,LaMP_HP_b,lamp_wholewafer,,,,,,,2026-09-22 20:13:34,second,measure,A,22-32,2,10.0,9.99523,4A08_4B07,SMU,21,-8,
22-43,current,4.12854e-11,RESULT,,,,LaMP_HP_b,lamp_wholewafer,,,,,,,2026-09-22 20:13:34,third,measure,A,22-43,3,10.0,9.995188,2A07_2B08,SMU,20,-7,
22-33,current,4.23199e-11,RESULT,,,,LaMP_HP_b,lamp_wholewafer,,,,,,,2026-09-22 20:13:34,fourth,measure,A,22-33,4,10.0,9.995231,2A05_2B06,SMU,21,-7,
22-44,current,4.65263e-11,RESULT,,,,LaMP_HP_b,lamp_wholewafer,,,,,,,2026-09-22 20:13:40,first,measure,A,22-44,1,10.0,9.995225,4A06_4B05,SMU,20,-6,
22-34,current,4.01201e-11,RESULT,,,,LaMP_HP_b,lamp_wholewafer,,,,,,,2026-09-22 20:13:40,second,measure,A,22-34,2,10.0,9.995196,4A08_4B07,SMU,21,-6,
23-40,current,4.14957e-11,RESULT,,,,LaMP_HP_b,lamp_wholewafer,,,,,,,2026-09-22 20:13:40,third,measure,A,23-40,3,10.0,9.995188,2A07_2B08,SMU,20,-5,
23-30,current,4.11092e-11,RESULT,,,,LaMP_HP_b,lamp_wholewafer,,,,,,,2026-09-22 20:13:40,fourth,measure,A,23-30,4,10.0,9.995142,2A05_2B06,SMU,21,-5,
23-41,current,4.45766e-11,RESULT,,,,LaMP_HP_b,lamp_wholewafer,,,,,,,2026-09-22 20:13:47,first,measure,A,23-41,1,10.0,9.995234,4A06_4B05,SMU,20,-4,
23-31,current,4.06317e-11,RESULT,,,,LaMP_HP_b,lamp_wholewafer,,,,,,,2026-09-22 20:13:47,second,measure,A,23-31,2,10.0,9.995235,4A08_4B07,SMU,21,-4,
23-42,current,3.90287e-11,RESULT,,,,LaMP_HP_b,lamp_wholewafer,,,,,,,2026-09-22 20:13:47,third,measure,A,23-42,3,10.0,9.995173,2A07_2B08,SMU,20,-3,
23-32,current,3.93527e-11,RESULT,,,,LaMP_HP_b,lamp_wholewafer,,,,,,,2026-09-22 20:13:47,fourth,measure,A,23-32,4,10.0,9.995157,2A05_2B06,SMU,21,-3,
23-43,current,4.5759e-11,RESULT,,,,LaMP_HP_b,lamp_wholewafer,,,,,,,2026-09-22 20:13:53,first,measure,A,23-43,1,10.0,9.995148,4A06_4B05,SMU,20,-2,
23-33,current,1.88879e-10,RESULT,,,,LaMP_HP_b,lamp_wholewafer,,,,,,,2026-09-22 20:13:53,second,measure,A,23-33,2,10.0,9.995113,4A08_4B07,SMU,21,-2,
23-44,current,4.5776e-11,RESULT,,,,LaMP_HP_b,lamp_wholewafer,,,,,,,2026-09-22 20:13:53,third,measure,A,23-44,3,10.0,9.995075,2A07_2B08,SMU,20,-1,
23-34,current,4.35705e-11,RESULT,,,,LaMP_HP_b,lamp_wholewafer,,,,,,,2026-09-22 20:13:53,fourth,measure,A,23-34,4,10.0,9.995079,2A05_2B06,SMU,21,-1,
24-40,current,4.66287e-11,RESULT,,,,LaMP_HP_b,lamp_wholewafer,,,,,,,2026-09-22 20:14:00,first,measure,A,24-40,1,10.0,9.995117,4A06_4B05,SMU,20,0,
24-30,current,4.21039e-11,RESULT,,,,LaMP_HP_b,lamp_wholewafer,,,,,,,2026-09-22 20:14:00,second,measure,A,24-30,2,10.0,9.995128,4A08_4B07,SMU,21,0,
24-41,current,4.13479e-11,RESULT,,,,LaMP_HP_b,lamp_wholewafer,,,,,,,2026-09-22 20:14:00,third,measure,A,24-41,3,10.0,9.995083,2A07_2B08,SMU,20,1,
24-31,current,4.24734e-11,RESULT,,,,LaMP_HP_b,lamp_wholewafer,,,,,,,2026-09-22 20:14:00,fourth,measure,A,24-31,4,10.0,9.995051,2A05_2B06,SMU,21,1,
24-42,current,4.80839e-11,RESULT,,,,LaMP_HP_b,lamp_wholewafer,,,,,,,2026-09-22 20:14:06,first,measure,A,24-42,1,10.0,9.99509,4A06_4B05,SMU,20,2,
24-32,current,4.38433e-11,RESULT,,,,LaMP_HP_b,lamp_wholewafer,,,,,,,2026-09-22 20:14:06,second,measure,A,24-32,2,10.0,9.995109,4A08_4B07,SMU,21,2,
24-43,current,4.02395e-11,RESULT,,,,LaMP_HP_b,lamp_wholewafer,,,,,,,2026-09-22 20:14:06,third,measure,A,24-43,3,10.0,9.995061,2A07_2B08,SMU,20,3,
24-33,current,4.15412e-11,RESULT,,,,LaMP_HP_b,lamp_wholewafer,,,,,,,2026-09-22 20:14:06,fourth,measure,A,24-33,4,10.0,9.995152,2A05_2B06,SMU,21,3,
24-44,current,2.04238e-10,RESULT,,,,LaMP_HP_b,lamp_wholewafer,,,,,,,2026-09-22 20:14:13,first,measure,A,24-44,1,10.0,9.995155,4A06_4B05,SMU,20,4,
24-34,current,3.40833e-11,RESULT,,,,LaMP_HP_b,lamp_wholewafer,,,,,,,2026-09-22 20:14:13,second,measure,A,24-34,2,10.0,9.995094,4A08_4B07,SMU,21,4,
25-40,current,3.66867e-11,RESULT,,,,LaMP_HP_b,lamp_wholewafer,,,,,,,2026-09-22 20:14:13,third,measure,A,25-40,3,10.0,9.995058,2A07_2B08,SMU,20,5,
25-30,current,3.64707e-11,RESULT,,,,LaMP_HP_b,lamp_wholewafer,,,,,,,2026-09-22 20:14:13,fourth,measure,A,25-30,4,10.0,9.994994,2A05_2B06,SMU,21,5,
25-41,current,4.39968e-11,RESULT,,,,LaMP_HP_b,lamp_wholewafer,,,,,,,2026-09-22 20:14:19,first,measure,A,25-41,1,10.0,9.995005,4A06_4B05,SMU,20,6,
25-31,current,4.149e-11,RESULT,,,,LaMP_HP_b,lamp_wholewafer,,,,,,,2026-09-22 20:14:19,second,measure,A,25-31,2,10.0,9.995066,4A08_4B07,SMU,21,6,
25-42,current,4.00178e-11,RESULT,,,,LaMP_HP_b,lamp_wholewafer,,,,,,,2026-09-22 20:14:19,third,measure,A,25-42,3,10.0,9.995033,2A07_2B08,SMU,20,7,
25-32,current,4.04555e-11,RESULT,,,,LaMP_HP_b,lamp_wholewafer,,,,,,,2026-09-22 20:14:19,fourth,measure,A,25-32,4,10.0,9.995085,2A05_2B06,SMU,21,7,
25-43,current,4.69129e-11,RESULT,,,,LaMP_HP_b,lamp_wholewafer,,,,,,,2026-09-22 20:14:26,first,measure,A,25-43,1,10.0,9.995137,4A06_4B05,SMU,20,8,
25-33,current,4.17856e-11,RESULT,,,,LaMP_HP_b,lamp_wholewafer,,,,,,,2026-09-22 20:14:26,second,measure,A,25-33,2,10.0,9.99511,4A08_4B07,SMU,21,8,
25-44,current,4.09557e-11,RESULT,,,,LaMP_HP_b,lamp_wholewafer,,,,,,,2026-09-22 20:14:26,third,measure,A,25-44,3,10.0,9.995117,2A07_2B08,SMU,20,9,
25-34,current,3.88127e-11,RESULT,,,,LaMP_HP_b,lamp_wholewafer,,,,,,,2026-09-22 20:14:26,fourth,measure,A,25-34,4,10.0,9.995139,2A05_2B06,SMU,21,9,
26-40,current,4.37296e-11,RESULT,,,,LaMP_HP_b,lamp_wholewafer,,,,,,,2026-09-22 20:14:32,first,measure,A,26-40,1,10.0,9.995051,4A06_4B05,SMU,20,10,
26-30,current,4.64354e-11,RESULT,,,,LaMP_HP_b,lamp_wholewafer,,,,,,,2026-09-22 20:14:32,second,measure,A,26-30,2,10.0,9.995107,4A08_4B07,SMU,21,10,
26-41,current,4.13365e-11,RESULT,,,,LaMP_HP_b,lamp_wholewafer,,,,,,,2026-09-22 20:14:32,third,measure,A,26-41,3,10.0,9.995081,2A07_2B08,SMU,20,11,
26-31,current,4.18766e-11,RESULT,,,,LaMP_HP_b,lamp_wholewafer,,,,,,,2026-09-22 20:14:32,fourth,measure,A,26-31,4,10.0,9.995053,2A05_2B06,SMU,21,11,
26-42,current,4.69242e-11,RESULT,,,,LaMP_HP_b,lamp_wholewafer,,,,,,,2026-09-22 20:14:39,first,measure,A,26-42,1,10.0,9.99506,4A06_4B05,SMU,20,12,
26-32,current,1.42694e-10,RESULT,,,,LaMP_HP_b,lamp_wholewafer,,,,,,,2026-09-22 20:14:39,second,measure,A,26-32,2,10.0,9.995134,4A08_4B07,SMU,21,12,
26-43,current,1.08247e-10,RESULT,,,,LaMP_HP_b,lamp_wholewafer,,,,,,,2026-09-22 20:14:39,third,measure,A,26-43,3,10.0,9.995062,2A07_2B08,SMU,20,13,
26-33,current,1.83564e-10,RESULT,,,,LaMP_HP_b,lamp_wholewafer,,,,,,,2026-09-22 20:14:39,fourth,measure,A,26-33,4,10.0,9.995076,2A05_2B06,SMU,21,13,
26-44,current,5.56099e-11,RESULT,,,,LaMP_HP_b,lamp_wholewafer,,,,,,,2026-09-22 20:14:45,first,measure,A,26-44,1,10.0,9.995117,4A06_4B05,SMU,20,14,
26-34,current,4.87489e-11,RESULT,,,,LaMP_HP_b,lamp_wholewafer,,,,,,,2026-09-22 20:14:45,second,measure,A,26-34,2,10.0,9.995077,4A08_4B07,SMU,21,14,
27-40,current,2.38907e-10,RESULT,,,,LaMP_HP_b,lamp_wholewafer,,,,,,,2026-09-22 20:14:45,third,measure,A,27-40,3,10.0,9.995087,2A07_2B08,SMU,20,15,
27-30,current,4.26837e-11,RESULT,,,,LaMP_HP_b,lamp_wholewafer,,,,,,,2026-09-22 20:14:45,fourth,measure,A,27-30,4,10.0,9.995037,2A05_2B06,SMU,21,15,
20-24,current,3.89491e-11,RESULT,,,,LaMP_HP_b,lamp_wholewafer,,,,,,,2026-09-22 20:14:52,first,measure,A,20-24,1,10.0,9.995157,4A06_4B05,SMU,22,-16,
20-14,current,2.44654e-10,RESULT,,,,LaMP_HP_b,lamp_wholewafer,,,,,,,2026-09-22 20:14:52,second,measure,A,20-14,2,10.0,9.995173,4A08_4B07,SMU,23,-16,
21-20,current,2.32944e-11,RESULT,,,,LaMP_HP_b,lamp_wholewafer,,,,,,,2026-09-22 20:14:52,third,measure,A,21-20,3,10.0,9.995148,2A07_2B08,SMU,22,-15,
21-10,current,2.80181e-11,RESULT,,,,LaMP_HP_b,lamp_wholewafer,,,,,,,2026-09-22 20:14:52,fourth,measure,A,21-10,4,10.0,9.995187,2A05_2B06,SMU,23,-15,
21-21,current,3.80169e-11,RESULT,,,,LaMP_HP_b,lamp_wholewafer,,,,,,,2026-09-22 20:14:58,first,measure,A,21-21,1,10.0,9.995126,4A06_4B05,SMU,22,-14,
21-11,current,3.62775e-11,RESULT,,,,LaMP_HP_b,lamp_wholewafer,,,,,,,2026-09-22 20:14:58,second,measure,A,21-11,2,10.0,9.995097,4A08_4B07,SMU,23,-14,
PCM,current,2.32319e-11,RESULT,,,,LaMP_HP_b,lamp_wholewafer,,,,,,,2026-09-22 20:14:58,third,measure,A,PCM,3,10.0,9.995171,2A07_2B08,SMU,22,-13,
21-12,current,3.75962e-11,RESULT,,,,LaMP_HP_b,lamp_wholewafer,,,,,,,2026-09-22 20:14:58,fourth,measure,A,21-12,4,10.0,9.995108,2A05_2B06,SMU,23,-13,
21-23,current,4.46732e-11,RESULT,,,,LaMP_HP_b,lamp_wholewafer,,,,,,,2026-09-22 20:15:05,first,measure,A,21-23,1,10.0,9.995112,4A06_4B05,SMU,22,-12,
21-13,current,4.18083e-11,RESULT,,,,LaMP_HP_b,lamp_wholewafer,,,,,,,2026-09-22 20:15:05,second,measure,A,21-13,2,10.0,9.995034,4A08_4B07,SMU,23,-12,
21-24,current,4.32522e-11,RESULT,,,,LaMP_HP_b,lamp_wholewafer,,,,,,,2026-09-22 20:15:05,third,measure,A,21-24,3,10.0,9.99509,2A07_2B08,SMU,22,-11,
21-14,current,4.10466e-11,RESULT,,,,LaMP_HP_b,lamp_wholewafer,,,,,,,2026-09-22 20:15:05,fourth,measure,A,21-14,4,10.0,9.995163,2A05_2B06,SMU,23,-11,
22-20,current,4.53269e-11,RESULT,,,,LaMP_HP_b,lamp_wholewafer,,,,,,,2026-09-22 20:15:11,first,measure,A,22-20,1,10.0,9.995086,4A06_4B05,SMU,22,-10,
22-10,current,4.21494e-11,RESULT,,,,LaMP_HP_b,lamp_wholewafer,,,,,,,2026-09-22 20:15:11,second,measure,A,22-10,2,10.0,9.995047,4A08_4B07,SMU,23,-10,
22-21,current,4.12399e-11,RESULT,,,,LaMP_HP_b,lamp_wholewafer,,,,,,,2026-09-22 20:15:11,third,measure,A,22-21,3,10.0,9.995071,2A07_2B08,SMU,22,-9,
22-11,current,3.99496e-11,RESULT,,,,LaMP_HP_b,lamp_wholewafer,,,,,,,2026-09-22 20:15:11,fourth,measure,A,22-11,4,10.0,9.995067,2A05_2B06,SMU,23,-9,
22-22,current,4.86978e-11,RESULT,,,,LaMP_HP_b,lamp_wholewafer,,,,,,,2026-09-22 20:15:18,first,measure,A,22-22,1,10.0,9.995108,4A06_4B05,SMU,22,-8,
22-12,current,4.19732e-11,RESULT,,,,LaMP_HP_b,lamp_wholewafer,,,,,,,2026-09-22 20:15:18,second,measure,A,22-12,2,10.0,9.995149,4A08_4B07,SMU,23,-8,
22-23,current,4.19846e-11,RESULT,,,,LaMP_HP_b,lamp_wholewafer,,,,,,,2026-09-22 20:15:18,third,measure,A,22-23,3,10.0,9.995167,2A07_2B08,SMU,22,-7,
22-13,current,4.14502e-11,RESULT,,,,LaMP_HP_b,lamp_wholewafer,,,,,,,2026-09-22 20:15:18,fourth,measure,A,22-13,4,10.0,9.995118,2A05_2B06,SMU,23,-7,
22-24,current,4.65661e-11,RESULT,,,,LaMP_HP_b,lamp_wholewafer,,,,,,,2026-09-22 20:15:24,first,measure,A,22-24,1,10.0,9.995107,4A06_4B05,SMU,22,-6,
22-14,current,4.12967e-11,RESULT,,,,LaMP_HP_b,lamp_wholewafer,,,,,,,2026-09-22 20:15:24,second,measure,A,22-14,2,10.0,9.995111,4A08_4B07,SMU,23,-6,
23-20,current,4.02054e-11,RESULT,,,,LaMP_HP_b,lamp_wholewafer,,,,,,,2026-09-22 20:15:24,third,measure,A,23-20,3,10.0,9.995123,2A07_2B08,SMU,22,-5,
23-10,current,4.01656e-11,RESULT,,,,LaMP_HP_b,lamp_wholewafer,,,,,,,2026-09-22 20:15:24,fourth,measure,A,23-10,4,10.0,9.995171,2A05_2B06,SMU,23,-5,
23-21,current,4.40195e-11,RESULT,,,,LaMP_HP_b,lamp_wholewafer,,,,,,,2026-09-22 20:15:31,first,measure,A,23-21,1,10.0,9.995111,4A06_4B05,SMU,22,-4,
23-11,current,4.12854e-11,RESULT,,,,LaMP_HP_b,lamp_wholewafer,,,,,,,2026-09-22 20:15:31,second,measure,A,23-11,2,10.0,9.995132,4A08_4B07,SMU,23,-4,
PCM,current,2.26407e-11,RESULT,,,,LaMP_HP_b,lamp_wholewafer,,,,,,,2026-09-22 20:15:31,third,measure,A,PCM,3,10.0,9.995111,2A07_2B08,SMU,22,-3,
23-12,current,4.11433e-11,RESULT,,,,LaMP_HP_b,lamp_wholewafer,,,,,,,2026-09-22 20:15:31,fourth,measure,A,23-12,4,10.0,9.995147,2A05_2B06,SMU,23,-3,
23-23,current,4.4065e-11,RESULT,,,,LaMP_HP_b,lamp_wholewafer,,,,,,,2026-09-22 20:15:37,first,measure,A,23-23,1,10.0,9.995117,4A06_4B05,SMU,22,-2,
23-13,current,4.20187e-11,RESULT,,,,LaMP_HP_b,lamp_wholewafer,,,,,,,2026-09-22 20:15:37,second,measure,A,23-13,2,10.0,9.995142,4A08_4B07,SMU,23,-2,
23-24,current,4.13138e-11,RESULT,,,,LaMP_HP_b,lamp_wholewafer,,,,,,,2026-09-22 20:15:37,third,measure,A,23-24,3,10.0,9.995154,2A07_2B08,SMU,22,-1,
23-14,current,4.15923e-11,RESULT,,,,LaMP_HP_b,lamp_wholewafer,,,,,,,2026-09-22 20:15:37,fourth,measure,A,23-14,4,10.0,9.995135,2A05_2B06,SMU,23,-1,
24-20,current,4.46278e-11,RESULT,,,,LaMP_HP_b,lamp_wholewafer,,,,,,,2026-09-22 20:15:44,first,measure,A,24-20,1,10.0,9.995188,4A06_4B05,SMU,22,0,
24-10,current,4.22006e-11,RESULT,,,,LaMP_HP_b,lamp_wholewafer,,,,,,,2026-09-22 20:15:44,second,measure,A,24-10,2,10.0,9.995253,4A08_4B07,SMU,23,0,
24-21,current,4.07454e-11,RESULT,,,,LaMP_HP_b,lamp_wholewafer,,,,,,,2026-09-22 20:15:44,third,measure,A,24-21,3,10.0,9.995197,2A07_2B08,SMU,22,1,
24-11,current,4.10978e-11,RESULT,,,,LaMP_HP_b,lamp_wholewafer,,,,,,,2026-09-22 20:15:44,fourth,measure,A,24-11,4,10.0,9.995249,2A05_2B06,SMU,23,1,
24-22,current,4.68162e-11,RESULT,,,,LaMP_HP_b,lamp_wholewafer,,,,,,,2026-09-22 20:15:50,first,measure,A,24-22,1,10.0,9.995223,4A06_4B05,SMU,22,2,
24-12,current,4.20414e-11,RESULT,,,,LaMP_HP_b,lamp_wholewafer,,,,,,,2026-09-22 20:15:50,second,measure,A,24-12,2,10.0,9.995228,4A08_4B07,SMU,23,2,
24-23,current,4.16605e-11,RESULT,,,,LaMP_HP_b,lamp_wholewafer,,,,,,,2026-09-22 20:15:50,third,measure,A,24-23,3,10.0,9.995164,2A07_2B08,SMU,22,3,
24-13,current,4.16719e-11,RESULT,,,,LaMP_HP_b,lamp_wholewafer,,,,,,,2026-09-22 20:15:50,fourth,measure,A,24-13,4,10.0,9.995119,2A05_2B06,SMU,23,3,
24-24,current,4.58499e-11,RESULT,,,,LaMP_HP_b,lamp_wholewafer,,,,,,,2026-09-22 20:15:57,first,measure,A,24-24,1,10.0,9.995147,4A06_4B05,SMU,22,4,
24-14,current,4.46619e-11,RESULT,,,,LaMP_HP_b,lamp_wholewafer,,,,,,,2026-09-22 20:15:57,second,measure,A,24-14,2,10.0,9.995201,4A08_4B07,SMU,23,4,
25-20,current,3.92561e-11,RESULT,,,,LaMP_HP_b,lamp_wholewafer,,,,,,,2026-09-22 20:15:57,third,measure,A,25-20,3,10.0,9.995245,2A07_2B08,SMU,22,5,
25-10,current,4.1689e-11,RESULT,,,,LaMP_HP_b,lamp_wholewafer,,,,,,,2026-09-22 20:15:57,fourth,measure,A,25-10,4,10.0,9.995184,2A05_2B06,SMU,23,5,
25-21,current,4.35307e-11,RESULT,,,,LaMP_HP_b,lamp_wholewafer,,,,,,,2026-09-22 20:16:03,first,measure,A,25-21,1,10.0,9.995108,4A06_4B05,SMU,22,6,
25-11,current,4.52133e-11,RESULT,,,,LaMP_HP_b,lamp_wholewafer,,,,,,,2026-09-22 20:16:03,second,measure,A,25-11,2,10.0,9.99509,4A08_4B07,SMU,23,6,
PCM,current,2.32262e-11,RESULT,,,,LaMP_HP_b,lamp_wholewafer,,,,,,,2026-09-22 20:16:03,third,measure,A,PCM,3,10.0,9.99518,2A07_2B08,SMU,22,7,
25-12,current,3.73973e-11,RESULT,,,,LaMP_HP_b,lamp_wholewafer,,,,,,,2026-09-22 20:16:03,fourth,measure,A,25-12,4,10.0,9.995199,2A05_2B06,SMU,23,7,
25-23,current,4.68447e-11,RESULT,,,,LaMP_HP_b,lamp_wholewafer,,,,,,,2026-09-22 20:16:10,first,measure,A,25-23,1,10.0,9.995214,4A06_4B05,SMU,22,8,
25-13,current,4.03986e-11,RESULT,,,,LaMP_HP_b,lamp_wholewafer,,,,,,,2026-09-22 20:16:10,second,measure,A,25-13,2,10.0,9.995198,4A08_4B07,SMU,23,8,
25-24,current,4.29395e-11,RESULT,,,,LaMP_HP_b,lamp_wholewafer,,,,,,,2026-09-22 20:16:10,third,measure,A,25-24,3,10.0,9.995195,2A07_2B08,SMU,22,9,
25-14,current,4.1598e-11,RESULT,,,,LaMP_HP_b,lamp_wholewafer,,,,,,,2026-09-22 20:16:10,fourth,measure,A,25-14,4,10.0,9.995216,2A05_2B06,SMU,23,9,
26-20,current,5.11534e-11,RESULT,,,,LaMP_HP_b,lamp_wholewafer,,,,,,,2026-09-22 20:16:16,first,measure,A,26-20,1,10.0,9.99516,4A06_4B05,SMU,22,10,
26-10,current,4.20528e-11,RESULT,,,,LaMP_HP_b,lamp_wholewafer,,,,,,,2026-09-22 20:16:16,second,measure,A,26-10,2,10.0,9.995211,4A08_4B07,SMU,23,10,
26-21,current,4.17856e-11,RESULT,,,,LaMP_HP_b,lamp_wholewafer,,,,,,,2026-09-22 20:16:16,third,measure,A,26-21,3,10.0,9.99519,2A07_2B08,SMU,22,11,
26-11,current,8.47649e-11,RESULT,,,,LaMP_HP_b,lamp_wholewafer,,,,,,,2026-09-22 20:16:16,fourth,measure,A,26-11,4,10.0,9.995125,2A05_2B06,SMU,23,11,
26-22,current,5.55815e-11,RESULT,,,,LaMP_HP_b,lamp_wholewafer,,,,,,,2026-09-22 20:16:23,first,measure,A,26-22,1,10.0,9.995136,4A06_4B05,SMU,22,12,
26-12,current,5.18412e-11,RESULT,,,,LaMP_HP_b,lamp_wholewafer,,,,,,,2026-09-22 20:16:23,second,measure,A,26-12,2,10.0,9.995123,4A08_4B07,SMU,23,12,
26-23,current,4.7163e-11,RESULT,,,,LaMP_HP_b,lamp_wholewafer,,,,,,,2026-09-22 20:16:23,third,measure,A,26-23,3,10.0,9.995135,2A07_2B08,SMU,22,13,
26-13,current,4.40934e-11,RESULT,,,,LaMP_HP_b,lamp_wholewafer,,,,,,,2026-09-22 20:16:23,fourth,measure,A,26-13,4,10.0,9.995098,2A05_2B06,SMU,23,13,
26-24,current,4.85557e-11,RESULT,,,,LaMP_HP_b,lamp_wholewafer,,,,,,,2026-09-22 20:16:29,first,measure,A,26-24,1,10.0,9.995087,4A06_4B05,SMU,22,14,
26-14,current,4.57533e-11,RESULT,,,,LaMP_HP_b,lamp_wholewafer,,,,,,,2026-09-22 20:16:29,second,measure,A,26-14,2,10.0,9.995081,4A08_4B07,SMU,23,14,
27-20,current,3.98643e-11,RESULT,,,,LaMP_HP_b,lamp_wholewafer,,,,,,,2026-09-22 20:16:29,third,measure,A,27-20,3,10.0,9.995094,2A07_2B08,SMU,22,15,
27-10,current,3.81931e-11,RESULT,,,,LaMP_HP_b,lamp_wholewafer,,,,,,,2026-09-22 20:16:29,fourth,measure,A,27-10,4,10.0,9.995104,2A05_2B06,SMU,23,15,
NA,current,3.43846e-11,RESULT,,,,LaMP_HP_b,lamp_wholewafer,,,,,,,2026-09-22 20:16:36,first,measure,A,NA,1,10.0,9.995138,4A06_4B05,SMU,24,-16,
NA,current,9.99995e-07,RESULT,,,,LaMP_HP_b,lamp_wholewafer,,,,,,,2026-09-22 20:16:36,second,measure,A,NA,2,10.0,0.04353561,4A08_4B07,SMU,25,-16,
21-00,current,3.54305e-11,RESULT,,,,LaMP_HP_b,lamp_wholewafer,,,,,,,2026-09-22 20:16:36,third,measure,A,21-00,3,10.0,9.995059,2A07_2B08,SMU,24,-15,
11-70,current,3.02464e-11,RESULT,,,,LaMP_HP_b,lamp_wholewafer,,,,,,,2026-09-22 20:16:36,fourth,measure,A,11-70,4,10.0,9.995062,2A05_2B06,SMU,25,-15,
21-01,current,3.77497e-11,RESULT,,,,LaMP_HP_b,lamp_wholewafer,,,,,,,2026-09-22 20:16:43,first,measure,A,21-01,1,10.0,9.995054,4A06_4B05,SMU,24,-14,
11-71,current,3.34012e-11,RESULT,,,,LaMP_HP_b,lamp_wholewafer,,,,,,,2026-09-22 20:16:43,second,measure,A,11-71,2,10.0,9.995056,4A08_4B07,SMU,25,-14,
21-02,current,4.08988e-11,RESULT,,,,LaMP_HP_b,lamp_wholewafer,,,,,,,2026-09-22 20:16:43,third,measure,A,21-02,3,10.0,9.995063,2A07_2B08,SMU,24,-13,
11-72,current,4.05919e-11,RESULT,,,,LaMP_HP_b,lamp_wholewafer,,,,,,,2026-09-22 20:16:43,fourth,measure,A,11-72,4,10.0,9.995126,2A05_2B06,SMU,25,-13,
21-03,current,4.58783e-11,RESULT,,,,LaMP_HP_b,lamp_wholewafer,,,,,,,2026-09-22 20:16:49,first,measure,A,21-03,1,10.0,9.995152,4A06_4B05,SMU,24,-12,
11-73,current,3.93641e-11,RESULT,,,,LaMP_HP_b,lamp_wholewafer,,,,,,,2026-09-22 20:16:49,second,measure,A,11-73,2,10.0,9.995148,4A08_4B07,SMU,25,-12,
21-04,current,4.03418e-11,RESULT,,,,LaMP_HP_b,lamp_wholewafer,,,,,,,2026-09-22 20:16:49,third,measure,A,21-04,3,10.0,9.995182,2A07_2B08,SMU,24,-11,
11-74,current,3.91026e-11,RESULT,,,,LaMP_HP_b,lamp_wholewafer,,,,,,,2026-09-22 20:16:49,fourth,measure,A,11-74,4,10.0,9.995213,2A05_2B06,SMU,25,-11,
22-00,current,6.27324e-11,RESULT,,,,LaMP_HP_b,lamp_wholewafer,,,,,,,2026-09-22 20:16:56,first,measure,A,22-00,1,10.0,9.995173,4A06_4B05,SMU,24,-10,
12-70,current,4.05294e-11,RESULT,,,,LaMP_HP_b,lamp_wholewafer,,,,,,,2026-09-22 20:16:56,second,measure,A,12-70,2,10.0,9.995164,4A08_4B07,SMU,25,-10,
22-01,current,4.1814e-11,RESULT,,,,LaMP_HP_b,lamp_wholewafer,,,,,,,2026-09-22 20:16:56,third,measure,A,22-01,3,10.0,9.995133,2A07_2B08,SMU,24,-9,
12-71,current,4.05976e-11,RESULT,,,,LaMP_HP_b,lamp_wholewafer,,,,,,,2026-09-22 20:16:56,fourth,measure,A,12-71,4,10.0,9.995167,2A05_2B06,SMU,25,-9,
22-02,current,4.76689e-11,RESULT,,,,LaMP_HP_b,lamp_wholewafer,,,,,,,2026-09-22 20:17:02,first,measure,A,22-02,1,10.0,9.995117,4A06_4B05,SMU,24,-8,
12-72,current,4.36216e-11,RESULT,,,,LaMP_HP_b,lamp_wholewafer,,,,,,,2026-09-22 20:17:02,second,measure,A,12-72,2,10.0,9.995128,4A08_4B07,SMU,25,-8,
22-03,current,4.08591e-11,RESULT,,,,LaMP_HP_b,lamp_wholewafer,,,,,,,2026-09-22 20:17:02,third,measure,A,22-03,3,10.0,9.995182,2A07_2B08,SMU,24,-7,
12-73,current,4.11376e-11,RESULT,,,,LaMP_HP_b,lamp_wholewafer,,,,,,,2026-09-22 20:17:02,fourth,measure,A,12-73,4,10.0,9.995141,2A05_2B06,SMU,25,-7,
22-04,current,4.75893e-11,RESULT,,,,LaMP_HP_b,lamp_wholewafer,,,,,,,2026-09-22 20:17:09,first,measure,A,22-04,1,10.0,9.995147,4A06_4B05,SMU,24,-6,
12-74,current,4.34852e-11,RESULT,,,,LaMP_HP_b,lamp_wholewafer,,,,,,,2026-09-22 20:17:09,second,measure,A,12-74,2,10.0,9.995152,4A08_4B07,SMU,25,-6,
23-00,current,3.94721e-11,RESULT,,,,LaMP_HP_b,lamp_wholewafer,,,,,,,2026-09-22 20:17:09,third,measure,A,23-00,3,10.0,9.995179,2A07_2B08,SMU,24,-5,
13-70,current,4.18481e-11,RESULT,,,,LaMP_HP_b,lamp_wholewafer,,,,,,,2026-09-22 20:17:09,fourth,measure,A,13-70,4,10.0,9.99514,2A05_2B06,SMU,25,-5,
23-01,current,4.5253e-11,RESULT,,,,LaMP_HP_b,lamp_wholewafer,,,,,,,2026-09-22 20:17:15,first,measure,A,23-01,1,10.0,9.995214,4A06_4B05,SMU,24,-4,
13-71,current,4.08363e-11,RESULT,,,,LaMP_HP_b,lamp_wholewafer,,,,,,,2026-09-22 20:17:15,second,measure,A,13-71,2,10.0,9.995208,4A08_4B07,SMU,25,-4,
23-02,current,4.0319e-11,RESULT,,,,LaMP_HP_b,lamp_wholewafer,,,,,,,2026-09-22 20:17:15,third,measure,A,23-02,3,10.0,9.995209,2A07_2B08,SMU,24,-3,
13-72,current,4.18822e-11,RESULT,,,,LaMP_HP_b,lamp_wholewafer,,,,,,,2026-09-22 20:17:15,fourth,measure,A,13-72,4,10.0,9.995169,2A05_2B06,SMU,25,-3,
23-03,current,4.54008e-11,RESULT,,,,LaMP_HP_b,lamp_wholewafer,,,,,,,2026-09-22 20:17:21,first,measure,A,23-03,1,10.0,9.995146,4A06_4B05,SMU,24,-2,
13-73,current,4.17742e-11,RESULT,,,,LaMP_HP_b,lamp_wholewafer,,,,,,,2026-09-22 20:17:21,second,measure,A,13-73,2,10.0,9.99517,4A08_4B07,SMU,25,-2,
23-04,current,3.95687e-11,RESULT,,,,LaMP_HP_b,lamp_wholewafer,,,,,,,2026-09-22 20:17:21,third,measure,A,23-04,3,10.0,9.995147,2A07_2B08,SMU,24,-1,
13-74,current,4.14616e-11,RESULT,,,,LaMP_HP_b,lamp_wholewafer,,,,,,,2026-09-22 20:17:21,fourth,measure,A,13-74,4,10.0,9.995189,2A05_2B06,SMU,25,-1,
24-00,current,4.5452e-11,RESULT,,,,LaMP_HP_b,lamp_wholewafer,,,,,,,2026-09-22 20:17:28,first,measure,A,24-00,1,10.0,9.995206,4A06_4B05,SMU,24,0,
14-70,current,4.10239e-11,RESULT,,,,LaMP_HP_b,lamp_wholewafer,,,,,,,2026-09-22 20:17:28,second,measure,A,14-70,2,10.0,9.99523,4A08_4B07,SMU,25,0,
24-01,current,4.24109e-11,RESULT,,,,LaMP_HP_b,lamp_wholewafer,,,,,,,2026-09-22 20:17:28,third,measure,A,24-01,3,10.0,9.995143,2A07_2B08,SMU,24,1,
14-71,current,4.10182e-11,RESULT,,,,LaMP_HP_b,lamp_wholewafer,,,,,,,2026-09-22 20:17:28,fourth,measure,A,14-71,4,10.0,9.995149,2A05_2B06,SMU,25,1,
24-02,current,2.18404e-10,RESULT,,,,LaMP_HP_b,lamp_wholewafer,,,,,,,2026-09-22 20:17:34,first,measure,A,24-02,1,10.0,9.995173,4A06_4B05,SMU,24,2,
14-72,current,3.84489e-11,RESULT,,,,LaMP_HP_b,lamp_wholewafer,,,,,,,2026-09-22 20:17:34,second,measure,A,14-72,2,10.0,9.995143,4A08_4B07,SMU,25,2,
24-03,current,3.86308e-11,RESULT,,,,LaMP_HP_b,lamp_wholewafer,,,,,,,2026-09-22 20:17:34,third,measure,A,24-03,3,10.0,9.995228,2A07_2B08,SMU,24,3,
14-73,current,3.73461e-11,RESULT,,,,LaMP_HP_b,lamp_wholewafer,,,,,,,2026-09-22 20:17:34,fourth,measure,A,14-73,4,10.0,9.995203,2A05_2B06,SMU,25,3,
24-04,current,4.4821e-11,RESULT,,,,LaMP_HP_b,lamp_wholewafer,,,,,,,2026-09-22 20:17:41,first,measure,A,24-04,1,10.0,9.995116,4A06_4B05,SMU,24,4,
14-74,current,4.0319e-11,RESULT,,,,LaMP_HP_b,lamp_wholewafer,,,,,,,2026-09-22 20:17:41,second,measure,A,14-74,2,10.0,9.995188,4A08_4B07,SMU,25,4,
25-00,current,4.06715e-11,RESULT,,,,LaMP_HP_b,lamp_wholewafer,,,,,,,2026-09-22 20:17:41,third,measure,A,25-00,3,10.0,9.995264,2A07_2B08,SMU,24,5,
15-70,current,3.63229e-11,RESULT,,,,LaMP_HP_b,lamp_wholewafer,,,,,,,2026-09-22 20:17:41,fourth,measure,A,15-70,4,10.0,9.995234,2A05_2B06,SMU,25,5,
25-01,current,4.33659e-11,RESULT,,,,LaMP_HP_b,lamp_wholewafer,,,,,,,2026-09-22 20:17:47,first,measure,A,25-01,1,10.0,9.995203,4A06_4B05,SMU,24,6,
15-71,current,4.13024e-11,RESULT,,,,LaMP_HP_b,lamp_wholewafer,,,,,,,2026-09-22 20:17:47,second,measure,A,15-71,2,10.0,9.995311,4A08_4B07,SMU,25,6,
25-02,current,1.98941e-10,RESULT,,,,LaMP_HP_b,lamp_wholewafer,,,,,,,2026-09-22 20:17:47,third,measure,A,25-02,3,10.0,9.995215,2A07_2B08,SMU,24,7,
15-72,current,4.50825e-11,RESULT,,,,LaMP_HP_b,lamp_wholewafer,,,,,,,2026-09-22 20:17:47,fourth,measure,A,15-72,4,10.0,9.995176,2A05_2B06,SMU,25,7,
25-03,current,5.06304e-11,RESULT,,,,LaMP_HP_b,lamp_wholewafer,,,,,,,2026-09-22 20:17:54,first,measure,A,25-03,1,10.0,9.995195,4A06_4B05,SMU,24,8,
15-73,current,4.63501e-11,RESULT,,,,LaMP_HP_b,lamp_wholewafer,,,,,,,2026-09-22 20:17:54,second,measure,A,15-73,2,10.0,9.99514,4A08_4B07,SMU,25,8,
25-04,current,4.12683e-11,RESULT,,,,LaMP_HP_b,lamp_wholewafer,,,,,,,2026-09-22 20:17:54,third,measure,A,25-04,3,10.0,9.995208,2A07_2B08,SMU,24,9,
15-74,current,4.28656e-11,RESULT,,,,LaMP_HP_b,lamp_wholewafer,,,,,,,2026-09-22 20:17:54,fourth,measure,A,15-74,4,10.0,9.995241,2A05_2B06,SMU,25,9,
26-00,current,4.70095e-11,RESULT,,,,LaMP_HP_b,lamp_wholewafer,,,,,,,2026-09-22 20:18:00,first,measure,A,26-00,1,10.0,9.995272,4A06_4B05,SMU,24,10,
16-70,current,4.34511e-11,RESULT,,,,LaMP_HP_b,lamp_wholewafer,,,,,,,2026-09-22 20:18:00,second,measure,A,16-70,2,10.0,9.99524,4A08_4B07,SMU,25,10,
26-01,current,4.20982e-11,RESULT,,,,LaMP_HP_b,lamp_wholewafer,,,,,,,2026-09-22 20:18:00,third,measure,A,26-01,3,10.0,9.995212,2A07_2B08,SMU,24,11,
16-71,current,4.36557e-11,RESULT,,,,LaMP_HP_b,lamp_wholewafer,,,,,,,2026-09-22 20:18:00,fourth,measure,A,16-71,4,10.0,9.995273,2A05_2B06,SMU,25,11,
26-02,current,1.48111e-10,RESULT,,,,LaMP_HP_b,lamp_wholewafer,,,,,,,2026-09-22 20:18:07,first,measure,A,26-02,1,10.0,9.995166,4A06_4B05,SMU,24,12,
16-72,current,1.74856e-10,RESULT,,,,LaMP_HP_b,lamp_wholewafer,,,,,,,2026-09-22 20:18:07,second,measure,A,16-72,2,10.0,9.995253,4A08_4B07,SMU,25,12,
26-03,current,4.54293e-11,RESULT,,,,LaMP_HP_b,lamp_wholewafer,,,,,,,2026-09-22 20:18:07,third,measure,A,26-03,3,10.0,9.995199,2A07_2B08,SMU,24,13,
16-73,current,4.48267e-11,RESULT,,,,LaMP_HP_b,lamp_wholewafer,,,,,,,2026-09-22 20:18:07,fourth,measure,A,16-73,4,10.0,9.995203,2A05_2B06,SMU,25,13,
26-04,current,4.90843e-11,RESULT,,,,LaMP_HP_b,lamp_wholewafer,,,,,,,2026-09-22 20:18:13,first,measure,A,26-04,1,10.0,9.995138,4A06_4B05,SMU,24,14,
16-74,current,4.07908e-11,RESULT,,,,LaMP_HP_b,lamp_wholewafer,,,,,,,2026-09-22 20:18:13,second,measure,A,16-74,2,10.0,9.995084,4A08_4B07,SMU,25,14,
NA,current,3.61865e-11,RESULT,,,,LaMP_HP_b,lamp_wholewafer,,,,,,,2026-09-22 20:18:13,third,measure,A,NA,3,10.0,9.995174,2A07_2B08,SMU,24,15,
NA,current,9.99996e-07,RESULT,,,,LaMP_HP_b,lamp_wholewafer,,,,,,,2026-09-22 20:18:13,fourth,measure,A,NA,4,10.0,0.04749527,2A05_2B06,SMU,25,15,
11-61,current,3.41004e-11,RESULT,,,,LaMP_HP_b,lamp_wholewafer,,,,,,,2026-09-22 20:18:20,first,measure,A,11-61,1,10.0,9.995299,4A06_4B05,SMU,26,-14,
11-51,current,3.48677e-11,RESULT,,,,LaMP_HP_b,lamp_wholewafer,,,,,,,2026-09-22 20:18:20,second,measure,A,11-51,2,10.0,9.995277,4A08_4B07,SMU,27,-14,
11-62,current,3.98472e-11,RESULT,,,,LaMP_HP_b,lamp_wholewafer,,,,,,,2026-09-22 20:18:20,third,measure,A,11-62,3,10.0,9.995249,2A07_2B08,SMU,26,-13,
11-52,current,4.50882e-11,RESULT,,,,LaMP_HP_b,lamp_wholewafer,,,,,,,2026-09-22 20:18:20,fourth,measure,A,11-52,4,10.0,9.995314,2A05_2B06,SMU,27,-13,
11-63,current,4.74188e-11,RESULT,,,,LaMP_HP_b,lamp_wholewafer,,,,,,,2026-09-22 20:18:27,first,measure,A,11-63,1,10.0,9.995329,4A06_4B05,SMU,26,-12,
11-53,current,3.95573e-11,RESULT,,,,LaMP_HP_b,lamp_wholewafer,,,,,,,2026-09-22 20:18:27,second,measure,A,11-53,2,10.0,9.995265,4A08_4B07,SMU,27,-12,
11-64,current,3.90116e-11,RESULT,,,,LaMP_HP_b,lamp_wholewafer,,,,,,,2026-09-22 20:18:27,third,measure,A,11-64,3,10.0,9.995268,2A07_2B08,SMU,26,-11,
11-54,current,3.65389e-11,RESULT,,,,LaMP_HP_b,lamp_wholewafer,,,,,,,2026-09-22 20:18:27,fourth,measure,A,11-54,4,10.0,9.995293,2A05_2B06,SMU,27,-11,
12-60,current,4.90331e-11,RESULT,,,,LaMP_HP_b,lamp_wholewafer,,,,,,,2026-09-22 20:18:33,first,measure,A,12-60,1,10.0,9.995276,4A06_4B05,SMU,26,-10,
12-50,current,4.08988e-11,RESULT,,,,LaMP_HP_b,lamp_wholewafer,,,,,,,2026-09-22 20:18:33,second,measure,A,12-50,2,10.0,9.995255,4A08_4B07,SMU,27,-10,
12-61,current,4.34682e-11,RESULT,,,,LaMP_HP_b,lamp_wholewafer,,,,,,,2026-09-22 20:18:33,third,measure,A,12-61,3,10.0,9.995293,2A07_2B08,SMU,26,-9,
12-51,current,4.41389e-11,RESULT,,,,LaMP_HP_b,lamp_wholewafer,,,,,,,2026-09-22 20:18:33,fourth,measure,A,12-51,4,10.0,9.995228,2A05_2B06,SMU,27,-9,
12-62,current,4.85727e-11,RESULT,,,,LaMP_HP_b,lamp_wholewafer,,,,,,,2026-09-22 20:18:40,first,measure,A,12-62,1,10.0,9.995182,4A06_4B05,SMU,26,-8,
12-52,current,4.03929e-11,RESULT,,,,LaMP_HP_b,lamp_wholewafer,,,,,,,2026-09-22 20:18:40,second,measure,A,12-52,2,10.0,9.995215,4A08_4B07,SMU,27,-8,
12-63,current,4.07795e-11,RESULT,,,,LaMP_HP_b,lamp_wholewafer,,,,,,,2026-09-22 20:18:40,third,measure,A,12-63,3,10.0,9.995153,2A07_2B08,SMU,26,-7,
12-53,current,4.10751e-11,RESULT,,,,LaMP_HP_b,lamp_wholewafer,,,,,,,2026-09-22 20:18:40,fourth,measure,A,12-53,4,10.0,9.995105,2A05_2B06,SMU,27,-7,
12-64,current,4.4588e-11,RESULT,,,,LaMP_HP_b,lamp_wholewafer,,,,,,,2026-09-22 20:18:46,first,measure,A,12-64,1,10.0,9.99512,4A06_4B05,SMU,26,-6,
12-54,current,4.0103e-11,RESULT,,,,LaMP_HP_b,lamp_wholewafer,,,,,,,2026-09-22 20:18:46,second,measure,A,12-54,2,10.0,9.995181,4A08_4B07,SMU,27,-6,
13-60,current,3.9455e-11,RESULT,,,,LaMP_HP_b,lamp_wholewafer,,,,,,,2026-09-22 20:18:46,third,measure,A,13-60,3,10.0,9.995158,2A07_2B08,SMU,26,-5,
13-50,current,3.87502e-11,RESULT,,,,LaMP_HP_b,lamp_wholewafer,,,,,,,2026-09-22 20:18:46,fourth,measure,A,13-50,4,10.0,9.995097,2A05_2B06,SMU,27,-5,
13-61,current,4.43094e-11,RESULT,,,,LaMP_HP_b,lamp_wholewafer,,,,,,,2026-09-22 20:18:53,first,measure,A,13-61,1,10.0,9.995129,4A06_4B05,SMU,26,-4,
13-51,current,4.20471e-11,RESULT,,,,LaMP_HP_b,lamp_wholewafer,,,,,,,2026-09-22 20:18:53,second,measure,A,13-51,2,10.0,9.995147,4A08_4B07,SMU,27,-4,
13-62,current,3.92276e-11,RESULT,,,,LaMP_HP_b,lamp_wholewafer,,,,,,,2026-09-22 20:18:53,third,measure,A,13-62,3,10.0,9.995209,2A07_2B08,SMU,26,-3,
13-52,current,3.79828e-11,RESULT,,,,LaMP_HP_b,lamp_wholewafer,,,,,,,2026-09-22 20:18:53,fourth,measure,A,13-52,4,10.0,9.995239,2A05_2B06,SMU,27,-3,
13-63,current,4.55486e-11,RESULT,,,,LaMP_HP_b,lamp_wholewafer,,,,,,,2026-09-22 20:18:59,first,measure,A,13-63,1,10.0,9.995148,4A06_4B05,SMU,26,-2,
13-53,current,4.18652e-11,RESULT,,,,LaMP_HP_b,lamp_wholewafer,,,,,,,2026-09-22 20:18:59,second,measure,A,13-53,2,10.0,9.995178,4A08_4B07,SMU,27,-2,
13-64,current,4.08477e-11,RESULT,,,,LaMP_HP_b,lamp_wholewafer,,,,,,,2026-09-22 20:18:59,third,measure,A,13-64,3,10.0,9.995244,2A07_2B08,SMU,26,-1,
13-54,current,3.88923e-11,RESULT,,,,LaMP_HP_b,lamp_wholewafer,,,,,,,2026-09-22 20:18:59,fourth,measure,A,13-54,4,10.0,9.995192,2A05_2B06,SMU,27,-1,
14-60,current,4.39456e-11,RESULT,,,,LaMP_HP_b,lamp_wholewafer,,,,,,,2026-09-22 20:19:06,first,measure,A,14-60,1,10.0,9.99515,4A06_4B05,SMU,26,0,
14-50,current,4.02565e-11,RESULT,,,,LaMP_HP_b,lamp_wholewafer,,,,,,,2026-09-22 20:19:06,second,measure,A,14-50,2,10.0,9.995149,4A08_4B07,SMU,27,0,
14-61,current,3.85455e-11,RESULT,,,,LaMP_HP_b,lamp_wholewafer,,,,,,,2026-09-22 20:19:06,third,measure,A,14-61,3,10.0,9.995141,2A07_2B08,SMU,26,1,
14-51,current,4.25757e-11,RESULT,,,,LaMP_HP_b,lamp_wholewafer,,,,,,,2026-09-22 20:19:06,fourth,measure,A,14-51,4,10.0,9.995092,2A05_2B06,SMU,27,1,
14-62,current,2.59524e-10,RESULT,,,,LaMP_HP_b,lamp_wholewafer,,,,,,,2026-09-22 20:19:12,first,measure,A,14-62,1,10.0,9.995112,4A06_4B05,SMU,26,2,
14-52,current,4.64979e-11,RESULT,,,,LaMP_HP_b,lamp_wholewafer,,,,,,,2026-09-22 20:19:12,second,measure,A,14-52,2,10.0,9.995185,4A08_4B07,SMU,27,2,
14-63,current,4.44686e-11,RESULT,,,,LaMP_HP_b,lamp_wholewafer,,,,,,,2026-09-22 20:19:12,third,measure,A,14-63,3,10.0,9.995112,2A07_2B08,SMU,26,3,
14-53,current,4.34568e-11,RESULT,,,,LaMP_HP_b,lamp_wholewafer,,,,,,,2026-09-22 20:19:12,fourth,measure,A,14-53,4,10.0,9.995137,2A05_2B06,SMU,27,3,
14-64,current,4.48495e-11,RESULT,,,,LaMP_HP_b,lamp_wholewafer,,,,,,,2026-09-22 20:19:19,first,measure,A,14-64,1,10.0,9.995141,4A06_4B05,SMU,26,4,
14-54,current,4.33886e-11,RESULT,,,,LaMP_HP_b,lamp_wholewafer,,,,,,,2026-09-22 20:19:19,second,measure,A,14-54,2,10.0,9.995179,4A08_4B07,SMU,27,4,
15-60,current,4.17117e-11,RESULT,,,,LaMP_HP_b,lamp_wholewafer,,,,,,,2026-09-22 20:19:19,third,measure,A,15-60,3,10.0,9.995189,2A07_2B08,SMU,26,5,
15-50,current,4.33204e-11,RESULT,,,,LaMP_HP_b,lamp_wholewafer,,,,,,,2026-09-22 20:19:19,fourth,measure,A,15-50,4,10.0,9.995193,2A05_2B06,SMU,27,5,
15-61,current,4.49916e-11,RESULT,,,,LaMP_HP_b,lamp_wholewafer,,,,,,,2026-09-22 20:19:25,first,measure,A,15-61,1,10.0,9.995169,4A06_4B05,SMU,26,6,
15-51,current,4.448e-11,RESULT,,,,LaMP_HP_b,lamp_wholewafer,,,,,,,2026-09-22 20:19:25,second,measure,A,15-51,2,10.0,9.995133,4A08_4B07,SMU,27,6,
15-62,current,4.26041e-11,RESULT,,,,LaMP_HP_b,lamp_wholewafer,,,,,,,2026-09-22 20:19:25,third,measure,A,15-62,3,10.0,9.995173,2A07_2B08,SMU,26,7,
15-52,current,4.01883e-11,RESULT,,,,LaMP_HP_b,lamp_wholewafer,,,,,,,2026-09-22 20:19:25,fourth,measure,A,15-52,4,10.0,9.995143,2A05_2B06,SMU,27,7,
15-63,current,4.87773e-11,RESULT,,,,LaMP_HP_b,lamp_wholewafer,,,,,,,2026-09-22 20:19:32,first,measure,A,15-63,1,10.0,9.995187,4A06_4B05,SMU,26,8,
15-53,current,4.13365e-11,RESULT,,,,LaMP_HP_b,lamp_wholewafer,,,,,,,2026-09-22 20:19:32,second,measure,A,15-53,2,10.0,9.995257,4A08_4B07,SMU,27,8,
15-64,current,4.25416e-11,RESULT,,,,LaMP_HP_b,lamp_wholewafer,,,,,,,2026-09-22 20:19:32,third,measure,A,15-64,3,10.0,9.995167,2A07_2B08,SMU,26,9,
15-54,current,4.49234e-11,RESULT,,,,LaMP_HP_b,lamp_wholewafer,,,,,,,2026-09-22 20:19:32,fourth,measure,A,15-54,4,10.0,9.995175,2A05_2B06,SMU,27,9,
16-60,current,4.81748e-11,RESULT,,,,LaMP_HP_b,lamp_wholewafer,,,,,,,2026-09-22 20:19:38,first,measure,A,16-60,1,10.0,9.995184,4A06_4B05,SMU,26,10,
16-50,current,4.25473e-11,RESULT,,,,LaMP_HP_b,lamp_wholewafer,,,,,,,2026-09-22 20:19:38,second,measure,A,16-50,2,10.0,9.995222,4A08_4B07,SMU,27,10,
16-61,current,4.2985e-11,RESULT,,,,LaMP_HP_b,lamp_wholewafer,,,,,,,2026-09-22 20:19:38,third,measure,A,16-61,3,10.0,9.995173,2A07_2B08,SMU,26,11,
16-51,current,4.27008e-11,RESULT,,,,LaMP_HP_b,lamp_wholewafer,,,,,,,2026-09-22 20:19:38,fourth,measure,A,16-51,4,10.0,9.995173,2A05_2B06,SMU,27,11,
16-62,current,4.46903e-11,RESULT,,,,LaMP_HP_b,lamp_wholewafer,,,,,,,2026-09-22 20:19:45,first,measure,A,16-62,1,10.0,9.995146,4A06_4B05,SMU,26,12,
16-52,current,4.03304e-11,RESULT,,,,LaMP_HP_b,lamp_wholewafer,,,,,,,2026-09-22 20:19:45,second,measure,A,16-52,2,10.0,9.995173,4A08_4B07,SMU,27,12,
16-63,current,3.10001e-10,RESULT,,,,LaMP_HP_b,lamp_wholewafer,,,,,,,2026-09-22 20:19:45,third,measure,A,16-63,3,10.0,9.995131,2A07_2B08,SMU,26,13,
16-53,current,3.70221e-11,RESULT,,,,LaMP_HP_b,lamp_wholewafer,,,,,,,2026-09-22 20:19:45,fourth,measure,A,16-53,4,10.0,9.995111,2A05_2B06,SMU,27,13,
11-41,current,3.41004e-11,RESULT,,,,LaMP_HP_b,lamp_wholewafer,,,,,,,2026-09-22 20:19:51,first,measure,A,11-41,1,10.0,9.995202,4A06_4B05,SMU,28,-14,
NA,current,3.36286e-11,RESULT,,,,LaMP_HP_b,lamp_wholewafer,,,,,,,2026-09-22 20:19:51,second,measure,A,NA,2,10.0,9.995199,4A08_4B07,SMU,29,-14,
11-42,current,3.21165e-11,RESULT,,,,LaMP_HP_b,lamp_wholewafer,,,,,,,2026-09-22 20:19:51,third,measure,A,11-42,3,10.0,9.995173,2A07_2B08,SMU,28,-13,
11-32,current,3.21393e-11,RESULT,,,,LaMP_HP_b,lamp_wholewafer,,,,,,,2026-09-22 20:19:51,fourth,measure,A,11-32,4,10.0,9.995169,2A05_2B06,SMU,29,-13,
11-43,current,4.26496e-11,RESULT,,,,LaMP_HP_b,lamp_wholewafer,,,,,,,2026-09-22 20:19:58,first,measure,A,11-43,1,10.0,9.995089,4A06_4B05,SMU,28,-12,
11-33,current,5.20572e-11,RESULT,,,,LaMP_HP_b,lamp_wholewafer,,,,,,,2026-09-22 20:19:58,second,measure,A,11-33,2,10.0,9.995169,4A08_4B07,SMU,29,-12,
11-44,current,3.82272e-11,RESULT,,,,LaMP_HP_b,lamp_wholewafer,,,,,,,2026-09-22 20:19:58,third,measure,A,11-44,3,10.0,9.995142,2A07_2B08,SMU,28,-11,
11-34,current,5.45583e-11,RESULT,,,,LaMP_HP_b,lamp_wholewafer,,,,,,,2026-09-22 20:19:58,fourth,measure,A,11-34,4,10.0,9.995207,2A05_2B06,SMU,29,-11,
12-40,current,4.54122e-11,RESULT,,,,LaMP_HP_b,lamp_wholewafer,,,,,,,2026-09-22 20:20:04,first,measure,A,12-40,1,10.0,9.995249,4A06_4B05,SMU,28,-10,
12-30,current,4.37978e-11,RESULT,,,,LaMP_HP_b,lamp_wholewafer,,,,,,,2026-09-22 20:20:04,second,measure,A,12-30,2,10.0,9.995186,4A08_4B07,SMU,29,-10,
12-41,current,4.28884e-11,RESULT,,,,LaMP_HP_b,lamp_wholewafer,,,,,,,2026-09-22 20:20:04,third,measure,A,12-41,3,10.0,9.995139,2A07_2B08,SMU,28,-9,
12-31,current,4.28656e-11,RESULT,,,,LaMP_HP_b,lamp_wholewafer,,,,,,,2026-09-22 20:20:04,fourth,measure,A,12-31,4,10.0,9.995158,2A05_2B06,SMU,29,-9,
12-42,current,4.75382e-11,RESULT,,,,LaMP_HP_b,lamp_wholewafer,,,,,,,2026-09-22 20:20:11,first,measure,A,12-42,1,10.0,9.995292,4A06_4B05,SMU,28,-8,
12-32,current,9.13417e-11,RESULT,,,,LaMP_HP_b,lamp_wholewafer,,,,,,,2026-09-22 20:20:11,second,measure,A,12-32,2,10.0,9.995216,4A08_4B07,SMU,29,-8,
12-43,current,4.03986e-11,RESULT,,,,LaMP_HP_b,lamp_wholewafer,,,,,,,2026-09-22 20:20:11,third,measure,A,12-43,3,10.0,9.995226,2A07_2B08,SMU,28,-7,
12-33,current,4.10296e-11,RESULT,,,,LaMP_HP_b,lamp_wholewafer,,,,,,,2026-09-22 20:20:11,fourth,measure,A,12-33,4,10.0,9.995188,2A05_2B06,SMU,29,-7,
12-44,current,4.55543e-11,RESULT,,,,LaMP_HP_b,lamp_wholewafer,,,,,,,2026-09-22 20:20:17,first,measure,A,12-44,1,10.0,9.99531,4A06_4B05,SMU,28,-6,
12-34,current,4.0734e-11,RESULT,,,,LaMP_HP_b,lamp_wholewafer,,,,,,,2026-09-22 20:20:17,second,measure,A,12-34,2,10.0,9.995289,4A08_4B07,SMU,29,-6,
13-40,current,4.05976e-11,RESULT,,,,LaMP_HP_b,lamp_wholewafer,,,,,,,2026-09-22 20:20:17,third,measure,A,13-40,3,10.0,9.995319,2A07_2B08,SMU,28,-5,
13-30,current,3.92561e-11,RESULT,,,,LaMP_HP_b,lamp_wholewafer,,,,,,,2026-09-22 20:20:17,fourth,measure,A,13-30,4,10.0,9.995255,2A05_2B06,SMU,29,-5,
13-41,current,4.45141e-11,RESULT,,,,LaMP_HP_b,lamp_wholewafer,,,,,,,2026-09-22 20:20:24,first,measure,A,13-41,1,10.0,9.995239,4A06_4B05,SMU,28,-4,
13-31,current,4.08704e-11,RESULT,,,,LaMP_HP_b,lamp_wholewafer,,,,,,,2026-09-22 20:20:24,second,measure,A,13-31,2,10.0,9.99519,4A08_4B07,SMU,29,-4,
13-42,current,3.75337e-11,RESULT,,,,LaMP_HP_b,lamp_wholewafer,,,,,,,2026-09-22 20:20:24,third,measure,A,13-42,3,10.0,9.995234,2A07_2B08,SMU,28,-3,
13-32,current,3.58568e-11,RESULT,,,,LaMP_HP_b,lamp_wholewafer,,,,,,,2026-09-22 20:20:24,fourth,measure,A,13-32,4,10.0,9.995184,2A05_2B06,SMU,29,-3,
13-43,current,4.42355e-11,RESULT,,,,LaMP_HP_b,lamp_wholewafer,,,,,,,2026-09-22 20:20:30,first,measure,A,13-43,1,10.0,9.995221,4A06_4B05,SMU,28,-2,
13-33,current,3.81874e-11,RESULT,,,,LaMP_HP_b,lamp_wholewafer,,,,,,,2026-09-22 20:20:30,second,measure,A,13-33,2,10.0,9.995253,4A08_4B07,SMU,29,-2,
13-44,current,3.80396e-11,RESULT,,,,LaMP_HP_b,lamp_wholewafer,,,,,,,2026-09-22 20:20:30,third,measure,A,13-44,3,10.0,9.995209,2A07_2B08,SMU,28,-1,
13-34,current,3.98245e-11,RESULT,,,,LaMP_HP_b,lamp_wholewafer,,,,,,,2026-09-22 20:20:30,fourth,measure,A,13-34,4,10.0,9.995127,2A05_2B06,SMU,29,-1,
14-40,current,4.53497e-11,RESULT,,,,LaMP_HP_b,lamp_wholewafer,,,,,,,2026-09-22 20:20:37,first,measure,A,14-40,1,10.0,9.99516,4A06_4B05,SMU,28,0,
14-30,current,4.22517e-11,RESULT,,,,LaMP_HP_b,lamp_wholewafer,,,,,,,2026-09-22 20:20:37,second,measure,A,14-30,2,10.0,9.995245,4A08_4B07,SMU,29,0,
14-41,current,4.3616e-11,RESULT,,,,LaMP_HP_b,lamp_wholewafer,,,,,,,2026-09-22 20:20:37,third,measure,A,14-41,3,10.0,9.995191,2A07_2B08,SMU,28,1,
14-31,current,3.63173e-11,RESULT,,,,LaMP_HP_b,lamp_wholewafer,,,,,,,2026-09-22 20:20:37,fourth,measure,A,14-31,4,10.0,9.995127,2A05_2B06,SMU,29,1,
14-42,current,4.6532e-11,RESULT,,,,LaMP_HP_b,lamp_wholewafer,,,,,,,2026-09-22 20:20:43,first,measure,A,14-42,1,10.0,9.995158,4A06_4B05,SMU,28,2,
14-32,current,4.24052e-11,RESULT,,,,LaMP_HP_b,lamp_wholewafer,,,,,,,2026-09-22 20:20:43,second,measure,A,14-32,2,10.0,9.995149,4A08_4B07,SMU,29,2,
14-43,current,4.04498e-11,RESULT,,,,LaMP_HP_b,lamp_wholewafer,,,,,,,2026-09-22 20:20:43,third,measure,A,14-43,3,10.0,9.995185,2A07_2B08,SMU,28,3,
14-33,current,4.15298e-11,RESULT,,,,LaMP_HP_b,lamp_wholewafer,,,,,,,2026-09-22 20:20:43,fourth,measure,A,14-33,4,10.0,9.995203,2A05_2B06,SMU,29,3,
14-44,current,4.7919e-11,RESULT,,,,LaMP_HP_b,lamp_wholewafer,,,,,,,2026-09-22 20:20:50,first,measure,A,14-44,1,10.0,9.995218,4A06_4B05,SMU,28,4,
14-34,current,4.1041e-11,RESULT,,,,LaMP_HP_b,lamp_wholewafer,,,,,,,2026-09-22 20:20:50,second,measure,A,14-34,2,10.0,9.995262,4A08_4B07,SMU,29,4,
15-40,current,3.70846e-11,RESULT,,,,LaMP_HP_b,lamp_wholewafer,,,,,,,2026-09-22 20:20:50,third,measure,A,15-40,3,10.0,9.995275,2A07_2B08,SMU,28,5,
15-30,current,4.95561e-11,RESULT,,,,LaMP_HP_b,lamp_wholewafer,,,,,,,2026-09-22 20:20:50,fourth,measure,A,15-30,4,10.0,9.995332,2A05_2B06,SMU,29,5,
15-41,current,4.54861e-11,RESULT,,,,LaMP_HP_b,lamp_wholewafer,,,,,,,2026-09-22 20:20:56,first,measure,A,15-41,1,10.0,9.995287,4A06_4B05,SMU,28,6,
15-31,current,7.28733e-11,RESULT,,,,LaMP_HP_b,lamp_wholewafer,,,,,,,2026-09-22 20:20:56,second,measure,A,15-31,2,10.0,9.995241,4A08_4B07,SMU,29,6,
15-42,current,3.98472e-11,RESULT,,,,LaMP_HP_b,lamp_wholewafer,,,,,,,2026-09-22 20:20:56,third,measure,A,15-42,3,10.0,9.995162,2A07_2B08,SMU,28,7,
15-32,current,6.15671e-11,RESULT,,,,LaMP_HP_b,lamp_wholewafer,,,,,,,2026-09-22 20:20:56,fourth,measure,A,15-32,4,10.0,9.995153,2A05_2B06,SMU,29,7,
15-43,current,4.76746e-11,RESULT,,,,LaMP_HP_b,lamp_wholewafer,,,,,,,2026-09-22 20:21:03,first,measure,A,15-43,1,10.0,9.995149,4A06_4B05,SMU,28,8,
15-33,current,4.19959e-11,RESULT,,,,LaMP_HP_b,lamp_wholewafer,,,,,,,2026-09-22 20:21:03,second,measure,A,15-33,2,10.0,9.99513,4A08_4B07,SMU,29,8,
15-44,current,4.11887e-11,RESULT,,,,LaMP_HP_b,lamp_wholewafer,,,,,,,2026-09-22 20:21:03,third,measure,A,15-44,3,10.0,9.995151,2A07_2B08,SMU,28,9,
15-34,current,4.24564e-11,RESULT,,,,LaMP_HP_b,lamp_wholewafer,,,,,,,2026-09-22 20:21:03,fourth,measure,A,15-34,4,10.0,9.995187,2A05_2B06,SMU,29,9,
16-40,current,4.54349e-11,RESULT,,,,LaMP_HP_b,lamp_wholewafer,,,,,,,2026-09-22 20:21:09,first,measure,A,16-40,1,10.0,9.995222,4A06_4B05,SMU,28,10,
16-30,current,4.27804e-11,RESULT,,,,LaMP_HP_b,lamp_wholewafer,,,,,,,2026-09-22 20:21:09,second,measure,A,16-30,2,10.0,9.995172,4A08_4B07,SMU,29,10,
16-41,current,4.15525e-11,RESULT,,,,LaMP_HP_b,lamp_wholewafer,,,,,,,2026-09-22 20:21:09,third,measure,A,16-41,3,10.0,9.995161,2A07_2B08,SMU,28,11,
16-31,current,4.14445e-11,RESULT,,,,LaMP_HP_b,lamp_wholewafer,,,,,,,2026-09-22 20:21:09,fourth,measure,A,16-31,4,10.0,9.995167,2A05_2B06,SMU,29,11,
16-42,current,4.5975e-11,RESULT,,,,LaMP_HP_b,lamp_wholewafer,,,,,,,2026-09-22 20:21:16,first,measure,A,16-42,1,10.0,9.995193,4A06_4B05,SMU,28,12,
16-32,current,2.0529e-10,RESULT,,,,LaMP_HP_b,lamp_wholewafer,,,,,,,2026-09-22 20:21:16,second,measure,A,16-32,2,10.0,9.995103,4A08_4B07,SMU,29,12,
16-43,current,2.0475e-10,RESULT,,,,LaMP_HP_b,lamp_wholewafer,,,,,,,2026-09-22 20:21:16,third,measure,A,16-43,3,10.0,9.995127,2A07_2B08,SMU,28,13,
NA,current,3.7835e-11,RESULT,,,,LaMP_HP_b,lamp_wholewafer,,,,,,,2026-09-22 20:21:16,fourth,measure,A,NA,4,10.0,9.995153,2A05_2B06,SMU,29,13,
11-23,current,5.02382e-11,RESULT,,,,LaMP_HP_b,lamp_wholewafer,,,,,,,2026-09-22 20:21:22,first,measure,A,11-23,1,10.0,9.995089,4A06_4B05,SMU,30,-12,
11-13,current,4.44288e-11,RESULT,,,,LaMP_HP_b,lamp_wholewafer,,,,,,,2026-09-22 20:21:22,second,measure,A,11-13,2,10.0,9.995152,4A08_4B07,SMU,31,-12,
11-24,current,3.7403e-11,RESULT,,,,LaMP_HP_b,lamp_wholewafer,,,,,,,2026-09-22 20:21:22,third,measure,A,11-24,3,10.0,9.995147,2A07_2B08,SMU,30,-11,
11-14,current,3.86308e-11,RESULT,,,,LaMP_HP_b,lamp_wholewafer,,,,,,,2026-09-22 20:21:22,fourth,measure,A,11-14,4,10.0,9.995152,2A05_2B06,SMU,31,-11,
12-20,current,6.08111e-11,RESULT,,,,LaMP_HP_b,lamp_wholewafer,,,,,,,2026-09-22 20:21:29,first,measure,A,12-20,1,10.0,9.995182,4A06_4B05,SMU,30,-10,
12-10,current,4.56112e-11,RESULT,,,,LaMP_HP_b,lamp_wholewafer,,,,,,,2026-09-22 20:21:29,second,measure,A,12-10,2,10.0,9.995181,4A08_4B07,SMU,31,-10,
12-21,current,6.85077e-11,RESULT,,,,LaMP_HP_b,lamp_wholewafer,,,,,,,2026-09-22 20:21:29,third,measure,A,12-21,3,10.0,9.995142,2A07_2B08,SMU,30,-9,
12-11,current,4.09841e-11,RESULT,,,,LaMP_HP_b,lamp_wholewafer,,,,,,,2026-09-22 20:21:29,fourth,measure,A,12-11,4,10.0,9.995082,2A05_2B06,SMU,31,-9,
12-22,current,4.55259e-11,RESULT,,,,LaMP_HP_b,lamp_wholewafer,,,,,,,2026-09-22 20:21:35,first,measure,A,12-22,1,10.0,9.995091,4A06_4B05,SMU,30,-8,
12-12,current,4.35819e-11,RESULT,,,,LaMP_HP_b,lamp_wholewafer,,,,,,,2026-09-22 20:21:35,second,measure,A,12-12,2,10.0,9.995079,4A08_4B07,SMU,31,-8,
12-23,current,4.14843e-11,RESULT,,,,LaMP_HP_b,lamp_wholewafer,,,,,,,2026-09-22 20:21:35,third,measure,A,12-23,3,10.0,9.995075,2A07_2B08,SMU,30,-7,
12-13,current,3.96426e-11,RESULT,,,,LaMP_HP_b,lamp_wholewafer,,,,,,,2026-09-22 20:21:35,fourth,measure,A,12-13,4,10.0,9.995104,2A05_2B06,SMU,31,-7,
12-24,current,4.6407e-11,RESULT,,,,LaMP_HP_b,lamp_wholewafer,,,,,,,2026-09-22 20:21:42,first,measure,A,12-24,1,10.0,9.995127,4A06_4B05,SMU,30,-6,
12-14,current,4.15696e-11,RESULT,,,,LaMP_HP_b,lamp_wholewafer,,,,,,,2026-09-22 20:21:42,second,measure,A,12-14,2,10.0,9.995135,4A08_4B07,SMU,31,-6,
13-20,current,4.10921e-11,RESULT,,,,LaMP_HP_b,lamp_wholewafer,,,,,,,2026-09-22 20:21:42,third,measure,A,13-20,3,10.0,9.99515,2A07_2B08,SMU,30,-5,
13-10,current,4.01542e-11,RESULT,,,,LaMP_HP_b,lamp_wholewafer,,,,,,,2026-09-22 20:21:42,fourth,measure,A,13-10,4,10.0,9.995124,2A05_2B06,SMU,31,-5,
13-21,current,4.16094e-11,RESULT,,,,LaMP_HP_b,lamp_wholewafer,,,,,,,2026-09-22 20:21:48,first,measure,A,13-21,1,10.0,9.995091,4A06_4B05,SMU,30,-4,
13-11,current,5.88614e-11,RESULT,,,,LaMP_HP_b,lamp_wholewafer,,,,,,,2026-09-22 20:21:48,second,measure,A,13-11,2,10.0,9.995085,4A08_4B07,SMU,31,-4,
13-22,current,4.03361e-11,RESULT,,,,LaMP_HP_b,lamp_wholewafer,,,,,,,2026-09-22 20:21:48,third,measure,A,13-22,3,10.0,9.995146,2A07_2B08,SMU,30,-3,
13-12,current,3.987e-11,RESULT,,,,LaMP_HP_b,lamp_wholewafer,,,,,,,2026-09-22 20:21:48,fourth,measure,A,13-12,4,10.0,9.995125,2A05_2B06,SMU,31,-3,
13-23,current,4.75666e-11,RESULT,,,,LaMP_HP_b,lamp_wholewafer,,,,,,,2026-09-22 20:21:55,first,measure,A,13-23,1,10.0,9.995044,4A06_4B05,SMU,30,-2,
13-13,current,2.14851e-10,RESULT,,,,LaMP_HP_b,lamp_wholewafer,,,,,,,2026-09-22 20:21:55,second,measure,A,13-13,2,10.0,9.995152,4A08_4B07,SMU,31,-2,
13-24,current,3.38446e-11,RESULT,,,,LaMP_HP_b,lamp_wholewafer,,,,,,,2026-09-22 20:21:55,third,measure,A,13-24,3,10.0,9.995115,2A07_2B08,SMU,30,-1,
13-14,current,3.97506e-11,RESULT,,,,LaMP_HP_b,lamp_wholewafer,,,,,,,2026-09-22 20:21:55,fourth,measure,A,13-14,4,10.0,9.99509,2A05_2B06,SMU,31,-1,
14-20,current,4.42867e-11,RESULT,,,,LaMP_HP_b,lamp_wholewafer,,,,,,,2026-09-22 20:22:01,first,measure,A,14-20,1,10.0,9.995111,4A06_4B05,SMU,30,0,
14-10,current,4.00973e-11,RESULT,,,,LaMP_HP_b,lamp_wholewafer,,,,,,,2026-09-22 20:22:01,second,measure,A,14-10,2,10.0,9.995075,4A08_4B07,SMU,31,0,
14-21,current,3.80112e-11,RESULT,,,,LaMP_HP_b,lamp_wholewafer,,,,,,,2026-09-22 20:22:01,third,measure,A,14-21,3,10.0,9.995077,2A07_2B08,SMU,30,1,
14-11,current,3.6448e-11,RESULT,,,,LaMP_HP_b,lamp_wholewafer,,,,,,,2026-09-22 20:22:01,fourth,measure,A,14-11,4,10.0,9.995102,2A05_2B06,SMU,31,1,
14-22,current,4.5884e-11,RESULT,,,,LaMP_HP_b,lamp_wholewafer,,,,,,,2026-09-22 20:22:08,first,measure,A,14-22,1,10.0,9.995204,4A06_4B05,SMU,30,2,
14-12,current,4.04213e-11,RESULT,,,,LaMP_HP_b,lamp_wholewafer,,,,,,,2026-09-22 20:22:08,second,measure,A,14-12,2,10.0,9.995192,4A08_4B07,SMU,31,2,
14-23,current,3.70903e-11,RESULT,,,,LaMP_HP_b,lamp_wholewafer,,,,,,,2026-09-22 20:22:08,third,measure,A,14-23,3,10.0,9.995153,2A07_2B08,SMU,30,3,
14-13,current,4.11717e-11,RESULT,,,,LaMP_HP_b,lamp_wholewafer,,,,,,,2026-09-22 20:22:08,fourth,measure,A,14-13,4,10.0,9.9951,2A05_2B06,SMU,31,3,
14-24,current,4.18254e-11,RESULT,,,,LaMP_HP_b,lamp_wholewafer,,,,,,,2026-09-22 20:22:14,first,measure,A,14-24,1,10.0,9.995119,4A06_4B05,SMU,30,4,
14-14,current,3.99609e-11,RESULT,,,,LaMP_HP_b,lamp_wholewafer,,,,,,,2026-09-22 20:22:14,second,measure,A,14-14,2,10.0,9.995111,4A08_4B07,SMU,31,4,
15-20,current,5.23698e-11,RESULT,,,,LaMP_HP_b,lamp_wholewafer,,,,,,,2026-09-22 20:22:14,third,measure,A,15-20,3,10.0,9.995113,2A07_2B08,SMU,30,5,
15-10,current,5.06475e-11,RESULT,,,,LaMP_HP_b,lamp_wholewafer,,,,,,,2026-09-22 20:22:14,fourth,measure,A,15-10,4,10.0,9.995089,2A05_2B06,SMU,31,5,
15-21,current,7.27368e-11,RESULT,,,,LaMP_HP_b,lamp_wholewafer,,,,,,,2026-09-22 20:22:21,first,measure,A,15-21,1,10.0,9.99507,4A06_4B05,SMU,30,6,
15-11,current,4.09841e-11,RESULT,,,,LaMP_HP_b,lamp_wholewafer,,,,,,,2026-09-22 20:22:21,second,measure,A,15-11,2,10.0,9.995093,4A08_4B07,SMU,31,6,
15-22,current,9.69806e-11,RESULT,,,,LaMP_HP_b,lamp_wholewafer,,,,,,,2026-09-22 20:22:21,third,measure,A,15-22,3,10.0,9.995086,2A07_2B08,SMU,30,7,
15-12,current,3.87899e-11,RESULT,,,,LaMP_HP_b,lamp_wholewafer,,,,,,,2026-09-22 20:22:21,fourth,measure,A,15-12,4,10.0,9.995069,2A05_2B06,SMU,31,7,
15-23,current,4.46221e-11,RESULT,,,,LaMP_HP_b,lamp_wholewafer,,,,,,,2026-09-22 20:22:27,first,measure,A,15-23,1,10.0,9.995173,4A06_4B05,SMU,30,8,
15-13,current,7.43756e-10,RESULT,,,,LaMP_HP_b,lamp_wholewafer,,,,,,,2026-09-22 20:22:27,second,measure,A,15-13,2,10.0,9.995108,4A08_4B07,SMU,31,8,
15-24,current,6.56144e-11,RESULT,,,,LaMP_HP_b,lamp_wholewafer,,,,,,,2026-09-22 20:22:27,third,measure,A,15-24,3,10.0,9.995119,2A07_2B08,SMU,30,9,
15-14,current,4.18879e-11,RESULT,,,,LaMP_HP_b,lamp_wholewafer,,,,,,,2026-09-22 20:22:27,fourth,measure,A,15-14,4,10.0,9.995129,2A05_2B06,SMU,31,9,
16-20,current,4.62705e-11,RESULT,,,,LaMP_HP_b,lamp_wholewafer,,,,,,,2026-09-22 20:22:34,first,measure,A,16-20,1,10.0,9.995177,4A06_4B05,SMU,30,10,
16-10,current,4.08136e-11,RESULT,,,,LaMP_HP_b,lamp_wholewafer,,,,,,,2026-09-22 20:22:34,second,measure,A,16-10,2,10.0,9.995092,4A08_4B07,SMU,31,10,
16-21,current,6.66375e-11,RESULT,,,,LaMP_HP_b,lamp_wholewafer,,,,,,,2026-09-22 20:22:34,third,measure,A,16-21,3,10.0,9.995091,2A07_2B08,SMU,30,11,
16-11,current,7.62327e-11,RESULT,,,,LaMP_HP_b,lamp_wholewafer,,,,,,,2026-09-22 20:22:34,fourth,measure,A,16-11,4,10.0,9.995031,2A05_2B06,SMU,31,11,
16-22,current,2.30131e-10,RESULT,,,,LaMP_HP_b,lamp_wholewafer,,,,,,,2026-09-22 20:22:40,first,measure,A,16-22,1,10.0,9.995108,4A06_4B05,SMU,30,12,
NA,current,2.2884e-10,RESULT,,,,LaMP_HP_b,lamp_wholewafer,,,,,,,2026-09-22 20:22:40,second,measure,A,NA,2,10.0,9.995114,4A08_4B07,SMU,31,12,
NA,current,3.46915e-11,RESULT,,,,LaMP_HP_b,lamp_wholewafer,,,,,,,2026-09-22 20:22:40,third,measure,A,NA,3,10.0,9.995044,2A07_2B08,SMU,30,13,
NA,current,9.99996e-07,RESULT,,,,LaMP_HP_b,lamp_wholewafer,,,,,,,2026-09-22 20:22:40,fourth,measure,A,NA,4,10.0,2.356101,2A05_2B06,SMU,31,13,
11-03,current,4.20755e-11,RESULT,,,,LaMP_HP_b,lamp_wholewafer,,,,,,,2026-09-22 20:22:47,first,measure,A,11-03,1,10.0,9.995047,4A06_4B05,SMU,32,-12,
NA,current,4.09784e-11,RESULT,,,,LaMP_HP_b,lamp_wholewafer,,,,,,,2026-09-22 20:22:47,second,measure,A,NA,2,10.0,9.995139,4A08_4B07,SMU,33,-12,
11-04,current,6.29882e-11,RESULT,,,,LaMP_HP_b,lamp_wholewafer,,,,,,,2026-09-22 20:22:47,third,measure,A,11-04,3,10.0,9.995158,2A07_2B08,SMU,32,-11,
01-74,current,4.75325e-11,RESULT,,,,LaMP_HP_b,lamp_wholewafer,,,,,,,2026-09-22 20:22:47,fourth,measure,A,01-74,4,10.0,9.995154,2A05_2B06,SMU,33,-11,
12-00,current,6.57963e-11,RESULT,,,,LaMP_HP_b,lamp_wholewafer,,,,,,,2026-09-22 20:22:53,first,measure,A,12-00,1,10.0,9.995195,4A06_4B05,SMU,32,-10,
02-70,current,3.95971e-11,RESULT,,,,LaMP_HP_b,lamp_wholewafer,,,,,,,2026-09-22 20:22:53,second,measure,A,02-70,2,10.0,9.995188,4A08_4B07,SMU,33,-10,
12-01,current,4.10466e-11,RESULT,,,,LaMP_HP_b,lamp_wholewafer,,,,,,,2026-09-22 20:22:53,third,measure,A,12-01,3,10.0,9.995193,2A07_2B08,SMU,32,-9,
02-71,current,2.47371e-10,RESULT,,,,LaMP_HP_b,lamp_wholewafer,,,,,,,2026-09-22 20:22:53,fourth,measure,A,02-71,4,10.0,9.995178,2A05_2B06,SMU,33,-9,
12-02,current,2.66863e-10,RESULT,,,,LaMP_HP_b,lamp_wholewafer,,,,,,,2026-09-22 20:23:00,first,measure,A,12-02,1,10.0,9.995173,4A06_4B05,SMU,32,-8,
02-72,current,4.50086e-11,RESULT,,,,LaMP_HP_b,lamp_wholewafer,,,,,,,2026-09-22 20:23:00,second,measure,A,02-72,2,10.0,9.995199,4A08_4B07,SMU,33,-8,
12-03,current,4.32749e-11,RESULT,,,,LaMP_HP_b,lamp_wholewafer,,,,,,,2026-09-22 20:23:00,third,measure,A,12-03,3,10.0,9.995192,2A07_2B08,SMU,32,-7,
02-73,current,4.10864e-11,RESULT,,,,LaMP_HP_b,lamp_wholewafer,,,,,,,2026-09-22 20:23:00,fourth,measure,A,02-73,4,10.0,9.995199,2A05_2B06,SMU,33,-7,
12-04,current,4.50825e-11,RESULT,,,,LaMP_HP_b,lamp_wholewafer,,,,,,,2026-09-22 20:23:06,first,measure,A,12-04,1,10.0,9.99518,4A06_4B05,SMU,32,-6,
02-74,current,3.90003e-11,RESULT,,,,LaMP_HP_b,lamp_wholewafer,,,,,,,2026-09-22 20:23:06,second,measure,A,02-74,2,10.0,9.995149,4A08_4B07,SMU,33,-6,
13-00,current,3.88297e-11,RESULT,,,,LaMP_HP_b,lamp_wholewafer,,,,,,,2026-09-22 20:23:06,third,measure,A,13-00,3,10.0,9.99517,2A07_2B08,SMU,32,-5,
03-70,current,4.12342e-11,RESULT,,,,LaMP_HP_b,lamp_wholewafer,,,,,,,2026-09-22 20:23:06,fourth,measure,A,03-70,4,10.0,9.995153,2A05_2B06,SMU,33,-5,
13-01,current,4.64183e-11,RESULT,,,,LaMP_HP_b,lamp_wholewafer,,,,,,,2026-09-22 20:23:13,first,measure,A,13-01,1,10.0,9.995194,4A06_4B05,SMU,32,-4,
03-71,current,3.61922e-11,RESULT,,,,LaMP_HP_b,lamp_wholewafer,,,,,,,2026-09-22 20:23:13,second,measure,A,03-71,2,10.0,9.995172,4A08_4B07,SMU,33,-4,
13-02,current,4.02281e-11,RESULT,,,,LaMP_HP_b,lamp_wholewafer,,,,,,,2026-09-22 20:23:13,third,measure,A,13-02,3,10.0,9.995114,2A07_2B08,SMU,32,-3,
03-72,current,4.23768e-11,RESULT,,,,LaMP_HP_b,lamp_wholewafer,,,,,,,2026-09-22 20:23:13,fourth,measure,A,03-72,4,10.0,9.995159,2A05_2B06,SMU,33,-3,
13-03,current,4.37978e-11,RESULT,,,,LaMP_HP_b,lamp_wholewafer,,,,,,,2026-09-22 20:23:19,first,measure,A,13-03,1,10.0,9.995165,4A06_4B05,SMU,32,-2,
03-73,current,3.89207e-11,RESULT,,,,LaMP_HP_b,lamp_wholewafer,,,,,,,2026-09-22 20:23:19,second,measure,A,03-73,2,10.0,9.995195,4A08_4B07,SMU,33,-2,
13-04,current,3.66981e-11,RESULT,,,,LaMP_HP_b,lamp_wholewafer,,,,,,,2026-09-22 20:23:19,third,measure,A,13-04,3,10.0,9.995196,2A07_2B08,SMU,32,-1,
03-74,current,3.89605e-11,RESULT,,,,LaMP_HP_b,lamp_wholewafer,,,,,,,2026-09-22 20:23:19,fourth,measure,A,03-74,4,10.0,9.995173,2A05_2B06,SMU,33,-1,
14-00,current,4.26496e-11,RESULT,,,,LaMP_HP_b,lamp_wholewafer,,,,,,,2026-09-22 20:23:26,first,measure,A,14-00,1,10.0,9.995199,4A06_4B05,SMU,32,0,
04-70,current,4.60375e-11,RESULT,,,,LaMP_HP_b,lamp_wholewafer,,,,,,,2026-09-22 20:23:26,second,measure,A,04-70,2,10.0,9.995187,4A08_4B07,SMU,33,0,
14-01,current,3.61297e-11,RESULT,,,,LaMP_HP_b,lamp_wholewafer,,,,,,,2026-09-22 20:23:26,third,measure,A,14-01,3,10.0,9.995157,2A07_2B08,SMU,32,1,
04-71,current,3.94152e-11,RESULT,,,,LaMP_HP_b,lamp_wholewafer,,,,,,,2026-09-22 20:23:26,fourth,measure,A,04-71,4,10.0,9.995195,2A05_2B06,SMU,33,1,
14-02,current,4.10012e-11,RESULT,,,,LaMP_HP_b,lamp_wholewafer,,,,,,,2026-09-22 20:23:32,first,measure,A,14-02,1,10.0,9.995193,4A06_4B05,SMU,32,2,
04-72,current,3.69653e-11,RESULT,,,,LaMP_HP_b,lamp_wholewafer,,,,,,,2026-09-22 20:23:32,second,measure,A,04-72,2,10.0,9.995251,4A08_4B07,SMU,33,2,
14-03,current,3.53282e-11,RESULT,,,,LaMP_HP_b,lamp_wholewafer,,,,,,,2026-09-22 20:23:32,third,measure,A,14-03,3,10.0,9.995283,2A07_2B08,SMU,32,3,
04-73,current,3.2577e-11,RESULT,,,,LaMP_HP_b,lamp_wholewafer,,,,,,,2026-09-22 20:23:32,fourth,measure,A,04-73,4,10.0,9.995245,2A05_2B06,SMU,33,3,
14-04,current,4.24677e-11,RESULT,,,,LaMP_HP_b,lamp_wholewafer,,,,,,,2026-09-22 20:23:39,first,measure,A,14-04,1,10.0,9.995363,4A06_4B05,SMU,32,4,
04-74,current,4.13593e-11,RESULT,,,,LaMP_HP_b,lamp_wholewafer,,,,,,,2026-09-22 20:23:39,second,measure,A,04-74,2,10.0,9.9954,4A08_4B07,SMU,33,4,
15-00,current,3.95062e-11,RESULT,,,,LaMP_HP_b,lamp_wholewafer,,,,,,,2026-09-22 20:23:39,third,measure,A,15-00,3,10.0,9.995385,2A07_2B08,SMU,32,5,
05-70,current,4.4912e-11,RESULT,,,,LaMP_HP_b,lamp_wholewafer,,,,,,,2026-09-22 20:23:39,fourth,measure,A,05-70,4,10.0,9.995316,2A05_2B06,SMU,33,5,
15-01,current,4.46732e-11,RESULT,,,,LaMP_HP_b,lamp_wholewafer,,,,,,,2026-09-22 20:23:45,first,measure,A,15-01,1,10.0,9.995195,4A06_4B05,SMU,32,6,
05-71,current,4.20812e-11,RESULT,,,,LaMP_HP_b,lamp_wholewafer,,,,,,,2026-09-22 20:23:45,second,measure,A,05-71,2,10.0,9.995118,4A08_4B07,SMU,33,6,
15-02,current,4.17401e-11,RESULT,,,,LaMP_HP_b,lamp_wholewafer,,,,,,,2026-09-22 20:23:45,third,measure,A,15-02,3,10.0,9.995138,2A07_2B08,SMU,32,7,
05-72,current,3.71927e-11,RESULT,,,,LaMP_HP_b,lamp_wholewafer,,,,,,,2026-09-22 20:23:45,fourth,measure,A,05-72,4,10.0,9.995163,2A05_2B06,SMU,33,7,
15-03,current,4.56453e-11,RESULT,,,,LaMP_HP_b,lamp_wholewafer,,,,,,,2026-09-22 20:23:52,first,measure,A,15-03,1,10.0,9.995193,4A06_4B05,SMU,32,8,
05-73,current,3.72722e-11,RESULT,,,,LaMP_HP_b,lamp_wholewafer,,,,,,,2026-09-22 20:23:52,second,measure,A,05-73,2,10.0,9.995188,4A08_4B07,SMU,33,8,
15-04,current,6.96389e-11,RESULT,,,,LaMP_HP_b,lamp_wholewafer,,,,,,,2026-09-22 20:23:52,third,measure,A,15-04,3,10.0,9.995222,2A07_2B08,SMU,32,9,
05-74,current,4.07056e-11,RESULT,,,,LaMP_HP_b,lamp_wholewafer,,,,,,,2026-09-22 20:23:52,fourth,measure,A,05-74,4,10.0,9.995255,2A05_2B06,SMU,33,9,
16-00,current,5.96287e-11,RESULT,,,,LaMP_HP_b,lamp_wholewafer,,,,,,,2026-09-22 20:23:58,first,measure,A,16-00,1,10.0,9.995256,4A06_4B05,SMU,32,10,
06-70,current,4.06828e-11,RESULT,,,,LaMP_HP_b,lamp_wholewafer,,,,,,,2026-09-22 20:23:58,second,measure,A,06-70,2,10.0,9.995225,4A08_4B07,SMU,33,10,
16-01,current,3.86081e-11,RESULT,,,,LaMP_HP_b,lamp_wholewafer,,,,,,,2026-09-22 20:23:58,third,measure,A,16-01,3,10.0,9.995122,2A07_2B08,SMU,32,11,
NA,current,1.05773e-09,RESULT,,,,LaMP_HP_b,lamp_wholewafer,,,,,,,2026-09-22 20:23:58,fourth,measure,A,NA,4,10.0,9.995143,2A05_2B06,SMU,33,11,
02-60,current,3.81476e-11,RESULT,,,,LaMP_HP_b,lamp_wholewafer,,,,,,,2026-09-22 20:24:05,first,measure,A,02-60,1,10.0,9.99516,4A06_4B05,SMU,34,-10,
02-50,current,4.5253e-11,RESULT,,,,LaMP_HP_b,lamp_wholewafer,,,,,,,2026-09-22 20:24:05,second,measure,A,02-50,2,10.0,9.995207,4A08_4B07,SMU,35,-10,
02-61,current,6.91898e-11,RESULT,,,,LaMP_HP_b,lamp_wholewafer,,,,,,,2026-09-22 20:24:05,third,measure,A,02-61,3,10.0,9.995225,2A07_2B08,SMU,34,-9,
02-51,current,3.40719e-11,RESULT,,,,LaMP_HP_b,lamp_wholewafer,,,,,,,2026-09-22 20:24:05,fourth,measure,A,02-51,4,10.0,9.995234,2A05_2B06,SMU,35,-9,
02-62,current,4.52474e-11,RESULT,,,,LaMP_HP_b,lamp_wholewafer,,,,,,,2026-09-22 20:24:12,first,measure,A,02-62,1,10.0,9.995175,4A06_4B05,SMU,34,-8,
02-52,current,3.81931e-11,RESULT,,,,LaMP_HP_b,lamp_wholewafer,,,,,,,2026-09-22 20:24:12,second,measure,A,02-52,2,10.0,9.9951,4A08_4B07,SMU,35,-8,
02-63,current,4.2337e-11,RESULT,,,,LaMP_HP_b,lamp_wholewafer,,,,,,,2026-09-22 20:24:12,third,measure,A,02-63,3,10.0,9.995153,2A07_2B08,SMU,34,-7,
02-53,current,3.86251e-11,RESULT,,,,LaMP_HP_b,lamp_wholewafer,,,,,,,2026-09-22 20:24:12,fourth,measure,A,02-53,4,10.0,9.995148,2A05_2B06,SMU,35,-7,
02-64,current,4.22915e-11,RESULT,,,,LaMP_HP_b,lamp_wholewafer,,,,,,,2026-09-22 20:24:18,first,measure,A,02-64,1,10.0,9.995137,4A06_4B05,SMU,34,-6,
02-54,current,4.12172e-11,RESULT,,,,LaMP_HP_b,lamp_wholewafer,,,,,,,2026-09-22 20:24:18,second,measure,A,02-54,2,10.0,9.995115,4A08_4B07,SMU,35,-6,
03-60,current,3.20256e-11,RESULT,,,,LaMP_HP_b,lamp_wholewafer,,,,,,,2026-09-22 20:24:18,third,measure,A,03-60,3,10.0,9.995186,2A07_2B08,SMU,34,-5,
03-50,current,3.91367e-11,RESULT,,,,LaMP_HP_b,lamp_wholewafer,,,,,,,2026-09-22 20:24:18,fourth,measure,A,03-50,4,10.0,9.99515,2A05_2B06,SMU,35,-5,
03-61,current,4.33659e-11,RESULT,,,,LaMP_HP_b,lamp_wholewafer,,,,,,,2026-09-22 20:24:24,first,measure,A,03-61,1,10.0,9.995104,4A06_4B05,SMU,34,-4,
03-51,current,3.63627e-11,RESULT,,,,LaMP_HP_b,lamp_wholewafer,,,,,,,2026-09-22 20:24:24,second,measure,A,03-51,2,10.0,9.995119,4A08_4B07,SMU,35,-4,
PCM,current,2.01794e-11,RESULT,,,,LaMP_HP_b,lamp_wholewafer,,,,,,,2026-09-22 20:24:24,third,measure,A,PCM,3,10.0,9.995165,2A07_2B08,SMU,34,-3,
03-52,current,3.89434e-11,RESULT,,,,LaMP_HP_b,lamp_wholewafer,,,,,,,2026-09-22 20:24:24,fourth,measure,A,03-52,4,10.0,9.995134,2A05_2B06,SMU,35,-3,
03-63,current,4.5776e-11,RESULT,,,,LaMP_HP_b,lamp_wholewafer,,,,,,,2026-09-22 20:24:31,first,measure,A,03-63,1,10.0,9.995111,4A06_4B05,SMU,34,-2,
03-53,current,4.27917e-11,RESULT,,,,LaMP_HP_b,lamp_wholewafer,,,,,,,2026-09-22 20:24:31,second,measure,A,03-53,2,10.0,9.995109,4A08_4B07,SMU,35,-2,
03-64,current,3.84546e-11,RESULT,,,,LaMP_HP_b,lamp_wholewafer,,,,,,,2026-09-22 20:24:31,third,measure,A,03-64,3,10.0,9.99512,2A07_2B08,SMU,34,-1,
03-54,current,3.97563e-11,RESULT,,,,LaMP_HP_b,lamp_wholewafer,,,,,,,2026-09-22 20:24:31,fourth,measure,A,03-54,4,10.0,9.995098,2A05_2B06,SMU,35,-1,
04-60,current,4.34568e-11,RESULT,,,,LaMP_HP_b,lamp_wholewafer,,,,,,,2026-09-22 20:24:38,first,measure,A,04-60,1,10.0,9.995111,4A06_4B05,SMU,34,0,
04-50,current,3.81931e-11,RESULT,,,,LaMP_HP_b,lamp_wholewafer,,,,,,,2026-09-22 20:24:38,second,measure,A,04-50,2,10.0,9.995179,4A08_4B07,SMU,35,0,
04-61,current,3.77838e-11,RESULT,,,,LaMP_HP_b,lamp_wholewafer,,,,,,,2026-09-22 20:24:38,third,measure,A,04-61,3,10.0,9.995125,2A07_2B08,SMU,34,1,
04-51,current,3.66811e-11,RESULT,,,,LaMP_HP_b,lamp_wholewafer,,,,,,,2026-09-22 20:24:38,fourth,measure,A,04-51,4,10.0,9.995117,2A05_2B06,SMU,35,1,
04-62,current,3.8807e-11,RESULT,,,,LaMP_HP_b,lamp_wholewafer,,,,,,,2026-09-22 20:24:44,first,measure,A,04-62,1,10.0,9.995073,4A06_4B05,SMU,34,2,
04-52,current,3.62547e-11,RESULT,,,,LaMP_HP_b,lamp_wholewafer,,,,,,,2026-09-22 20:24:44,second,measure,A,04-52,2,10.0,9.995084,4A08_4B07,SMU,35,2,
04-63,current,3.59762e-11,RESULT,,,,LaMP_HP_b,lamp_wholewafer,,,,,,,2026-09-22 20:24:44,third,measure,A,04-63,3,10.0,9.995022,2A07_2B08,SMU,34,3,
04-53,current,3.59364e-11,RESULT,,,,LaMP_HP_b,lamp_wholewafer,,,,,,,2026-09-22 20:24:44,fourth,measure,A,04-53,4,10.0,9.995053,2A05_2B06,SMU,35,3,
04-64,current,4.11887e-11,RESULT,,,,LaMP_HP_b,lamp_wholewafer,,,,,,,2026-09-22 20:24:50,first,measure,A,04-64,1,10.0,9.995098,4A06_4B05,SMU,34,4,
04-54,current,3.67038e-11,RESULT,,,,LaMP_HP_b,lamp_wholewafer,,,,,,,2026-09-22 20:24:50,second,measure,A,04-54,2,10.0,9.995081,4A08_4B07,SMU,35,4,
05-60,current,3.98586e-11,RESULT,,,,LaMP_HP_b,lamp_wholewafer,,,,,,,2026-09-22 20:24:50,third,measure,A,05-60,3,10.0,9.995064,2A07_2B08,SMU,34,5,
05-50,current,3.49132e-11,RESULT,,,,LaMP_HP_b,lamp_wholewafer,,,,,,,2026-09-22 20:24:50,fourth,measure,A,05-50,4,10.0,9.99505,2A05_2B06,SMU,35,5,
05-61,current,4.33488e-11,RESULT,,,,LaMP_HP_b,lamp_wholewafer,,,,,,,2026-09-22 20:24:57,first,measure,A,05-61,1,10.0,9.995133,4A06_4B05,SMU,34,6,
05-51,current,5.30065e-11,RESULT,,,,LaMP_HP_b,lamp_wholewafer,,,,,,,2026-09-22 20:24:57,second,measure,A,05-51,2,10.0,9.9951,4A08_4B07,SMU,35,6,
PCM,current,2.06398e-11,RESULT,,,,LaMP_HP_b,lamp_wholewafer,,,,,,,2026-09-22 20:24:57,third,measure,A,PCM,3,10.0,9.99512,2A07_2B08,SMU,34,7,
05-52,current,3.23894e-11,RESULT,,,,LaMP_HP_b,lamp_wholewafer,,,,,,,2026-09-22 20:24:57,fourth,measure,A,05-52,4,10.0,9.995079,2A05_2B06,SMU,35,7,
05-63,current,5.60931e-11,RESULT,,,,LaMP_HP_b,lamp_wholewafer,,,,,,,2026-09-22 20:25:04,first,measure,A,05-63,1,10.0,9.995152,4A06_4B05,SMU,34,8,
05-53,current,3.27304e-11,RESULT,,,,LaMP_HP_b,lamp_wholewafer,,,,,,,2026-09-22 20:25:04,second,measure,A,05-53,2,10.0,9.995193,4A08_4B07,SMU,35,8,
05-64,current,3.58511e-11,RESULT,,,,LaMP_HP_b,lamp_wholewafer,,,,,,,2026-09-22 20:25:04,third,measure,A,05-64,3,10.0,9.995089,2A07_2B08,SMU,34,9,
05-54,current,1.92352e-10,RESULT,,,,LaMP_HP_b,lamp_wholewafer,,,,,,,2026-09-22 20:25:04,fourth,measure,A,05-54,4,10.0,9.995041,2A05_2B06,SMU,35,9,
NA,current,3.75223e-11,RESULT,,,,LaMP_HP_b,lamp_wholewafer,,,,,,,2026-09-22 20:25:10,first,measure,A,NA,1,10.0,9.995035,4A06_4B05,SMU,36,-10,
NA,current,3.26736e-11,RESULT,,,,LaMP_HP_b,lamp_wholewafer,,,,,,,2026-09-22 20:25:10,second,measure,A,NA,2,10.0,9.995101,4A08_4B07,SMU,37,-10,
02-41,current,3.00815e-11,RESULT,,,,LaMP_HP_b,lamp_wholewafer,,,,,,,2026-09-22 20:25:10,third,measure,A,02-41,3,10.0,9.995102,2A07_2B08,SMU,36,-9,
NA,current,3.95914e-11,RESULT,,,,LaMP_HP_b,lamp_wholewafer,,,,,,,2026-09-22 20:25:10,fourth,measure,A,NA,4,10.0,9.995127,2A05_2B06,SMU,37,-9,
02-42,current,4.1166e-11,RESULT,,,,LaMP_HP_b,lamp_wholewafer,,,,,,,2026-09-22 20:25:17,first,measure,A,02-42,1,10.0,9.995203,4A06_4B05,SMU,36,-8,
02-32,current,3.8068e-11,RESULT,,,,LaMP_HP_b,lamp_wholewafer,,,,,,,2026-09-22 20:25:17,second,measure,A,02-32,2,10.0,9.99519,4A08_4B07,SMU,37,-8,
02-43,current,3.99041e-11,RESULT,,,,LaMP_HP_b,lamp_wholewafer,,,,,,,2026-09-22 20:25:17,third,measure,A,02-43,3,10.0,9.995173,2A07_2B08,SMU,36,-7,
02-33,current,3.62434e-11,RESULT,,,,LaMP_HP_b,lamp_wholewafer,,,,,,,2026-09-22 20:25:17,fourth,measure,A,02-33,4,10.0,9.995134,2A05_2B06,SMU,37,-7,
02-44,current,3.95005e-11,RESULT,,,,LaMP_HP_b,lamp_wholewafer,,,,,,,2026-09-22 20:25:23,first,measure,A,02-44,1,10.0,9.995151,4A06_4B05,SMU,36,-6,
02-34,current,3.8068e-11,RESULT,,,,LaMP_HP_b,lamp_wholewafer,,,,,,,2026-09-22 20:25:23,second,measure,A,02-34,2,10.0,9.995132,4A08_4B07,SMU,37,-6,
03-40,current,3.55499e-11,RESULT,,,,LaMP_HP_b,lamp_wholewafer,,,,,,,2026-09-22 20:25:23,third,measure,A,03-40,3,10.0,9.995173,2A07_2B08,SMU,36,-5,
03-30,current,5.13978e-11,RESULT,,,,LaMP_HP_b,lamp_wholewafer,,,,,,,2026-09-22 20:25:23,fourth,measure,A,03-30,4,10.0,9.995149,2A05_2B06,SMU,37,-5,
03-41,current,4.19277e-11,RESULT,,,,LaMP_HP_b,lamp_wholewafer,,,,,,,2026-09-22 20:25:30,first,measure,A,03-41,1,10.0,9.995193,4A06_4B05,SMU,36,-4,
03-31,current,3.83238e-11,RESULT,,,,LaMP_HP_b,lamp_wholewafer,,,,,,,2026-09-22 20:25:30,second,measure,A,03-31,2,10.0,9.995192,4A08_4B07,SMU,37,-4,
03-42,current,3.53282e-11,RESULT,,,,LaMP_HP_b,lamp_wholewafer,,,,,,,2026-09-22 20:25:30,third,measure,A,03-42,3,10.0,9.995207,2A07_2B08,SMU,36,-3,
03-32,current,3.54817e-11,RESULT,,,,LaMP_HP_b,lamp_wholewafer,,,,,,,2026-09-22 20:25:30,fourth,measure,A,03-32,4,10.0,9.995138,2A05_2B06,SMU,37,-3,
03-43,current,4.1149e-11,RESULT,,,,LaMP_HP_b,lamp_wholewafer,,,,,,,2026-09-22 20:25:36,first,measure,A,03-43,1,10.0,9.99514,4A06_4B05,SMU,36,-2,
03-33,current,3.82727e-11,RESULT,,,,LaMP_HP_b,lamp_wholewafer,,,,,,,2026-09-22 20:25:36,second,measure,A,03-33,2,10.0,9.995148,4A08_4B07,SMU,37,-2,
03-44,current,3.56863e-11,RESULT,,,,LaMP_HP_b,lamp_wholewafer,,,,,,,2026-09-22 20:25:36,third,measure,A,03-44,3,10.0,9.995177,2A07_2B08,SMU,36,-1,
03-34,current,3.52941e-11,RESULT,,,,LaMP_HP_b,lamp_wholewafer,,,,,,,2026-09-22 20:25:36,fourth,measure,A,03-34,4,10.0,9.995128,2A05_2B06,SMU,37,-1,
04-40,current,4.03702e-11,RESULT,,,,LaMP_HP_b,lamp_wholewafer,,,,,,,2026-09-22 20:25:43,first,measure,A,04-40,1,10.0,9.9951,4A06_4B05,SMU,36,0,
04-30,current,3.18209e-11,RESULT,,,,LaMP_HP_b,lamp_wholewafer,,,,,,,2026-09-22 20:25:43,second,measure,A,04-30,2,10.0,9.995096,4A08_4B07,SMU,37,0,
04-41,current,3.25713e-11,RESULT,,,,LaMP_HP_b,lamp_wholewafer,,,,,,,2026-09-22 20:25:43,third,measure,A,04-41,3,10.0,9.995078,2A07_2B08,SMU,36,1,
04-31,current,3.02464e-11,RESULT,,,,LaMP_HP_b,lamp_wholewafer,,,,,,,2026-09-22 20:25:43,fourth,measure,A,04-31,4,10.0,9.995108,2A05_2B06,SMU,37,1,
04-42,current,3.76417e-11,RESULT,,,,LaMP_HP_b,lamp_wholewafer,,,,,,,2026-09-22 20:25:49,first,measure,A,04-42,1,10.0,9.995151,4A06_4B05,SMU,36,2,
04-32,current,3.34637e-11,RESULT,,,,LaMP_HP_b,lamp_wholewafer,,,,,,,2026-09-22 20:25:49,second,measure,A,04-32,2,10.0,9.995119,4A08_4B07,SMU,37,2,
04-43,current,3.26509e-11,RESULT,,,,LaMP_HP_b,lamp_wholewafer,,,,,,,2026-09-22 20:25:49,third,measure,A,04-43,3,10.0,9.995119,2A07_2B08,SMU,36,3,
04-33,current,4.27349e-11,RESULT,,,,LaMP_HP_b,lamp_wholewafer,,,,,,,2026-09-22 20:25:49,fourth,measure,A,04-33,4,10.0,9.995135,2A05_2B06,SMU,37,3,
04-44,current,3.95687e-11,RESULT,,,,LaMP_HP_b,lamp_wholewafer,,,,,,,2026-09-22 20:25:56,first,measure,A,04-44,1,10.0,9.995166,4A06_4B05,SMU,36,4,
04-34,current,4.31157e-11,RESULT,,,,LaMP_HP_b,lamp_wholewafer,,,,,,,2026-09-22 20:25:56,second,measure,A,04-34,2,10.0,9.9951,4A08_4B07,SMU,37,4,
05-40,current,1.54415e-10,RESULT,,,,LaMP_HP_b,lamp_wholewafer,,,,,,,2026-09-22 20:25:56,third,measure,A,05-40,3,10.0,9.995075,2A07_2B08,SMU,36,5,
05-30,current,3.13207e-11,RESULT,,,,LaMP_HP_b,lamp_wholewafer,,,,,,,2026-09-22 20:25:56,fourth,measure,A,05-30,4,10.0,9.995021,2A05_2B06,SMU,37,5,
05-41,current,7.43114e-11,RESULT,,,,LaMP_HP_b,lamp_wholewafer,,,,,,,2026-09-22 20:26:02,first,measure,A,05-41,1,10.0,9.995055,4A06_4B05,SMU,36,6,
05-31,current,2.26538e-10,RESULT,,,,LaMP_HP_b,lamp_wholewafer,,,,,,,2026-09-22 20:26:02,second,measure,A,05-31,2,10.0,9.995105,4A08_4B07,SMU,37,6,
05-42,current,3.91765e-11,RESULT,,,,LaMP_HP_b,lamp_wholewafer,,,,,,,2026-09-22 20:26:02,third,measure,A,05-42,3,10.0,9.995091,2A07_2B08,SMU,36,7,
05-32,current,4.00291e-11,RESULT,,,,LaMP_HP_b,lamp_wholewafer,,,,,,,2026-09-22 20:26:02,fourth,measure,A,05-32,4,10.0,9.995073,2A05_2B06,SMU,37,7,
05-43,current,1.87504e-10,RESULT,,,,LaMP_HP_b,lamp_wholewafer,,,,,,,2026-09-22 20:26:09,first,measure,A,05-43,1,10.0,9.995136,4A06_4B05,SMU,36,8,
NA,current,3.88866e-11,RESULT,,,,LaMP_HP_b,lamp_wholewafer,,,,,,,2026-09-22 20:26:09,second,measure,A,NA,2,10.0,9.995193,4A08_4B07,SMU,37,8,
NA,current,4.08193e-11,RESULT,,,,LaMP_HP_b,lamp_wholewafer,,,,,,,2026-09-22 20:26:09,third,measure,A,NA,3,10.0,9.995203,2A07_2B08,SMU,36,9,
NA,current,3.47995e-11,RESULT,,,,LaMP_HP_b,lamp_wholewafer,,,,,,,2026-09-22 20:26:09,fourth,measure,A,NA,4,10.0,9.995209,2A05_2B06,SMU,37,9,
NA,current,4.11148e-11,RESULT,,,,LaMP_HP_b,lamp_wholewafer,,,,,,,2026-09-22 20:26:15,first,measure,A,NA,1,10.0,9.995238,4A06_4B05,SMU,38,-8,
NA,current,3.34978e-11,RESULT,,,,LaMP_HP_b,lamp_wholewafer,,,,,,,2026-09-22 20:26:15,second,measure,A,NA,2,10.0,9.995207,4A08_4B07,SMU,39,-8,
02-23,current,4.03759e-11,RESULT,,,,LaMP_HP_b,lamp_wholewafer,,,,,,,2026-09-22 20:26:15,third,measure,A,02-23,3,10.0,9.995199,2A07_2B08,SMU,38,-7,
NA,current,2.95131e-11,RESULT,,,,LaMP_HP_b,lamp_wholewafer,,,,,,,2026-09-22 20:26:15,fourth,measure,A,NA,4,10.0,9.995237,2A05_2B06,SMU,39,-7,
02-24,current,4.57476e-11,RESULT,,,,LaMP_HP_b,lamp_wholewafer,,,,,,,2026-09-22 20:26:22,first,measure,A,02-24,1,10.0,9.995171,4A06_4B05,SMU,38,-6,
02-14,current,4.04157e-11,RESULT,,,,LaMP_HP_b,lamp_wholewafer,,,,,,,2026-09-22 20:26:22,second,measure,A,02-14,2,10.0,9.995171,4A08_4B07,SMU,39,-6,
03-20,current,3.71472e-11,RESULT,,,,LaMP_HP_b,lamp_wholewafer,,,,,,,2026-09-22 20:26:22,third,measure,A,03-20,3,10.0,9.995142,2A07_2B08,SMU,38,-5,
03-10,current,3.76644e-11,RESULT,,,,LaMP_HP_b,lamp_wholewafer,,,,,,,2026-09-22 20:26:22,fourth,measure,A,03-10,4,10.0,9.995146,2A05_2B06,SMU,39,-5,
03-21,current,4.257e-11,RESULT,,,,LaMP_HP_b,lamp_wholewafer,,,,,,,2026-09-22 20:26:28,first,measure,A,03-21,1,10.0,9.995108,4A06_4B05,SMU,38,-4,
03-11,current,3.97336e-11,RESULT,,,,LaMP_HP_b,lamp_wholewafer,,,,,,,2026-09-22 20:26:28,second,measure,A,03-11,2,10.0,9.995086,4A08_4B07,SMU,39,-4,
03-22,current,3.74939e-11,RESULT,,,,LaMP_HP_b,lamp_wholewafer,,,,,,,2026-09-22 20:26:28,third,measure,A,03-22,3,10.0,9.995127,2A07_2B08,SMU,38,-3,
03-12,current,4.10807e-11,RESULT,,,,LaMP_HP_b,lamp_wholewafer,,,,,,,2026-09-22 20:26:28,fourth,measure,A,03-12,4,10.0,9.995075,2A05_2B06,SMU,39,-3,
03-23,current,4.25359e-11,RESULT,,,,LaMP_HP_b,lamp_wholewafer,,,,,,,2026-09-22 20:26:35,first,measure,A,03-23,1,10.0,9.995119,4A06_4B05,SMU,38,-2,
03-13,current,3.73404e-11,RESULT,,,,LaMP_HP_b,lamp_wholewafer,,,,,,,2026-09-22 20:26:35,second,measure,A,03-13,2,10.0,9.995063,4A08_4B07,SMU,39,-2,
03-24,current,3.71983e-11,RESULT,,,,LaMP_HP_b,lamp_wholewafer,,,,,,,2026-09-22 20:26:35,third,measure,A,03-24,3,10.0,9.995113,2A07_2B08,SMU,38,-1,
03-14,current,3.8159e-11,RESULT,,,,LaMP_HP_b,lamp_wholewafer,,,,,,,2026-09-22 20:26:35,fourth,measure,A,03-14,4,10.0,9.995147,2A05_2B06,SMU,39,-1,
04-20,current,3.98472e-11,RESULT,,,,LaMP_HP_b,lamp_wholewafer,,,,,,,2026-09-22 20:26:41,first,measure,A,04-20,1,10.0,9.995111,4A06_4B05,SMU,38,0,
04-10,current,3.46972e-11,RESULT,,,,LaMP_HP_b,lamp_wholewafer,,,,,,,2026-09-22 20:26:41,second,measure,A,04-10,2,10.0,9.99518,4A08_4B07,SMU,39,0,
04-21,current,1.93938e-10,RESULT,,,,LaMP_HP_b,lamp_wholewafer,,,,,,,2026-09-22 20:26:41,third,measure,A,04-21,3,10.0,9.995129,2A07_2B08,SMU,38,1,
04-11,current,3.52941e-11,RESULT,,,,LaMP_HP_b,lamp_wholewafer,,,,,,,2026-09-22 20:26:41,fourth,measure,A,04-11,4,10.0,9.995168,2A05_2B06,SMU,39,1,
04-22,current,4.20016e-11,RESULT,,,,LaMP_HP_b,lamp_wholewafer,,,,,,,2026-09-22 20:26:48,first,measure,A,04-22,1,10.0,9.99518,4A06_4B05,SMU,38,2,
04-12,current,3.418e-11,RESULT,,,,LaMP_HP_b,lamp_wholewafer,,,,,,,2026-09-22 20:26:48,second,measure,A,04-12,2,10.0,9.995169,4A08_4B07,SMU,39,2,
04-23,current,3.33444e-11,RESULT,,,,LaMP_HP_b,lamp_wholewafer,,,,,,,2026-09-22 20:26:48,third,measure,A,04-23,3,10.0,9.995145,2A07_2B08,SMU,38,3,
04-13,current,3.31397e-11,RESULT,,,,LaMP_HP_b,lamp_wholewafer,,,,,,,2026-09-22 20:26:48,fourth,measure,A,04-13,4,10.0,9.995123,2A05_2B06,SMU,39,3,
04-24,current,3.57033e-11,RESULT,,,,LaMP_HP_b,lamp_wholewafer,,,,,,,2026-09-22 20:26:54,first,measure,A,04-24,1,10.0,9.995142,4A06_4B05,SMU,38,4,
04-14,current,3.28725e-11,RESULT,,,,LaMP_HP_b,lamp_wholewafer,,,,,,,2026-09-22 20:26:54,second,measure,A,04-14,2,10.0,9.995142,4A08_4B07,SMU,39,4,
05-20,current,2.71768e-11,RESULT,,,,LaMP_HP_b,lamp_wholewafer,,,,,,,2026-09-22 20:26:54,third,measure,A,05-20,3,10.0,9.995206,2A07_2B08,SMU,38,5,
05-10,current,2.57273e-11,RESULT,,,,LaMP_HP_b,lamp_wholewafer,,,,,,,2026-09-22 20:26:54,fourth,measure,A,05-10,4,10.0,9.995214,2A05_2B06,SMU,39,5,
05-21,current,3.77213e-11,RESULT,,,,LaMP_HP_b,lamp_wholewafer,,,,,,,2026-09-22 20:27:01,first,measure,A,05-21,1,10.0,9.995157,4A06_4B05,SMU,38,6,
NA,current,4.57817e-11,RESULT,,,,LaMP_HP_b,lamp_wholewafer,,,,,,,2026-09-22 20:27:01,second,measure,A,NA,2,10.0,9.995103,4A08_4B07,SMU,39,6,
NA,current,4.9215e-11,RESULT,,,,LaMP_HP_b,lamp_wholewafer,,,,,,,2026-09-22 20:27:01,third,measure,A,NA,3,10.0,9.995138,2A07_2B08,SMU,38,7,
NA,current,4.40099e-10,RESULT,,,,LaMP_HP_b,lamp_wholewafer,,,,,,,2026-09-22 20:27:01,fourth,measure,A,NA,4,10.0,9.995156,2A05_2B06,SMU,39,7,
03-01,current,4.08477e-11,RESULT,,,,LaMP_HP_b,lamp_wholewafer,,,,,,,2026-09-22 20:27:07,first,measure,A,03-01,1,10.0,9.995223,4A06_4B05,SMU,40,-4,
NA,current,3.52372e-11,RESULT,,,,LaMP_HP_b,lamp_wholewafer,,,,,,,2026-09-22 20:27:07,second,measure,A,NA,2,10.0,9.995121,4A08_4B07,SMU,41,-4,
03-02,current,3.63514e-11,RESULT,,,,LaMP_HP_b,lamp_wholewafer,,,,,,,2026-09-22 20:27:07,third,measure,A,03-02,3,10.0,9.995194,2A07_2B08,SMU,40,-3,
NA,current,3.79941e-11,RESULT,,,,LaMP_HP_b,lamp_wholewafer,,,,,,,2026-09-22 20:27:07,fourth,measure,A,NA,4,10.0,9.995155,2A05_2B06,SMU,41,-3,
03-03,current,4.0194e-11,RESULT,,,,LaMP_HP_b,lamp_wholewafer,,,,,,,2026-09-22 20:27:14,first,measure,A,03-03,1,10.0,9.995192,4A06_4B05,SMU,40,-2,
NA,current,3.2054e-11,RESULT,,,,LaMP_HP_b,lamp_wholewafer,,,,,,,2026-09-22 20:27:14,second,measure,A,NA,2,10.0,9.995158,4A08_4B07,SMU,41,-2,
03-04,current,3.63059e-11,RESULT,,,,LaMP_HP_b,lamp_wholewafer,,,,,,,2026-09-22 20:27:14,third,measure,A,03-04,3,10.0,9.995203,2A07_2B08,SMU,40,-1,
NA,current,3.20767e-11,RESULT,,,,LaMP_HP_b,lamp_wholewafer,,,,,,,2026-09-22 20:27:14,fourth,measure,A,NA,4,10.0,9.99523,2A05_2B06,SMU,41,-1,
04-00,current,3.69823e-11,RESULT,,,,LaMP_HP_b,lamp_wholewafer,,,,,,,2026-09-22 20:27:20,first,measure,A,04-00,1,10.0,9.995154,4A06_4B05,SMU,40,0,
NA,current,2.87116e-11,RESULT,,,,LaMP_HP_b,lamp_wholewafer,,,,,,,2026-09-22 20:27:20,second,measure,A,NA,2,10.0,9.995162,4A08_4B07,SMU,41,0,
04-01,current,2.44029e-11,RESULT,,,,LaMP_HP_b,lamp_wholewafer,,,,,,,2026-09-22 20:27:20,third,measure,A,04-01,3,10.0,9.99518,2A07_2B08,SMU,40,1,
NA,current,9.99995e-07,RESULT,,,,LaMP_HP_b,lamp_wholewafer,,,,,,,2026-09-22 20:27:20,fourth,measure,A,NA,4,10.0,0.5959107,2A05_2B06,SMU,41,1,
04-02,current,1.23555e-10,RESULT,,,,LaMP_HP_b,lamp_wholewafer,,,,,,,2026-09-22 20:27:27,first,measure,A,04-02,1,10.0,9.995138,4A06_4B05,SMU,40,2,
NA,current,8.25537e-11,RESULT,,,,LaMP_HP_b,lamp_wholewafer,,,,,,,2026-09-22 20:27:27,second,measure,A,NA,2,10.0,9.995096,4A08_4B07,SMU,41,2,
04-03,current,2.10889e-11,RESULT,,,,LaMP_HP_b,lamp_wholewafer,,,,,,,2026-09-22 20:27:27,third,measure,A,04-03,3,10.0,9.995095,2A07_2B08,SMU,40,3,
NA,current,2.9263e-11,RESULT,,,,LaMP_HP_b,lamp_wholewafer,,,,,,,2026-09-22 20:27:27,fourth,measure,A,NA,4,10.0,9.995142,2A05_2B06,SMU,41,3,
,,,DIE,,,,,,,,,,,,,,,,,,,,,,-40,-6,PASS
,,,DIE,,,,,,,,,,,,,,,,,,,,,,-39,-6,PASS
,,,DIE,,,,,,,,,,,,,,,,,,,,,,-40,-5,PASS
,,,DIE,,,,,,,,,,,,,,,,,,,,,,-39,-5,PASS
,,,DIE,,,,,,,,,,,,,,,,,,,,,,-40,-4,PASS
,,,DIE,,,,,,,,,,,,,,,,,,,,,,-39,-4,PASS
,,,DIE,,,,,,,,,,,,,,,,,,,,,,-40,-3,PASS
,,,DIE,,,,,,,,,,,,,,,,,,,,,,-39,-3,PASS
,,,DIE,,,,,,,,,,,,,,,,,,,,,,-40,-2,PASS
,,,DIE,,,,,,,,,,,,,,,,,,,,,,-39,-2,PASS
,,,DIE,,,,,,,,,,,,,,,,,,,,,,-40,-1,PASS
,,,DIE,,,,,,,,,,,,,,,,,,,,,,-39,-1,PASS
,,,DIE,,,,,,,,,,,,,,,,,,,,,,-40,0,PASS
,,,DIE,,,,,,,,,,,,,,,,,,,,,,-39,0,PASS
,,,DIE,,,,,,,,,,,,,,,,,,,,,,-40,1,PASS
,,,DIE,,,,,,,,,,,,,,,,,,,,,,-39,1,PASS
,,,DIE,,,,,,,,,,,,,,,,,,,,,,-40,2,PASS
,,,DIE,,,,,,,,,,,,,,,,,,,,,,-39,2,PASS
,,,DIE,,,,,,,,,,,,,,,,,,,,,,-40,3,PASS
,,,DIE,,,,,,,,,,,,,,,,,,,,,,-39,3,PASS
,,,DIE,,,,,,,,,,,,,,,,,,,,,,-40,4,PASS
,,,DIE,,,,,,,,,,,,,,,,,,,,,,-39,4,PASS
,,,DIE,,,,,,,,,,,,,,,,,,,,,,-40,5,PASS
,,,DIE,,,,,,,,,,,,,,,,,,,,,,-39,5,PASS
,,,DIE,,,,,,,,,,,,,,,,,,,,,,-38,-8,PASS
,,,DIE,,,,,,,,,,,,,,,,,,,,,,-37,-8,PASS
,,,DIE,,,,,,,,,,,,,,,,,,,,,,-38,-7,PASS
,,,DIE,,,,,,,,,,,,,,,,,,,,,,-37,-7,PASS
,,,DIE,,,,,,,,,,,,,,,,,,,,,,-38,-6,PASS
,,,DIE,,,,,,,,,,,,,,,,,,,,,,-37,-6,PASS
,,,DIE,,,,,,,,,,,,,,,,,,,,,,-38,-5,PASS
,,,DIE,,,,,,,,,,,,,,,,,,,,,,-37,-5,PASS
,,,DIE,,,,,,,,,,,,,,,,,,,,,,-38,-4,PASS
,,,DIE,,,,,,,,,,,,,,,,,,,,,,-37,-4,PASS
,,,DIE,,,,,,,,,,,,,,,,,,,,,,-38,-3,PASS
,,,DIE,,,,,,,,,,,,,,,,,,,,,,-37,-3,PASS
,,,DIE,,,,,,,,,,,,,,,,,,,,,,-38,-2,PASS
,,,DIE,,,,,,,,,,,,,,,,,,,,,,-37,-2,PASS
,,,DIE,,,,,,,,,,,,,,,,,,,,,,-38,-1,PASS
,,,DIE,,,,,,,,,,,,,,,,,,,,,,-37,-1,PASS
,,,DIE,,,,,,,,,,,,,,,,,,,,,,-38,0,PASS
,,,DIE,,,,,,,,,,,,,,,,,,,,,,-37,0,PASS
,,,DIE,,,,,,,,,,,,,,,,,,,,,,-38,1,PASS
,,,DIE,,,,,,,,,,,,,,,,,,,,,,-37,1,PASS
,,,DIE,,,,,,,,,,,,,,,,,,,,,,-38,2,PASS
,,,DIE,,,,,,,,,,,,,,,,,,,,,,-37,2,PASS
,,,DIE,,,,,,,,,,,,,,,,,,,,,,-38,3,PASS
,,,DIE,,,,,,,,,,,,,,,,,,,,,,-37,3,PASS
,,,DIE,,,,,,,,,,,,,,,,,,,,,,-38,4,PASS
,,,DIE,,,,,,,,,,,,,,,,,,,,,,-37,4,PASS
,,,DIE,,,,,,,,,,,,,,,,,,,,,,-38,5,PASS
,,,DIE,,,,,,,,,,,,,,,,,,,,,,-37,5,PASS
,,,DIE,,,,,,,,,,,,,,,,,,,,,,-38,6,PASS
,,,DIE,,,,,,,,,,,,,,,,,,,,,,-37,6,PASS
,,,DIE,,,,,,,,,,,,,,,,,,,,,,-38,7,PASS
,,,DIE,,,,,,,,,,,,,,,,,,,,,,-37,7,PASS
,,,DIE,,,,,,,,,,,,,,,,,,,,,,-36,-10,PASS
,,,DIE,,,,,,,,,,,,,,,,,,,,,,-35,-10,PASS
,,,DIE,,,,,,,,,,,,,,,,,,,,,,-36,-9,PASS
,,,DIE,,,,,,,,,,,,,,,,,,,,,,-35,-9,PASS
,,,DIE,,,,,,,,,,,,,,,,,,,,,,-36,-8,PASS
,,,DIE,,,,,,,,,,,,,,,,,,,,,,-35,-8,PASS
,,,DIE,,,,,,,,,,,,,,,,,,,,,,-36,-7,PASS
,,,DIE,,,,,,,,,,,,,,,,,,,,,,-35,-7,PASS
,,,DIE,,,,,,,,,,,,,,,,,,,,,,-36,-6,PASS
,,,DIE,,,,,,,,,,,,,,,,,,,,,,-35,-6,PASS
,,,DIE,,,,,,,,,,,,,,,,,,,,,,-36,-5,PASS
,,,DIE,,,,,,,,,,,,,,,,,,,,,,-35,-5,PASS
,,,DIE,,,,,,,,,,,,,,,,,,,,,,-36,-4,PASS
,,,DIE,,,,,,,,,,,,,,,,,,,,,,-35,-4,PASS
,,,DIE,,,,,,,,,,,,,,,,,,,,,,-36,-3,PASS
,,,DIE,,,,,,,,,,,,,,,,,,,,,,-35,-3,PASS
,,,DIE,,,,,,,,,,,,,,,,,,,,,,-36,-2,PASS
,,,DIE,,,,,,,,,,,,,,,,,,,,,,-35,-2,PASS
,,,DIE,,,,,,,,,,,,,,,,,,,,,,-36,-1,PASS
,,,DIE,,,,,,,,,,,,,,,,,,,,,,-35,-1,PASS
,,,DIE,,,,,,,,,,,,,,,,,,,,,,-36,0,PASS
,,,DIE,,,,,,,,,,,,,,,,,,,,,,-35,0,PASS
,,,DIE,,,,,,,,,,,,,,,,,,,,,,-36,1,PASS
,,,DIE,,,,,,,,,,,,,,,,,,,,,,-35,1,PASS
,,,DIE,,,,,,,,,,,,,,,,,,,,,,-36,2,PASS
,,,DIE,,,,,,,,,,,,,,,,,,,,,,-35,2,PASS
,,,DIE,,,,,,,,,,,,,,,,,,,,,,-36,3,PASS
,,,DIE,,,,,,,,,,,,,,,,,,,,,,-35,3,PASS
,,,DIE,,,,,,,,,,,,,,,,,,,,,,-36,4,PASS
,,,DIE,,,,,,,,,,,,,,,,,,,,,,-35,4,PASS
,,,DIE,,,,,,,,,,,,,,,,,,,,,,-36,5,PASS
,,,DIE,,,,,,,,,,,,,,,,,,,,,,-35,5,PASS
,,,DIE,,,,,,,,,,,,,,,,,,,,,,-36,6,PASS
,,,DIE,,,,,,,,,,,,,,,,,,,,,,-35,6,PASS
,,,DIE,,,,,,,,,,,,,,,,,,,,,,-36,7,PASS
,,,DIE,,,,,,,,,,,,,,,,,,,,,,-35,7,PASS
,,,DIE,,,,,,,,,,,,,,,,,,,,,,-36,8,PASS
,,,DIE,,,,,,,,,,,,,,,,,,,,,,-35,8,PASS
,,,DIE,,,,,,,,,,,,,,,,,,,,,,-36,9,PASS
,,,DIE,,,,,,,,,,,,,,,,,,,,,,-35,9,PASS
,,,DIE,,,,,,,,,,,,,,,,,,,,,,-34,-12,PASS
,,,DIE,,,,,,,,,,,,,,,,,,,,,,-33,-12,PASS
,,,DIE,,,,,,,,,,,,,,,,,,,,,,-34,-11,PASS
,,,DIE,,,,,,,,,,,,,,,,,,,,,,-33,-11,PASS
,,,DIE,,,,,,,,,,,,,,,,,,,,,,-34,-10,PASS
,,,DIE,,,,,,,,,,,,,,,,,,,,,,-33,-10,PASS
,,,DIE,,,,,,,,,,,,,,,,,,,,,,-34,-9,PASS
,,,DIE,,,,,,,,,,,,,,,,,,,,,,-33,-9,PASS
,,,DIE,,,,,,,,,,,,,,,,,,,,,,-34,-8,PASS
,,,DIE,,,,,,,,,,,,,,,,,,,,,,-33,-8,PASS
,,,DIE,,,,,,,,,,,,,,,,,,,,,,-34,-7,PASS
,,,DIE,,,,,,,,,,,,,,,,,,,,,,-33,-7,PASS
,,,DIE,,,,,,,,,,,,,,,,,,,,,,-34,-6,PASS
,,,DIE,,,,,,,,,,,,,,,,,,,,,,-33,-6,PASS
,,,DIE,,,,,,,,,,,,,,,,,,,,,,-34,-5,PASS
,,,DIE,,,,,,,,,,,,,,,,,,,,,,-33,-5,PASS
,,,DIE,,,,,,,,,,,,,,,,,,,,,,-34,-4,PASS
,,,DIE,,,,,,,,,,,,,,,,,,,,,,-33,-4,PASS
,,,DIE,,,,,,,,,,,,,,,,,,,,,,-34,-3,PASS
,,,DIE,,,,,,,,,,,,,,,,,,,,,,-33,-3,PASS
,,,DIE,,,,,,,,,,,,,,,,,,,,,,-34,-2,PASS
,,,DIE,,,,,,,,,,,,,,,,,,,,,,-33,-2,PASS
,,,DIE,,,,,,,,,,,,,,,,,,,,,,-34,-1,PASS
,,,DIE,,,,,,,,,,,,,,,,,,,,,,-33,-1,PASS
,,,DIE,,,,,,,,,,,,,,,,,,,,,,-34,0,PASS
,,,DIE,,,,,,,,,,,,,,,,,,,,,,-33,0,PASS
,,,DIE,,,,,,,,,,,,,,,,,,,,,,-34,1,PASS
,,,DIE,,,,,,,,,,,,,,,,,,,,,,-33,1,PASS
,,,DIE,,,,,,,,,,,,,,,,,,,,,,-34,2,PASS
,,,DIE,,,,,,,,,,,,,,,,,,,,,,-33,2,PASS
,,,DIE,,,,,,,,,,,,,,,,,,,,,,-34,3,PASS
,,,DIE,,,,,,,,,,,,,,,,,,,,,,-33,3,PASS
,,,DIE,,,,,,,,,,,,,,,,,,,,,,-34,4,PASS
,,,DIE,,,,,,,,,,,,,,,,,,,,,,-33,4,PASS
,,,DIE,,,,,,,,,,,,,,,,,,,,,,-34,5,PASS
,,,DIE,,,,,,,,,,,,,,,,,,,,,,-33,5,PASS
,,,DIE,,,,,,,,,,,,,,,,,,,,,,-34,6,PASS
,,,DIE,,,,,,,,,,,,,,,,,,,,,,-33,6,PASS
,,,DIE,,,,,,,,,,,,,,,,,,,,,,-34,7,PASS
,,,DIE,,,,,,,,,,,,,,,,,,,,,,-33,7,PASS
,,,DIE,,,,,,,,,,,,,,,,,,,,,,-34,8,PASS
,,,DIE,,,,,,,,,,,,,,,,,,,,,,-33,8,PASS
,,,DIE,,,,,,,,,,,,,,,,,,,,,,-34,9,PASS
,,,DIE,,,,,,,,,,,,,,,,,,,,,,-33,9,PASS
,,,DIE,,,,,,,,,,,,,,,,,,,,,,-34,10,PASS
,,,DIE,,,,,,,,,,,,,,,,,,,,,,-33,10,PASS
,,,DIE,,,,,,,,,,,,,,,,,,,,,,-34,11,PASS
,,,DIE,,,,,,,,,,,,,,,,,,,,,,-33,11,PASS
,,,DIE,,,,,,,,,,,,,,,,,,,,,,-32,-12,PASS
,,,DIE,,,,,,,,,,,,,,,,,,,,,,-31,-12,PASS
,,,DIE,,,,,,,,,,,,,,,,,,,,,,-32,-11,PASS
,,,DIE,,,,,,,,,,,,,,,,,,,,,,-31,-11,PASS
,,,DIE,,,,,,,,,,,,,,,,,,,,,,-32,-10,PASS
,,,DIE,,,,,,,,,,,,,,,,,,,,,,-31,-10,PASS
,,,DIE,,,,,,,,,,,,,,,,,,,,,,-32,-9,PASS
,,,DIE,,,,,,,,,,,,,,,,,,,,,,-31,-9,PASS
,,,DIE,,,,,,,,,,,,,,,,,,,,,,-32,-8,PASS
,,,DIE,,,,,,,,,,,,,,,,,,,,,,-31,-8,PASS
,,,DIE,,,,,,,,,,,,,,,,,,,,,,-32,-7,PASS
,,,DIE,,,,,,,,,,,,,,,,,,,,,,-31,-7,PASS
,,,DIE,,,,,,,,,,,,,,,,,,,,,,-32,-6,PASS
,,,DIE,,,,,,,,,,,,,,,,,,,,,,-31,-6,PASS
,,,DIE,,,,,,,,,,,,,,,,,,,,,,-32,-5,PASS
,,,DIE,,,,,,,,,,,,,,,,,,,,,,-31,-5,PASS
,,,DIE,,,,,,,,,,,,,,,,,,,,,,-32,-4,PASS
,,,DIE,,,,,,,,,,,,,,,,,,,,,,-31,-4,PASS
,,,DIE,,,,,,,,,,,,,,,,,,,,,,-32,-3,PASS
,,,DIE,,,,,,,,,,,,,,,,,,,,,,-31,-3,PASS
,,,DIE,,,,,,,,,,,,,,,,,,,,,,-32,-2,PASS
,,,DIE,,,,,,,,,,,,,,,,,,,,,,-31,-2,PASS
,,,DIE,,,,,,,,,,,,,,,,,,,,,,-32,-1,PASS
,,,DIE,,,,,,,,,,,,,,,,,,,,,,-31,-1,PASS
,,,DIE,,,,,,,,,,,,,,,,,,,,,,-32,0,PASS
,,,DIE,,,,,,,,,,,,,,,,,,,,,,-31,0,PASS
,,,DIE,,,,,,,,,,,,,,,,,,,,,,-32,1,PASS
,,,DIE,,,,,,,,,,,,,,,,,,,,,,-31,1,PASS
,,,DIE,,,,,,,,,,,,,,,,,,,,,,-32,2,PASS
,,,DIE,,,,,,,,,,,,,,,,,,,,,,-31,2,PASS
,,,DIE,,,,,,,,,,,,,,,,,,,,,,-32,3,PASS
,,,DIE,,,,,,,,,,,,,,,,,,,,,,-31,3,PASS
,,,DIE,,,,,,,,,,,,,,,,,,,,,,-32,4,PASS
,,,DIE,,,,,,,,,,,,,,,,,,,,,,-31,4,PASS
,,,DIE,,,,,,,,,,,,,,,,,,,,,,-32,5,PASS
,,,DIE,,,,,,,,,,,,,,,,,,,,,,-31,5,PASS
,,,DIE,,,,,,,,,,,,,,,,,,,,,,-32,6,PASS
,,,DIE,,,,,,,,,,,,,,,,,,,,,,-31,6,PASS
,,,DIE,,,,,,,,,,,,,,,,,,,,,,-32,7,PASS
,,,DIE,,,,,,,,,,,,,,,,,,,,,,-31,7,PASS
,,,DIE,,,,,,,,,,,,,,,,,,,,,,-32,8,PASS
,,,DIE,,,,,,,,,,,,,,,,,,,,,,-31,8,PASS
,,,DIE,,,,,,,,,,,,,,,,,,,,,,-32,9,PASS
,,,DIE,,,,,,,,,,,,,,,,,,,,,,-31,9,PASS
,,,DIE,,,,,,,,,,,,,,,,,,,,,,-32,10,PASS
,,,DIE,,,,,,,,,,,,,,,,,,,,,,-31,10,PASS
,,,DIE,,,,,,,,,,,,,,,,,,,,,,-32,11,PASS
,,,DIE,,,,,,,,,,,,,,,,,,,,,,-31,11,PASS
,,,DIE,,,,,,,,,,,,,,,,,,,,,,-30,-14,PASS
,,,DIE,,,,,,,,,,,,,,,,,,,,,,-29,-14,PASS
,,,DIE,,,,,,,,,,,,,,,,,,,,,,-30,-13,PASS
,,,DIE,,,,,,,,,,,,,,,,,,,,,,-29,-13,PASS
,,,DIE,,,,,,,,,,,,,,,,,,,,,,-30,-12,PASS
,,,DIE,,,,,,,,,,,,,,,,,,,,,,-29,-12,PASS
,,,DIE,,,,,,,,,,,,,,,,,,,,,,-30,-11,PASS
,,,DIE,,,,,,,,,,,,,,,,,,,,,,-29,-11,PASS
,,,DIE,,,,,,,,,,,,,,,,,,,,,,-30,-10,PASS
,,,DIE,,,,,,,,,,,,,,,,,,,,,,-29,-10,PASS
,,,DIE,,,,,,,,,,,,,,,,,,,,,,-30,-9,PASS
,,,DIE,,,,,,,,,,,,,,,,,,,,,,-29,-9,PASS
,,,DIE,,,,,,,,,,,,,,,,,,,,,,-30,-8,PASS
,,,DIE,,,,,,,,,,,,,,,,,,,,,,-29,-8,PASS
,,,DIE,,,,,,,,,,,,,,,,,,,,,,-30,-7,PASS
,,,DIE,,,,,,,,,,,,,,,,,,,,,,-29,-7,PASS
,,,DIE,,,,,,,,,,,,,,,,,,,,,,-30,-6,PASS
,,,DIE,,,,,,,,,,,,,,,,,,,,,,-29,-6,PASS
,,,DIE,,,,,,,,,,,,,,,,,,,,,,-30,-5,PASS
,,,DIE,,,,,,,,,,,,,,,,,,,,,,-29,-5,PASS
,,,DIE,,,,,,,,,,,,,,,,,,,,,,-30,-4,PASS
,,,DIE,,,,,,,,,,,,,,,,,,,,,,-29,-4,PASS
,,,DIE,,,,,,,,,,,,,,,,,,,,,,-30,-3,PASS
,,,DIE,,,,,,,,,,,,,,,,,,,,,,-29,-3,PASS
,,,DIE,,,,,,,,,,,,,,,,,,,,,,-30,-2,PASS
,,,DIE,,,,,,,,,,,,,,,,,,,,,,-29,-2,PASS
,,,DIE,,,,,,,,,,,,,,,,,,,,,,-30,-1,PASS
,,,DIE,,,,,,,,,,,,,,,,,,,,,,-29,-1,PASS
,,,DIE,,,,,,,,,,,,,,,,,,,,,,-30,0,PASS
,,,DIE,,,,,,,,,,,,,,,,,,,,,,-29,0,PASS
,,,DIE,,,,,,,,,,,,,,,,,,,,,,-30,1,PASS
,,,DIE,,,,,,,,,,,,,,,,,,,,,,-29,1,PASS
,,,DIE,,,,,,,,,,,,,,,,,,,,,,-30,2,PASS
,,,DIE,,,,,,,,,,,,,,,,,,,,,,-29,2,PASS
,,,DIE,,,,,,,,,,,,,,,,,,,,,,-30,3,PASS
,,,DIE,,,,,,,,,,,,,,,,,,,,,,-29,3,PASS
,,,DIE,,,,,,,,,,,,,,,,,,,,,,-30,4,PASS
,,,DIE,,,,,,,,,,,,,,,,,,,,,,-29,4,PASS
,,,DIE,,,,,,,,,,,,,,,,,,,,,,-30,5,PASS
,,,DIE,,,,,,,,,,,,,,,,,,,,,,-29,5,PASS
,,,DIE,,,,,,,,,,,,,,,,,,,,,,-30,6,PASS
,,,DIE,,,,,,,,,,,,,,,,,,,,,,-29,6,PASS
,,,DIE,,,,,,,,,,,,,,,,,,,,,,-30,7,PASS
,,,DIE,,,,,,,,,,,,,,,,,,,,,,-29,7,PASS
,,,DIE,,,,,,,,,,,,,,,,,,,,,,-30,8,PASS
,,,DIE,,,,,,,,,,,,,,,,,,,,,,-29,8,PASS
,,,DIE,,,,,,,,,,,,,,,,,,,,,,-30,9,PASS
,,,DIE,,,,,,,,,,,,,,,,,,,,,,-29,9,PASS
,,,DIE,,,,,,,,,,,,,,,,,,,,,,-30,10,PASS
,,,DIE,,,,,,,,,,,,,,,,,,,,,,-29,10,PASS
,,,DIE,,,,,,,,,,,,,,,,,,,,,,-30,11,PASS
,,,DIE,,,,,,,,,,,,,,,,,,,,,,-29,11,PASS
,,,DIE,,,,,,,,,,,,,,,,,,,,,,-30,12,PASS
,,,DIE,,,,,,,,,,,,,,,,,,,,,,-29,12,PASS
,,,DIE,,,,,,,,,,,,,,,,,,,,,,-30,13,PASS
,,,DIE,,,,,,,,,,,,,,,,,,,,,,-29,13,PASS
,,,DIE,,,,,,,,,,,,,,,,,,,,,,-28,-14,PASS
,,,DIE,,,,,,,,,,,,,,,,,,,,,,-27,-14,PASS
,,,DIE,,,,,,,,,,,,,,,,,,,,,,-28,-13,PASS
,,,DIE,,,,,,,,,,,,,,,,,,,,,,-27,-13,PASS
,,,DIE,,,,,,,,,,,,,,,,,,,,,,-28,-12,PASS
,,,DIE,,,,,,,,,,,,,,,,,,,,,,-27,-12,PASS
,,,DIE,,,,,,,,,,,,,,,,,,,,,,-28,-11,PASS
,,,DIE,,,,,,,,,,,,,,,,,,,,,,-27,-11,PASS
,,,DIE,,,,,,,,,,,,,,,,,,,,,,-28,-10,PASS
,,,DIE,,,,,,,,,,,,,,,,,,,,,,-27,-10,PASS
,,,DIE,,,,,,,,,,,,,,,,,,,,,,-28,-9,PASS
,,,DIE,,,,,,,,,,,,,,,,,,,,,,-27,-9,PASS
,,,DIE,,,,,,,,,,,,,,,,,,,,,,-28,-8,PASS
,,,DIE,,,,,,,,,,,,,,,,,,,,,,-27,-8,PASS
,,,DIE,,,,,,,,,,,,,,,,,,,,,,-28,-7,PASS
,,,DIE,,,,,,,,,,,,,,,,,,,,,,-27,-7,PASS
,,,DIE,,,,,,,,,,,,,,,,,,,,,,-28,-6,PASS
,,,DIE,,,,,,,,,,,,,,,,,,,,,,-27,-6,PASS
,,,DIE,,,,,,,,,,,,,,,,,,,,,,-28,-5,PASS
,,,DIE,,,,,,,,,,,,,,,,,,,,,,-27,-5,PASS
,,,DIE,,,,,,,,,,,,,,,,,,,,,,-28,-4,PASS
,,,DIE,,,,,,,,,,,,,,,,,,,,,,-27,-4,PASS
,,,DIE,,,,,,,,,,,,,,,,,,,,,,-28,-3,PASS
,,,DIE,,,,,,,,,,,,,,,,,,,,,,-27,-3,PASS
,,,DIE,,,,,,,,,,,,,,,,,,,,,,-28,-2,PASS
,,,DIE,,,,,,,,,,,,,,,,,,,,,,-27,-2,PASS
,,,DIE,,,,,,,,,,,,,,,,,,,,,,-28,-1,PASS
,,,DIE,,,,,,,,,,,,,,,,,,,,,,-27,-1,PASS
,,,DIE,,,,,,,,,,,,,,,,,,,,,,-28,0,PASS
,,,DIE,,,,,,,,,,,,,,,,,,,,,,-27,0,PASS
,,,DIE,,,,,,,,,,,,,,,,,,,,,,-28,1,PASS
,,,DIE,,,,,,,,,,,,,,,,,,,,,,-27,1,PASS
,,,DIE,,,,,,,,,,,,,,,,,,,,,,-28,2,PASS
,,,DIE,,,,,,,,,,,,,,,,,,,,,,-27,2,PASS
,,,DIE,,,,,,,,,,,,,,,,,,,,,,-28,3,PASS
,,,DIE,,,,,,,,,,,,,,,,,,,,,,-27,3,PASS
,,,DIE,,,,,,,,,,,,,,,,,,,,,,-28,4,PASS
,,,DIE,,,,,,,,,,,,,,,,,,,,,,-27,4,PASS
,,,DIE,,,,,,,,,,,,,,,,,,,,,,-28,5,PASS
,,,DIE,,,,,,,,,,,,,,,,,,,,,,-27,5,PASS
,,,DIE,,,,,,,,,,,,,,,,,,,,,,-28,6,PASS
,,,DIE,,,,,,,,,,,,,,,,,,,,,,-27,6,PASS
,,,DIE,,,,,,,,,,,,,,,,,,,,,,-28,7,PASS
,,,DIE,,,,,,,,,,,,,,,,,,,,,,-27,7,PASS
,,,DIE,,,,,,,,,,,,,,,,,,,,,,-28,8,PASS
,,,DIE,,,,,,,,,,,,,,,,,,,,,,-27,8,PASS
,,,DIE,,,,,,,,,,,,,,,,,,,,,,-28,9,PASS
,,,DIE,,,,,,,,,,,,,,,,,,,,,,-27,9,PASS
,,,DIE,,,,,,,,,,,,,,,,,,,,,,-28,10,PASS
,,,DIE,,,,,,,,,,,,,,,,,,,,,,-27,10,PASS
,,,DIE,,,,,,,,,,,,,,,,,,,,,,-28,11,PASS
,,,DIE,,,,,,,,,,,,,,,,,,,,,,-27,11,PASS
,,,DIE,,,,,,,,,,,,,,,,,,,,,,-28,12,PASS
,,,DIE,,,,,,,,,,,,,,,,,,,,,,-27,12,PASS
,,,DIE,,,,,,,,,,,,,,,,,,,,,,-28,13,PASS
,,,DIE,,,,,,,,,,,,,,,,,,,,,,-27,13,PASS
,,,DIE,,,,,,,,,,,,,,,,,,,,,,-26,-16,FAIL
,,,DIE,,,,,,,,,,,,,,,,,,,,,,-25,-16,FAIL
,,,DIE,,,,,,,,,,,,,,,,,,,,,,-26,-15,PASS
,,,DIE,,,,,,,,,,,,,,,,,,,,,,-25,-15,PASS
,,,DIE,,,,,,,,,,,,,,,,,,,,,,-26,-14,PASS
,,,DIE,,,,,,,,,,,,,,,,,,,,,,-25,-14,PASS
,,,DIE,,,,,,,,,,,,,,,,,,,,,,-26,-13,PASS
,,,DIE,,,,,,,,,,,,,,,,,,,,,,-25,-13,PASS
,,,DIE,,,,,,,,,,,,,,,,,,,,,,-26,-12,PASS
,,,DIE,,,,,,,,,,,,,,,,,,,,,,-25,-12,PASS
,,,DIE,,,,,,,,,,,,,,,,,,,,,,-26,-11,PASS
,,,DIE,,,,,,,,,,,,,,,,,,,,,,-25,-11,PASS
,,,DIE,,,,,,,,,,,,,,,,,,,,,,-26,-10,PASS
,,,DIE,,,,,,,,,,,,,,,,,,,,,,-25,-10,PASS
,,,DIE,,,,,,,,,,,,,,,,,,,,,,-26,-9,PASS
,,,DIE,,,,,,,,,,,,,,,,,,,,,,-25,-9,PASS
,,,DIE,,,,,,,,,,,,,,,,,,,,,,-26,-8,PASS
,,,DIE,,,,,,,,,,,,,,,,,,,,,,-25,-8,PASS
,,,DIE,,,,,,,,,,,,,,,,,,,,,,-26,-7,PASS
,,,DIE,,,,,,,,,,,,,,,,,,,,,,-25,-7,PASS
,,,DIE,,,,,,,,,,,,,,,,,,,,,,-26,-6,PASS
,,,DIE,,,,,,,,,,,,,,,,,,,,,,-25,-6,PASS
,,,DIE,,,,,,,,,,,,,,,,,,,,,,-26,-5,PASS
,,,DIE,,,,,,,,,,,,,,,,,,,,,,-25,-5,PASS
,,,DIE,,,,,,,,,,,,,,,,,,,,,,-26,-4,PASS
,,,DIE,,,,,,,,,,,,,,,,,,,,,,-25,-4,PASS
,,,DIE,,,,,,,,,,,,,,,,,,,,,,-26,-3,PASS
,,,DIE,,,,,,,,,,,,,,,,,,,,,,-25,-3,PASS
,,,DIE,,,,,,,,,,,,,,,,,,,,,,-26,-2,PASS
,,,DIE,,,,,,,,,,,,,,,,,,,,,,-25,-2,PASS
,,,DIE,,,,,,,,,,,,,,,,,,,,,,-26,-1,PASS
,,,DIE,,,,,,,,,,,,,,,,,,,,,,-25,-1,PASS
,,,DIE,,,,,,,,,,,,,,,,,,,,,,-26,0,PASS
,,,DIE,,,,,,,,,,,,,,,,,,,,,,-25,0,PASS
,,,DIE,,,,,,,,,,,,,,,,,,,,,,-26,1,PASS
,,,DIE,,,,,,,,,,,,,,,,,,,,,,-25,1,PASS
,,,DIE,,,,,,,,,,,,,,,,,,,,,,-26,2,PASS
,,,DIE,,,,,,,,,,,,,,,,,,,,,,-25,2,PASS
,,,DIE,,,,,,,,,,,,,,,,,,,,,,-26,3,PASS
,,,DIE,,,,,,,,,,,,,,,,,,,,,,-25,3,PASS
,,,DIE,,,,,,,,,,,,,,,,,,,,,,-26,4,PASS
,,,DIE,,,,,,,,,,,,,,,,,,,,,,-25,4,PASS
,,,DIE,,,,,,,,,,,,,,,,,,,,,,-26,5,PASS
,,,DIE,,,,,,,,,,,,,,,,,,,,,,-25,5,PASS
,,,DIE,,,,,,,,,,,,,,,,,,,,,,-26,6,PASS
,,,DIE,,,,,,,,,,,,,,,,,,,,,,-25,6,PASS
,,,DIE,,,,,,,,,,,,,,,,,,,,,,-26,7,PASS
,,,DIE,,,,,,,,,,,,,,,,,,,,,,-25,7,PASS
,,,DIE,,,,,,,,,,,,,,,,,,,,,,-26,8,PASS
,,,DIE,,,,,,,,,,,,,,,,,,,,,,-25,8,PASS
,,,DIE,,,,,,,,,,,,,,,,,,,,,,-26,9,PASS
,,,DIE,,,,,,,,,,,,,,,,,,,,,,-25,9,PASS
,,,DIE,,,,,,,,,,,,,,,,,,,,,,-26,10,PASS
,,,DIE,,,,,,,,,,,,,,,,,,,,,,-25,10,PASS
,,,DIE,,,,,,,,,,,,,,,,,,,,,,-26,11,PASS
,,,DIE,,,,,,,,,,,,,,,,,,,,,,-25,11,PASS
,,,DIE,,,,,,,,,,,,,,,,,,,,,,-26,12,PASS
,,,DIE,,,,,,,,,,,,,,,,,,,,,,-25,12,PASS
,,,DIE,,,,,,,,,,,,,,,,,,,,,,-26,13,PASS
,,,DIE,,,,,,,,,,,,,,,,,,,,,,-25,13,PASS
,,,DIE,,,,,,,,,,,,,,,,,,,,,,-26,14,PASS
,,,DIE,,,,,,,,,,,,,,,,,,,,,,-25,14,PASS
,,,DIE,,,,,,,,,,,,,,,,,,,,,,-26,15,FAIL
,,,DIE,,,,,,,,,,,,,,,,,,,,,,-25,15,FAIL
,,,DIE,,,,,,,,,,,,,,,,,,,,,,-24,-16,FAIL
,,,DIE,,,,,,,,,,,,,,,,,,,,,,-23,-16,PASS
,,,DIE,,,,,,,,,,,,,,,,,,,,,,-24,-15,PASS
,,,DIE,,,,,,,,,,,,,,,,,,,,,,-23,-15,PASS
,,,DIE,,,,,,,,,,,,,,,,,,,,,,-24,-14,PASS
,,,DIE,,,,,,,,,,,,,,,,,,,,,,-23,-14,PASS
,,,DIE,,,,,,,,,,,,,,,,,,,,,,-24,-13,PASS
,,,DIE,,,,,,,,,,,,,,,,,,,,,,-23,-13,PASS
,,,DIE,,,,,,,,,,,,,,,,,,,,,,-24,-12,PASS
,,,DIE,,,,,,,,,,,,,,,,,,,,,,-23,-12,PASS
,,,DIE,,,,,,,,,,,,,,,,,,,,,,-24,-11,PASS
,,,DIE,,,,,,,,,,,,,,,,,,,,,,-23,-11,PASS
,,,DIE,,,,,,,,,,,,,,,,,,,,,,-24,-10,PASS
,,,DIE,,,,,,,,,,,,,,,,,,,,,,-23,-10,PASS
,,,DIE,,,,,,,,,,,,,,,,,,,,,,-24,-9,PASS
,,,DIE,,,,,,,,,,,,,,,,,,,,,,-23,-9,PASS
,,,DIE,,,,,,,,,,,,,,,,,,,,,,-24,-8,PASS
,,,DIE,,,,,,,,,,,,,,,,,,,,,,-23,-8,PASS
,,,DIE,,,,,,,,,,,,,,,,,,,,,,-24,-7,PASS
,,,DIE,,,,,,,,,,,,,,,,,,,,,,-23,-7,PASS
,,,DIE,,,,,,,,,,,,,,,,,,,,,,-24,-6,PASS
,,,DIE,,,,,,,,,,,,,,,,,,,,,,-23,-6,PASS
,,,DIE,,,,,,,,,,,,,,,,,,,,,,-24,-5,PASS
,,,DIE,,,,,,,,,,,,,,,,,,,,,,-23,-5,PASS
,,,DIE,,,,,,,,,,,,,,,,,,,,,,-24,-4,PASS
,,,DIE,,,,,,,,,,,,,,,,,,,,,,-23,-4,PASS
,,,DIE,,,,,,,,,,,,,,,,,,,,,,-24,-3,PASS
,,,DIE,,,,,,,,,,,,,,,,,,,,,,-23,-3,PASS
,,,DIE,,,,,,,,,,,,,,,,,,,,,,-24,-2,PASS
,,,DIE,,,,,,,,,,,,,,,,,,,,,,-23,-2,PASS
,,,DIE,,,,,,,,,,,,,,,,,,,,,,-24,-1,PASS
,,,DIE,,,,,,,,,,,,,,,,,,,,,,-23,-1,PASS
,,,DIE,,,,,,,,,,,,,,,,,,,,,,-24,0,PASS
,,,DIE,,,,,,,,,,,,,,,,,,,,,,-23,0,PASS
,,,DIE,,,,,,,,,,,,,,,,,,,,,,-24,1,PASS
,,,DIE,,,,,,,,,,,,,,,,,,,,,,-23,1,PASS
,,,DIE,,,,,,,,,,,,,,,,,,,,,,-24,2,PASS
,,,DIE,,,,,,,,,,,,,,,,,,,,,,-23,2,PASS
,,,DIE,,,,,,,,,,,,,,,,,,,,,,-24,3,PASS
,,,DIE,,,,,,,,,,,,,,,,,,,,,,-23,3,PASS
,,,DIE,,,,,,,,,,,,,,,,,,,,,,-24,4,PASS
,,,DIE,,,,,,,,,,,,,,,,,,,,,,-23,4,PASS
,,,DIE,,,,,,,,,,,,,,,,,,,,,,-24,5,PASS
,,,DIE,,,,,,,,,,,,,,,,,,,,,,-23,5,PASS
,,,DIE,,,,,,,,,,,,,,,,,,,,,,-24,6,PASS
,,,DIE,,,,,,,,,,,,,,,,,,,,,,-23,6,PASS
,,,DIE,,,,,,,,,,,,,,,,,,,,,,-24,7,PASS
,,,DIE,,,,,,,,,,,,,,,,,,,,,,-23,7,PASS
,,,DIE,,,,,,,,,,,,,,,,,,,,,,-24,8,PASS
,,,DIE,,,,,,,,,,,,,,,,,,,,,,-23,8,PASS
,,,DIE,,,,,,,,,,,,,,,,,,,,,,-24,9,PASS
,,,DIE,,,,,,,,,,,,,,,,,,,,,,-23,9,PASS
,,,DIE,,,,,,,,,,,,,,,,,,,,,,-24,10,PASS
,,,DIE,,,,,,,,,,,,,,,,,,,,,,-23,10,PASS
,,,DIE,,,,,,,,,,,,,,,,,,,,,,-24,11,PASS
,,,DIE,,,,,,,,,,,,,,,,,,,,,,-23,11,PASS
,,,DIE,,,,,,,,,,,,,,,,,,,,,,-24,12,PASS
,,,DIE,,,,,,,,,,,,,,,,,,,,,,-23,12,PASS
,,,DIE,,,,,,,,,,,,,,,,,,,,,,-24,13,PASS
,,,DIE,,,,,,,,,,,,,,,,,,,,,,-23,13,PASS
,,,DIE,,,,,,,,,,,,,,,,,,,,,,-24,14,PASS
,,,DIE,,,,,,,,,,,,,,,,,,,,,,-23,14,PASS
,,,DIE,,,,,,,,,,,,,,,,,,,,,,-24,15,FAIL
,,,DIE,,,,,,,,,,,,,,,,,,,,,,-23,15,PASS
,,,DIE,,,,,,,,,,,,,,,,,,,,,,-22,-16,PASS
,,,DIE,,,,,,,,,,,,,,,,,,,,,,-21,-16,PASS
,,,DIE,,,,,,,,,,,,,,,,,,,,,,-22,-15,PASS
,,,DIE,,,,,,,,,,,,,,,,,,,,,,-21,-15,PASS
,,,DIE,,,,,,,,,,,,,,,,,,,,,,-22,-14,PASS
,,,DIE,,,,,,,,,,,,,,,,,,,,,,-21,-14,PASS
,,,DIE,,,,,,,,,,,,,,,,,,,,,,-22,-13,PASS
,,,DIE,,,,,,,,,,,,,,,,,,,,,,-21,-13,PASS
,,,DIE,,,,,,,,,,,,,,,,,,,,,,-22,-12,PASS
,,,DIE,,,,,,,,,,,,,,,,,,,,,,-21,-12,PASS
,,,DIE,,,,,,,,,,,,,,,,,,,,,,-22,-11,PASS
,,,DIE,,,,,,,,,,,,,,,,,,,,,,-21,-11,PASS
,,,DIE,,,,,,,,,,,,,,,,,,,,,,-22,-10,PASS
,,,DIE,,,,,,,,,,,,,,,,,,,,,,-21,-10,PASS
,,,DIE,,,,,,,,,,,,,,,,,,,,,,-22,-9,PASS
,,,DIE,,,,,,,,,,,,,,,,,,,,,,-21,-9,PASS
,,,DIE,,,,,,,,,,,,,,,,,,,,,,-22,-8,PASS
,,,DIE,,,,,,,,,,,,,,,,,,,,,,-21,-8,PASS
,,,DIE,,,,,,,,,,,,,,,,,,,,,,-22,-7,PASS
,,,DIE,,,,,,,,,,,,,,,,,,,,,,-21,-7,PASS
,,,DIE,,,,,,,,,,,,,,,,,,,,,,-22,-6,PASS
,,,DIE,,,,,,,,,,,,,,,,,,,,,,-21,-6,PASS
,,,DIE,,,,,,,,,,,,,,,,,,,,,,-22,-5,PASS
,,,DIE,,,,,,,,,,,,,,,,,,,,,,-21,-5,PASS
,,,DIE,,,,,,,,,,,,,,,,,,,,,,-22,-4,PASS
,,,DIE,,,,,,,,,,,,,,,,,,,,,,-21,-4,PASS
,,,DIE,,,,,,,,,,,,,,,,,,,,,,-22,-3,PASS
,,,DIE,,,,,,,,,,,,,,,,,,,,,,-21,-3,PASS
,,,DIE,,,,,,,,,,,,,,,,,,,,,,-22,-2,PASS
,,,DIE,,,,,,,,,,,,,,,,,,,,,,-21,-2,PASS
,,,DIE,,,,,,,,,,,,,,,,,,,,,,-22,-1,PASS
,,,DIE,,,,,,,,,,,,,,,,,,,,,,-21,-1,PASS
,,,DIE,,,,,,,,,,,,,,,,,,,,,,-22,0,PASS
,,,DIE,,,,,,,,,,,,,,,,,,,,,,-21,0,PASS
,,,DIE,,,,,,,,,,,,,,,,,,,,,,-22,1,PASS
,,,DIE,,,,,,,,,,,,,,,,,,,,,,-21,1,PASS
,,,DIE,,,,,,,,,,,,,,,,,,,,,,-22,2,PASS
,,,DIE,,,,,,,,,,,,,,,,,,,,,,-21,2,PASS
,,,DIE,,,,,,,,,,,,,,,,,,,,,,-22,3,PASS
,,,DIE,,,,,,,,,,,,,,,,,,,,,,-21,3,PASS
,,,DIE,,,,,,,,,,,,,,,,,,,,,,-22,4,PASS
,,,DIE,,,,,,,,,,,,,,,,,,,,,,-21,4,PASS
,,,DIE,,,,,,,,,,,,,,,,,,,,,,-22,5,PASS
,,,DIE,,,,,,,,,,,,,,,,,,,,,,-21,5,PASS
,,,DIE,,,,,,,,,,,,,,,,,,,,,,-22,6,PASS
,,,DIE,,,,,,,,,,,,,,,,,,,,,,-21,6,PASS
,,,DIE,,,,,,,,,,,,,,,,,,,,,,-22,7,PASS
,,,DIE,,,,,,,,,,,,,,,,,,,,,,-21,7,PASS
,,,DIE,,,,,,,,,,,,,,,,,,,,,,-22,8,PASS
,,,DIE,,,,,,,,,,,,,,,,,,,,,,-21,8,PASS
,,,DIE,,,,,,,,,,,,,,,,,,,,,,-22,9,PASS
,,,DIE,,,,,,,,,,,,,,,,,,,,,,-21,9,PASS
,,,DIE,,,,,,,,,,,,,,,,,,,,,,-22,10,PASS
,,,DIE,,,,,,,,,,,,,,,,,,,,,,-21,10,PASS
,,,DIE,,,,,,,,,,,,,,,,,,,,,,-22,11,PASS
,,,DIE,,,,,,,,,,,,,,,,,,,,,,-21,11,PASS
,,,DIE,,,,,,,,,,,,,,,,,,,,,,-22,12,PASS
,,,DIE,,,,,,,,,,,,,,,,,,,,,,-21,12,PASS
,,,DIE,,,,,,,,,,,,,,,,,,,,,,-22,13,PASS
,,,DIE,,,,,,,,,,,,,,,,,,,,,,-21,13,PASS
,,,DIE,,,,,,,,,,,,,,,,,,,,,,-22,14,PASS
,,,DIE,,,,,,,,,,,,,,,,,,,,,,-21,14,PASS
,,,DIE,,,,,,,,,,,,,,,,,,,,,,-22,15,PASS
,,,DIE,,,,,,,,,,,,,,,,,,,,,,-21,15,PASS
,,,DIE,,,,,,,,,,,,,,,,,,,,,,-20,-18,PASS
,,,DIE,,,,,,,,,,,,,,,,,,,,,,-19,-18,PASS
,,,DIE,,,,,,,,,,,,,,,,,,,,,,-20,-17,PASS
,,,DIE,,,,,,,,,,,,,,,,,,,,,,-19,-17,PASS
,,,DIE,,,,,,,,,,,,,,,,,,,,,,-20,-16,PASS
,,,DIE,,,,,,,,,,,,,,,,,,,,,,-19,-16,PASS
,,,DIE,,,,,,,,,,,,,,,,,,,,,,-20,-15,PASS
,,,DIE,,,,,,,,,,,,,,,,,,,,,,-19,-15,PASS
,,,DIE,,,,,,,,,,,,,,,,,,,,,,-20,-14,PASS
,,,DIE,,,,,,,,,,,,,,,,,,,,,,-19,-14,PASS
,,,DIE,,,,,,,,,,,,,,,,,,,,,,-20,-13,PASS
,,,DIE,,,,,,,,,,,,,,,,,,,,,,-19,-13,PASS
,,,DIE,,,,,,,,,,,,,,,,,,,,,,-20,-12,PASS
,,,DIE,,,,,,,,,,,,,,,,,,,,,,-19,-12,PASS
,,,DIE,,,,,,,,,,,,,,,,,,,,,,-20,-11,PASS
,,,DIE,,,,,,,,,,,,,,,,,,,,,,-19,-11,PASS
,,,DIE,,,,,,,,,,,,,,,,,,,,,,-20,-10,PASS
,,,DIE,,,,,,,,,,,,,,,,,,,,,,-19,-10,PASS
,,,DIE,,,,,,,,,,,,,,,,,,,,,,-20,-9,PASS
,,,DIE,,,,,,,,,,,,,,,,,,,,,,-19,-9,PASS
,,,DIE,,,,,,,,,,,,,,,,,,,,,,-20,-8,PASS
,,,DIE,,,,,,,,,,,,,,,,,,,,,,-19,-8,PASS
,,,DIE,,,,,,,,,,,,,,,,,,,,,,-20,-7,PASS
,,,DIE,,,,,,,,,,,,,,,,,,,,,,-19,-7,PASS
,,,DIE,,,,,,,,,,,,,,,,,,,,,,-20,-6,PASS
,,,DIE,,,,,,,,,,,,,,,,,,,,,,-19,-6,PASS
,,,DIE,,,,,,,,,,,,,,,,,,,,,,-20,-5,PASS
,,,DIE,,,,,,,,,,,,,,,,,,,,,,-19,-5,PASS
,,,DIE,,,,,,,,,,,,,,,,,,,,,,-20,-4,PASS
,,,DIE,,,,,,,,,,,,,,,,,,,,,,-19,-4,PASS
,,,DIE,,,,,,,,,,,,,,,,,,,,,,-20,-3,PASS
,,,DIE,,,,,,,,,,,,,,,,,,,,,,-19,-3,PASS
,,,DIE,,,,,,,,,,,,,,,,,,,,,,-20,-2,PASS
,,,DIE,,,,,,,,,,,,,,,,,,,,,,-19,-2,PASS
,,,DIE,,,,,,,,,,,,,,,,,,,,,,-20,-1,PASS
,,,DIE,,,,,,,,,,,,,,,,,,,,,,-19,-1,PASS
,,,DIE,,,,,,,,,,,,,,,,,,,,,,-20,0,PASS
,,,DIE,,,,,,,,,,,,,,,,,,,,,,-19,0,PASS
,,,DIE,,,,,,,,,,,,,,,,,,,,,,-20,1,PASS
,,,DIE,,,,,,,,,,,,,,,,,,,,,,-19,1,PASS
,,,DIE,,,,,,,,,,,,,,,,,,,,,,-20,2,PASS
,,,DIE,,,,,,,,,,,,,,,,,,,,,,-19,2,PASS
,,,DIE,,,,,,,,,,,,,,,,,,,,,,-20,3,PASS
,,,DIE,,,,,,,,,,,,,,,,,,,,,,-19,3,PASS
,,,DIE,,,,,,,,,,,,,,,,,,,,,,-20,4,PASS
,,,DIE,,,,,,,,,,,,,,,,,,,,,,-19,4,PASS
,,,DIE,,,,,,,,,,,,,,,,,,,,,,-20,5,PASS
,,,DIE,,,,,,,,,,,,,,,,,,,,,,-19,5,PASS
,,,DIE,,,,,,,,,,,,,,,,,,,,,,-20,6,PASS
,,,DIE,,,,,,,,,,,,,,,,,,,,,,-19,6,PASS
,,,DIE,,,,,,,,,,,,,,,,,,,,,,-20,7,PASS
,,,DIE,,,,,,,,,,,,,,,,,,,,,,-19,7,PASS
,,,DIE,,,,,,,,,,,,,,,,,,,,,,-20,8,PASS
,,,DIE,,,,,,,,,,,,,,,,,,,,,,-19,8,PASS
,,,DIE,,,,,,,,,,,,,,,,,,,,,,-20,9,PASS
,,,DIE,,,,,,,,,,,,,,,,,,,,,,-19,9,PASS
,,,DIE,,,,,,,,,,,,,,,,,,,,,,-20,10,PASS
,,,DIE,,,,,,,,,,,,,,,,,,,,,,-19,10,PASS
,,,DIE,,,,,,,,,,,,,,,,,,,,,,-20,11,PASS
,,,DIE,,,,,,,,,,,,,,,,,,,,,,-19,11,PASS
,,,DIE,,,,,,,,,,,,,,,,,,,,,,-20,12,PASS
,,,DIE,,,,,,,,,,,,,,,,,,,,,,-19,12,PASS
,,,DIE,,,,,,,,,,,,,,,,,,,,,,-20,13,PASS
,,,DIE,,,,,,,,,,,,,,,,,,,,,,-19,13,PASS
,,,DIE,,,,,,,,,,,,,,,,,,,,,,-20,14,PASS
,,,DIE,,,,,,,,,,,,,,,,,,,,,,-19,14,PASS
,,,DIE,,,,,,,,,,,,,,,,,,,,,,-20,15,PASS
,,,DIE,,,,,,,,,,,,,,,,,,,,,,-19,15,PASS
,,,DIE,,,,,,,,,,,,,,,,,,,,,,-20,16,PASS
,,,DIE,,,,,,,,,,,,,,,,,,,,,,-19,16,PASS
,,,DIE,,,,,,,,,,,,,,,,,,,,,,-20,17,FAIL
,,,DIE,,,,,,,,,,,,,,,,,,,,,,-19,17,PASS
,,,DIE,,,,,,,,,,,,,,,,,,,,,,-18,-18,PASS
,,,DIE,,,,,,,,,,,,,,,,,,,,,,-17,-18,PASS
,,,DIE,,,,,,,,,,,,,,,,,,,,,,-18,-17,PASS
,,,DIE,,,,,,,,,,,,,,,,,,,,,,-17,-17,PASS
,,,DIE,,,,,,,,,,,,,,,,,,,,,,-18,-16,PASS
,,,DIE,,,,,,,,,,,,,,,,,,,,,,-17,-16,PASS
,,,DIE,,,,,,,,,,,,,,,,,,,,,,-18,-15,PASS
,,,DIE,,,,,,,,,,,,,,,,,,,,,,-17,-15,PASS
,,,DIE,,,,,,,,,,,,,,,,,,,,,,-18,-14,PASS
,,,DIE,,,,,,,,,,,,,,,,,,,,,,-17,-14,PASS
,,,DIE,,,,,,,,,,,,,,,,,,,,,,-18,-13,PASS
,,,DIE,,,,,,,,,,,,,,,,,,,,,,-17,-13,PASS
,,,DIE,,,,,,,,,,,,,,,,,,,,,,-18,-12,PASS
,,,DIE,,,,,,,,,,,,,,,,,,,,,,-17,-12,PASS
,,,DIE,,,,,,,,,,,,,,,,,,,,,,-18,-11,PASS
,,,DIE,,,,,,,,,,,,,,,,,,,,,,-17,-11,PASS
,,,DIE,,,,,,,,,,,,,,,,,,,,,,-18,-10,PASS
,,,DIE,,,,,,,,,,,,,,,,,,,,,,-17,-10,PASS
,,,DIE,,,,,,,,,,,,,,,,,,,,,,-18,-9,PASS
,,,DIE,,,,,,,,,,,,,,,,,,,,,,-17,-9,PASS
,,,DIE,,,,,,,,,,,,,,,,,,,,,,-18,-8,PASS
,,,DIE,,,,,,,,,,,,,,,,,,,,,,-17,-8,PASS
,,,DIE,,,,,,,,,,,,,,,,,,,,,,-18,-7,PASS
,,,DIE,,,,,,,,,,,,,,,,,,,,,,-17,-7,PASS
,,,DIE,,,,,,,,,,,,,,,,,,,,,,-18,-6,PASS
,,,DIE,,,,,,,,,,,,,,,,,,,,,,-17,-6,PASS
,,,DIE,,,,,,,,,,,,,,,,,,,,,,-18,-5,PASS
,,,DIE,,,,,,,,,,,,,,,,,,,,,,-17,-5,PASS
,,,DIE,,,,,,,,,,,,,,,,,,,,,,-18,-4,PASS
,,,DIE,,,,,,,,,,,,,,,,,,,,,,-17,-4,PASS
,,,DIE,,,,,,,,,,,,,,,,,,,,,,-18,-3,PASS
,,,DIE,,,,,,,,,,,,,,,,,,,,,,-17,-3,PASS
,,,DIE,,,,,,,,,,,,,,,,,,,,,,-18,-2,PASS
,,,DIE,,,,,,,,,,,,,,,,,,,,,,-17,-2,PASS
,,,DIE,,,,,,,,,,,,,,,,,,,,,,-18,-1,PASS
,,,DIE,,,,,,,,,,,,,,,,,,,,,,-17,-1,PASS
,,,DIE,,,,,,,,,,,,,,,,,,,,,,-18,0,PASS
,,,DIE,,,,,,,,,,,,,,,,,,,,,,-17,0,PASS
,,,DIE,,,,,,,,,,,,,,,,,,,,,,-18,1,PASS
,,,DIE,,,,,,,,,,,,,,,,,,,,,,-17,1,PASS
,,,DIE,,,,,,,,,,,,,,,,,,,,,,-18,2,PASS
,,,DIE,,,,,,,,,,,,,,,,,,,,,,-17,2,PASS
,,,DIE,,,,,,,,,,,,,,,,,,,,,,-18,3,PASS
,,,DIE,,,,,,,,,,,,,,,,,,,,,,-17,3,PASS
,,,DIE,,,,,,,,,,,,,,,,,,,,,,-18,4,PASS
,,,DIE,,,,,,,,,,,,,,,,,,,,,,-17,4,PASS
,,,DIE,,,,,,,,,,,,,,,,,,,,,,-18,5,PASS
,,,DIE,,,,,,,,,,,,,,,,,,,,,,-17,5,PASS
,,,DIE,,,,,,,,,,,,,,,,,,,,,,-18,6,PASS
,,,DIE,,,,,,,,,,,,,,,,,,,,,,-17,6,PASS
,,,DIE,,,,,,,,,,,,,,,,,,,,,,-18,7,PASS
,,,DIE,,,,,,,,,,,,,,,,,,,,,,-17,7,PASS
,,,DIE,,,,,,,,,,,,,,,,,,,,,,-18,8,PASS
,,,DIE,,,,,,,,,,,,,,,,,,,,,,-17,8,PASS
,,,DIE,,,,,,,,,,,,,,,,,,,,,,-18,9,PASS
,,,DIE,,,,,,,,,,,,,,,,,,,,,,-17,9,PASS
,,,DIE,,,,,,,,,,,,,,,,,,,,,,-18,10,PASS
,,,DIE,,,,,,,,,,,,,,,,,,,,,,-17,10,PASS
,,,DIE,,,,,,,,,,,,,,,,,,,,,,-18,11,PASS
,,,DIE,,,,,,,,,,,,,,,,,,,,,,-17,11,PASS
,,,DIE,,,,,,,,,,,,,,,,,,,,,,-18,12,PASS
,,,DIE,,,,,,,,,,,,,,,,,,,,,,-17,12,PASS
,,,DIE,,,,,,,,,,,,,,,,,,,,,,-18,13,PASS
,,,DIE,,,,,,,,,,,,,,,,,,,,,,-17,13,PASS
,,,DIE,,,,,,,,,,,,,,,,,,,,,,-18,14,PASS
,,,DIE,,,,,,,,,,,,,,,,,,,,,,-17,14,PASS
,,,DIE,,,,,,,,,,,,,,,,,,,,,,-18,15,PASS
,,,DIE,,,,,,,,,,,,,,,,,,,,,,-17,15,PASS
,,,DIE,,,,,,,,,,,,,,,,,,,,,,-18,16,PASS
,,,DIE,,,,,,,,,,,,,,,,,,,,,,-17,16,PASS
,,,DIE,,,,,,,,,,,,,,,,,,,,,,-18,17,PASS
,,,DIE,,,,,,,,,,,,,,,,,,,,,,-17,17,PASS
,,,DIE,,,,,,,,,,,,,,,,,,,,,,-16,-18,PASS
,,,DIE,,,,,,,,,,,,,,,,,,,,,,-15,-18,PASS
,,,DIE,,,,,,,,,,,,,,,,,,,,,,-16,-17,PASS
,,,DIE,,,,,,,,,,,,,,,,,,,,,,-15,-17,PASS
,,,DIE,,,,,,,,,,,,,,,,,,,,,,-16,-16,PASS
,,,DIE,,,,,,,,,,,,,,,,,,,,,,-15,-16,PASS
,,,DIE,,,,,,,,,,,,,,,,,,,,,,-16,-15,PASS
,,,DIE,,,,,,,,,,,,,,,,,,,,,,-15,-15,PASS
,,,DIE,,,,,,,,,,,,,,,,,,,,,,-16,-14,PASS
,,,DIE,,,,,,,,,,,,,,,,,,,,,,-15,-14,PASS
,,,DIE,,,,,,,,,,,,,,,,,,,,,,-16,-13,PASS
,,,DIE,,,,,,,,,,,,,,,,,,,,,,-15,-13,PASS
,,,DIE,,,,,,,,,,,,,,,,,,,,,,-16,-12,PASS
,,,DIE,,,,,,,,,,,,,,,,,,,,,,-15,-12,PASS
,,,DIE,,,,,,,,,,,,,,,,,,,,,,-16,-11,PASS
,,,DIE,,,,,,,,,,,,,,,,,,,,,,-15,-11,PASS
,,,DIE,,,,,,,,,,,,,,,,,,,,,,-16,-10,PASS
,,,DIE,,,,,,,,,,,,,,,,,,,,,,-15,-10,PASS
,,,DIE,,,,,,,,,,,,,,,,,,,,,,-16,-9,PASS
,,,DIE,,,,,,,,,,,,,,,,,,,,,,-15,-9,PASS
,,,DIE,,,,,,,,,,,,,,,,,,,,,,-16,-8,PASS
,,,DIE,,,,,,,,,,,,,,,,,,,,,,-15,-8,PASS
,,,DIE,,,,,,,,,,,,,,,,,,,,,,-16,-7,PASS
,,,DIE,,,,,,,,,,,,,,,,,,,,,,-15,-7,PASS
,,,DIE,,,,,,,,,,,,,,,,,,,,,,-16,-6,PASS
,,,DIE,,,,,,,,,,,,,,,,,,,,,,-15,-6,PASS
,,,DIE,,,,,,,,,,,,,,,,,,,,,,-16,-5,PASS
,,,DIE,,,,,,,,,,,,,,,,,,,,,,-15,-5,PASS
,,,DIE,,,,,,,,,,,,,,,,,,,,,,-16,-4,PASS
,,,DIE,,,,,,,,,,,,,,,,,,,,,,-15,-4,PASS
,,,DIE,,,,,,,,,,,,,,,,,,,,,,-16,-3,PASS
,,,DIE,,,,,,,,,,,,,,,,,,,,,,-15,-3,PASS
,,,DIE,,,,,,,,,,,,,,,,,,,,,,-16,-2,PASS
,,,DIE,,,,,,,,,,,,,,,,,,,,,,-15,-2,PASS
,,,DIE,,,,,,,,,,,,,,,,,,,,,,-16,-1,PASS
,,,DIE,,,,,,,,,,,,,,,,,,,,,,-15,-1,PASS
,,,DIE,,,,,,,,,,,,,,,,,,,,,,-16,0,PASS
,,,DIE,,,,,,,,,,,,,,,,,,,,,,-15,0,PASS
,,,DIE,,,,,,,,,,,,,,,,,,,,,,-16,1,PASS
,,,DIE,,,,,,,,,,,,,,,,,,,,,,-15,1,PASS
,,,DIE,,,,,,,,,,,,,,,,,,,,,,-16,2,PASS
,,,DIE,,,,,,,,,,,,,,,,,,,,,,-15,2,PASS
,,,DIE,,,,,,,,,,,,,,,,,,,,,,-16,3,PASS
,,,DIE,,,,,,,,,,,,,,,,,,,,,,-15,3,PASS
,,,DIE,,,,,,,,,,,,,,,,,,,,,,-16,4,PASS
,,,DIE,,,,,,,,,,,,,,,,,,,,,,-15,4,PASS
,,,DIE,,,,,,,,,,,,,,,,,,,,,,-16,5,PASS
,,,DIE,,,,,,,,,,,,,,,,,,,,,,-15,5,PASS
,,,DIE,,,,,,,,,,,,,,,,,,,,,,-16,6,PASS
,,,DIE,,,,,,,,,,,,,,,,,,,,,,-15,6,PASS
,,,DIE,,,,,,,,,,,,,,,,,,,,,,-16,7,PASS
,,,DIE,,,,,,,,,,,,,,,,,,,,,,-15,7,PASS
,,,DIE,,,,,,,,,,,,,,,,,,,,,,-16,8,PASS
,,,DIE,,,,,,,,,,,,,,,,,,,,,,-15,8,PASS
,,,DIE,,,,,,,,,,,,,,,,,,,,,,-16,9,PASS
,,,DIE,,,,,,,,,,,,,,,,,,,,,,-15,9,PASS
,,,DIE,,,,,,,,,,,,,,,,,,,,,,-16,10,PASS
,,,DIE,,,,,,,,,,,,,,,,,,,,,,-15,10,PASS
,,,DIE,,,,,,,,,,,,,,,,,,,,,,-16,11,PASS
,,,DIE,,,,,,,,,,,,,,,,,,,,,,-15,11,PASS
,,,DIE,,,,,,,,,,,,,,,,,,,,,,-16,12,PASS
,,,DIE,,,,,,,,,,,,,,,,,,,,,,-15,12,PASS
,,,DIE,,,,,,,,,,,,,,,,,,,,,,-16,13,PASS
,,,DIE,,,,,,,,,,,,,,,,,,,,,,-15,13,PASS
,,,DIE,,,,,,,,,,,,,,,,,,,,,,-16,14,PASS
,,,DIE,,,,,,,,,,,,,,,,,,,,,,-15,14,PASS
,,,DIE,,,,,,,,,,,,,,,,,,,,,,-16,15,PASS
,,,DIE,,,,,,,,,,,,,,,,,,,,,,-15,15,PASS
,,,DIE,,,,,,,,,,,,,,,,,,,,,,-16,16,PASS
,,,DIE,,,,,,,,,,,,,,,,,,,,,,-15,16,PASS
,,,DIE,,,,,,,,,,,,,,,,,,,,,,-16,17,PASS
,,,DIE,,,,,,,,,,,,,,,,,,,,,,-15,17,PASS
,,,DIE,,,,,,,,,,,,,,,,,,,,,,-14,-18,PASS
,,,DIE,,,,,,,,,,,,,,,,,,,,,,-13,-18,PASS
,,,DIE,,,,,,,,,,,,,,,,,,,,,,-14,-17,PASS
,,,DIE,,,,,,,,,,,,,,,,,,,,,,-13,-17,PASS
,,,DIE,,,,,,,,,,,,,,,,,,,,,,-14,-16,PASS
,,,DIE,,,,,,,,,,,,,,,,,,,,,,-13,-16,PASS
,,,DIE,,,,,,,,,,,,,,,,,,,,,,-14,-15,PASS
,,,DIE,,,,,,,,,,,,,,,,,,,,,,-13,-15,PASS
,,,DIE,,,,,,,,,,,,,,,,,,,,,,-14,-14,PASS
,,,DIE,,,,,,,,,,,,,,,,,,,,,,-13,-14,PASS
,,,DIE,,,,,,,,,,,,,,,,,,,,,,-14,-13,PASS
,,,DIE,,,,,,,,,,,,,,,,,,,,,,-13,-13,PASS
,,,DIE,,,,,,,,,,,,,,,,,,,,,,-14,-12,PASS
,,,DIE,,,,,,,,,,,,,,,,,,,,,,-13,-12,PASS
,,,DIE,,,,,,,,,,,,,,,,,,,,,,-14,-11,PASS
,,,DIE,,,,,,,,,,,,,,,,,,,,,,-13,-11,PASS
,,,DIE,,,,,,,,,,,,,,,,,,,,,,-14,-10,PASS
,,,DIE,,,,,,,,,,,,,,,,,,,,,,-13,-10,PASS
,,,DIE,,,,,,,,,,,,,,,,,,,,,,-14,-9,PASS
,,,DIE,,,,,,,,,,,,,,,,,,,,,,-13,-9,PASS
,,,DIE,,,,,,,,,,,,,,,,,,,,,,-14,-8,PASS
,,,DIE,,,,,,,,,,,,,,,,,,,,,,-13,-8,PASS
,,,DIE,,,,,,,,,,,,,,,,,,,,,,-14,-7,PASS
,,,DIE,,,,,,,,,,,,,,,,,,,,,,-13,-7,PASS
,,,DIE,,,,,,,,,,,,,,,,,,,,,,-14,-6,PASS
,,,DIE,,,,,,,,,,,,,,,,,,,,,,-13,-6,PASS
,,,DIE,,,,,,,,,,,,,,,,,,,,,,-14,-5,PASS
,,,DIE,,,,,,,,,,,,,,,,,,,,,,-13,-5,PASS
,,,DIE,,,,,,,,,,,,,,,,,,,,,,-14,-4,PASS
,,,DIE,,,,,,,,,,,,,,,,,,,,,,-13,-4,PASS
,,,DIE,,,,,,,,,,,,,,,,,,,,,,-14,-3,PASS
,,,DIE,,,,,,,,,,,,,,,,,,,,,,-13,-3,PASS
,,,DIE,,,,,,,,,,,,,,,,,,,,,,-14,-2,PASS
,,,DIE,,,,,,,,,,,,,,,,,,,,,,-13,-2,PASS
,,,DIE,,,,,,,,,,,,,,,,,,,,,,-14,-1,PASS
,,,DIE,,,,,,,,,,,,,,,,,,,,,,-13,-1,PASS
,,,DIE,,,,,,,,,,,,,,,,,,,,,,-14,0,PASS
,,,DIE,,,,,,,,,,,,,,,,,,,,,,-13,0,PASS
,,,DIE,,,,,,,,,,,,,,,,,,,,,,-14,1,PASS
,,,DIE,,,,,,,,,,,,,,,,,,,,,,-13,1,PASS
,,,DIE,,,,,,,,,,,,,,,,,,,,,,-14,2,PASS
,,,DIE,,,,,,,,,,,,,,,,,,,,,,-13,2,PASS
,,,DIE,,,,,,,,,,,,,,,,,,,,,,-14,3,PASS
,,,DIE,,,,,,,,,,,,,,,,,,,,,,-13,3,PASS
,,,DIE,,,,,,,,,,,,,,,,,,,,,,-14,4,PASS
,,,DIE,,,,,,,,,,,,,,,,,,,,,,-13,4,PASS
,,,DIE,,,,,,,,,,,,,,,,,,,,,,-14,5,PASS
,,,DIE,,,,,,,,,,,,,,,,,,,,,,-13,5,PASS
,,,DIE,,,,,,,,,,,,,,,,,,,,,,-14,6,PASS
,,,DIE,,,,,,,,,,,,,,,,,,,,,,-13,6,PASS
,,,DIE,,,,,,,,,,,,,,,,,,,,,,-14,7,PASS
,,,DIE,,,,,,,,,,,,,,,,,,,,,,-13,7,PASS
,,,DIE,,,,,,,,,,,,,,,,,,,,,,-14,8,PASS
,,,DIE,,,,,,,,,,,,,,,,,,,,,,-13,8,PASS
,,,DIE,,,,,,,,,,,,,,,,,,,,,,-14,9,PASS
,,,DIE,,,,,,,,,,,,,,,,,,,,,,-13,9,PASS
,,,DIE,,,,,,,,,,,,,,,,,,,,,,-14,10,PASS
,,,DIE,,,,,,,,,,,,,,,,,,,,,,-13,10,PASS
,,,DIE,,,,,,,,,,,,,,,,,,,,,,-14,11,PASS
,,,DIE,,,,,,,,,,,,,,,,,,,,,,-13,11,PASS
,,,DIE,,,,,,,,,,,,,,,,,,,,,,-14,12,PASS
,,,DIE,,,,,,,,,,,,,,,,,,,,,,-13,12,PASS
,,,DIE,,,,,,,,,,,,,,,,,,,,,,-14,13,PASS
,,,DIE,,,,,,,,,,,,,,,,,,,,,,-13,13,PASS
,,,DIE,,,,,,,,,,,,,,,,,,,,,,-14,14,PASS
,,,DIE,,,,,,,,,,,,,,,,,,,,,,-13,14,PASS
,,,DIE,,,,,,,,,,,,,,,,,,,,,,-14,15,PASS
,,,DIE,,,,,,,,,,,,,,,,,,,,,,-13,15,PASS
,,,DIE,,,,,,,,,,,,,,,,,,,,,,-14,16,PASS
,,,DIE,,,,,,,,,,,,,,,,,,,,,,-13,16,PASS
,,,DIE,,,,,,,,,,,,,,,,,,,,,,-14,17,PASS
,,,DIE,,,,,,,,,,,,,,,,,,,,,,-13,17,PASS
,,,DIE,,,,,,,,,,,,,,,,,,,,,,-12,-18,PASS
,,,DIE,,,,,,,,,,,,,,,,,,,,,,-11,-18,PASS
,,,DIE,,,,,,,,,,,,,,,,,,,,,,-12,-17,PASS
,,,DIE,,,,,,,,,,,,,,,,,,,,,,-11,-17,PASS
,,,DIE,,,,,,,,,,,,,,,,,,,,,,-12,-16,PASS
,,,DIE,,,,,,,,,,,,,,,,,,,,,,-11,-16,PASS
,,,DIE,,,,,,,,,,,,,,,,,,,,,,-12,-15,PASS
,,,DIE,,,,,,,,,,,,,,,,,,,,,,-11,-15,PASS
,,,DIE,,,,,,,,,,,,,,,,,,,,,,-12,-14,PASS
,,,DIE,,,,,,,,,,,,,,,,,,,,,,-11,-14,PASS
,,,DIE,,,,,,,,,,,,,,,,,,,,,,-12,-13,PASS
,,,DIE,,,,,,,,,,,,,,,,,,,,,,-11,-13,PASS
,,,DIE,,,,,,,,,,,,,,,,,,,,,,-12,-12,PASS
,,,DIE,,,,,,,,,,,,,,,,,,,,,,-11,-12,PASS
,,,DIE,,,,,,,,,,,,,,,,,,,,,,-12,-11,PASS
,,,DIE,,,,,,,,,,,,,,,,,,,,,,-11,-11,PASS
,,,DIE,,,,,,,,,,,,,,,,,,,,,,-12,-10,PASS
,,,DIE,,,,,,,,,,,,,,,,,,,,,,-11,-10,PASS
,,,DIE,,,,,,,,,,,,,,,,,,,,,,-12,-9,PASS
,,,DIE,,,,,,,,,,,,,,,,,,,,,,-11,-9,PASS
,,,DIE,,,,,,,,,,,,,,,,,,,,,,-12,-8,PASS
,,,DIE,,,,,,,,,,,,,,,,,,,,,,-11,-8,PASS
,,,DIE,,,,,,,,,,,,,,,,,,,,,,-12,-7,PASS
,,,DIE,,,,,,,,,,,,,,,,,,,,,,-11,-7,PASS
,,,DIE,,,,,,,,,,,,,,,,,,,,,,-12,-6,PASS
,,,DIE,,,,,,,,,,,,,,,,,,,,,,-11,-6,PASS
,,,DIE,,,,,,,,,,,,,,,,,,,,,,-12,-5,PASS
,,,DIE,,,,,,,,,,,,,,,,,,,,,,-11,-5,PASS
,,,DIE,,,,,,,,,,,,,,,,,,,,,,-12,-4,PASS
,,,DIE,,,,,,,,,,,,,,,,,,,,,,-11,-4,PASS
,,,DIE,,,,,,,,,,,,,,,,,,,,,,-12,-3,PASS
,,,DIE,,,,,,,,,,,,,,,,,,,,,,-11,-3,PASS
,,,DIE,,,,,,,,,,,,,,,,,,,,,,-12,-2,PASS
,,,DIE,,,,,,,,,,,,,,,,,,,,,,-11,-2,PASS
,,,DIE,,,,,,,,,,,,,,,,,,,,,,-12,-1,PASS
,,,DIE,,,,,,,,,,,,,,,,,,,,,,-11,-1,PASS
,,,DIE,,,,,,,,,,,,,,,,,,,,,,-12,0,PASS
,,,DIE,,,,,,,,,,,,,,,,,,,,,,-11,0,PASS
,,,DIE,,,,,,,,,,,,,,,,,,,,,,-12,1,PASS
,,,DIE,,,,,,,,,,,,,,,,,,,,,,-11,1,PASS
,,,DIE,,,,,,,,,,,,,,,,,,,,,,-12,2,PASS
,,,DIE,,,,,,,,,,,,,,,,,,,,,,-11,2,PASS
,,,DIE,,,,,,,,,,,,,,,,,,,,,,-12,3,PASS
,,,DIE,,,,,,,,,,,,,,,,,,,,,,-11,3,PASS
,,,DIE,,,,,,,,,,,,,,,,,,,,,,-12,4,PASS
,,,DIE,,,,,,,,,,,,,,,,,,,,,,-11,4,PASS
,,,DIE,,,,,,,,,,,,,,,,,,,,,,-12,5,PASS
,,,DIE,,,,,,,,,,,,,,,,,,,,,,-11,5,PASS
,,,DIE,,,,,,,,,,,,,,,,,,,,,,-12,6,PASS
,,,DIE,,,,,,,,,,,,,,,,,,,,,,-11,6,PASS
,,,DIE,,,,,,,,,,,,,,,,,,,,,,-12,7,PASS
,,,DIE,,,,,,,,,,,,,,,,,,,,,,-11,7,PASS
,,,DIE,,,,,,,,,,,,,,,,,,,,,,-12,8,PASS
,,,DIE,,,,,,,,,,,,,,,,,,,,,,-11,8,PASS
,,,DIE,,,,,,,,,,,,,,,,,,,,,,-12,9,PASS
,,,DIE,,,,,,,,,,,,,,,,,,,,,,-11,9,PASS
,,,DIE,,,,,,,,,,,,,,,,,,,,,,-12,10,PASS
,,,DIE,,,,,,,,,,,,,,,,,,,,,,-11,10,PASS
,,,DIE,,,,,,,,,,,,,,,,,,,,,,-12,11,PASS
,,,DIE,,,,,,,,,,,,,,,,,,,,,,-11,11,PASS
,,,DIE,,,,,,,,,,,,,,,,,,,,,,-12,12,PASS
,,,DIE,,,,,,,,,,,,,,,,,,,,,,-11,12,PASS
,,,DIE,,,,,,,,,,,,,,,,,,,,,,-12,13,PASS
,,,DIE,,,,,,,,,,,,,,,,,,,,,,-11,13,PASS
,,,DIE,,,,,,,,,,,,,,,,,,,,,,-12,14,PASS
,,,DIE,,,,,,,,,,,,,,,,,,,,,,-11,14,PASS
,,,DIE,,,,,,,,,,,,,,,,,,,,,,-12,15,PASS
,,,DIE,,,,,,,,,,,,,,,,,,,,,,-11,15,PASS
,,,DIE,,,,,,,,,,,,,,,,,,,,,,-12,16,PASS
,,,DIE,,,,,,,,,,,,,,,,,,,,,,-11,16,PASS
,,,DIE,,,,,,,,,,,,,,,,,,,,,,-12,17,PASS
,,,DIE,,,,,,,,,,,,,,,,,,,,,,-11,17,PASS
,,,DIE,,,,,,,,,,,,,,,,,,,,,,-10,-18,PASS
,,,DIE,,,,,,,,,,,,,,,,,,,,,,-9,-18,PASS
,,,DIE,,,,,,,,,,,,,,,,,,,,,,-10,-17,PASS
,,,DIE,,,,,,,,,,,,,,,,,,,,,,-9,-17,PASS
,,,DIE,,,,,,,,,,,,,,,,,,,,,,-10,-16,PASS
,,,DIE,,,,,,,,,,,,,,,,,,,,,,-9,-16,PASS
,,,DIE,,,,,,,,,,,,,,,,,,,,,,-10,-15,PASS
,,,DIE,,,,,,,,,,,,,,,,,,,,,,-9,-15,PASS
,,,DIE,,,,,,,,,,,,,,,,,,,,,,-10,-14,PASS
,,,DIE,,,,,,,,,,,,,,,,,,,,,,-9,-14,PASS
,,,DIE,,,,,,,,,,,,,,,,,,,,,,-10,-13,PASS
,,,DIE,,,,,,,,,,,,,,,,,,,,,,-9,-13,PASS
,,,DIE,,,,,,,,,,,,,,,,,,,,,,-10,-12,PASS
,,,DIE,,,,,,,,,,,,,,,,,,,,,,-9,-12,PASS
,,,DIE,,,,,,,,,,,,,,,,,,,,,,-10,-11,PASS
,,,DIE,,,,,,,,,,,,,,,,,,,,,,-9,-11,PASS
,,,DIE,,,,,,,,,,,,,,,,,,,,,,-10,-10,PASS
,,,DIE,,,,,,,,,,,,,,,,,,,,,,-9,-10,PASS
,,,DIE,,,,,,,,,,,,,,,,,,,,,,-10,-9,PASS
,,,DIE,,,,,,,,,,,,,,,,,,,,,,-9,-9,PASS
,,,DIE,,,,,,,,,,,,,,,,,,,,,,-10,-8,PASS
,,,DIE,,,,,,,,,,,,,,,,,,,,,,-9,-8,PASS
,,,DIE,,,,,,,,,,,,,,,,,,,,,,-10,-7,PASS
,,,DIE,,,,,,,,,,,,,,,,,,,,,,-9,-7,PASS
,,,DIE,,,,,,,,,,,,,,,,,,,,,,-10,-6,PASS
,,,DIE,,,,,,,,,,,,,,,,,,,,,,-9,-6,PASS
,,,DIE,,,,,,,,,,,,,,,,,,,,,,-10,-5,PASS
,,,DIE,,,,,,,,,,,,,,,,,,,,,,-9,-5,PASS
,,,DIE,,,,,,,,,,,,,,,,,,,,,,-10,-4,PASS
,,,DIE,,,,,,,,,,,,,,,,,,,,,,-9,-4,PASS
,,,DIE,,,,,,,,,,,,,,,,,,,,,,-10,-3,PASS
,,,DIE,,,,,,,,,,,,,,,,,,,,,,-9,-3,PASS
,,,DIE,,,,,,,,,,,,,,,,,,,,,,-10,-2,PASS
,,,DIE,,,,,,,,,,,,,,,,,,,,,,-9,-2,PASS
,,,DIE,,,,,,,,,,,,,,,,,,,,,,-10,-1,PASS
,,,DIE,,,,,,,,,,,,,,,,,,,,,,-9,-1,PASS
,,,DIE,,,,,,,,,,,,,,,,,,,,,,-10,0,PASS
,,,DIE,,,,,,,,,,,,,,,,,,,,,,-9,0,PASS
,,,DIE,,,,,,,,,,,,,,,,,,,,,,-10,1,PASS
,,,DIE,,,,,,,,,,,,,,,,,,,,,,-9,1,PASS
,,,DIE,,,,,,,,,,,,,,,,,,,,,,-10,2,PASS
,,,DIE,,,,,,,,,,,,,,,,,,,,,,-9,2,PASS
,,,DIE,,,,,,,,,,,,,,,,,,,,,,-10,3,PASS
,,,DIE,,,,,,,,,,,,,,,,,,,,,,-9,3,PASS
,,,DIE,,,,,,,,,,,,,,,,,,,,,,-10,4,PASS
,,,DIE,,,,,,,,,,,,,,,,,,,,,,-9,4,PASS
,,,DIE,,,,,,,,,,,,,,,,,,,,,,-10,5,PASS
,,,DIE,,,,,,,,,,,,,,,,,,,,,,-9,5,PASS
,,,DIE,,,,,,,,,,,,,,,,,,,,,,-10,6,PASS
,,,DIE,,,,,,,,,,,,,,,,,,,,,,-9,6,PASS
,,,DIE,,,,,,,,,,,,,,,,,,,,,,-10,7,PASS
,,,DIE,,,,,,,,,,,,,,,,,,,,,,-9,7,PASS
,,,DIE,,,,,,,,,,,,,,,,,,,,,,-10,8,PASS
,,,DIE,,,,,,,,,,,,,,,,,,,,,,-9,8,PASS
,,,DIE,,,,,,,,,,,,,,,,,,,,,,-10,9,PASS
,,,DIE,,,,,,,,,,,,,,,,,,,,,,-9,9,PASS
,,,DIE,,,,,,,,,,,,,,,,,,,,,,-10,10,PASS
,,,DIE,,,,,,,,,,,,,,,,,,,,,,-9,10,PASS
,,,DIE,,,,,,,,,,,,,,,,,,,,,,-10,11,PASS
,,,DIE,,,,,,,,,,,,,,,,,,,,,,-9,11,PASS
,,,DIE,,,,,,,,,,,,,,,,,,,,,,-10,12,PASS
,,,DIE,,,,,,,,,,,,,,,,,,,,,,-9,12,PASS
,,,DIE,,,,,,,,,,,,,,,,,,,,,,-10,13,PASS
,,,DIE,,,,,,,,,,,,,,,,,,,,,,-9,13,PASS
,,,DIE,,,,,,,,,,,,,,,,,,,,,,-10,14,PASS
,,,DIE,,,,,,,,,,,,,,,,,,,,,,-9,14,PASS
,,,DIE,,,,,,,,,,,,,,,,,,,,,,-10,15,PASS
,,,DIE,,,,,,,,,,,,,,,,,,,,,,-9,15,PASS
,,,DIE,,,,,,,,,,,,,,,,,,,,,,-10,16,PASS
,,,DIE,,,,,,,,,,,,,,,,,,,,,,-9,16,PASS
,,,DIE,,,,,,,,,,,,,,,,,,,,,,-10,17,PASS
,,,DIE,,,,,,,,,,,,,,,,,,,,,,-9,17,PASS
,,,DIE,,,,,,,,,,,,,,,,,,,,,,-8,-20,PASS
,,,DIE,,,,,,,,,,,,,,,,,,,,,,-7,-20,PASS
,,,DIE,,,,,,,,,,,,,,,,,,,,,,-8,-19,PASS
,,,DIE,,,,,,,,,,,,,,,,,,,,,,-7,-19,PASS
,,,DIE,,,,,,,,,,,,,,,,,,,,,,-8,-18,PASS
,,,DIE,,,,,,,,,,,,,,,,,,,,,,-7,-18,PASS
,,,DIE,,,,,,,,,,,,,,,,,,,,,,-8,-17,PASS
,,,DIE,,,,,,,,,,,,,,,,,,,,,,-7,-17,PASS
,,,DIE,,,,,,,,,,,,,,,,,,,,,,-8,-16,PASS
,,,DIE,,,,,,,,,,,,,,,,,,,,,,-7,-16,PASS
,,,DIE,,,,,,,,,,,,,,,,,,,,,,-8,-15,PASS
,,,DIE,,,,,,,,,,,,,,,,,,,,,,-7,-15,PASS
,,,DIE,,,,,,,,,,,,,,,,,,,,,,-8,-14,PASS
,,,DIE,,,,,,,,,,,,,,,,,,,,,,-7,-14,PASS
,,,DIE,,,,,,,,,,,,,,,,,,,,,,-8,-13,PASS
,,,DIE,,,,,,,,,,,,,,,,,,,,,,-7,-13,PASS
,,,DIE,,,,,,,,,,,,,,,,,,,,,,-8,-12,PASS
,,,DIE,,,,,,,,,,,,,,,,,,,,,,-7,-12,PASS
,,,DIE,,,,,,,,,,,,,,,,,,,,,,-8,-11,PASS
,,,DIE,,,,,,,,,,,,,,,,,,,,,,-7,-11,PASS
,,,DIE,,,,,,,,,,,,,,,,,,,,,,-8,-10,PASS
,,,DIE,,,,,,,,,,,,,,,,,,,,,,-7,-10,PASS
,,,DIE,,,,,,,,,,,,,,,,,,,,,,-8,-9,PASS
,,,DIE,,,,,,,,,,,,,,,,,,,,,,-7,-9,PASS
,,,DIE,,,,,,,,,,,,,,,,,,,,,,-8,-8,PASS
,,,DIE,,,,,,,,,,,,,,,,,,,,,,-7,-8,PASS
,,,DIE,,,,,,,,,,,,,,,,,,,,,,-8,-7,PASS
,,,DIE,,,,,,,,,,,,,,,,,,,,,,-7,-7,PASS
,,,DIE,,,,,,,,,,,,,,,,,,,,,,-8,-6,PASS
,,,DIE,,,,,,,,,,,,,,,,,,,,,,-7,-6,PASS
,,,DIE,,,,,,,,,,,,,,,,,,,,,,-8,-5,PASS
,,,DIE,,,,,,,,,,,,,,,,,,,,,,-7,-5,PASS
,,,DIE,,,,,,,,,,,,,,,,,,,,,,-8,-4,PASS
,,,DIE,,,,,,,,,,,,,,,,,,,,,,-7,-4,PASS
,,,DIE,,,,,,,,,,,,,,,,,,,,,,-8,-3,PASS
,,,DIE,,,,,,,,,,,,,,,,,,,,,,-7,-3,PASS
,,,DIE,,,,,,,,,,,,,,,,,,,,,,-8,-2,PASS
,,,DIE,,,,,,,,,,,,,,,,,,,,,,-7,-2,PASS
,,,DIE,,,,,,,,,,,,,,,,,,,,,,-8,-1,PASS
,,,DIE,,,,,,,,,,,,,,,,,,,,,,-7,-1,PASS
,,,DIE,,,,,,,,,,,,,,,,,,,,,,-8,0,PASS
,,,DIE,,,,,,,,,,,,,,,,,,,,,,-7,0,PASS
,,,DIE,,,,,,,,,,,,,,,,,,,,,,-8,1,PASS
,,,DIE,,,,,,,,,,,,,,,,,,,,,,-7,1,PASS
,,,DIE,,,,,,,,,,,,,,,,,,,,,,-8,2,PASS
,,,DIE,,,,,,,,,,,,,,,,,,,,,,-7,2,PASS
,,,DIE,,,,,,,,,,,,,,,,,,,,,,-8,3,PASS
,,,DIE,,,,,,,,,,,,,,,,,,,,,,-7,3,PASS
,,,DIE,,,,,,,,,,,,,,,,,,,,,,-8,4,PASS
,,,DIE,,,,,,,,,,,,,,,,,,,,,,-7,4,PASS
,,,DIE,,,,,,,,,,,,,,,,,,,,,,-8,5,PASS
,,,DIE,,,,,,,,,,,,,,,,,,,,,,-7,5,PASS
,,,DIE,,,,,,,,,,,,,,,,,,,,,,-8,6,PASS
,,,DIE,,,,,,,,,,,,,,,,,,,,,,-7,6,PASS
,,,DIE,,,,,,,,,,,,,,,,,,,,,,-8,7,PASS
,,,DIE,,,,,,,,,,,,,,,,,,,,,,-7,7,PASS
,,,DIE,,,,,,,,,,,,,,,,,,,,,,-8,8,PASS
,,,DIE,,,,,,,,,,,,,,,,,,,,,,-7,8,PASS
,,,DIE,,,,,,,,,,,,,,,,,,,,,,-8,9,PASS
,,,DIE,,,,,,,,,,,,,,,,,,,,,,-7,9,PASS
,,,DIE,,,,,,,,,,,,,,,,,,,,,,-8,10,PASS
,,,DIE,,,,,,,,,,,,,,,,,,,,,,-7,10,PASS
,,,DIE,,,,,,,,,,,,,,,,,,,,,,-8,11,PASS
,,,DIE,,,,,,,,,,,,,,,,,,,,,,-7,11,PASS
,,,DIE,,,,,,,,,,,,,,,,,,,,,,-8,12,PASS
,,,DIE,,,,,,,,,,,,,,,,,,,,,,-7,12,PASS
,,,DIE,,,,,,,,,,,,,,,,,,,,,,-8,13,PASS
,,,DIE,,,,,,,,,,,,,,,,,,,,,,-7,13,PASS
,,,DIE,,,,,,,,,,,,,,,,,,,,,,-8,14,PASS
,,,DIE,,,,,,,,,,,,,,,,,,,,,,-7,14,PASS
,,,DIE,,,,,,,,,,,,,,,,,,,,,,-8,15,PASS
,,,DIE,,,,,,,,,,,,,,,,,,,,,,-7,15,PASS
,,,DIE,,,,,,,,,,,,,,,,,,,,,,-8,16,PASS
,,,DIE,,,,,,,,,,,,,,,,,,,,,,-7,16,PASS
,,,DIE,,,,,,,,,,,,,,,,,,,,,,-8,17,PASS
,,,DIE,,,,,,,,,,,,,,,,,,,,,,-7,17,PASS
,,,DIE,,,,,,,,,,,,,,,,,,,,,,-8,18,PASS
,,,DIE,,,,,,,,,,,,,,,,,,,,,,-7,18,PASS
,,,DIE,,,,,,,,,,,,,,,,,,,,,,-8,19,FAIL
,,,DIE,,,,,,,,,,,,,,,,,,,,,,-7,19,FAIL
,,,DIE,,,,,,,,,,,,,,,,,,,,,,-6,-20,PASS
,,,DIE,,,,,,,,,,,,,,,,,,,,,,-5,-20,PASS
,,,DIE,,,,,,,,,,,,,,,,,,,,,,-6,-19,PASS
,,,DIE,,,,,,,,,,,,,,,,,,,,,,-5,-19,PASS
,,,DIE,,,,,,,,,,,,,,,,,,,,,,-6,-18,PASS
,,,DIE,,,,,,,,,,,,,,,,,,,,,,-5,-18,PASS
,,,DIE,,,,,,,,,,,,,,,,,,,,,,-6,-17,PASS
,,,DIE,,,,,,,,,,,,,,,,,,,,,,-5,-17,PASS
,,,DIE,,,,,,,,,,,,,,,,,,,,,,-6,-16,PASS
,,,DIE,,,,,,,,,,,,,,,,,,,,,,-5,-16,PASS
,,,DIE,,,,,,,,,,,,,,,,,,,,,,-6,-15,PASS
,,,DIE,,,,,,,,,,,,,,,,,,,,,,-5,-15,PASS
,,,DIE,,,,,,,,,,,,,,,,,,,,,,-6,-14,PASS
,,,DIE,,,,,,,,,,,,,,,,,,,,,,-5,-14,PASS
,,,DIE,,,,,,,,,,,,,,,,,,,,,,-6,-13,PASS
,,,DIE,,,,,,,,,,,,,,,,,,,,,,-5,-13,PASS
,,,DIE,,,,,,,,,,,,,,,,,,,,,,-6,-12,PASS
,,,DIE,,,,,,,,,,,,,,,,,,,,,,-5,-12,PASS
,,,DIE,,,,,,,,,,,,,,,,,,,,,,-6,-11,PASS
,,,DIE,,,,,,,,,,,,,,,,,,,,,,-5,-11,PASS
,,,DIE,,,,,,,,,,,,,,,,,,,,,,-6,-10,PASS
,,,DIE,,,,,,,,,,,,,,,,,,,,,,-5,-10,PASS
,,,DIE,,,,,,,,,,,,,,,,,,,,,,-6,-9,PASS
,,,DIE,,,,,,,,,,,,,,,,,,,,,,-5,-9,PASS
,,,DIE,,,,,,,,,,,,,,,,,,,,,,-6,-8,PASS
,,,DIE,,,,,,,,,,,,,,,,,,,,,,-5,-8,PASS
,,,DIE,,,,,,,,,,,,,,,,,,,,,,-6,-7,PASS
,,,DIE,,,,,,,,,,,,,,,,,,,,,,-5,-7,PASS
,,,DIE,,,,,,,,,,,,,,,,,,,,,,-6,-6,PASS
,,,DIE,,,,,,,,,,,,,,,,,,,,,,-5,-6,PASS
,,,DIE,,,,,,,,,,,,,,,,,,,,,,-6,-5,PASS
,,,DIE,,,,,,,,,,,,,,,,,,,,,,-5,-5,PASS
,,,DIE,,,,,,,,,,,,,,,,,,,,,,-6,-4,PASS
,,,DIE,,,,,,,,,,,,,,,,,,,,,,-5,-4,PASS
,,,DIE,,,,,,,,,,,,,,,,,,,,,,-6,-3,PASS
,,,DIE,,,,,,,,,,,,,,,,,,,,,,-5,-3,PASS
,,,DIE,,,,,,,,,,,,,,,,,,,,,,-6,-2,PASS
,,,DIE,,,,,,,,,,,,,,,,,,,,,,-5,-2,PASS
,,,DIE,,,,,,,,,,,,,,,,,,,,,,-6,-1,PASS
,,,DIE,,,,,,,,,,,,,,,,,,,,,,-5,-1,PASS
,,,DIE,,,,,,,,,,,,,,,,,,,,,,-6,0,PASS
,,,DIE,,,,,,,,,,,,,,,,,,,,,,-5,0,PASS
,,,DIE,,,,,,,,,,,,,,,,,,,,,,-6,1,PASS
,,,DIE,,,,,,,,,,,,,,,,,,,,,,-5,1,PASS
,,,DIE,,,,,,,,,,,,,,,,,,,,,,-6,2,PASS
,,,DIE,,,,,,,,,,,,,,,,,,,,,,-5,2,PASS
,,,DIE,,,,,,,,,,,,,,,,,,,,,,-6,3,PASS
,,,DIE,,,,,,,,,,,,,,,,,,,,,,-5,3,PASS
,,,DIE,,,,,,,,,,,,,,,,,,,,,,-6,4,PASS
,,,DIE,,,,,,,,,,,,,,,,,,,,,,-5,4,PASS
,,,DIE,,,,,,,,,,,,,,,,,,,,,,-6,5,PASS
,,,DIE,,,,,,,,,,,,,,,,,,,,,,-5,5,PASS
,,,DIE,,,,,,,,,,,,,,,,,,,,,,-6,6,PASS
,,,DIE,,,,,,,,,,,,,,,,,,,,,,-5,6,PASS
,,,DIE,,,,,,,,,,,,,,,,,,,,,,-6,7,PASS
,,,DIE,,,,,,,,,,,,,,,,,,,,,,-5,7,PASS
,,,DIE,,,,,,,,,,,,,,,,,,,,,,-6,8,PASS
,,,DIE,,,,,,,,,,,,,,,,,,,,,,-5,8,PASS
,,,DIE,,,,,,,,,,,,,,,,,,,,,,-6,9,PASS
,,,DIE,,,,,,,,,,,,,,,,,,,,,,-5,9,PASS
,,,DIE,,,,,,,,,,,,,,,,,,,,,,-6,10,PASS
,,,DIE,,,,,,,,,,,,,,,,,,,,,,-5,10,PASS
,,,DIE,,,,,,,,,,,,,,,,,,,,,,-6,11,PASS
,,,DIE,,,,,,,,,,,,,,,,,,,,,,-5,11,PASS
,,,DIE,,,,,,,,,,,,,,,,,,,,,,-6,12,PASS
,,,DIE,,,,,,,,,,,,,,,,,,,,,,-5,12,PASS
,,,DIE,,,,,,,,,,,,,,,,,,,,,,-6,13,PASS
,,,DIE,,,,,,,,,,,,,,,,,,,,,,-5,13,PASS
,,,DIE,,,,,,,,,,,,,,,,,,,,,,-6,14,PASS
,,,DIE,,,,,,,,,,,,,,,,,,,,,,-5,14,PASS
,,,DIE,,,,,,,,,,,,,,,,,,,,,,-6,15,PASS
,,,DIE,,,,,,,,,,,,,,,,,,,,,,-5,15,PASS
,,,DIE,,,,,,,,,,,,,,,,,,,,,,-6,16,PASS
,,,DIE,,,,,,,,,,,,,,,,,,,,,,-5,16,PASS
,,,DIE,,,,,,,,,,,,,,,,,,,,,,-6,17,PASS
,,,DIE,,,,,,,,,,,,,,,,,,,,,,-5,17,PASS
,,,DIE,,,,,,,,,,,,,,,,,,,,,,-6,18,PASS
,,,DIE,,,,,,,,,,,,,,,,,,,,,,-5,18,PASS
,,,DIE,,,,,,,,,,,,,,,,,,,,,,-6,19,FAIL
,,,DIE,,,,,,,,,,,,,,,,,,,,,,-5,19,PASS
,,,DIE,,,,,,,,,,,,,,,,,,,,,,-4,-20,PASS
,,,DIE,,,,,,,,,,,,,,,,,,,,,,-3,-20,PASS
,,,DIE,,,,,,,,,,,,,,,,,,,,,,-4,-19,PASS
,,,DIE,,,,,,,,,,,,,,,,,,,,,,-3,-19,PASS
,,,DIE,,,,,,,,,,,,,,,,,,,,,,-4,-18,PASS
,,,DIE,,,,,,,,,,,,,,,,,,,,,,-3,-18,PASS
,,,DIE,,,,,,,,,,,,,,,,,,,,,,-4,-17,PASS
,,,DIE,,,,,,,,,,,,,,,,,,,,,,-3,-17,PASS
,,,DIE,,,,,,,,,,,,,,,,,,,,,,-4,-16,PASS
,,,DIE,,,,,,,,,,,,,,,,,,,,,,-3,-16,PASS
,,,DIE,,,,,,,,,,,,,,,,,,,,,,-4,-15,PASS
,,,DIE,,,,,,,,,,,,,,,,,,,,,,-3,-15,PASS
,,,DIE,,,,,,,,,,,,,,,,,,,,,,-4,-14,PASS
,,,DIE,,,,,,,,,,,,,,,,,,,,,,-3,-14,PASS
,,,DIE,,,,,,,,,,,,,,,,,,,,,,-4,-13,PASS
,,,DIE,,,,,,,,,,,,,,,,,,,,,,-3,-13,PASS
,,,DIE,,,,,,,,,,,,,,,,,,,,,,-4,-12,PASS
,,,DIE,,,,,,,,,,,,,,,,,,,,,,-3,-12,PASS
,,,DIE,,,,,,,,,,,,,,,,,,,,,,-4,-11,PASS
,,,DIE,,,,,,,,,,,,,,,,,,,,,,-3,-11,PASS
,,,DIE,,,,,,,,,,,,,,,,,,,,,,-4,-10,PASS
,,,DIE,,,,,,,,,,,,,,,,,,,,,,-3,-10,PASS
,,,DIE,,,,,,,,,,,,,,,,,,,,,,-4,-9,PASS
,,,DIE,,,,,,,,,,,,,,,,,,,,,,-3,-9,PASS
,,,DIE,,,,,,,,,,,,,,,,,,,,,,-4,-8,PASS
,,,DIE,,,,,,,,,,,,,,,,,,,,,,-3,-8,PASS
,,,DIE,,,,,,,,,,,,,,,,,,,,,,-4,-7,PASS
,,,DIE,,,,,,,,,,,,,,,,,,,,,,-3,-7,PASS
,,,DIE,,,,,,,,,,,,,,,,,,,,,,-4,-6,PASS
,,,DIE,,,,,,,,,,,,,,,,,,,,,,-3,-6,PASS
,,,DIE,,,,,,,,,,,,,,,,,,,,,,-4,-5,PASS
,,,DIE,,,,,,,,,,,,,,,,,,,,,,-3,-5,PASS
,,,DIE,,,,,,,,,,,,,,,,,,,,,,-4,-4,PASS
,,,DIE,,,,,,,,,,,,,,,,,,,,,,-3,-4,PASS
,,,DIE,,,,,,,,,,,,,,,,,,,,,,-4,-3,PASS
,,,DIE,,,,,,,,,,,,,,,,,,,,,,-3,-3,PASS
,,,DIE,,,,,,,,,,,,,,,,,,,,,,-4,-2,PASS
,,,DIE,,,,,,,,,,,,,,,,,,,,,,-3,-2,PASS
,,,DIE,,,,,,,,,,,,,,,,,,,,,,-4,-1,PASS
,,,DIE,,,,,,,,,,,,,,,,,,,,,,-3,-1,PASS
,,,DIE,,,,,,,,,,,,,,,,,,,,,,-4,0,PASS
,,,DIE,,,,,,,,,,,,,,,,,,,,,,-3,0,PASS
,,,DIE,,,,,,,,,,,,,,,,,,,,,,-4,1,PASS
,,,DIE,,,,,,,,,,,,,,,,,,,,,,-3,1,PASS
,,,DIE,,,,,,,,,,,,,,,,,,,,,,-4,2,PASS
,,,DIE,,,,,,,,,,,,,,,,,,,,,,-3,2,PASS
,,,DIE,,,,,,,,,,,,,,,,,,,,,,-4,3,PASS
,,,DIE,,,,,,,,,,,,,,,,,,,,,,-3,3,PASS
,,,DIE,,,,,,,,,,,,,,,,,,,,,,-4,4,PASS
,,,DIE,,,,,,,,,,,,,,,,,,,,,,-3,4,PASS
,,,DIE,,,,,,,,,,,,,,,,,,,,,,-4,5,PASS
,,,DIE,,,,,,,,,,,,,,,,,,,,,,-3,5,PASS
,,,DIE,,,,,,,,,,,,,,,,,,,,,,-4,6,PASS
,,,DIE,,,,,,,,,,,,,,,,,,,,,,-3,6,PASS
,,,DIE,,,,,,,,,,,,,,,,,,,,,,-4,7,PASS
,,,DIE,,,,,,,,,,,,,,,,,,,,,,-3,7,PASS
,,,DIE,,,,,,,,,,,,,,,,,,,,,,-4,8,PASS
,,,DIE,,,,,,,,,,,,,,,,,,,,,,-3,8,PASS
,,,DIE,,,,,,,,,,,,,,,,,,,,,,-4,9,PASS
,,,DIE,,,,,,,,,,,,,,,,,,,,,,-3,9,PASS
,,,DIE,,,,,,,,,,,,,,,,,,,,,,-4,10,PASS
,,,DIE,,,,,,,,,,,,,,,,,,,,,,-3,10,PASS
,,,DIE,,,,,,,,,,,,,,,,,,,,,,-4,11,PASS
,,,DIE,,,,,,,,,,,,,,,,,,,,,,-3,11,PASS
,,,DIE,,,,,,,,,,,,,,,,,,,,,,-4,12,PASS
,,,DIE,,,,,,,,,,,,,,,,,,,,,,-3,12,PASS
,,,DIE,,,,,,,,,,,,,,,,,,,,,,-4,13,PASS
,,,DIE,,,,,,,,,,,,,,,,,,,,,,-3,13,PASS
,,,DIE,,,,,,,,,,,,,,,,,,,,,,-4,14,PASS
,,,DIE,,,,,,,,,,,,,,,,,,,,,,-3,14,PASS
,,,DIE,,,,,,,,,,,,,,,,,,,,,,-4,15,PASS
,,,DIE,,,,,,,,,,,,,,,,,,,,,,-3,15,PASS
,,,DIE,,,,,,,,,,,,,,,,,,,,,,-4,16,PASS
,,,DIE,,,,,,,,,,,,,,,,,,,,,,-3,16,PASS
,,,DIE,,,,,,,,,,,,,,,,,,,,,,-4,17,PASS
,,,DIE,,,,,,,,,,,,,,,,,,,,,,-3,17,PASS
,,,DIE,,,,,,,,,,,,,,,,,,,,,,-4,18,PASS
,,,DIE,,,,,,,,,,,,,,,,,,,,,,-3,18,PASS
,,,DIE,,,,,,,,,,,,,,,,,,,,,,-4,19,PASS
,,,DIE,,,,,,,,,,,,,,,,,,,,,,-3,19,PASS
,,,DIE,,,,,,,,,,,,,,,,,,,,,,-2,-20,PASS
,,,DIE,,,,,,,,,,,,,,,,,,,,,,-1,-20,FAIL
,,,DIE,,,,,,,,,,,,,,,,,,,,,,-2,-19,PASS
,,,DIE,,,,,,,,,,,,,,,,,,,,,,-1,-19,FAIL
,,,DIE,,,,,,,,,,,,,,,,,,,,,,-2,-18,PASS
,,,DIE,,,,,,,,,,,,,,,,,,,,,,-1,-18,PASS
,,,DIE,,,,,,,,,,,,,,,,,,,,,,-2,-17,PASS
,,,DIE,,,,,,,,,,,,,,,,,,,,,,-1,-17,PASS
,,,DIE,,,,,,,,,,,,,,,,,,,,,,-2,-16,PASS
,,,DIE,,,,,,,,,,,,,,,,,,,,,,-1,-16,PASS
,,,DIE,,,,,,,,,,,,,,,,,,,,,,-2,-15,PASS
,,,DIE,,,,,,,,,,,,,,,,,,,,,,-1,-15,PASS
,,,DIE,,,,,,,,,,,,,,,,,,,,,,-2,-14,PASS
,,,DIE,,,,,,,,,,,,,,,,,,,,,,-1,-14,PASS
,,,DIE,,,,,,,,,,,,,,,,,,,,,,-2,-13,PASS
,,,DIE,,,,,,,,,,,,,,,,,,,,,,-1,-13,PASS
,,,DIE,,,,,,,,,,,,,,,,,,,,,,-2,-12,PASS
,,,DIE,,,,,,,,,,,,,,,,,,,,,,-1,-12,PASS
,,,DIE,,,,,,,,,,,,,,,,,,,,,,-2,-11,PASS
,,,DIE,,,,,,,,,,,,,,,,,,,,,,-1,-11,PASS
,,,DIE,,,,,,,,,,,,,,,,,,,,,,-2,-10,PASS
,,,DIE,,,,,,,,,,,,,,,,,,,,,,-1,-10,PASS
,,,DIE,,,,,,,,,,,,,,,,,,,,,,-2,-9,PASS
,,,DIE,,,,,,,,,,,,,,,,,,,,,,-1,-9,PASS
,,,DIE,,,,,,,,,,,,,,,,,,,,,,-2,-8,PASS
,,,DIE,,,,,,,,,,,,,,,,,,,,,,-1,-8,PASS
,,,DIE,,,,,,,,,,,,,,,,,,,,,,-2,-7,PASS
,,,DIE,,,,,,,,,,,,,,,,,,,,,,-1,-7,PASS
,,,DIE,,,,,,,,,,,,,,,,,,,,,,-2,-6,PASS
,,,DIE,,,,,,,,,,,,,,,,,,,,,,-1,-6,PASS
,,,DIE,,,,,,,,,,,,,,,,,,,,,,-2,-5,PASS
,,,DIE,,,,,,,,,,,,,,,,,,,,,,-1,-5,PASS
,,,DIE,,,,,,,,,,,,,,,,,,,,,,-2,-4,PASS
,,,DIE,,,,,,,,,,,,,,,,,,,,,,-1,-4,PASS
,,,DIE,,,,,,,,,,,,,,,,,,,,,,-2,-3,PASS
,,,DIE,,,,,,,,,,,,,,,,,,,,,,-1,-3,PASS
,,,DIE,,,,,,,,,,,,,,,,,,,,,,-2,-2,PASS
,,,DIE,,,,,,,,,,,,,,,,,,,,,,-1,-2,PASS
,,,DIE,,,,,,,,,,,,,,,,,,,,,,-2,-1,PASS
,,,DIE,,,,,,,,,,,,,,,,,,,,,,-1,-1,PASS
,,,DIE,,,,,,,,,,,,,,,,,,,,,,-2,0,PASS
,,,DIE,,,,,,,,,,,,,,,,,,,,,,-1,0,PASS
,,,DIE,,,,,,,,,,,,,,,,,,,,,,-2,1,PASS
,,,DIE,,,,,,,,,,,,,,,,,,,,,,-1,1,PASS
,,,DIE,,,,,,,,,,,,,,,,,,,,,,-2,2,PASS
,,,DIE,,,,,,,,,,,,,,,,,,,,,,-1,2,PASS
,,,DIE,,,,,,,,,,,,,,,,,,,,,,-2,3,PASS
,,,DIE,,,,,,,,,,,,,,,,,,,,,,-1,3,PASS
,,,DIE,,,,,,,,,,,,,,,,,,,,,,-2,4,PASS
,,,DIE,,,,,,,,,,,,,,,,,,,,,,-1,4,PASS
,,,DIE,,,,,,,,,,,,,,,,,,,,,,-2,5,PASS
,,,DIE,,,,,,,,,,,,,,,,,,,,,,-1,5,PASS
,,,DIE,,,,,,,,,,,,,,,,,,,,,,-2,6,PASS
,,,DIE,,,,,,,,,,,,,,,,,,,,,,-1,6,PASS
,,,DIE,,,,,,,,,,,,,,,,,,,,,,-2,7,PASS
,,,DIE,,,,,,,,,,,,,,,,,,,,,,-1,7,PASS
,,,DIE,,,,,,,,,,,,,,,,,,,,,,-2,8,PASS
,,,DIE,,,,,,,,,,,,,,,,,,,,,,-1,8,PASS
,,,DIE,,,,,,,,,,,,,,,,,,,,,,-2,9,PASS
,,,DIE,,,,,,,,,,,,,,,,,,,,,,-1,9,PASS
,,,DIE,,,,,,,,,,,,,,,,,,,,,,-2,10,PASS
,,,DIE,,,,,,,,,,,,,,,,,,,,,,-1,10,PASS
,,,DIE,,,,,,,,,,,,,,,,,,,,,,-2,11,PASS
,,,DIE,,,,,,,,,,,,,,,,,,,,,,-1,11,PASS
,,,DIE,,,,,,,,,,,,,,,,,,,,,,-2,12,PASS
,,,DIE,,,,,,,,,,,,,,,,,,,,,,-1,12,PASS
,,,DIE,,,,,,,,,,,,,,,,,,,,,,-2,13,PASS
,,,DIE,,,,,,,,,,,,,,,,,,,,,,-1,13,PASS
,,,DIE,,,,,,,,,,,,,,,,,,,,,,-2,14,PASS
,,,DIE,,,,,,,,,,,,,,,,,,,,,,-1,14,PASS
,,,DIE,,,,,,,,,,,,,,,,,,,,,,-2,15,PASS
,,,DIE,,,,,,,,,,,,,,,,,,,,,,-1,15,PASS
,,,DIE,,,,,,,,,,,,,,,,,,,,,,-2,16,PASS
,,,DIE,,,,,,,,,,,,,,,,,,,,,,-1,16,PASS
,,,DIE,,,,,,,,,,,,,,,,,,,,,,-2,17,PASS
,,,DIE,,,,,,,,,,,,,,,,,,,,,,-1,17,PASS
,,,DIE,,,,,,,,,,,,,,,,,,,,,,-2,18,PASS
,,,DIE,,,,,,,,,,,,,,,,,,,,,,-1,18,PASS
,,,DIE,,,,,,,,,,,,,,,,,,,,,,-2,19,PASS
,,,DIE,,,,,,,,,,,,,,,,,,,,,,-1,19,PASS
,,,DIE,,,,,,,,,,,,,,,,,,,,,,0,-20,PASS
,,,DIE,,,,,,,,,,,,,,,,,,,,,,1,-20,PASS
,,,DIE,,,,,,,,,,,,,,,,,,,,,,0,-19,PASS
,,,DIE,,,,,,,,,,,,,,,,,,,,,,1,-19,PASS
,,,DIE,,,,,,,,,,,,,,,,,,,,,,0,-18,PASS
,,,DIE,,,,,,,,,,,,,,,,,,,,,,1,-18,PASS
,,,DIE,,,,,,,,,,,,,,,,,,,,,,0,-17,PASS
,,,DIE,,,,,,,,,,,,,,,,,,,,,,1,-17,PASS
,,,DIE,,,,,,,,,,,,,,,,,,,,,,0,-16,PASS
,,,DIE,,,,,,,,,,,,,,,,,,,,,,1,-16,PASS
,,,DIE,,,,,,,,,,,,,,,,,,,,,,0,-15,PASS
,,,DIE,,,,,,,,,,,,,,,,,,,,,,1,-15,PASS
,,,DIE,,,,,,,,,,,,,,,,,,,,,,0,-14,FAIL
,,,DIE,,,,,,,,,,,,,,,,,,,,,,1,-14,PASS
,,,DIE,,,,,,,,,,,,,,,,,,,,,,0,-13,FAIL
,,,DIE,,,,,,,,,,,,,,,,,,,,,,1,-13,PASS
,,,DIE,,,,,,,,,,,,,,,,,,,,,,0,-12,FAIL
,,,DIE,,,,,,,,,,,,,,,,,,,,,,1,-12,PASS
,,,DIE,,,,,,,,,,,,,,,,,,,,,,0,-11,PASS
,,,DIE,,,,,,,,,,,,,,,,,,,,,,1,-11,PASS
,,,DIE,,,,,,,,,,,,,,,,,,,,,,0,-10,PASS
,,,DIE,,,,,,,,,,,,,,,,,,,,,,1,-10,PASS
,,,DIE,,,,,,,,,,,,,,,,,,,,,,0,-9,PASS
,,,DIE,,,,,,,,,,,,,,,,,,,,,,1,-9,PASS
,,,DIE,,,,,,,,,,,,,,,,,,,,,,0,-8,PASS
,,,DIE,,,,,,,,,,,,,,,,,,,,,,1,-8,PASS
,,,DIE,,,,,,,,,,,,,,,,,,,,,,0,-7,PASS
,,,DIE,,,,,,,,,,,,,,,,,,,,,,1,-7,PASS
,,,DIE,,,,,,,,,,,,,,,,,,,,,,0,-6,PASS
,,,DIE,,,,,,,,,,,,,,,,,,,,,,1,-6,PASS
,,,DIE,,,,,,,,,,,,,,,,,,,,,,0,-5,PASS
,,,DIE,,,,,,,,,,,,,,,,,,,,,,1,-5,PASS
,,,DIE,,,,,,,,,,,,,,,,,,,,,,0,-4,PASS
,,,DIE,,,,,,,,,,,,,,,,,,,,,,1,-4,PASS
,,,DIE,,,,,,,,,,,,,,,,,,,,,,0,-3,PASS
,,,DIE,,,,,,,,,,,,,,,,,,,,,,1,-3,PASS
,,,DIE,,,,,,,,,,,,,,,,,,,,,,0,-2,PASS
,,,DIE,,,,,,,,,,,,,,,,,,,,,,1,-2,PASS
,,,DIE,,,,,,,,,,,,,,,,,,,,,,0,-1,PASS
,,,DIE,,,,,,,,,,,,,,,,,,,,,,1,-1,PASS
,,,DIE,,,,,,,,,,,,,,,,,,,,,,0,0,PASS
,,,DIE,,,,,,,,,,,,,,,,,,,,,,1,0,PASS
,,,DIE,,,,,,,,,,,,,,,,,,,,,,0,1,PASS
,,,DIE,,,,,,,,,,,,,,,,,,,,,,1,1,PASS
,,,DIE,,,,,,,,,,,,,,,,,,,,,,0,2,PASS
,,,DIE,,,,,,,,,,,,,,,,,,,,,,1,2,PASS
,,,DIE,,,,,,,,,,,,,,,,,,,,,,0,3,PASS
,,,DIE,,,,,,,,,,,,,,,,,,,,,,1,3,PASS
,,,DIE,,,,,,,,,,,,,,,,,,,,,,0,4,PASS
,,,DIE,,,,,,,,,,,,,,,,,,,,,,1,4,PASS
,,,DIE,,,,,,,,,,,,,,,,,,,,,,0,5,PASS
,,,DIE,,,,,,,,,,,,,,,,,,,,,,1,5,PASS
,,,DIE,,,,,,,,,,,,,,,,,,,,,,0,6,PASS
,,,DIE,,,,,,,,,,,,,,,,,,,,,,1,6,PASS
,,,DIE,,,,,,,,,,,,,,,,,,,,,,0,7,PASS
,,,DIE,,,,,,,,,,,,,,,,,,,,,,1,7,PASS
,,,DIE,,,,,,,,,,,,,,,,,,,,,,0,8,PASS
,,,DIE,,,,,,,,,,,,,,,,,,,,,,1,8,PASS
,,,DIE,,,,,,,,,,,,,,,,,,,,,,0,9,PASS
,,,DIE,,,,,,,,,,,,,,,,,,,,,,1,9,PASS
,,,DIE,,,,,,,,,,,,,,,,,,,,,,0,10,PASS
,,,DIE,,,,,,,,,,,,,,,,,,,,,,1,10,PASS
,,,DIE,,,,,,,,,,,,,,,,,,,,,,0,11,FAIL
,,,DIE,,,,,,,,,,,,,,,,,,,,,,1,11,PASS
,,,DIE,,,,,,,,,,,,,,,,,,,,,,0,12,FAIL
,,,DIE,,,,,,,,,,,,,,,,,,,,,,1,12,PASS
,,,DIE,,,,,,,,,,,,,,,,,,,,,,0,13,FAIL
,,,DIE,,,,,,,,,,,,,,,,,,,,,,1,13,PASS
,,,DIE,,,,,,,,,,,,,,,,,,,,,,0,14,PASS
,,,DIE,,,,,,,,,,,,,,,,,,,,,,1,14,PASS
,,,DIE,,,,,,,,,,,,,,,,,,,,,,0,15,PASS
,,,DIE,,,,,,,,,,,,,,,,,,,,,,1,15,PASS
,,,DIE,,,,,,,,,,,,,,,,,,,,,,0,16,PASS
,,,DIE,,,,,,,,,,,,,,,,,,,,,,1,16,PASS
,,,DIE,,,,,,,,,,,,,,,,,,,,,,0,17,PASS
,,,DIE,,,,,,,,,,,,,,,,,,,,,,1,17,PASS
,,,DIE,,,,,,,,,,,,,,,,,,,,,,0,18,PASS
,,,DIE,,,,,,,,,,,,,,,,,,,,,,1,18,PASS
,,,DIE,,,,,,,,,,,,,,,,,,,,,,0,19,PASS
,,,DIE,,,,,,,,,,,,,,,,,,,,,,1,19,FAIL
,,,DIE,,,,,,,,,,,,,,,,,,,,,,2,-20,PASS
,,,DIE,,,,,,,,,,,,,,,,,,,,,,3,-20,FAIL
,,,DIE,,,,,,,,,,,,,,,,,,,,,,2,-19,PASS
,,,DIE,,,,,,,,,,,,,,,,,,,,,,3,-19,PASS
,,,DIE,,,,,,,,,,,,,,,,,,,,,,2,-18,PASS
,,,DIE,,,,,,,,,,,,,,,,,,,,,,3,-18,PASS
,,,DIE,,,,,,,,,,,,,,,,,,,,,,2,-17,PASS
,,,DIE,,,,,,,,,,,,,,,,,,,,,,3,-17,PASS
,,,DIE,,,,,,,,,,,,,,,,,,,,,,2,-16,PASS
,,,DIE,,,,,,,,,,,,,,,,,,,,,,3,-16,PASS
,,,DIE,,,,,,,,,,,,,,,,,,,,,,2,-15,PASS
,,,DIE,,,,,,,,,,,,,,,,,,,,,,3,-15,PASS
,,,DIE,,,,,,,,,,,,,,,,,,,,,,2,-14,PASS
,,,DIE,,,,,,,,,,,,,,,,,,,,,,3,-14,PASS
,,,DIE,,,,,,,,,,,,,,,,,,,,,,2,-13,PASS
,,,DIE,,,,,,,,,,,,,,,,,,,,,,3,-13,PASS
,,,DIE,,,,,,,,,,,,,,,,,,,,,,2,-12,PASS
,,,DIE,,,,,,,,,,,,,,,,,,,,,,3,-12,PASS
,,,DIE,,,,,,,,,,,,,,,,,,,,,,2,-11,PASS
,,,DIE,,,,,,,,,,,,,,,,,,,,,,3,-11,PASS
,,,DIE,,,,,,,,,,,,,,,,,,,,,,2,-10,PASS
,,,DIE,,,,,,,,,,,,,,,,,,,,,,3,-10,PASS
,,,DIE,,,,,,,,,,,,,,,,,,,,,,2,-9,PASS
,,,DIE,,,,,,,,,,,,,,,,,,,,,,3,-9,PASS
,,,DIE,,,,,,,,,,,,,,,,,,,,,,2,-8,PASS
,,,DIE,,,,,,,,,,,,,,,,,,,,,,3,-8,PASS
,,,DIE,,,,,,,,,,,,,,,,,,,,,,2,-7,PASS
,,,DIE,,,,,,,,,,,,,,,,,,,,,,3,-7,PASS
,,,DIE,,,,,,,,,,,,,,,,,,,,,,2,-6,PASS
,,,DIE,,,,,,,,,,,,,,,,,,,,,,3,-6,PASS
,,,DIE,,,,,,,,,,,,,,,,,,,,,,2,-5,PASS
,,,DIE,,,,,,,,,,,,,,,,,,,,,,3,-5,PASS
,,,DIE,,,,,,,,,,,,,,,,,,,,,,2,-4,PASS
,,,DIE,,,,,,,,,,,,,,,,,,,,,,3,-4,PASS
,,,DIE,,,,,,,,,,,,,,,,,,,,,,2,-3,PASS
,,,DIE,,,,,,,,,,,,,,,,,,,,,,3,-3,PASS
,,,DIE,,,,,,,,,,,,,,,,,,,,,,2,-2,PASS
,,,DIE,,,,,,,,,,,,,,,,,,,,,,3,-2,PASS
,,,DIE,,,,,,,,,,,,,,,,,,,,,,2,-1,PASS
,,,DIE,,,,,,,,,,,,,,,,,,,,,,3,-1,PASS
,,,DIE,,,,,,,,,,,,,,,,,,,,,,2,0,PASS
,,,DIE,,,,,,,,,,,,,,,,,,,,,,3,0,PASS
,,,DIE,,,,,,,,,,,,,,,,,,,,,,2,1,PASS
,,,DIE,,,,,,,,,,,,,,,,,,,,,,3,1,PASS
,,,DIE,,,,,,,,,,,,,,,,,,,,,,2,2,PASS
,,,DIE,,,,,,,,,,,,,,,,,,,,,,3,2,PASS
,,,DIE,,,,,,,,,,,,,,,,,,,,,,2,3,PASS
,,,DIE,,,,,,,,,,,,,,,,,,,,,,3,3,PASS
,,,DIE,,,,,,,,,,,,,,,,,,,,,,2,4,PASS
,,,DIE,,,,,,,,,,,,,,,,,,,,,,3,4,PASS
,,,DIE,,,,,,,,,,,,,,,,,,,,,,2,5,PASS
,,,DIE,,,,,,,,,,,,,,,,,,,,,,3,5,PASS
,,,DIE,,,,,,,,,,,,,,,,,,,,,,2,6,PASS
,,,DIE,,,,,,,,,,,,,,,,,,,,,,3,6,PASS
,,,DIE,,,,,,,,,,,,,,,,,,,,,,2,7,PASS
,,,DIE,,,,,,,,,,,,,,,,,,,,,,3,7,PASS
,,,DIE,,,,,,,,,,,,,,,,,,,,,,2,8,PASS
,,,DIE,,,,,,,,,,,,,,,,,,,,,,3,8,PASS
,,,DIE,,,,,,,,,,,,,,,,,,,,,,2,9,PASS
,,,DIE,,,,,,,,,,,,,,,,,,,,,,3,9,PASS
,,,DIE,,,,,,,,,,,,,,,,,,,,,,2,10,PASS
,,,DIE,,,,,,,,,,,,,,,,,,,,,,3,10,PASS
,,,DIE,,,,,,,,,,,,,,,,,,,,,,2,11,PASS
,,,DIE,,,,,,,,,,,,,,,,,,,,,,3,11,PASS
,,,DIE,,,,,,,,,,,,,,,,,,,,,,2,12,PASS
,,,DIE,,,,,,,,,,,,,,,,,,,,,,3,12,PASS
,,,DIE,,,,,,,,,,,,,,,,,,,,,,2,13,PASS
,,,DIE,,,,,,,,,,,,,,,,,,,,,,3,13,PASS
,,,DIE,,,,,,,,,,,,,,,,,,,,,,2,14,PASS
,,,DIE,,,,,,,,,,,,,,,,,,,,,,3,14,PASS
,,,DIE,,,,,,,,,,,,,,,,,,,,,,2,15,PASS
,,,DIE,,,,,,,,,,,,,,,,,,,,,,3,15,PASS
,,,DIE,,,,,,,,,,,,,,,,,,,,,,2,16,PASS
,,,DIE,,,,,,,,,,,,,,,,,,,,,,3,16,PASS
,,,DIE,,,,,,,,,,,,,,,,,,,,,,2,17,PASS
,,,DIE,,,,,,,,,,,,,,,,,,,,,,3,17,PASS
,,,DIE,,,,,,,,,,,,,,,,,,,,,,2,18,PASS
,,,DIE,,,,,,,,,,,,,,,,,,,,,,3,18,PASS
,,,DIE,,,,,,,,,,,,,,,,,,,,,,2,19,PASS
,,,DIE,,,,,,,,,,,,,,,,,,,,,,3,19,PASS
,,,DIE,,,,,,,,,,,,,,,,,,,,,,4,-20,PASS
,,,DIE,,,,,,,,,,,,,,,,,,,,,,5,-20,PASS
,,,DIE,,,,,,,,,,,,,,,,,,,,,,4,-19,PASS
,,,DIE,,,,,,,,,,,,,,,,,,,,,,5,-19,PASS
,,,DIE,,,,,,,,,,,,,,,,,,,,,,4,-18,PASS
,,,DIE,,,,,,,,,,,,,,,,,,,,,,5,-18,PASS
,,,DIE,,,,,,,,,,,,,,,,,,,,,,4,-17,PASS
,,,DIE,,,,,,,,,,,,,,,,,,,,,,5,-17,PASS
,,,DIE,,,,,,,,,,,,,,,,,,,,,,4,-16,PASS
,,,DIE,,,,,,,,,,,,,,,,,,,,,,5,-16,PASS
,,,DIE,,,,,,,,,,,,,,,,,,,,,,4,-15,PASS
,,,DIE,,,,,,,,,,,,,,,,,,,,,,5,-15,PASS
,,,DIE,,,,,,,,,,,,,,,,,,,,,,4,-14,PASS
,,,DIE,,,,,,,,,,,,,,,,,,,,,,5,-14,FAIL
,,,DIE,,,,,,,,,,,,,,,,,,,,,,4,-13,PASS
,,,DIE,,,,,,,,,,,,,,,,,,,,,,5,-13,PASS
,,,DIE,,,,,,,,,,,,,,,,,,,,,,4,-12,PASS
,,,DIE,,,,,,,,,,,,,,,,,,,,,,5,-12,PASS
,,,DIE,,,,,,,,,,,,,,,,,,,,,,4,-11,PASS
,,,DIE,,,,,,,,,,,,,,,,,,,,,,5,-11,PASS
,,,DIE,,,,,,,,,,,,,,,,,,,,,,4,-10,PASS
,,,DIE,,,,,,,,,,,,,,,,,,,,,,5,-10,PASS
,,,DIE,,,,,,,,,,,,,,,,,,,,,,4,-9,PASS
,,,DIE,,,,,,,,,,,,,,,,,,,,,,5,-9,PASS
,,,DIE,,,,,,,,,,,,,,,,,,,,,,4,-8,PASS
,,,DIE,,,,,,,,,,,,,,,,,,,,,,5,-8,PASS
,,,DIE,,,,,,,,,,,,,,,,,,,,,,4,-7,PASS
,,,DIE,,,,,,,,,,,,,,,,,,,,,,5,-7,PASS
,,,DIE,,,,,,,,,,,,,,,,,,,,,,4,-6,PASS
,,,DIE,,,,,,,,,,,,,,,,,,,,,,5,-6,PASS
,,,DIE,,,,,,,,,,,,,,,,,,,,,,4,-5,PASS
,,,DIE,,,,,,,,,,,,,,,,,,,,,,5,-5,PASS
,,,DIE,,,,,,,,,,,,,,,,,,,,,,4,-4,PASS
,,,DIE,,,,,,,,,,,,,,,,,,,,,,5,-4,PASS
,,,DIE,,,,,,,,,,,,,,,,,,,,,,4,-3,PASS
,,,DIE,,,,,,,,,,,,,,,,,,,,,,5,-3,PASS
,,,DIE,,,,,,,,,,,,,,,,,,,,,,4,-2,PASS
,,,DIE,,,,,,,,,,,,,,,,,,,,,,5,-2,PASS
,,,DIE,,,,,,,,,,,,,,,,,,,,,,4,-1,PASS
,,,DIE,,,,,,,,,,,,,,,,,,,,,,5,-1,PASS
,,,DIE,,,,,,,,,,,,,,,,,,,,,,4,0,PASS
,,,DIE,,,,,,,,,,,,,,,,,,,,,,5,0,PASS
,,,DIE,,,,,,,,,,,,,,,,,,,,,,4,1,PASS
,,,DIE,,,,,,,,,,,,,,,,,,,,,,5,1,PASS
,,,DIE,,,,,,,,,,,,,,,,,,,,,,4,2,PASS
,,,DIE,,,,,,,,,,,,,,,,,,,,,,5,2,PASS
,,,DIE,,,,,,,,,,,,,,,,,,,,,,4,3,PASS
,,,DIE,,,,,,,,,,,,,,,,,,,,,,5,3,PASS
,,,DIE,,,,,,,,,,,,,,,,,,,,,,4,4,PASS
,,,DIE,,,,,,,,,,,,,,,,,,,,,,5,4,PASS
,,,DIE,,,,,,,,,,,,,,,,,,,,,,4,5,PASS
,,,DIE,,,,,,,,,,,,,,,,,,,,,,5,5,PASS
,,,DIE,,,,,,,,,,,,,,,,,,,,,,4,6,PASS
,,,DIE,,,,,,,,,,,,,,,,,,,,,,5,6,PASS
,,,DIE,,,,,,,,,,,,,,,,,,,,,,4,7,PASS
,,,DIE,,,,,,,,,,,,,,,,,,,,,,5,7,PASS
,,,DIE,,,,,,,,,,,,,,,,,,,,,,4,8,PASS
,,,DIE,,,,,,,,,,,,,,,,,,,,,,5,8,PASS
,,,DIE,,,,,,,,,,,,,,,,,,,,,,4,9,PASS
,,,DIE,,,,,,,,,,,,,,,,,,,,,,5,9,PASS
,,,DIE,,,,,,,,,,,,,,,,,,,,,,4,10,PASS
,,,DIE,,,,,,,,,,,,,,,,,,,,,,5,10,PASS
,,,DIE,,,,,,,,,,,,,,,,,,,,,,4,11,PASS
,,,DIE,,,,,,,,,,,,,,,,,,,,,,5,11,PASS
,,,DIE,,,,,,,,,,,,,,,,,,,,,,4,12,PASS
,,,DIE,,,,,,,,,,,,,,,,,,,,,,5,12,PASS
,,,DIE,,,,,,,,,,,,,,,,,,,,,,4,13,PASS
,,,DIE,,,,,,,,,,,,,,,,,,,,,,5,13,PASS
,,,DIE,,,,,,,,,,,,,,,,,,,,,,4,14,PASS
,,,DIE,,,,,,,,,,,,,,,,,,,,,,5,14,PASS
,,,DIE,,,,,,,,,,,,,,,,,,,,,,4,15,PASS
,,,DIE,,,,,,,,,,,,,,,,,,,,,,5,15,PASS
,,,DIE,,,,,,,,,,,,,,,,,,,,,,4,16,PASS
,,,DIE,,,,,,,,,,,,,,,,,,,,,,5,16,PASS
,,,DIE,,,,,,,,,,,,,,,,,,,,,,4,17,PASS
,,,DIE,,,,,,,,,,,,,,,,,,,,,,5,17,PASS
,,,DIE,,,,,,,,,,,,,,,,,,,,,,4,18,PASS
,,,DIE,,,,,,,,,,,,,,,,,,,,,,5,18,PASS
,,,DIE,,,,,,,,,,,,,,,,,,,,,,4,19,PASS
,,,DIE,,,,,,,,,,,,,,,,,,,,,,5,19,FAIL
,,,DIE,,,,,,,,,,,,,,,,,,,,,,6,-20,PASS
,,,DIE,,,,,,,,,,,,,,,,,,,,,,7,-20,PASS
,,,DIE,,,,,,,,,,,,,,,,,,,,,,6,-19,PASS
,,,DIE,,,,,,,,,,,,,,,,,,,,,,7,-19,PASS
,,,DIE,,,,,,,,,,,,,,,,,,,,,,6,-18,PASS
,,,DIE,,,,,,,,,,,,,,,,,,,,,,7,-18,PASS
,,,DIE,,,,,,,,,,,,,,,,,,,,,,6,-17,PASS
,,,DIE,,,,,,,,,,,,,,,,,,,,,,7,-17,PASS
,,,DIE,,,,,,,,,,,,,,,,,,,,,,6,-16,PASS
,,,DIE,,,,,,,,,,,,,,,,,,,,,,7,-16,PASS
,,,DIE,,,,,,,,,,,,,,,,,,,,,,6,-15,PASS
,,,DIE,,,,,,,,,,,,,,,,,,,,,,7,-15,PASS
,,,DIE,,,,,,,,,,,,,,,,,,,,,,6,-14,PASS
,,,DIE,,,,,,,,,,,,,,,,,,,,,,7,-14,PASS
,,,DIE,,,,,,,,,,,,,,,,,,,,,,6,-13,PASS
,,,DIE,,,,,,,,,,,,,,,,,,,,,,7,-13,PASS
,,,DIE,,,,,,,,,,,,,,,,,,,,,,6,-12,PASS
,,,DIE,,,,,,,,,,,,,,,,,,,,,,7,-12,PASS
,,,DIE,,,,,,,,,,,,,,,,,,,,,,6,-11,PASS
,,,DIE,,,,,,,,,,,,,,,,,,,,,,7,-11,PASS
,,,DIE,,,,,,,,,,,,,,,,,,,,,,6,-10,PASS
,,,DIE,,,,,,,,,,,,,,,,,,,,,,7,-10,PASS
,,,DIE,,,,,,,,,,,,,,,,,,,,,,6,-9,PASS
,,,DIE,,,,,,,,,,,,,,,,,,,,,,7,-9,PASS
,,,DIE,,,,,,,,,,,,,,,,,,,,,,6,-8,PASS
,,,DIE,,,,,,,,,,,,,,,,,,,,,,7,-8,PASS
,,,DIE,,,,,,,,,,,,,,,,,,,,,,6,-7,PASS
,,,DIE,,,,,,,,,,,,,,,,,,,,,,7,-7,PASS
,,,DIE,,,,,,,,,,,,,,,,,,,,,,6,-6,PASS
,,,DIE,,,,,,,,,,,,,,,,,,,,,,7,-6,PASS
,,,DIE,,,,,,,,,,,,,,,,,,,,,,6,-5,PASS
,,,DIE,,,,,,,,,,,,,,,,,,,,,,7,-5,PASS
,,,DIE,,,,,,,,,,,,,,,,,,,,,,6,-4,PASS
,,,DIE,,,,,,,,,,,,,,,,,,,,,,7,-4,PASS
,,,DIE,,,,,,,,,,,,,,,,,,,,,,6,-3,PASS
,,,DIE,,,,,,,,,,,,,,,,,,,,,,7,-3,PASS
,,,DIE,,,,,,,,,,,,,,,,,,,,,,6,-2,PASS
,,,DIE,,,,,,,,,,,,,,,,,,,,,,7,-2,PASS
,,,DIE,,,,,,,,,,,,,,,,,,,,,,6,-1,PASS
,,,DIE,,,,,,,,,,,,,,,,,,,,,,7,-1,PASS
,,,DIE,,,,,,,,,,,,,,,,,,,,,,6,0,PASS
,,,DIE,,,,,,,,,,,,,,,,,,,,,,7,0,PASS
,,,DIE,,,,,,,,,,,,,,,,,,,,,,6,1,PASS
,,,DIE,,,,,,,,,,,,,,,,,,,,,,7,1,PASS
,,,DIE,,,,,,,,,,,,,,,,,,,,,,6,2,PASS
,,,DIE,,,,,,,,,,,,,,,,,,,,,,7,2,PASS
,,,DIE,,,,,,,,,,,,,,,,,,,,,,6,3,PASS
,,,DIE,,,,,,,,,,,,,,,,,,,,,,7,3,PASS
,,,DIE,,,,,,,,,,,,,,,,,,,,,,6,4,PASS
,,,DIE,,,,,,,,,,,,,,,,,,,,,,7,4,PASS
,,,DIE,,,,,,,,,,,,,,,,,,,,,,6,5,PASS
,,,DIE,,,,,,,,,,,,,,,,,,,,,,7,5,PASS
,,,DIE,,,,,,,,,,,,,,,,,,,,,,6,6,PASS
,,,DIE,,,,,,,,,,,,,,,,,,,,,,7,6,PASS
,,,DIE,,,,,,,,,,,,,,,,,,,,,,6,7,PASS
,,,DIE,,,,,,,,,,,,,,,,,,,,,,7,7,PASS
,,,DIE,,,,,,,,,,,,,,,,,,,,,,6,8,PASS
,,,DIE,,,,,,,,,,,,,,,,,,,,,,7,8,PASS
,,,DIE,,,,,,,,,,,,,,,,,,,,,,6,9,PASS
,,,DIE,,,,,,,,,,,,,,,,,,,,,,7,9,PASS
,,,DIE,,,,,,,,,,,,,,,,,,,,,,6,10,PASS
,,,DIE,,,,,,,,,,,,,,,,,,,,,,7,10,PASS
,,,DIE,,,,,,,,,,,,,,,,,,,,,,6,11,PASS
,,,DIE,,,,,,,,,,,,,,,,,,,,,,7,11,PASS
,,,DIE,,,,,,,,,,,,,,,,,,,,,,6,12,PASS
,,,DIE,,,,,,,,,,,,,,,,,,,,,,7,12,PASS
,,,DIE,,,,,,,,,,,,,,,,,,,,,,6,13,PASS
,,,DIE,,,,,,,,,,,,,,,,,,,,,,7,13,PASS
,,,DIE,,,,,,,,,,,,,,,,,,,,,,6,14,PASS
,,,DIE,,,,,,,,,,,,,,,,,,,,,,7,14,PASS
,,,DIE,,,,,,,,,,,,,,,,,,,,,,6,15,PASS
,,,DIE,,,,,,,,,,,,,,,,,,,,,,7,15,PASS
,,,DIE,,,,,,,,,,,,,,,,,,,,,,6,16,PASS
,,,DIE,,,,,,,,,,,,,,,,,,,,,,7,16,PASS
,,,DIE,,,,,,,,,,,,,,,,,,,,,,6,17,PASS
,,,DIE,,,,,,,,,,,,,,,,,,,,,,7,17,PASS
,,,DIE,,,,,,,,,,,,,,,,,,,,,,6,18,PASS
,,,DIE,,,,,,,,,,,,,,,,,,,,,,7,18,PASS
,,,DIE,,,,,,,,,,,,,,,,,,,,,,6,19,PASS
,,,DIE,,,,,,,,,,,,,,,,,,,,,,7,19,FAIL
,,,DIE,,,,,,,,,,,,,,,,,,,,,,8,-18,PASS
,,,DIE,,,,,,,,,,,,,,,,,,,,,,9,-18,PASS
,,,DIE,,,,,,,,,,,,,,,,,,,,,,8,-17,PASS
,,,DIE,,,,,,,,,,,,,,,,,,,,,,9,-17,PASS
,,,DIE,,,,,,,,,,,,,,,,,,,,,,8,-16,PASS
,,,DIE,,,,,,,,,,,,,,,,,,,,,,9,-16,FAIL
,,,DIE,,,,,,,,,,,,,,,,,,,,,,8,-15,PASS
,,,DIE,,,,,,,,,,,,,,,,,,,,,,9,-15,PASS
,,,DIE,,,,,,,,,,,,,,,,,,,,,,8,-14,PASS
,,,DIE,,,,,,,,,,,,,,,,,,,,,,9,-14,PASS
,,,DIE,,,,,,,,,,,,,,,,,,,,,,8,-13,PASS
,,,DIE,,,,,,,,,,,,,,,,,,,,,,9,-13,PASS
,,,DIE,,,,,,,,,,,,,,,,,,,,,,8,-12,PASS
,,,DIE,,,,,,,,,,,,,,,,,,,,,,9,-12,PASS
,,,DIE,,,,,,,,,,,,,,,,,,,,,,8,-11,PASS
,,,DIE,,,,,,,,,,,,,,,,,,,,,,9,-11,PASS
,,,DIE,,,,,,,,,,,,,,,,,,,,,,8,-10,PASS
,,,DIE,,,,,,,,,,,,,,,,,,,,,,9,-10,PASS
,,,DIE,,,,,,,,,,,,,,,,,,,,,,8,-9,PASS
,,,DIE,,,,,,,,,,,,,,,,,,,,,,9,-9,PASS
,,,DIE,,,,,,,,,,,,,,,,,,,,,,8,-8,PASS
,,,DIE,,,,,,,,,,,,,,,,,,,,,,9,-8,PASS
,,,DIE,,,,,,,,,,,,,,,,,,,,,,8,-7,PASS
,,,DIE,,,,,,,,,,,,,,,,,,,,,,9,-7,PASS
,,,DIE,,,,,,,,,,,,,,,,,,,,,,8,-6,PASS
,,,DIE,,,,,,,,,,,,,,,,,,,,,,9,-6,PASS
,,,DIE,,,,,,,,,,,,,,,,,,,,,,8,-5,PASS
,,,DIE,,,,,,,,,,,,,,,,,,,,,,9,-5,PASS
,,,DIE,,,,,,,,,,,,,,,,,,,,,,8,-4,PASS
,,,DIE,,,,,,,,,,,,,,,,,,,,,,9,-4,PASS
,,,DIE,,,,,,,,,,,,,,,,,,,,,,8,-3,PASS
,,,DIE,,,,,,,,,,,,,,,,,,,,,,9,-3,PASS
,,,DIE,,,,,,,,,,,,,,,,,,,,,,8,-2,PASS
,,,DIE,,,,,,,,,,,,,,,,,,,,,,9,-2,PASS
,,,DIE,,,,,,,,,,,,,,,,,,,,,,8,-1,PASS
,,,DIE,,,,,,,,,,,,,,,,,,,,,,9,-1,PASS
,,,DIE,,,,,,,,,,,,,,,,,,,,,,8,0,PASS
,,,DIE,,,,,,,,,,,,,,,,,,,,,,9,0,PASS
,,,DIE,,,,,,,,,,,,,,,,,,,,,,8,1,PASS
,,,DIE,,,,,,,,,,,,,,,,,,,,,,9,1,PASS
,,,DIE,,,,,,,,,,,,,,,,,,,,,,8,2,PASS
,,,DIE,,,,,,,,,,,,,,,,,,,,,,9,2,PASS
,,,DIE,,,,,,,,,,,,,,,,,,,,,,8,3,PASS
,,,DIE,,,,,,,,,,,,,,,,,,,,,,9,3,PASS
,,,DIE,,,,,,,,,,,,,,,,,,,,,,8,4,PASS
,,,DIE,,,,,,,,,,,,,,,,,,,,,,9,4,PASS
,,,DIE,,,,,,,,,,,,,,,,,,,,,,8,5,PASS
,,,DIE,,,,,,,,,,,,,,,,,,,,,,9,5,PASS
,,,DIE,,,,,,,,,,,,,,,,,,,,,,8,6,PASS
,,,DIE,,,,,,,,,,,,,,,,,,,,,,9,6,PASS
,,,DIE,,,,,,,,,,,,,,,,,,,,,,8,7,PASS
,,,DIE,,,,,,,,,,,,,,,,,,,,,,9,7,PASS
,,,DIE,,,,,,,,,,,,,,,,,,,,,,8,8,PASS
,,,DIE,,,,,,,,,,,,,,,,,,,,,,9,8,PASS
,,,DIE,,,,,,,,,,,,,,,,,,,,,,8,9,PASS
,,,DIE,,,,,,,,,,,,,,,,,,,,,,9,9,PASS
,,,DIE,,,,,,,,,,,,,,,,,,,,,,8,10,PASS
,,,DIE,,,,,,,,,,,,,,,,,,,,,,9,10,PASS
,,,DIE,,,,,,,,,,,,,,,,,,,,,,8,11,PASS
,,,DIE,,,,,,,,,,,,,,,,,,,,,,9,11,PASS
,,,DIE,,,,,,,,,,,,,,,,,,,,,,8,12,PASS
,,,DIE,,,,,,,,,,,,,,,,,,,,,,9,12,PASS
,,,DIE,,,,,,,,,,,,,,,,,,,,,,8,13,PASS
,,,DIE,,,,,,,,,,,,,,,,,,,,,,9,13,PASS
,,,DIE,,,,,,,,,,,,,,,,,,,,,,8,14,PASS
,,,DIE,,,,,,,,,,,,,,,,,,,,,,9,14,PASS
,,,DIE,,,,,,,,,,,,,,,,,,,,,,8,15,PASS
,,,DIE,,,,,,,,,,,,,,,,,,,,,,9,15,PASS
,,,DIE,,,,,,,,,,,,,,,,,,,,,,8,16,PASS
,,,DIE,,,,,,,,,,,,,,,,,,,,,,9,16,PASS
,,,DIE,,,,,,,,,,,,,,,,,,,,,,8,17,PASS
,,,DIE,,,,,,,,,,,,,,,,,,,,,,9,17,PASS
,,,DIE,,,,,,,,,,,,,,,,,,,,,,10,-18,PASS
,,,DIE,,,,,,,,,,,,,,,,,,,,,,11,-18,PASS
,,,DIE,,,,,,,,,,,,,,,,,,,,,,10,-17,PASS
,,,DIE,,,,,,,,,,,,,,,,,,,,,,11,-17,PASS
,,,DIE,,,,,,,,,,,,,,,,,,,,,,10,-16,PASS
,,,DIE,,,,,,,,,,,,,,,,,,,,,,11,-16,PASS
,,,DIE,,,,,,,,,,,,,,,,,,,,,,10,-15,PASS
,,,DIE,,,,,,,,,,,,,,,,,,,,,,11,-15,PASS
,,,DIE,,,,,,,,,,,,,,,,,,,,,,10,-14,PASS
,,,DIE,,,,,,,,,,,,,,,,,,,,,,11,-14,PASS
,,,DIE,,,,,,,,,,,,,,,,,,,,,,10,-13,PASS
,,,DIE,,,,,,,,,,,,,,,,,,,,,,11,-13,PASS
,,,DIE,,,,,,,,,,,,,,,,,,,,,,10,-12,PASS
,,,DIE,,,,,,,,,,,,,,,,,,,,,,11,-12,PASS
,,,DIE,,,,,,,,,,,,,,,,,,,,,,10,-11,PASS
,,,DIE,,,,,,,,,,,,,,,,,,,,,,11,-11,PASS
,,,DIE,,,,,,,,,,,,,,,,,,,,,,10,-10,PASS
,,,DIE,,,,,,,,,,,,,,,,,,,,,,11,-10,PASS
,,,DIE,,,,,,,,,,,,,,,,,,,,,,10,-9,PASS
,,,DIE,,,,,,,,,,,,,,,,,,,,,,11,-9,PASS
,,,DIE,,,,,,,,,,,,,,,,,,,,,,10,-8,PASS
,,,DIE,,,,,,,,,,,,,,,,,,,,,,11,-8,PASS
,,,DIE,,,,,,,,,,,,,,,,,,,,,,10,-7,PASS
,,,DIE,,,,,,,,,,,,,,,,,,,,,,11,-7,PASS
,,,DIE,,,,,,,,,,,,,,,,,,,,,,10,-6,PASS
,,,DIE,,,,,,,,,,,,,,,,,,,,,,11,-6,PASS
,,,DIE,,,,,,,,,,,,,,,,,,,,,,10,-5,PASS
,,,DIE,,,,,,,,,,,,,,,,,,,,,,11,-5,PASS
,,,DIE,,,,,,,,,,,,,,,,,,,,,,10,-4,PASS
,,,DIE,,,,,,,,,,,,,,,,,,,,,,11,-4,PASS
,,,DIE,,,,,,,,,,,,,,,,,,,,,,10,-3,PASS
,,,DIE,,,,,,,,,,,,,,,,,,,,,,11,-3,PASS
,,,DIE,,,,,,,,,,,,,,,,,,,,,,10,-2,PASS
,,,DIE,,,,,,,,,,,,,,,,,,,,,,11,-2,PASS
,,,DIE,,,,,,,,,,,,,,,,,,,,,,10,-1,PASS
,,,DIE,,,,,,,,,,,,,,,,,,,,,,11,-1,PASS
,,,DIE,,,,,,,,,,,,,,,,,,,,,,10,0,PASS
,,,DIE,,,,,,,,,,,,,,,,,,,,,,11,0,PASS
,,,DIE,,,,,,,,,,,,,,,,,,,,,,10,1,PASS
,,,DIE,,,,,,,,,,,,,,,,,,,,,,11,1,PASS
,,,DIE,,,,,,,,,,,,,,,,,,,,,,10,2,PASS
,,,DIE,,,,,,,,,,,,,,,,,,,,,,11,2,PASS
,,,DIE,,,,,,,,,,,,,,,,,,,,,,10,3,PASS
,,,DIE,,,,,,,,,,,,,,,,,,,,,,11,3,PASS
,,,DIE,,,,,,,,,,,,,,,,,,,,,,10,4,PASS
,,,DIE,,,,,,,,,,,,,,,,,,,,,,11,4,PASS
,,,DIE,,,,,,,,,,,,,,,,,,,,,,10,5,PASS
,,,DIE,,,,,,,,,,,,,,,,,,,,,,11,5,PASS
,,,DIE,,,,,,,,,,,,,,,,,,,,,,10,6,PASS
,,,DIE,,,,,,,,,,,,,,,,,,,,,,11,6,PASS
,,,DIE,,,,,,,,,,,,,,,,,,,,,,10,7,PASS
,,,DIE,,,,,,,,,,,,,,,,,,,,,,11,7,PASS
,,,DIE,,,,,,,,,,,,,,,,,,,,,,10,8,PASS
,,,DIE,,,,,,,,,,,,,,,,,,,,,,11,8,PASS
,,,DIE,,,,,,,,,,,,,,,,,,,,,,10,9,PASS
,,,DIE,,,,,,,,,,,,,,,,,,,,,,11,9,PASS
,,,DIE,,,,,,,,,,,,,,,,,,,,,,10,10,PASS
,,,DIE,,,,,,,,,,,,,,,,,,,,,,11,10,PASS
,,,DIE,,,,,,,,,,,,,,,,,,,,,,10,11,PASS
,,,DIE,,,,,,,,,,,,,,,,,,,,,,11,11,PASS
,,,DIE,,,,,,,,,,,,,,,,,,,,,,10,12,PASS
,,,DIE,,,,,,,,,,,,,,,,,,,,,,11,12,PASS
,,,DIE,,,,,,,,,,,,,,,,,,,,,,10,13,PASS
,,,DIE,,,,,,,,,,,,,,,,,,,,,,11,13,PASS
,,,DIE,,,,,,,,,,,,,,,,,,,,,,10,14,PASS
,,,DIE,,,,,,,,,,,,,,,,,,,,,,11,14,PASS
,,,DIE,,,,,,,,,,,,,,,,,,,,,,10,15,PASS
,,,DIE,,,,,,,,,,,,,,,,,,,,,,11,15,FAIL
,,,DIE,,,,,,,,,,,,,,,,,,,,,,10,16,FAIL
,,,DIE,,,,,,,,,,,,,,,,,,,,,,11,16,PASS
,,,DIE,,,,,,,,,,,,,,,,,,,,,,10,17,PASS
,,,DIE,,,,,,,,,,,,,,,,,,,,,,11,17,PASS
,,,DIE,,,,,,,,,,,,,,,,,,,,,,12,-18,PASS
,,,DIE,,,,,,,,,,,,,,,,,,,,,,13,-18,PASS
,,,DIE,,,,,,,,,,,,,,,,,,,,,,12,-17,PASS
,,,DIE,,,,,,,,,,,,,,,,,,,,,,13,-17,PASS
,,,DIE,,,,,,,,,,,,,,,,,,,,,,12,-16,PASS
,,,DIE,,,,,,,,,,,,,,,,,,,,,,13,-16,PASS
,,,DIE,,,,,,,,,,,,,,,,,,,,,,12,-15,PASS
,,,DIE,,,,,,,,,,,,,,,,,,,,,,13,-15,PASS
,,,DIE,,,,,,,,,,,,,,,,,,,,,,12,-14,PASS
,,,DIE,,,,,,,,,,,,,,,,,,,,,,13,-14,PASS
,,,DIE,,,,,,,,,,,,,,,,,,,,,,12,-13,PASS
,,,DIE,,,,,,,,,,,,,,,,,,,,,,13,-13,PASS
,,,DIE,,,,,,,,,,,,,,,,,,,,,,12,-12,PASS
,,,DIE,,,,,,,,,,,,,,,,,,,,,,13,-12,PASS
,,,DIE,,,,,,,,,,,,,,,,,,,,,,12,-11,PASS
,,,DIE,,,,,,,,,,,,,,,,,,,,,,13,-11,PASS
,,,DIE,,,,,,,,,,,,,,,,,,,,,,12,-10,PASS
,,,DIE,,,,,,,,,,,,,,,,,,,,,,13,-10,PASS
,,,DIE,,,,,,,,,,,,,,,,,,,,,,12,-9,PASS
,,,DIE,,,,,,,,,,,,,,,,,,,,,,13,-9,PASS
,,,DIE,,,,,,,,,,,,,,,,,,,,,,12,-8,PASS
,,,DIE,,,,,,,,,,,,,,,,,,,,,,13,-8,PASS
,,,DIE,,,,,,,,,,,,,,,,,,,,,,12,-7,PASS
,,,DIE,,,,,,,,,,,,,,,,,,,,,,13,-7,PASS
,,,DIE,,,,,,,,,,,,,,,,,,,,,,12,-6,PASS
,,,DIE,,,,,,,,,,,,,,,,,,,,,,13,-6,PASS
,,,DIE,,,,,,,,,,,,,,,,,,,,,,12,-5,PASS
,,,DIE,,,,,,,,,,,,,,,,,,,,,,13,-5,PASS
,,,DIE,,,,,,,,,,,,,,,,,,,,,,12,-4,PASS
,,,DIE,,,,,,,,,,,,,,,,,,,,,,13,-4,PASS
,,,DIE,,,,,,,,,,,,,,,,,,,,,,12,-3,PASS
,,,DIE,,,,,,,,,,,,,,,,,,,,,,13,-3,PASS
,,,DIE,,,,,,,,,,,,,,,,,,,,,,12,-2,PASS
,,,DIE,,,,,,,,,,,,,,,,,,,,,,13,-2,PASS
,,,DIE,,,,,,,,,,,,,,,,,,,,,,12,-1,PASS
,,,DIE,,,,,,,,,,,,,,,,,,,,,,13,-1,PASS
,,,DIE,,,,,,,,,,,,,,,,,,,,,,12,0,PASS
,,,DIE,,,,,,,,,,,,,,,,,,,,,,13,0,PASS
,,,DIE,,,,,,,,,,,,,,,,,,,,,,12,1,PASS
,,,DIE,,,,,,,,,,,,,,,,,,,,,,13,1,PASS
,,,DIE,,,,,,,,,,,,,,,,,,,,,,12,2,PASS
,,,DIE,,,,,,,,,,,,,,,,,,,,,,13,2,PASS
,,,DIE,,,,,,,,,,,,,,,,,,,,,,12,3,PASS
,,,DIE,,,,,,,,,,,,,,,,,,,,,,13,3,PASS
,,,DIE,,,,,,,,,,,,,,,,,,,,,,12,4,PASS
,,,DIE,,,,,,,,,,,,,,,,,,,,,,13,4,PASS
,,,DIE,,,,,,,,,,,,,,,,,,,,,,12,5,PASS
,,,DIE,,,,,,,,,,,,,,,,,,,,,,13,5,PASS
,,,DIE,,,,,,,,,,,,,,,,,,,,,,12,6,PASS
,,,DIE,,,,,,,,,,,,,,,,,,,,,,13,6,PASS
,,,DIE,,,,,,,,,,,,,,,,,,,,,,12,7,PASS
,,,DIE,,,,,,,,,,,,,,,,,,,,,,13,7,PASS
,,,DIE,,,,,,,,,,,,,,,,,,,,,,12,8,PASS
,,,DIE,,,,,,,,,,,,,,,,,,,,,,13,8,PASS
,,,DIE,,,,,,,,,,,,,,,,,,,,,,12,9,PASS
,,,DIE,,,,,,,,,,,,,,,,,,,,,,13,9,PASS
,,,DIE,,,,,,,,,,,,,,,,,,,,,,12,10,PASS
,,,DIE,,,,,,,,,,,,,,,,,,,,,,13,10,PASS
,,,DIE,,,,,,,,,,,,,,,,,,,,,,12,11,PASS
,,,DIE,,,,,,,,,,,,,,,,,,,,,,13,11,PASS
,,,DIE,,,,,,,,,,,,,,,,,,,,,,12,12,PASS
,,,DIE,,,,,,,,,,,,,,,,,,,,,,13,12,PASS
,,,DIE,,,,,,,,,,,,,,,,,,,,,,12,13,PASS
,,,DIE,,,,,,,,,,,,,,,,,,,,,,13,13,PASS
,,,DIE,,,,,,,,,,,,,,,,,,,,,,12,14,PASS
,,,DIE,,,,,,,,,,,,,,,,,,,,,,13,14,PASS
,,,DIE,,,,,,,,,,,,,,,,,,,,,,12,15,PASS
,,,DIE,,,,,,,,,,,,,,,,,,,,,,13,15,PASS
,,,DIE,,,,,,,,,,,,,,,,,,,,,,12,16,PASS
,,,DIE,,,,,,,,,,,,,,,,,,,,,,13,16,PASS
,,,DIE,,,,,,,,,,,,,,,,,,,,,,12,17,PASS
,,,DIE,,,,,,,,,,,,,,,,,,,,,,13,17,PASS
,,,DIE,,,,,,,,,,,,,,,,,,,,,,14,-18,PASS
,,,DIE,,,,,,,,,,,,,,,,,,,,,,15,-18,PASS
,,,DIE,,,,,,,,,,,,,,,,,,,,,,14,-17,PASS
,,,DIE,,,,,,,,,,,,,,,,,,,,,,15,-17,PASS
,,,DIE,,,,,,,,,,,,,,,,,,,,,,14,-16,PASS
,,,DIE,,,,,,,,,,,,,,,,,,,,,,15,-16,PASS
,,,DIE,,,,,,,,,,,,,,,,,,,,,,14,-15,PASS
,,,DIE,,,,,,,,,,,,,,,,,,,,,,15,-15,PASS
,,,DIE,,,,,,,,,,,,,,,,,,,,,,14,-14,PASS
,,,DIE,,,,,,,,,,,,,,,,,,,,,,15,-14,PASS
,,,DIE,,,,,,,,,,,,,,,,,,,,,,14,-13,PASS
,,,DIE,,,,,,,,,,,,,,,,,,,,,,15,-13,PASS
,,,DIE,,,,,,,,,,,,,,,,,,,,,,14,-12,PASS
,,,DIE,,,,,,,,,,,,,,,,,,,,,,15,-12,PASS
,,,DIE,,,,,,,,,,,,,,,,,,,,,,14,-11,PASS
,,,DIE,,,,,,,,,,,,,,,,,,,,,,15,-11,PASS
,,,DIE,,,,,,,,,,,,,,,,,,,,,,14,-10,PASS
,,,DIE,,,,,,,,,,,,,,,,,,,,,,15,-10,PASS
,,,DIE,,,,,,,,,,,,,,,,,,,,,,14,-9,PASS
,,,DIE,,,,,,,,,,,,,,,,,,,,,,15,-9,PASS
,,,DIE,,,,,,,,,,,,,,,,,,,,,,14,-8,PASS
,,,DIE,,,,,,,,,,,,,,,,,,,,,,15,-8,PASS
,,,DIE,,,,,,,,,,,,,,,,,,,,,,14,-7,PASS
,,,DIE,,,,,,,,,,,,,,,,,,,,,,15,-7,PASS
,,,DIE,,,,,,,,,,,,,,,,,,,,,,14,-6,PASS
,,,DIE,,,,,,,,,,,,,,,,,,,,,,15,-6,PASS
,,,DIE,,,,,,,,,,,,,,,,,,,,,,14,-5,PASS
,,,DIE,,,,,,,,,,,,,,,,,,,,,,15,-5,PASS
,,,DIE,,,,,,,,,,,,,,,,,,,,,,14,-4,PASS
,,,DIE,,,,,,,,,,,,,,,,,,,,,,15,-4,PASS
,,,DIE,,,,,,,,,,,,,,,,,,,,,,14,-3,PASS
,,,DIE,,,,,,,,,,,,,,,,,,,,,,15,-3,PASS
,,,DIE,,,,,,,,,,,,,,,,,,,,,,14,-2,PASS
,,,DIE,,,,,,,,,,,,,,,,,,,,,,15,-2,PASS
,,,DIE,,,,,,,,,,,,,,,,,,,,,,14,-1,PASS
,,,DIE,,,,,,,,,,,,,,,,,,,,,,15,-1,PASS
,,,DIE,,,,,,,,,,,,,,,,,,,,,,14,0,PASS
,,,DIE,,,,,,,,,,,,,,,,,,,,,,15,0,PASS
,,,DIE,,,,,,,,,,,,,,,,,,,,,,14,1,PASS
,,,DIE,,,,,,,,,,,,,,,,,,,,,,15,1,PASS
,,,DIE,,,,,,,,,,,,,,,,,,,,,,14,2,PASS
,,,DIE,,,,,,,,,,,,,,,,,,,,,,15,2,PASS
,,,DIE,,,,,,,,,,,,,,,,,,,,,,14,3,PASS
,,,DIE,,,,,,,,,,,,,,,,,,,,,,15,3,PASS
,,,DIE,,,,,,,,,,,,,,,,,,,,,,14,4,PASS
,,,DIE,,,,,,,,,,,,,,,,,,,,,,15,4,PASS
,,,DIE,,,,,,,,,,,,,,,,,,,,,,14,5,PASS
,,,DIE,,,,,,,,,,,,,,,,,,,,,,15,5,PASS
,,,DIE,,,,,,,,,,,,,,,,,,,,,,14,6,PASS
,,,DIE,,,,,,,,,,,,,,,,,,,,,,15,6,PASS
,,,DIE,,,,,,,,,,,,,,,,,,,,,,14,7,PASS
,,,DIE,,,,,,,,,,,,,,,,,,,,,,15,7,PASS
,,,DIE,,,,,,,,,,,,,,,,,,,,,,14,8,PASS
,,,DIE,,,,,,,,,,,,,,,,,,,,,,15,8,PASS
,,,DIE,,,,,,,,,,,,,,,,,,,,,,14,9,PASS
,,,DIE,,,,,,,,,,,,,,,,,,,,,,15,9,PASS
,,,DIE,,,,,,,,,,,,,,,,,,,,,,14,10,PASS
,,,DIE,,,,,,,,,,,,,,,,,,,,,,15,10,PASS
,,,DIE,,,,,,,,,,,,,,,,,,,,,,14,11,PASS
,,,DIE,,,,,,,,,,,,,,,,,,,,,,15,11,PASS
,,,DIE,,,,,,,,,,,,,,,,,,,,,,14,12,PASS
,,,DIE,,,,,,,,,,,,,,,,,,,,,,15,12,PASS
,,,DIE,,,,,,,,,,,,,,,,,,,,,,14,13,PASS
,,,DIE,,,,,,,,,,,,,,,,,,,,,,15,13,PASS
,,,DIE,,,,,,,,,,,,,,,,,,,,,,14,14,PASS
,,,DIE,,,,,,,,,,,,,,,,,,,,,,15,14,PASS
,,,DIE,,,,,,,,,,,,,,,,,,,,,,14,15,PASS
,,,DIE,,,,,,,,,,,,,,,,,,,,,,15,15,PASS
,,,DIE,,,,,,,,,,,,,,,,,,,,,,14,16,PASS
,,,DIE,,,,,,,,,,,,,,,,,,,,,,15,16,PASS
,,,DIE,,,,,,,,,,,,,,,,,,,,,,14,17,PASS
,,,DIE,,,,,,,,,,,,,,,,,,,,,,15,17,PASS
,,,DIE,,,,,,,,,,,,,,,,,,,,,,16,-18,PASS
,,,DIE,,,,,,,,,,,,,,,,,,,,,,17,-18,PASS
,,,DIE,,,,,,,,,,,,,,,,,,,,,,16,-17,PASS
,,,DIE,,,,,,,,,,,,,,,,,,,,,,17,-17,PASS
,,,DIE,,,,,,,,,,,,,,,,,,,,,,16,-16,PASS
,,,DIE,,,,,,,,,,,,,,,,,,,,,,17,-16,PASS
,,,DIE,,,,,,,,,,,,,,,,,,,,,,16,-15,PASS
,,,DIE,,,,,,,,,,,,,,,,,,,,,,17,-15,PASS
,,,DIE,,,,,,,,,,,,,,,,,,,,,,16,-14,PASS
,,,DIE,,,,,,,,,,,,,,,,,,,,,,17,-14,PASS
,,,DIE,,,,,,,,,,,,,,,,,,,,,,16,-13,PASS
,,,DIE,,,,,,,,,,,,,,,,,,,,,,17,-13,PASS
,,,DIE,,,,,,,,,,,,,,,,,,,,,,16,-12,PASS
,,,DIE,,,,,,,,,,,,,,,,,,,,,,17,-12,PASS
,,,DIE,,,,,,,,,,,,,,,,,,,,,,16,-11,PASS
,,,DIE,,,,,,,,,,,,,,,,,,,,,,17,-11,PASS
,,,DIE,,,,,,,,,,,,,,,,,,,,,,16,-10,PASS
,,,DIE,,,,,,,,,,,,,,,,,,,,,,17,-10,PASS
,,,DIE,,,,,,,,,,,,,,,,,,,,,,16,-9,PASS
,,,DIE,,,,,,,,,,,,,,,,,,,,,,17,-9,PASS
,,,DIE,,,,,,,,,,,,,,,,,,,,,,16,-8,PASS
,,,DIE,,,,,,,,,,,,,,,,,,,,,,17,-8,PASS
,,,DIE,,,,,,,,,,,,,,,,,,,,,,16,-7,PASS
,,,DIE,,,,,,,,,,,,,,,,,,,,,,17,-7,PASS
,,,DIE,,,,,,,,,,,,,,,,,,,,,,16,-6,PASS
,,,DIE,,,,,,,,,,,,,,,,,,,,,,17,-6,PASS
,,,DIE,,,,,,,,,,,,,,,,,,,,,,16,-5,PASS
,,,DIE,,,,,,,,,,,,,,,,,,,,,,17,-5,PASS
,,,DIE,,,,,,,,,,,,,,,,,,,,,,16,-4,PASS
,,,DIE,,,,,,,,,,,,,,,,,,,,,,17,-4,PASS
,,,DIE,,,,,,,,,,,,,,,,,,,,,,16,-3,PASS
,,,DIE,,,,,,,,,,,,,,,,,,,,,,17,-3,PASS
,,,DIE,,,,,,,,,,,,,,,,,,,,,,16,-2,PASS
,,,DIE,,,,,,,,,,,,,,,,,,,,,,17,-2,PASS
,,,DIE,,,,,,,,,,,,,,,,,,,,,,16,-1,PASS
,,,DIE,,,,,,,,,,,,,,,,,,,,,,17,-1,PASS
,,,DIE,,,,,,,,,,,,,,,,,,,,,,16,0,PASS
,,,DIE,,,,,,,,,,,,,,,,,,,,,,17,0,PASS
,,,DIE,,,,,,,,,,,,,,,,,,,,,,16,1,PASS
,,,DIE,,,,,,,,,,,,,,,,,,,,,,17,1,PASS
,,,DIE,,,,,,,,,,,,,,,,,,,,,,16,2,PASS
,,,DIE,,,,,,,,,,,,,,,,,,,,,,17,2,PASS
,,,DIE,,,,,,,,,,,,,,,,,,,,,,16,3,PASS
,,,DIE,,,,,,,,,,,,,,,,,,,,,,17,3,PASS
,,,DIE,,,,,,,,,,,,,,,,,,,,,,16,4,PASS
,,,DIE,,,,,,,,,,,,,,,,,,,,,,17,4,PASS
,,,DIE,,,,,,,,,,,,,,,,,,,,,,16,5,PASS
,,,DIE,,,,,,,,,,,,,,,,,,,,,,17,5,PASS
,,,DIE,,,,,,,,,,,,,,,,,,,,,,16,6,PASS
,,,DIE,,,,,,,,,,,,,,,,,,,,,,17,6,PASS
,,,DIE,,,,,,,,,,,,,,,,,,,,,,16,7,PASS
,,,DIE,,,,,,,,,,,,,,,,,,,,,,17,7,PASS
,,,DIE,,,,,,,,,,,,,,,,,,,,,,16,8,PASS
,,,DIE,,,,,,,,,,,,,,,,,,,,,,17,8,PASS
,,,DIE,,,,,,,,,,,,,,,,,,,,,,16,9,PASS
,,,DIE,,,,,,,,,,,,,,,,,,,,,,17,9,PASS
,,,DIE,,,,,,,,,,,,,,,,,,,,,,16,10,PASS
,,,DIE,,,,,,,,,,,,,,,,,,,,,,17,10,PASS
,,,DIE,,,,,,,,,,,,,,,,,,,,,,16,11,PASS
,,,DIE,,,,,,,,,,,,,,,,,,,,,,17,11,PASS
,,,DIE,,,,,,,,,,,,,,,,,,,,,,16,12,PASS
,,,DIE,,,,,,,,,,,,,,,,,,,,,,17,12,PASS
,,,DIE,,,,,,,,,,,,,,,,,,,,,,16,13,PASS
,,,DIE,,,,,,,,,,,,,,,,,,,,,,17,13,PASS
,,,DIE,,,,,,,,,,,,,,,,,,,,,,16,14,PASS
,,,DIE,,,,,,,,,,,,,,,,,,,,,,17,14,PASS
,,,DIE,,,,,,,,,,,,,,,,,,,,,,16,15,PASS
,,,DIE,,,,,,,,,,,,,,,,,,,,,,17,15,PASS
,,,DIE,,,,,,,,,,,,,,,,,,,,,,16,16,PASS
,,,DIE,,,,,,,,,,,,,,,,,,,,,,17,16,PASS
,,,DIE,,,,,,,,,,,,,,,,,,,,,,16,17,PASS
,,,DIE,,,,,,,,,,,,,,,,,,,,,,17,17,PASS
,,,DIE,,,,,,,,,,,,,,,,,,,,,,18,-18,PASS
,,,DIE,,,,,,,,,,,,,,,,,,,,,,19,-18,PASS
,,,DIE,,,,,,,,,,,,,,,,,,,,,,18,-17,PASS
,,,DIE,,,,,,,,,,,,,,,,,,,,,,19,-17,PASS
,,,DIE,,,,,,,,,,,,,,,,,,,,,,18,-16,PASS
,,,DIE,,,,,,,,,,,,,,,,,,,,,,19,-16,PASS
,,,DIE,,,,,,,,,,,,,,,,,,,,,,18,-15,PASS
,,,DIE,,,,,,,,,,,,,,,,,,,,,,19,-15,PASS
,,,DIE,,,,,,,,,,,,,,,,,,,,,,18,-14,PASS
,,,DIE,,,,,,,,,,,,,,,,,,,,,,19,-14,PASS
,,,DIE,,,,,,,,,,,,,,,,,,,,,,18,-13,PASS
,,,DIE,,,,,,,,,,,,,,,,,,,,,,19,-13,PASS
,,,DIE,,,,,,,,,,,,,,,,,,,,,,18,-12,PASS
,,,DIE,,,,,,,,,,,,,,,,,,,,,,19,-12,PASS
,,,DIE,,,,,,,,,,,,,,,,,,,,,,18,-11,PASS
,,,DIE,,,,,,,,,,,,,,,,,,,,,,19,-11,PASS
,,,DIE,,,,,,,,,,,,,,,,,,,,,,18,-10,PASS
,,,DIE,,,,,,,,,,,,,,,,,,,,,,19,-10,PASS
,,,DIE,,,,,,,,,,,,,,,,,,,,,,18,-9,PASS
,,,DIE,,,,,,,,,,,,,,,,,,,,,,19,-9,PASS
,,,DIE,,,,,,,,,,,,,,,,,,,,,,18,-8,PASS
,,,DIE,,,,,,,,,,,,,,,,,,,,,,19,-8,PASS
,,,DIE,,,,,,,,,,,,,,,,,,,,,,18,-7,PASS
,,,DIE,,,,,,,,,,,,,,,,,,,,,,19,-7,PASS
,,,DIE,,,,,,,,,,,,,,,,,,,,,,18,-6,PASS
,,,DIE,,,,,,,,,,,,,,,,,,,,,,19,-6,PASS
,,,DIE,,,,,,,,,,,,,,,,,,,,,,18,-5,PASS
,,,DIE,,,,,,,,,,,,,,,,,,,,,,19,-5,PASS
,,,DIE,,,,,,,,,,,,,,,,,,,,,,18,-4,PASS
,,,DIE,,,,,,,,,,,,,,,,,,,,,,19,-4,PASS
,,,DIE,,,,,,,,,,,,,,,,,,,,,,18,-3,PASS
,,,DIE,,,,,,,,,,,,,,,,,,,,,,19,-3,PASS
,,,DIE,,,,,,,,,,,,,,,,,,,,,,18,-2,PASS
,,,DIE,,,,,,,,,,,,,,,,,,,,,,19,-2,PASS
,,,DIE,,,,,,,,,,,,,,,,,,,,,,18,-1,PASS
,,,DIE,,,,,,,,,,,,,,,,,,,,,,19,-1,PASS
,,,DIE,,,,,,,,,,,,,,,,,,,,,,18,0,PASS
,,,DIE,,,,,,,,,,,,,,,,,,,,,,19,0,PASS
,,,DIE,,,,,,,,,,,,,,,,,,,,,,18,1,PASS
,,,DIE,,,,,,,,,,,,,,,,,,,,,,19,1,PASS
,,,DIE,,,,,,,,,,,,,,,,,,,,,,18,2,PASS
,,,DIE,,,,,,,,,,,,,,,,,,,,,,19,2,PASS
,,,DIE,,,,,,,,,,,,,,,,,,,,,,18,3,PASS
,,,DIE,,,,,,,,,,,,,,,,,,,,,,19,3,PASS
,,,DIE,,,,,,,,,,,,,,,,,,,,,,18,4,PASS
,,,DIE,,,,,,,,,,,,,,,,,,,,,,19,4,PASS
,,,DIE,,,,,,,,,,,,,,,,,,,,,,18,5,PASS
,,,DIE,,,,,,,,,,,,,,,,,,,,,,19,5,PASS
,,,DIE,,,,,,,,,,,,,,,,,,,,,,18,6,PASS
,,,DIE,,,,,,,,,,,,,,,,,,,,,,19,6,PASS
,,,DIE,,,,,,,,,,,,,,,,,,,,,,18,7,PASS
,,,DIE,,,,,,,,,,,,,,,,,,,,,,19,7,PASS
,,,DIE,,,,,,,,,,,,,,,,,,,,,,18,8,PASS
,,,DIE,,,,,,,,,,,,,,,,,,,,,,19,8,PASS
,,,DIE,,,,,,,,,,,,,,,,,,,,,,18,9,PASS
,,,DIE,,,,,,,,,,,,,,,,,,,,,,19,9,PASS
,,,DIE,,,,,,,,,,,,,,,,,,,,,,18,10,PASS
,,,DIE,,,,,,,,,,,,,,,,,,,,,,19,10,PASS
,,,DIE,,,,,,,,,,,,,,,,,,,,,,18,11,PASS
,,,DIE,,,,,,,,,,,,,,,,,,,,,,19,11,PASS
,,,DIE,,,,,,,,,,,,,,,,,,,,,,18,12,PASS
,,,DIE,,,,,,,,,,,,,,,,,,,,,,19,12,PASS
,,,DIE,,,,,,,,,,,,,,,,,,,,,,18,13,PASS
,,,DIE,,,,,,,,,,,,,,,,,,,,,,19,13,PASS
,,,DIE,,,,,,,,,,,,,,,,,,,,,,18,14,PASS
,,,DIE,,,,,,,,,,,,,,,,,,,,,,19,14,PASS
,,,DIE,,,,,,,,,,,,,,,,,,,,,,18,15,PASS
,,,DIE,,,,,,,,,,,,,,,,,,,,,,19,15,PASS
,,,DIE,,,,,,,,,,,,,,,,,,,,,,18,16,PASS
,,,DIE,,,,,,,,,,,,,,,,,,,,,,19,16,PASS
,,,DIE,,,,,,,,,,,,,,,,,,,,,,18,17,PASS
,,,DIE,,,,,,,,,,,,,,,,,,,,,,19,17,FAIL
,,,DIE,,,,,,,,,,,,,,,,,,,,,,20,-16,PASS
,,,DIE,,,,,,,,,,,,,,,,,,,,,,21,-16,PASS
,,,DIE,,,,,,,,,,,,,,,,,,,,,,20,-15,PASS
,,,DIE,,,,,,,,,,,,,,,,,,,,,,21,-15,PASS
,,,DIE,,,,,,,,,,,,,,,,,,,,,,20,-14,PASS
,,,DIE,,,,,,,,,,,,,,,,,,,,,,21,-14,PASS
,,,DIE,,,,,,,,,,,,,,,,,,,,,,20,-13,PASS
,,,DIE,,,,,,,,,,,,,,,,,,,,,,21,-13,PASS
,,,DIE,,,,,,,,,,,,,,,,,,,,,,20,-12,PASS
,,,DIE,,,,,,,,,,,,,,,,,,,,,,21,-12,PASS
,,,DIE,,,,,,,,,,,,,,,,,,,,,,20,-11,PASS
,,,DIE,,,,,,,,,,,,,,,,,,,,,,21,-11,PASS
,,,DIE,,,,,,,,,,,,,,,,,,,,,,20,-10,PASS
,,,DIE,,,,,,,,,,,,,,,,,,,,,,21,-10,PASS
,,,DIE,,,,,,,,,,,,,,,,,,,,,,20,-9,PASS
,,,DIE,,,,,,,,,,,,,,,,,,,,,,21,-9,PASS
,,,DIE,,,,,,,,,,,,,,,,,,,,,,20,-8,PASS
,,,DIE,,,,,,,,,,,,,,,,,,,,,,21,-8,PASS
,,,DIE,,,,,,,,,,,,,,,,,,,,,,20,-7,PASS
,,,DIE,,,,,,,,,,,,,,,,,,,,,,21,-7,PASS
,,,DIE,,,,,,,,,,,,,,,,,,,,,,20,-6,PASS
,,,DIE,,,,,,,,,,,,,,,,,,,,,,21,-6,PASS
,,,DIE,,,,,,,,,,,,,,,,,,,,,,20,-5,PASS
,,,DIE,,,,,,,,,,,,,,,,,,,,,,21,-5,PASS
,,,DIE,,,,,,,,,,,,,,,,,,,,,,20,-4,PASS
,,,DIE,,,,,,,,,,,,,,,,,,,,,,21,-4,PASS
,,,DIE,,,,,,,,,,,,,,,,,,,,,,20,-3,PASS
,,,DIE,,,,,,,,,,,,,,,,,,,,,,21,-3,PASS
,,,DIE,,,,,,,,,,,,,,,,,,,,,,20,-2,PASS
,,,DIE,,,,,,,,,,,,,,,,,,,,,,21,-2,PASS
,,,DIE,,,,,,,,,,,,,,,,,,,,,,20,-1,PASS
,,,DIE,,,,,,,,,,,,,,,,,,,,,,21,-1,PASS
,,,DIE,,,,,,,,,,,,,,,,,,,,,,20,0,PASS
,,,DIE,,,,,,,,,,,,,,,,,,,,,,21,0,PASS
,,,DIE,,,,,,,,,,,,,,,,,,,,,,20,1,PASS
,,,DIE,,,,,,,,,,,,,,,,,,,,,,21,1,PASS
,,,DIE,,,,,,,,,,,,,,,,,,,,,,20,2,PASS
,,,DIE,,,,,,,,,,,,,,,,,,,,,,21,2,PASS
,,,DIE,,,,,,,,,,,,,,,,,,,,,,20,3,PASS
,,,DIE,,,,,,,,,,,,,,,,,,,,,,21,3,PASS
,,,DIE,,,,,,,,,,,,,,,,,,,,,,20,4,PASS
,,,DIE,,,,,,,,,,,,,,,,,,,,,,21,4,PASS
,,,DIE,,,,,,,,,,,,,,,,,,,,,,20,5,PASS
,,,DIE,,,,,,,,,,,,,,,,,,,,,,21,5,PASS
,,,DIE,,,,,,,,,,,,,,,,,,,,,,20,6,PASS
,,,DIE,,,,,,,,,,,,,,,,,,,,,,21,6,PASS
,,,DIE,,,,,,,,,,,,,,,,,,,,,,20,7,PASS
,,,DIE,,,,,,,,,,,,,,,,,,,,,,21,7,PASS
,,,DIE,,,,,,,,,,,,,,,,,,,,,,20,8,PASS
,,,DIE,,,,,,,,,,,,,,,,,,,,,,21,8,PASS
,,,DIE,,,,,,,,,,,,,,,,,,,,,,20,9,PASS
,,,DIE,,,,,,,,,,,,,,,,,,,,,,21,9,PASS
,,,DIE,,,,,,,,,,,,,,,,,,,,,,20,10,PASS
,,,DIE,,,,,,,,,,,,,,,,,,,,,,21,10,PASS
,,,DIE,,,,,,,,,,,,,,,,,,,,,,20,11,PASS
,,,DIE,,,,,,,,,,,,,,,,,,,,,,21,11,PASS
,,,DIE,,,,,,,,,,,,,,,,,,,,,,20,12,PASS
,,,DIE,,,,,,,,,,,,,,,,,,,,,,21,12,PASS
,,,DIE,,,,,,,,,,,,,,,,,,,,,,20,13,PASS
,,,DIE,,,,,,,,,,,,,,,,,,,,,,21,13,PASS
,,,DIE,,,,,,,,,,,,,,,,,,,,,,20,14,PASS
,,,DIE,,,,,,,,,,,,,,,,,,,,,,21,14,PASS
,,,DIE,,,,,,,,,,,,,,,,,,,,,,20,15,PASS
,,,DIE,,,,,,,,,,,,,,,,,,,,,,21,15,PASS
,,,DIE,,,,,,,,,,,,,,,,,,,,,,22,-16,PASS
,,,DIE,,,,,,,,,,,,,,,,,,,,,,23,-16,PASS
,,,DIE,,,,,,,,,,,,,,,,,,,,,,22,-15,PASS
,,,DIE,,,,,,,,,,,,,,,,,,,,,,23,-15,PASS
,,,DIE,,,,,,,,,,,,,,,,,,,,,,22,-14,PASS
,,,DIE,,,,,,,,,,,,,,,,,,,,,,23,-14,PASS
,,,DIE,,,,,,,,,,,,,,,,,,,,,,22,-13,PASS
,,,DIE,,,,,,,,,,,,,,,,,,,,,,23,-13,PASS
,,,DIE,,,,,,,,,,,,,,,,,,,,,,22,-12,PASS
,,,DIE,,,,,,,,,,,,,,,,,,,,,,23,-12,PASS
,,,DIE,,,,,,,,,,,,,,,,,,,,,,22,-11,PASS
,,,DIE,,,,,,,,,,,,,,,,,,,,,,23,-11,PASS
,,,DIE,,,,,,,,,,,,,,,,,,,,,,22,-10,PASS
,,,DIE,,,,,,,,,,,,,,,,,,,,,,23,-10,PASS
,,,DIE,,,,,,,,,,,,,,,,,,,,,,22,-9,PASS
,,,DIE,,,,,,,,,,,,,,,,,,,,,,23,-9,PASS
,,,DIE,,,,,,,,,,,,,,,,,,,,,,22,-8,PASS
,,,DIE,,,,,,,,,,,,,,,,,,,,,,23,-8,PASS
,,,DIE,,,,,,,,,,,,,,,,,,,,,,22,-7,PASS
,,,DIE,,,,,,,,,,,,,,,,,,,,,,23,-7,PASS
,,,DIE,,,,,,,,,,,,,,,,,,,,,,22,-6,PASS
,,,DIE,,,,,,,,,,,,,,,,,,,,,,23,-6,PASS
,,,DIE,,,,,,,,,,,,,,,,,,,,,,22,-5,PASS
,,,DIE,,,,,,,,,,,,,,,,,,,,,,23,-5,PASS
,,,DIE,,,,,,,,,,,,,,,,,,,,,,22,-4,PASS
,,,DIE,,,,,,,,,,,,,,,,,,,,,,23,-4,PASS
,,,DIE,,,,,,,,,,,,,,,,,,,,,,22,-3,PASS
,,,DIE,,,,,,,,,,,,,,,,,,,,,,23,-3,PASS
,,,DIE,,,,,,,,,,,,,,,,,,,,,,22,-2,PASS
,,,DIE,,,,,,,,,,,,,,,,,,,,,,23,-2,PASS
,,,DIE,,,,,,,,,,,,,,,,,,,,,,22,-1,PASS
,,,DIE,,,,,,,,,,,,,,,,,,,,,,23,-1,PASS
,,,DIE,,,,,,,,,,,,,,,,,,,,,,22,0,PASS
,,,DIE,,,,,,,,,,,,,,,,,,,,,,23,0,PASS
,,,DIE,,,,,,,,,,,,,,,,,,,,,,22,1,PASS
,,,DIE,,,,,,,,,,,,,,,,,,,,,,23,1,PASS
,,,DIE,,,,,,,,,,,,,,,,,,,,,,22,2,PASS
,,,DIE,,,,,,,,,,,,,,,,,,,,,,23,2,PASS
,,,DIE,,,,,,,,,,,,,,,,,,,,,,22,3,PASS
,,,DIE,,,,,,,,,,,,,,,,,,,,,,23,3,PASS
,,,DIE,,,,,,,,,,,,,,,,,,,,,,22,4,PASS
,,,DIE,,,,,,,,,,,,,,,,,,,,,,23,4,PASS
,,,DIE,,,,,,,,,,,,,,,,,,,,,,22,5,PASS
,,,DIE,,,,,,,,,,,,,,,,,,,,,,23,5,PASS
,,,DIE,,,,,,,,,,,,,,,,,,,,,,22,6,PASS
,,,DIE,,,,,,,,,,,,,,,,,,,,,,23,6,PASS
,,,DIE,,,,,,,,,,,,,,,,,,,,,,22,7,PASS
,,,DIE,,,,,,,,,,,,,,,,,,,,,,23,7,PASS
,,,DIE,,,,,,,,,,,,,,,,,,,,,,22,8,PASS
,,,DIE,,,,,,,,,,,,,,,,,,,,,,23,8,PASS
,,,DIE,,,,,,,,,,,,,,,,,,,,,,22,9,PASS
,,,DIE,,,,,,,,,,,,,,,,,,,,,,23,9,PASS
,,,DIE,,,,,,,,,,,,,,,,,,,,,,22,10,PASS
,,,DIE,,,,,,,,,,,,,,,,,,,,,,23,10,PASS
,,,DIE,,,,,,,,,,,,,,,,,,,,,,22,11,PASS
,,,DIE,,,,,,,,,,,,,,,,,,,,,,23,11,PASS
,,,DIE,,,,,,,,,,,,,,,,,,,,,,22,12,PASS
,,,DIE,,,,,,,,,,,,,,,,,,,,,,23,12,PASS
,,,DIE,,,,,,,,,,,,,,,,,,,,,,22,13,PASS
,,,DIE,,,,,,,,,,,,,,,,,,,,,,23,13,PASS
,,,DIE,,,,,,,,,,,,,,,,,,,,,,22,14,PASS
,,,DIE,,,,,,,,,,,,,,,,,,,,,,23,14,PASS
,,,DIE,,,,,,,,,,,,,,,,,,,,,,22,15,PASS
,,,DIE,,,,,,,,,,,,,,,,,,,,,,23,15,PASS
,,,DIE,,,,,,,,,,,,,,,,,,,,,,24,-16,PASS
,,,DIE,,,,,,,,,,,,,,,,,,,,,,25,-16,FAIL
,,,DIE,,,,,,,,,,,,,,,,,,,,,,24,-15,PASS
,,,DIE,,,,,,,,,,,,,,,,,,,,,,25,-15,PASS
,,,DIE,,,,,,,,,,,,,,,,,,,,,,24,-14,PASS
,,,DIE,,,,,,,,,,,,,,,,,,,,,,25,-14,PASS
,,,DIE,,,,,,,,,,,,,,,,,,,,,,24,-13,PASS
,,,DIE,,,,,,,,,,,,,,,,,,,,,,25,-13,PASS
,,,DIE,,,,,,,,,,,,,,,,,,,,,,24,-12,PASS
,,,DIE,,,,,,,,,,,,,,,,,,,,,,25,-12,PASS
,,,DIE,,,,,,,,,,,,,,,,,,,,,,24,-11,PASS
,,,DIE,,,,,,,,,,,,,,,,,,,,,,25,-11,PASS
,,,DIE,,,,,,,,,,,,,,,,,,,,,,24,-10,PASS
,,,DIE,,,,,,,,,,,,,,,,,,,,,,25,-10,PASS
,,,DIE,,,,,,,,,,,,,,,,,,,,,,24,-9,PASS
,,,DIE,,,,,,,,,,,,,,,,,,,,,,25,-9,PASS
,,,DIE,,,,,,,,,,,,,,,,,,,,,,24,-8,PASS
,,,DIE,,,,,,,,,,,,,,,,,,,,,,25,-8,PASS
,,,DIE,,,,,,,,,,,,,,,,,,,,,,24,-7,PASS
,,,DIE,,,,,,,,,,,,,,,,,,,,,,25,-7,PASS
,,,DIE,,,,,,,,,,,,,,,,,,,,,,24,-6,PASS
,,,DIE,,,,,,,,,,,,,,,,,,,,,,25,-6,PASS
,,,DIE,,,,,,,,,,,,,,,,,,,,,,24,-5,PASS
,,,DIE,,,,,,,,,,,,,,,,,,,,,,25,-5,PASS
,,,DIE,,,,,,,,,,,,,,,,,,,,,,24,-4,PASS
,,,DIE,,,,,,,,,,,,,,,,,,,,,,25,-4,PASS
,,,DIE,,,,,,,,,,,,,,,,,,,,,,24,-3,PASS
,,,DIE,,,,,,,,,,,,,,,,,,,,,,25,-3,PASS
,,,DIE,,,,,,,,,,,,,,,,,,,,,,24,-2,PASS
,,,DIE,,,,,,,,,,,,,,,,,,,,,,25,-2,PASS
,,,DIE,,,,,,,,,,,,,,,,,,,,,,24,-1,PASS
,,,DIE,,,,,,,,,,,,,,,,,,,,,,25,-1,PASS
,,,DIE,,,,,,,,,,,,,,,,,,,,,,24,0,PASS
,,,DIE,,,,,,,,,,,,,,,,,,,,,,25,0,PASS
,,,DIE,,,,,,,,,,,,,,,,,,,,,,24,1,PASS
,,,DIE,,,,,,,,,,,,,,,,,,,,,,25,1,PASS
,,,DIE,,,,,,,,,,,,,,,,,,,,,,24,2,PASS
,,,DIE,,,,,,,,,,,,,,,,,,,,,,25,2,PASS
,,,DIE,,,,,,,,,,,,,,,,,,,,,,24,3,PASS
,,,DIE,,,,,,,,,,,,,,,,,,,,,,25,3,PASS
,,,DIE,,,,,,,,,,,,,,,,,,,,,,24,4,PASS
,,,DIE,,,,,,,,,,,,,,,,,,,,,,25,4,PASS
,,,DIE,,,,,,,,,,,,,,,,,,,,,,24,5,PASS
,,,DIE,,,,,,,,,,,,,,,,,,,,,,25,5,PASS
,,,DIE,,,,,,,,,,,,,,,,,,,,,,24,6,PASS
,,,DIE,,,,,,,,,,,,,,,,,,,,,,25,6,PASS
,,,DIE,,,,,,,,,,,,,,,,,,,,,,24,7,PASS
,,,DIE,,,,,,,,,,,,,,,,,,,,,,25,7,PASS
,,,DIE,,,,,,,,,,,,,,,,,,,,,,24,8,PASS
,,,DIE,,,,,,,,,,,,,,,,,,,,,,25,8,PASS
,,,DIE,,,,,,,,,,,,,,,,,,,,,,24,9,PASS
,,,DIE,,,,,,,,,,,,,,,,,,,,,,25,9,PASS
,,,DIE,,,,,,,,,,,,,,,,,,,,,,24,10,PASS
,,,DIE,,,,,,,,,,,,,,,,,,,,,,25,10,PASS
,,,DIE,,,,,,,,,,,,,,,,,,,,,,24,11,PASS
,,,DIE,,,,,,,,,,,,,,,,,,,,,,25,11,PASS
,,,DIE,,,,,,,,,,,,,,,,,,,,,,24,12,PASS
,,,DIE,,,,,,,,,,,,,,,,,,,,,,25,12,PASS
,,,DIE,,,,,,,,,,,,,,,,,,,,,,24,13,PASS
,,,DIE,,,,,,,,,,,,,,,,,,,,,,25,13,PASS
,,,DIE,,,,,,,,,,,,,,,,,,,,,,24,14,PASS
,,,DIE,,,,,,,,,,,,,,,,,,,,,,25,14,PASS
,,,DIE,,,,,,,,,,,,,,,,,,,,,,24,15,PASS
,,,DIE,,,,,,,,,,,,,,,,,,,,,,25,15,FAIL
,,,DIE,,,,,,,,,,,,,,,,,,,,,,26,-14,PASS
,,,DIE,,,,,,,,,,,,,,,,,,,,,,27,-14,PASS
,,,DIE,,,,,,,,,,,,,,,,,,,,,,26,-13,PASS
,,,DIE,,,,,,,,,,,,,,,,,,,,,,27,-13,PASS
,,,DIE,,,,,,,,,,,,,,,,,,,,,,26,-12,PASS
,,,DIE,,,,,,,,,,,,,,,,,,,,,,27,-12,PASS
,,,DIE,,,,,,,,,,,,,,,,,,,,,,26,-11,PASS
,,,DIE,,,,,,,,,,,,,,,,,,,,,,27,-11,PASS
,,,DIE,,,,,,,,,,,,,,,,,,,,,,26,-10,PASS
,,,DIE,,,,,,,,,,,,,,,,,,,,,,27,-10,PASS
,,,DIE,,,,,,,,,,,,,,,,,,,,,,26,-9,PASS
,,,DIE,,,,,,,,,,,,,,,,,,,,,,27,-9,PASS
,,,DIE,,,,,,,,,,,,,,,,,,,,,,26,-8,PASS
,,,DIE,,,,,,,,,,,,,,,,,,,,,,27,-8,PASS
,,,DIE,,,,,,,,,,,,,,,,,,,,,,26,-7,PASS
,,,DIE,,,,,,,,,,,,,,,,,,,,,,27,-7,PASS
,,,DIE,,,,,,,,,,,,,,,,,,,,,,26,-6,PASS
,,,DIE,,,,,,,,,,,,,,,,,,,,,,27,-6,PASS
,,,DIE,,,,,,,,,,,,,,,,,,,,,,26,-5,PASS
,,,DIE,,,,,,,,,,,,,,,,,,,,,,27,-5,PASS
,,,DIE,,,,,,,,,,,,,,,,,,,,,,26,-4,PASS
,,,DIE,,,,,,,,,,,,,,,,,,,,,,27,-4,PASS
,,,DIE,,,,,,,,,,,,,,,,,,,,,,26,-3,PASS
,,,DIE,,,,,,,,,,,,,,,,,,,,,,27,-3,PASS
,,,DIE,,,,,,,,,,,,,,,,,,,,,,26,-2,PASS
,,,DIE,,,,,,,,,,,,,,,,,,,,,,27,-2,PASS
,,,DIE,,,,,,,,,,,,,,,,,,,,,,26,-1,PASS
,,,DIE,,,,,,,,,,,,,,,,,,,,,,27,-1,PASS
,,,DIE,,,,,,,,,,,,,,,,,,,,,,26,0,PASS
,,,DIE,,,,,,,,,,,,,,,,,,,,,,27,0,PASS
,,,DIE,,,,,,,,,,,,,,,,,,,,,,26,1,PASS
,,,DIE,,,,,,,,,,,,,,,,,,,,,,27,1,PASS
,,,DIE,,,,,,,,,,,,,,,,,,,,,,26,2,PASS
,,,DIE,,,,,,,,,,,,,,,,,,,,,,27,2,PASS
,,,DIE,,,,,,,,,,,,,,,,,,,,,,26,3,PASS
,,,DIE,,,,,,,,,,,,,,,,,,,,,,27,3,PASS
,,,DIE,,,,,,,,,,,,,,,,,,,,,,26,4,PASS
,,,DIE,,,,,,,,,,,,,,,,,,,,,,27,4,PASS
,,,DIE,,,,,,,,,,,,,,,,,,,,,,26,5,PASS
,,,DIE,,,,,,,,,,,,,,,,,,,,,,27,5,PASS
,,,DIE,,,,,,,,,,,,,,,,,,,,,,26,6,PASS
,,,DIE,,,,,,,,,,,,,,,,,,,,,,27,6,PASS
,,,DIE,,,,,,,,,,,,,,,,,,,,,,26,7,PASS
,,,DIE,,,,,,,,,,,,,,,,,,,,,,27,7,PASS
,,,DIE,,,,,,,,,,,,,,,,,,,,,,26,8,PASS
,,,DIE,,,,,,,,,,,,,,,,,,,,,,27,8,PASS
,,,DIE,,,,,,,,,,,,,,,,,,,,,,26,9,PASS
,,,DIE,,,,,,,,,,,,,,,,,,,,,,27,9,PASS
,,,DIE,,,,,,,,,,,,,,,,,,,,,,26,10,PASS
,,,DIE,,,,,,,,,,,,,,,,,,,,,,27,10,PASS
,,,DIE,,,,,,,,,,,,,,,,,,,,,,26,11,PASS
,,,DIE,,,,,,,,,,,,,,,,,,,,,,27,11,PASS
,,,DIE,,,,,,,,,,,,,,,,,,,,,,26,12,PASS
,,,DIE,,,,,,,,,,,,,,,,,,,,,,27,12,PASS
,,,DIE,,,,,,,,,,,,,,,,,,,,,,26,13,PASS
,,,DIE,,,,,,,,,,,,,,,,,,,,,,27,13,PASS
,,,DIE,,,,,,,,,,,,,,,,,,,,,,28,-14,PASS
,,,DIE,,,,,,,,,,,,,,,,,,,,,,29,-14,PASS
,,,DIE,,,,,,,,,,,,,,,,,,,,,,28,-13,PASS
,,,DIE,,,,,,,,,,,,,,,,,,,,,,29,-13,PASS
,,,DIE,,,,,,,,,,,,,,,,,,,,,,28,-12,PASS
,,,DIE,,,,,,,,,,,,,,,,,,,,,,29,-12,PASS
,,,DIE,,,,,,,,,,,,,,,,,,,,,,28,-11,PASS
,,,DIE,,,,,,,,,,,,,,,,,,,,,,29,-11,PASS
,,,DIE,,,,,,,,,,,,,,,,,,,,,,28,-10,PASS
,,,DIE,,,,,,,,,,,,,,,,,,,,,,29,-10,PASS
,,,DIE,,,,,,,,,,,,,,,,,,,,,,28,-9,PASS
,,,DIE,,,,,,,,,,,,,,,,,,,,,,29,-9,PASS
,,,DIE,,,,,,,,,,,,,,,,,,,,,,28,-8,PASS
,,,DIE,,,,,,,,,,,,,,,,,,,,,,29,-8,PASS
,,,DIE,,,,,,,,,,,,,,,,,,,,,,28,-7,PASS
,,,DIE,,,,,,,,,,,,,,,,,,,,,,29,-7,PASS
,,,DIE,,,,,,,,,,,,,,,,,,,,,,28,-6,PASS
,,,DIE,,,,,,,,,,,,,,,,,,,,,,29,-6,PASS
,,,DIE,,,,,,,,,,,,,,,,,,,,,,28,-5,PASS
,,,DIE,,,,,,,,,,,,,,,,,,,,,,29,-5,PASS
,,,DIE,,,,,,,,,,,,,,,,,,,,,,28,-4,PASS
,,,DIE,,,,,,,,,,,,,,,,,,,,,,29,-4,PASS
,,,DIE,,,,,,,,,,,,,,,,,,,,,,28,-3,PASS
,,,DIE,,,,,,,,,,,,,,,,,,,,,,29,-3,PASS
,,,DIE,,,,,,,,,,,,,,,,,,,,,,28,-2,PASS
,,,DIE,,,,,,,,,,,,,,,,,,,,,,29,-2,PASS
,,,DIE,,,,,,,,,,,,,,,,,,,,,,28,-1,PASS
,,,DIE,,,,,,,,,,,,,,,,,,,,,,29,-1,PASS
,,,DIE,,,,,,,,,,,,,,,,,,,,,,28,0,PASS
,,,DIE,,,,,,,,,,,,,,,,,,,,,,29,0,PASS
,,,DIE,,,,,,,,,,,,,,,,,,,,,,28,1,PASS
,,,DIE,,,,,,,,,,,,,,,,,,,,,,29,1,PASS
,,,DIE,,,,,,,,,,,,,,,,,,,,,,28,2,PASS
,,,DIE,,,,,,,,,,,,,,,,,,,,,,29,2,PASS
,,,DIE,,,,,,,,,,,,,,,,,,,,,,28,3,PASS
,,,DIE,,,,,,,,,,,,,,,,,,,,,,29,3,PASS
,,,DIE,,,,,,,,,,,,,,,,,,,,,,28,4,PASS
,,,DIE,,,,,,,,,,,,,,,,,,,,,,29,4,PASS
,,,DIE,,,,,,,,,,,,,,,,,,,,,,28,5,PASS
,,,DIE,,,,,,,,,,,,,,,,,,,,,,29,5,PASS
,,,DIE,,,,,,,,,,,,,,,,,,,,,,28,6,PASS
,,,DIE,,,,,,,,,,,,,,,,,,,,,,29,6,PASS
,,,DIE,,,,,,,,,,,,,,,,,,,,,,28,7,PASS
,,,DIE,,,,,,,,,,,,,,,,,,,,,,29,7,PASS
,,,DIE,,,,,,,,,,,,,,,,,,,,,,28,8,PASS
,,,DIE,,,,,,,,,,,,,,,,,,,,,,29,8,PASS
,,,DIE,,,,,,,,,,,,,,,,,,,,,,28,9,PASS
,,,DIE,,,,,,,,,,,,,,,,,,,,,,29,9,PASS
,,,DIE,,,,,,,,,,,,,,,,,,,,,,28,10,PASS
,,,DIE,,,,,,,,,,,,,,,,,,,,,,29,10,PASS
,,,DIE,,,,,,,,,,,,,,,,,,,,,,28,11,PASS
,,,DIE,,,,,,,,,,,,,,,,,,,,,,29,11,PASS
,,,DIE,,,,,,,,,,,,,,,,,,,,,,28,12,PASS
,,,DIE,,,,,,,,,,,,,,,,,,,,,,29,12,PASS
,,,DIE,,,,,,,,,,,,,,,,,,,,,,28,13,PASS
,,,DIE,,,,,,,,,,,,,,,,,,,,,,29,13,PASS
,,,DIE,,,,,,,,,,,,,,,,,,,,,,30,-12,PASS
,,,DIE,,,,,,,,,,,,,,,,,,,,,,31,-12,PASS
,,,DIE,,,,,,,,,,,,,,,,,,,,,,30,-11,PASS
,,,DIE,,,,,,,,,,,,,,,,,,,,,,31,-11,PASS
,,,DIE,,,,,,,,,,,,,,,,,,,,,,30,-10,PASS
,,,DIE,,,,,,,,,,,,,,,,,,,,,,31,-10,PASS
,,,DIE,,,,,,,,,,,,,,,,,,,,,,30,-9,PASS
,,,DIE,,,,,,,,,,,,,,,,,,,,,,31,-9,PASS
,,,DIE,,,,,,,,,,,,,,,,,,,,,,30,-8,PASS
,,,DIE,,,,,,,,,,,,,,,,,,,,,,31,-8,PASS
,,,DIE,,,,,,,,,,,,,,,,,,,,,,30,-7,PASS
,,,DIE,,,,,,,,,,,,,,,,,,,,,,31,-7,PASS
,,,DIE,,,,,,,,,,,,,,,,,,,,,,30,-6,PASS
,,,DIE,,,,,,,,,,,,,,,,,,,,,,31,-6,PASS
,,,DIE,,,,,,,,,,,,,,,,,,,,,,30,-5,PASS
,,,DIE,,,,,,,,,,,,,,,,,,,,,,31,-5,PASS
,,,DIE,,,,,,,,,,,,,,,,,,,,,,30,-4,PASS
,,,DIE,,,,,,,,,,,,,,,,,,,,,,31,-4,PASS
,,,DIE,,,,,,,,,,,,,,,,,,,,,,30,-3,PASS
,,,DIE,,,,,,,,,,,,,,,,,,,,,,31,-3,PASS
,,,DIE,,,,,,,,,,,,,,,,,,,,,,30,-2,PASS
,,,DIE,,,,,,,,,,,,,,,,,,,,,,31,-2,PASS
,,,DIE,,,,,,,,,,,,,,,,,,,,,,30,-1,PASS
,,,DIE,,,,,,,,,,,,,,,,,,,,,,31,-1,PASS
,,,DIE,,,,,,,,,,,,,,,,,,,,,,30,0,PASS
,,,DIE,,,,,,,,,,,,,,,,,,,,,,31,0,PASS
,,,DIE,,,,,,,,,,,,,,,,,,,,,,30,1,PASS
,,,DIE,,,,,,,,,,,,,,,,,,,,,,31,1,PASS
,,,DIE,,,,,,,,,,,,,,,,,,,,,,30,2,PASS
,,,DIE,,,,,,,,,,,,,,,,,,,,,,31,2,PASS
,,,DIE,,,,,,,,,,,,,,,,,,,,,,30,3,PASS
,,,DIE,,,,,,,,,,,,,,,,,,,,,,31,3,PASS
,,,DIE,,,,,,,,,,,,,,,,,,,,,,30,4,PASS
,,,DIE,,,,,,,,,,,,,,,,,,,,,,31,4,PASS
,,,DIE,,,,,,,,,,,,,,,,,,,,,,30,5,PASS
,,,DIE,,,,,,,,,,,,,,,,,,,,,,31,5,PASS
,,,DIE,,,,,,,,,,,,,,,,,,,,,,30,6,PASS
,,,DIE,,,,,,,,,,,,,,,,,,,,,,31,6,PASS
,,,DIE,,,,,,,,,,,,,,,,,,,,,,30,7,PASS
,,,DIE,,,,,,,,,,,,,,,,,,,,,,31,7,PASS
,,,DIE,,,,,,,,,,,,,,,,,,,,,,30,8,PASS
,,,DIE,,,,,,,,,,,,,,,,,,,,,,31,8,PASS
,,,DIE,,,,,,,,,,,,,,,,,,,,,,30,9,PASS
,,,DIE,,,,,,,,,,,,,,,,,,,,,,31,9,PASS
,,,DIE,,,,,,,,,,,,,,,,,,,,,,30,10,PASS
,,,DIE,,,,,,,,,,,,,,,,,,,,,,31,10,PASS
,,,DIE,,,,,,,,,,,,,,,,,,,,,,30,11,PASS
,,,DIE,,,,,,,,,,,,,,,,,,,,,,31,11,PASS
,,,DIE,,,,,,,,,,,,,,,,,,,,,,30,12,PASS
,,,DIE,,,,,,,,,,,,,,,,,,,,,,31,12,PASS
,,,DIE,,,,,,,,,,,,,,,,,,,,,,30,13,PASS
,,,DIE,,,,,,,,,,,,,,,,,,,,,,31,13,FAIL
,,,DIE,,,,,,,,,,,,,,,,,,,,,,32,-12,PASS
,,,DIE,,,,,,,,,,,,,,,,,,,,,,33,-12,PASS
,,,DIE,,,,,,,,,,,,,,,,,,,,,,32,-11,PASS
,,,DIE,,,,,,,,,,,,,,,,,,,,,,33,-11,PASS
,,,DIE,,,,,,,,,,,,,,,,,,,,,,32,-10,PASS
,,,DIE,,,,,,,,,,,,,,,,,,,,,,33,-10,PASS
,,,DIE,,,,,,,,,,,,,,,,,,,,,,32,-9,PASS
,,,DIE,,,,,,,,,,,,,,,,,,,,,,33,-9,PASS
,,,DIE,,,,,,,,,,,,,,,,,,,,,,32,-8,PASS
,,,DIE,,,,,,,,,,,,,,,,,,,,,,33,-8,PASS
,,,DIE,,,,,,,,,,,,,,,,,,,,,,32,-7,PASS
,,,DIE,,,,,,,,,,,,,,,,,,,,,,33,-7,PASS
,,,DIE,,,,,,,,,,,,,,,,,,,,,,32,-6,PASS
,,,DIE,,,,,,,,,,,,,,,,,,,,,,33,-6,PASS
,,,DIE,,,,,,,,,,,,,,,,,,,,,,32,-5,PASS
,,,DIE,,,,,,,,,,,,,,,,,,,,,,33,-5,PASS
,,,DIE,,,,,,,,,,,,,,,,,,,,,,32,-4,PASS
,,,DIE,,,,,,,,,,,,,,,,,,,,,,33,-4,PASS
,,,DIE,,,,,,,,,,,,,,,,,,,,,,32,-3,PASS
,,,DIE,,,,,,,,,,,,,,,,,,,,,,33,-3,PASS
,,,DIE,,,,,,,,,,,,,,,,,,,,,,32,-2,PASS
,,,DIE,,,,,,,,,,,,,,,,,,,,,,33,-2,PASS
,,,DIE,,,,,,,,,,,,,,,,,,,,,,32,-1,PASS
,,,DIE,,,,,,,,,,,,,,,,,,,,,,33,-1,PASS
,,,DIE,,,,,,,,,,,,,,,,,,,,,,32,0,PASS
,,,DIE,,,,,,,,,,,,,,,,,,,,,,33,0,PASS
,,,DIE,,,,,,,,,,,,,,,,,,,,,,32,1,PASS
,,,DIE,,,,,,,,,,,,,,,,,,,,,,33,1,PASS
,,,DIE,,,,,,,,,,,,,,,,,,,,,,32,2,PASS
,,,DIE,,,,,,,,,,,,,,,,,,,,,,33,2,PASS
,,,DIE,,,,,,,,,,,,,,,,,,,,,,32,3,PASS
,,,DIE,,,,,,,,,,,,,,,,,,,,,,33,3,PASS
,,,DIE,,,,,,,,,,,,,,,,,,,,,,32,4,PASS
,,,DIE,,,,,,,,,,,,,,,,,,,,,,33,4,PASS
,,,DIE,,,,,,,,,,,,,,,,,,,,,,32,5,PASS
,,,DIE,,,,,,,,,,,,,,,,,,,,,,33,5,PASS
,,,DIE,,,,,,,,,,,,,,,,,,,,,,32,6,PASS
,,,DIE,,,,,,,,,,,,,,,,,,,,,,33,6,PASS
,,,DIE,,,,,,,,,,,,,,,,,,,,,,32,7,PASS
,,,DIE,,,,,,,,,,,,,,,,,,,,,,33,7,PASS
,,,DIE,,,,,,,,,,,,,,,,,,,,,,32,8,PASS
,,,DIE,,,,,,,,,,,,,,,,,,,,,,33,8,PASS
,,,DIE,,,,,,,,,,,,,,,,,,,,,,32,9,PASS
,,,DIE,,,,,,,,,,,,,,,,,,,,,,33,9,PASS
,,,DIE,,,,,,,,,,,,,,,,,,,,,,32,10,PASS
,,,DIE,,,,,,,,,,,,,,,,,,,,,,33,10,PASS
,,,DIE,,,,,,,,,,,,,,,,,,,,,,32,11,PASS
,,,DIE,,,,,,,,,,,,,,,,,,,,,,33,11,PASS
,,,DIE,,,,,,,,,,,,,,,,,,,,,,34,-10,PASS
,,,DIE,,,,,,,,,,,,,,,,,,,,,,35,-10,PASS
,,,DIE,,,,,,,,,,,,,,,,,,,,,,34,-9,PASS
,,,DIE,,,,,,,,,,,,,,,,,,,,,,35,-9,PASS
,,,DIE,,,,,,,,,,,,,,,,,,,,,,34,-8,PASS
,,,DIE,,,,,,,,,,,,,,,,,,,,,,35,-8,PASS
,,,DIE,,,,,,,,,,,,,,,,,,,,,,34,-7,PASS
,,,DIE,,,,,,,,,,,,,,,,,,,,,,35,-7,PASS
,,,DIE,,,,,,,,,,,,,,,,,,,,,,34,-6,PASS
,,,DIE,,,,,,,,,,,,,,,,,,,,,,35,-6,PASS
,,,DIE,,,,,,,,,,,,,,,,,,,,,,34,-5,PASS
,,,DIE,,,,,,,,,,,,,,,,,,,,,,35,-5,PASS
,,,DIE,,,,,,,,,,,,,,,,,,,,,,34,-4,PASS
,,,DIE,,,,,,,,,,,,,,,,,,,,,,35,-4,PASS
,,,DIE,,,,,,,,,,,,,,,,,,,,,,34,-3,PASS
,,,DIE,,,,,,,,,,,,,,,,,,,,,,35,-3,PASS
,,,DIE,,,,,,,,,,,,,,,,,,,,,,34,-2,PASS
,,,DIE,,,,,,,,,,,,,,,,,,,,,,35,-2,PASS
,,,DIE,,,,,,,,,,,,,,,,,,,,,,34,-1,PASS
,,,DIE,,,,,,,,,,,,,,,,,,,,,,35,-1,PASS
,,,DIE,,,,,,,,,,,,,,,,,,,,,,34,0,PASS
,,,DIE,,,,,,,,,,,,,,,,,,,,,,35,0,PASS
,,,DIE,,,,,,,,,,,,,,,,,,,,,,34,1,PASS
,,,DIE,,,,,,,,,,,,,,,,,,,,,,35,1,PASS
,,,DIE,,,,,,,,,,,,,,,,,,,,,,34,2,PASS
,,,DIE,,,,,,,,,,,,,,,,,,,,,,35,2,PASS
,,,DIE,,,,,,,,,,,,,,,,,,,,,,34,3,PASS
,,,DIE,,,,,,,,,,,,,,,,,,,,,,35,3,PASS
,,,DIE,,,,,,,,,,,,,,,,,,,,,,34,4,PASS
,,,DIE,,,,,,,,,,,,,,,,,,,,,,35,4,PASS
,,,DIE,,,,,,,,,,,,,,,,,,,,,,34,5,PASS
,,,DIE,,,,,,,,,,,,,,,,,,,,,,35,5,PASS
,,,DIE,,,,,,,,,,,,,,,,,,,,,,34,6,PASS
,,,DIE,,,,,,,,,,,,,,,,,,,,,,35,6,PASS
,,,DIE,,,,,,,,,,,,,,,,,,,,,,34,7,PASS
,,,DIE,,,,,,,,,,,,,,,,,,,,,,35,7,PASS
,,,DIE,,,,,,,,,,,,,,,,,,,,,,34,8,PASS
,,,DIE,,,,,,,,,,,,,,,,,,,,,,35,8,PASS
,,,DIE,,,,,,,,,,,,,,,,,,,,,,34,9,PASS
,,,DIE,,,,,,,,,,,,,,,,,,,,,,35,9,PASS
,,,DIE,,,,,,,,,,,,,,,,,,,,,,36,-10,PASS
,,,DIE,,,,,,,,,,,,,,,,,,,,,,37,-10,PASS
,,,DIE,,,,,,,,,,,,,,,,,,,,,,36,-9,PASS
,,,DIE,,,,,,,,,,,,,,,,,,,,,,37,-9,PASS
,,,DIE,,,,,,,,,,,,,,,,,,,,,,36,-8,PASS
,,,DIE,,,,,,,,,,,,,,,,,,,,,,37,-8,PASS
,,,DIE,,,,,,,,,,,,,,,,,,,,,,36,-7,PASS
,,,DIE,,,,,,,,,,,,,,,,,,,,,,37,-7,PASS
,,,DIE,,,,,,,,,,,,,,,,,,,,,,36,-6,PASS
,,,DIE,,,,,,,,,,,,,,,,,,,,,,37,-6,PASS
,,,DIE,,,,,,,,,,,,,,,,,,,,,,36,-5,PASS
,,,DIE,,,,,,,,,,,,,,,,,,,,,,37,-5,PASS
,,,DIE,,,,,,,,,,,,,,,,,,,,,,36,-4,PASS
,,,DIE,,,,,,,,,,,,,,,,,,,,,,37,-4,PASS
,,,DIE,,,,,,,,,,,,,,,,,,,,,,36,-3,PASS
,,,DIE,,,,,,,,,,,,,,,,,,,,,,37,-3,PASS
,,,DIE,,,,,,,,,,,,,,,,,,,,,,36,-2,PASS
,,,DIE,,,,,,,,,,,,,,,,,,,,,,37,-2,PASS
,,,DIE,,,,,,,,,,,,,,,,,,,,,,36,-1,PASS
,,,DIE,,,,,,,,,,,,,,,,,,,,,,37,-1,PASS
,,,DIE,,,,,,,,,,,,,,,,,,,,,,36,0,PASS
,,,DIE,,,,,,,,,,,,,,,,,,,,,,37,0,PASS
,,,DIE,,,,,,,,,,,,,,,,,,,,,,36,1,PASS
,,,DIE,,,,,,,,,,,,,,,,,,,,,,37,1,PASS
,,,DIE,,,,,,,,,,,,,,,,,,,,,,36,2,PASS
,,,DIE,,,,,,,,,,,,,,,,,,,,,,37,2,PASS
,,,DIE,,,,,,,,,,,,,,,,,,,,,,36,3,PASS
,,,DIE,,,,,,,,,,,,,,,,,,,,,,37,3,PASS
,,,DIE,,,,,,,,,,,,,,,,,,,,,,36,4,PASS
,,,DIE,,,,,,,,,,,,,,,,,,,,,,37,4,PASS
,,,DIE,,,,,,,,,,,,,,,,,,,,,,36,5,PASS
,,,DIE,,,,,,,,,,,,,,,,,,,,,,37,5,PASS
,,,DIE,,,,,,,,,,,,,,,,,,,,,,36,6,PASS
,,,DIE,,,,,,,,,,,,,,,,,,,,,,37,6,PASS
,,,DIE,,,,,,,,,,,,,,,,,,,,,,36,7,PASS
,,,DIE,,,,,,,,,,,,,,,,,,,,,,37,7,PASS
,,,DIE,,,,,,,,,,,,,,,,,,,,,,36,8,PASS
,,,DIE,,,,,,,,,,,,,,,,,,,,,,37,8,PASS
,,,DIE,,,,,,,,,,,,,,,,,,,,,,36,9,PASS
,,,DIE,,,,,,,,,,,,,,,,,,,,,,37,9,PASS
,,,DIE,,,,,,,,,,,,,,,,,,,,,,38,-8,PASS
,,,DIE,,,,,,,,,,,,,,,,,,,,,,39,-8,PASS
,,,DIE,,,,,,,,,,,,,,,,,,,,,,38,-7,PASS
,,,DIE,,,,,,,,,,,,,,,,,,,,,,39,-7,PASS
,,,DIE,,,,,,,,,,,,,,,,,,,,,,38,-6,PASS
,,,DIE,,,,,,,,,,,,,,,,,,,,,,39,-6,PASS
,,,DIE,,,,,,,,,,,,,,,,,,,,,,38,-5,PASS
,,,DIE,,,,,,,,,,,,,,,,,,,,,,39,-5,PASS
,,,DIE,,,,,,,,,,,,,,,,,,,,,,38,-4,PASS
,,,DIE,,,,,,,,,,,,,,,,,,,,,,39,-4,PASS
,,,DIE,,,,,,,,,,,,,,,,,,,,,,38,-3,PASS
,,,DIE,,,,,,,,,,,,,,,,,,,,,,39,-3,PASS
,,,DIE,,,,,,,,,,,,,,,,,,,,,,38,-2,PASS
,,,DIE,,,,,,,,,,,,,,,,,,,,,,39,-2,PASS
,,,DIE,,,,,,,,,,,,,,,,,,,,,,38,-1,PASS
,,,DIE,,,,,,,,,,,,,,,,,,,,,,39,-1,PASS
,,,DIE,,,,,,,,,,,,,,,,,,,,,,38,0,PASS
,,,DIE,,,,,,,,,,,,,,,,,,,,,,39,0,PASS
,,,DIE,,,,,,,,,,,,,,,,,,,,,,38,1,PASS
,,,DIE,,,,,,,,,,,,,,,,,,,,,,39,1,PASS
,,,DIE,,,,,,,,,,,,,,,,,,,,,,38,2,PASS
,,,DIE,,,,,,,,,,,,,,,,,,,,,,39,2,PASS
,,,DIE,,,,,,,,,,,,,,,,,,,,,,38,3,PASS
,,,DIE,,,,,,,,,,,,,,,,,,,,,,39,3,PASS
,,,DIE,,,,,,,,,,,,,,,,,,,,,,38,4,PASS
,,,DIE,,,,,,,,,,,,,,,,,,,,,,39,4,PASS
,,,DIE,,,,,,,,,,,,,,,,,,,,,,38,5,PASS
,,,DIE,,,,,,,,,,,,,,,,,,,,,,39,5,PASS
,,,DIE,,,,,,,,,,,,,,,,,,,,,,38,6,PASS
,,,DIE,,,,,,,,,,,,,,,,,,,,,,39,6,PASS
,,,DIE,,,,,,,,,,,,,,,,,,,,,,38,7,PASS
,,,DIE,,,,,,,,,,,,,,,,,,,,,,39,7,PASS
,,,DIE,,,,,,,,,,,,,,,,,,,,,,40,-4,PASS
,,,DIE,,,,,,,,,,,,,,,,,,,,,,41,-4,PASS
,,,DIE,,,,,,,,,,,,,,,,,,,,,,40,-3,PASS
,,,DIE,,,,,,,,,,,,,,,,,,,,,,41,-3,PASS
,,,DIE,,,,,,,,,,,,,,,,,,,,,,40,-2,PASS
,,,DIE,,,,,,,,,,,,,,,,,,,,,,41,-2,PASS
,,,DIE,,,,,,,,,,,,,,,,,,,,,,40,-1,PASS
,,,DIE,,,,,,,,,,,,,,,,,,,,,,41,-1,PASS
,,,DIE,,,,,,,,,,,,,,,,,,,,,,40,0,PASS
,,,DIE,,,,,,,,,,,,,,,,,,,,,,41,0,PASS
,,,DIE,,,,,,,,,,,,,,,,,,,,,,40,1,PASS
,,,DIE,,,,,,,,,,,,,,,,,,,,,,41,1,FAIL
,,,DIE,,,,,,,,,,,,,,,,,,,,,,40,2,PASS
,,,DIE,,,,,,,,,,,,,,,,,,,,,,41,2,PASS
,,,DIE,,,,,,,,,,,,,,,,,,,,,,40,3,PASS
,,,DIE,,,,,,,,,,,,,,,,,,,,,,41,3,PASS
