die,type,value,kind,system,ata_folder,map_source,probe_card,recipe,lot_id,wafer_id,total_dies,dies_tested,dies_passed,dies_failed,timestamp,step,mode,unit,die_id,switch,set_voltage,voltage,connection,instrument,row,col,status
,,,META,accretech,C:/automationproject\LAMPATA,Accretech,LaMP_HP_b,lamp_wholewafer,LMPD-1921QUAL,0126,633,2532,2501,31,,,,,,,,,,,,,
NA,current,6.45116e-11,RESULT,,,,LaMP_HP_b,lamp_wholewafer,,,,,,,2026-09-23 17:02:06,first,measure,A,NA,1,10.0,9.995193,4A06_4B05,SMU,-40,-6,
92-74,current,6.14705e-11,RESULT,,,,LaMP_HP_b,lamp_wholewafer,,,,,,,2026-09-23 17:02:06,second,measure,A,92-74,2,10.0,9.995209,4A08_4B07,SMU,-39,-6,
NA,current,6.07031e-11,RESULT,,,,LaMP_HP_b,lamp_wholewafer,,,,,,,2026-09-23 17:02:06,third,measure,A,NA,3,10.0,9.995243,2A07_2B08,SMU,-40,-5,
93-70,current,4.96414e-11,RESULT,,,,LaMP_HP_b,lamp_wholewafer,,,,,,,2026-09-23 17:02:06,fourth,measure,A,93-70,4,10.0,9.995275,2A05_2B06,SMU,-39,-5,
A3-01,current,6.00778e-11,RESULT,,,,LaMP_HP_b,lamp_wholewafer,,,,,,,2026-09-23 17:02:14,first,measure,A,A3-01,1,10.0,9.995205,4A06_4B05,SMU,-40,-4,
93-71,current,5.68718e-11,RESULT,,,,LaMP_HP_b,lamp_wholewafer,,,,,,,2026-09-23 17:02:14,second,measure,A,93-71,2,10.0,9.995208,4A08_4B07,SMU,-39,-4,
A3-02,current,5.11193e-11,RESULT,,,,LaMP_HP_b,lamp_wholewafer,,,,,,,2026-09-23 17:02:14,third,measure,A,A3-02,3,10.0,9.995183,2A07_2B08,SMU,-40,-3,
93-72,current,5.18696e-11,RESULT,,,,LaMP_HP_b,lamp_wholewafer,,,,,,,2026-09-23 17:02:14,fourth,measure,A,93-72,4,10.0,9.995211,2A05_2B06,SMU,-39,-3,
A3-03,current,5.78041e-11,RESULT,,,,LaMP_HP_b,lamp_wholewafer,,,,,,,2026-09-23 17:02:20,first,measure,A,A3-03,1,10.0,9.995234,4A06_4B05,SMU,-40,-2,
93-73,current,5.16991e-11,RESULT,,,,LaMP_HP_b,lamp_wholewafer,,,,,,,2026-09-23 17:02:20,second,measure,A,93-73,2,10.0,9.995162,4A08_4B07,SMU,-39,-2,
A3-04,current,5.33078e-11,RESULT,,,,LaMP_HP_b,lamp_wholewafer,,,,,,,2026-09-23 17:02:20,third,measure,A,A3-04,3,10.0,9.995152,2A07_2B08,SMU,-40,-1,
93-74,current,5.19833e-11,RESULT,,,,LaMP_HP_b,lamp_wholewafer,,,,,,,2026-09-23 17:02:20,fourth,measure,A,93-74,4,10.0,9.995152,2A05_2B06,SMU,-39,-1,
A4-00,current,5.21709e-11,RESULT,,,,LaMP_HP_b,lamp_wholewafer,,,,,,,2026-09-23 17:02:27,first,measure,A,A4-00,1,10.0,9.995174,4A06_4B05,SMU,-40,0,
94-70,current,5.39501e-11,RESULT,,,,LaMP_HP_b,lamp_wholewafer,,,,,,,2026-09-23 17:02:27,second,measure,A,94-70,2,10.0,9.995153,4A08_4B07,SMU,-39,0,
A4-01,current,4.84135e-11,RESULT,,,,LaMP_HP_b,lamp_wholewafer,,,,,,,2026-09-23 17:02:27,third,measure,A,A4-01,3,10.0,9.995187,2A07_2B08,SMU,-40,1,
94-71,current,4.92093e-11,RESULT,,,,LaMP_HP_b,lamp_wholewafer,,,,,,,2026-09-23 17:02:27,fourth,measure,A,94-71,4,10.0,9.995157,2A05_2B06,SMU,-39,1,
A4-02,current,5.13069e-11,RESULT,,,,LaMP_HP_b,lamp_wholewafer,,,,,,,2026-09-23 17:02:34,first,measure,A,A4-02,1,10.0,9.995201,4A06_4B05,SMU,-40,2,
94-72,current,5.14603e-11,RESULT,,,,LaMP_HP_b,lamp_wholewafer,,,,,,,2026-09-23 17:02:34,second,measure,A,94-72,2,10.0,9.99523,4A08_4B07,SMU,-39,2,
A4-03,current,4.42355e-11,RESULT,,,,LaMP_HP_b,lamp_wholewafer,,,,,,,2026-09-23 17:02:34,third,measure,A,A4-03,3,10.0,9.995223,2A07_2B08,SMU,-40,3,
94-73,current,5.02098e-11,RESULT,,,,LaMP_HP_b,lamp_wholewafer,,,,,,,2026-09-23 17:02:34,fourth,measure,A,94-73,4,10.0,9.995232,2A05_2B06,SMU,-39,3,
NA,current,5.15911e-11,RESULT,,,,LaMP_HP_b,lamp_wholewafer,,,,,,,2026-09-23 17:02:40,first,measure,A,NA,1,10.0,9.995262,4A06_4B05,SMU,-40,4,
94-74,current,5.5644e-11,RESULT,,,,LaMP_HP_b,lamp_wholewafer,,,,,,,2026-09-23 17:02:40,second,measure,A,94-74,2,10.0,9.995264,4A08_4B07,SMU,-39,4,
NA,current,3.55442e-11,RESULT,,,,LaMP_HP_b,lamp_wholewafer,,,,,,,2026-09-23 17:02:40,third,measure,A,NA,3,10.0,9.995229,2A07_2B08,SMU,-40,5,
95-70,current,5.33419e-11,RESULT,,,,LaMP_HP_b,lamp_wholewafer,,,,,,,2026-09-23 17:02:40,fourth,measure,A,95-70,4,10.0,9.995259,2A05_2B06,SMU,-39,5,
NA,current,5.68434e-11,RESULT,,,,LaMP_HP_b,lamp_wholewafer,,,,,,,2026-09-23 17:02:47,first,measure,A,NA,1,10.0,9.995129,4A06_4B05,SMU,-38,-8,
92-52,current,5.19492e-11,RESULT,,,,LaMP_HP_b,lamp_wholewafer,,,,,,,2026-09-23 17:02:47,second,measure,A,92-52,2,10.0,9.995111,4A08_4B07,SMU,-37,-8,
92-63,current,5.22562e-11,RESULT,,,,LaMP_HP_b,lamp_wholewafer,,,,,,,2026-09-23 17:02:47,third,measure,A,92-63,3,10.0,9.995165,2A07_2B08,SMU,-38,-7,
92-53,current,5.81451e-11,RESULT,,,,LaMP_HP_b,lamp_wholewafer,,,,,,,2026-09-23 17:02:47,fourth,measure,A,92-53,4,10.0,9.995122,2A05_2B06,SMU,-37,-7,
92-64,current,1.67591e-10,RESULT,,,,LaMP_HP_b,lamp_wholewafer,,,,,,,2026-09-23 17:02:53,first,measure,A,92-64,1,10.0,9.995157,4A06_4B05,SMU,-38,-6,
92-54,current,4.70436e-11,RESULT,,,,LaMP_HP_b,lamp_wholewafer,,,,,,,2026-09-23 17:02:53,second,measure,A,92-54,2,10.0,9.995131,4A08_4B07,SMU,-37,-6,
93-60,current,5.13921e-11,RESULT,,,,LaMP_HP_b,lamp_wholewafer,,,,,,,2026-09-23 17:02:53,third,measure,A,93-60,3,10.0,9.995143,2A07_2B08,SMU,-38,-5,
93-50,current,4.98062e-11,RESULT,,,,LaMP_HP_b,lamp_wholewafer,,,,,,,2026-09-23 17:02:53,fourth,measure,A,93-50,4,10.0,9.995195,2A05_2B06,SMU,-37,-5,
93-61,current,6.08566e-11,RESULT,,,,LaMP_HP_b,lamp_wholewafer,,,,,,,2026-09-23 17:03:00,first,measure,A,93-61,1,10.0,9.99509,4A06_4B05,SMU,-38,-4,
93-51,current,1.23413e-10,RESULT,,,,LaMP_HP_b,lamp_wholewafer,,,,,,,2026-09-23 17:03:00,second,measure,A,93-51,2,10.0,9.995122,4A08_4B07,SMU,-37,-4,
PCM,current,2.64492e-11,RESULT,,,,LaMP_HP_b,lamp_wholewafer,,,,,,,2026-09-23 17:03:00,third,measure,A,PCM,3,10.0,9.995097,2A07_2B08,SMU,-38,-3,
93-52,current,5.64796e-11,RESULT,,,,LaMP_HP_b,lamp_wholewafer,,,,,,,2026-09-23 17:03:00,fourth,measure,A,93-52,4,10.0,9.995133,2A05_2B06,SMU,-37,-3,
93-63,current,5.75199e-11,RESULT,,,,LaMP_HP_b,lamp_wholewafer,,,,,,,2026-09-23 17:03:07,first,measure,A,93-63,1,10.0,9.99514,4A06_4B05,SMU,-38,-2,
93-53,current,4.92037e-11,RESULT,,,,LaMP_HP_b,lamp_wholewafer,,,,,,,2026-09-23 17:03:07,second,measure,A,93-53,2,10.0,9.995117,4A08_4B07,SMU,-37,-2,
93-64,current,5.37909e-11,RESULT,,,,LaMP_HP_b,lamp_wholewafer,,,,,,,2026-09-23 17:03:07,third,measure,A,93-64,3,10.0,9.995128,2A07_2B08,SMU,-38,-1,
93-54,current,5.01245e-11,RESULT,,,,LaMP_HP_b,lamp_wholewafer,,,,,,,2026-09-23 17:03:07,fourth,measure,A,93-54,4,10.0,9.995093,2A05_2B06,SMU,-37,-1,
94-60,current,5.97993e-11,RESULT,,,,LaMP_HP_b,lamp_wholewafer,,,,,,,2026-09-23 17:03:13,first,measure,A,94-60,1,10.0,9.995199,4A06_4B05,SMU,-38,0,
94-50,current,5.52745e-11,RESULT,,,,LaMP_HP_b,lamp_wholewafer,,,,,,,2026-09-23 17:03:13,second,measure,A,94-50,2,10.0,9.99518,4A08_4B07,SMU,-37,0,
94-61,current,5.4024e-11,RESULT,,,,LaMP_HP_b,lamp_wholewafer,,,,,,,2026-09-23 17:03:13,third,measure,A,94-61,3,10.0,9.995184,2A07_2B08,SMU,-38,1,
94-51,current,5.69287e-11,RESULT,,,,LaMP_HP_b,lamp_wholewafer,,,,,,,2026-09-23 17:03:13,fourth,measure,A,94-51,4,10.0,9.995214,2A05_2B06,SMU,-37,1,
94-62,current,6.1226e-11,RESULT,,,,LaMP_HP_b,lamp_wholewafer,,,,,,,2026-09-23 17:03:20,first,measure,A,94-62,1,10.0,9.995257,4A06_4B05,SMU,-38,2,
94-52,current,5.85885e-11,RESULT,,,,LaMP_HP_b,lamp_wholewafer,,,,,,,2026-09-23 17:03:20,second,measure,A,94-52,2,10.0,9.995304,4A08_4B07,SMU,-37,2,
94-63,current,5.47857e-11,RESULT,,,,LaMP_HP_b,lamp_wholewafer,,,,,,,2026-09-23 17:03:20,third,measure,A,94-63,3,10.0,9.995272,2A07_2B08,SMU,-38,3,
94-53,current,5.16081e-11,RESULT,,,,LaMP_HP_b,lamp_wholewafer,,,,,,,2026-09-23 17:03:20,fourth,measure,A,94-53,4,10.0,9.995273,2A05_2B06,SMU,-37,3,
94-64,current,5.73209e-11,RESULT,,,,LaMP_HP_b,lamp_wholewafer,,,,,,,2026-09-23 17:03:26,first,measure,A,94-64,1,10.0,9.995234,4A06_4B05,SMU,-38,4,
94-54,current,5.1125e-11,RESULT,,,,LaMP_HP_b,lamp_wholewafer,,,,,,,2026-09-23 17:03:26,second,measure,A,94-54,2,10.0,9.995256,4A08_4B07,SMU,-37,4,
95-60,current,4.9306e-11,RESULT,,,,LaMP_HP_b,lamp_wholewafer,,,,,,,2026-09-23 17:03:26,third,measure,A,95-60,3,10.0,9.995162,2A07_2B08,SMU,-38,5,
95-50,current,4.92889e-11,RESULT,,,,LaMP_HP_b,lamp_wholewafer,,,,,,,2026-09-23 17:03:26,fourth,measure,A,95-50,4,10.0,9.995199,2A05_2B06,SMU,-37,5,
95-61,current,5.27223e-11,RESULT,,,,LaMP_HP_b,lamp_wholewafer,,,,,,,2026-09-23 17:03:33,first,measure,A,95-61,1,10.0,9.995214,4A06_4B05,SMU,-38,6,
95-51,current,5.22164e-11,RESULT,,,,LaMP_HP_b,lamp_wholewafer,,,,,,,2026-09-23 17:03:33,second,measure,A,95-51,2,10.0,9.995279,4A08_4B07,SMU,-37,6,
NA,current,3.89889e-11,RESULT,,,,LaMP_HP_b,lamp_wholewafer,,,,,,,2026-09-23 17:03:33,third,measure,A,NA,3,10.0,9.995272,2A07_2B08,SMU,-38,7,
95-52,current,4.84533e-11,RESULT,,,,LaMP_HP_b,lamp_wholewafer,,,,,,,2026-09-23 17:03:33,fourth,measure,A,95-52,4,10.0,9.995224,2A05_2B06,SMU,-37,7,
NA,current,5.6599e-11,RESULT,,,,LaMP_HP_b,lamp_wholewafer,,,,,,,2026-09-23 17:03:40,first,measure,A,NA,1,10.0,9.995286,4A06_4B05,SMU,-36,-10,
92-30,current,4.93799e-11,RESULT,,,,LaMP_HP_b,lamp_wholewafer,,,,,,,2026-09-23 17:03:40,second,measure,A,92-30,2,10.0,9.995249,4A08_4B07,SMU,-35,-10,
92-41,current,4.73904e-11,RESULT,,,,LaMP_HP_b,lamp_wholewafer,,,,,,,2026-09-23 17:03:40,third,measure,A,92-41,3,10.0,9.995309,2A07_2B08,SMU,-36,-9,
92-31,current,4.68958e-11,RESULT,,,,LaMP_HP_b,lamp_wholewafer,,,,,,,2026-09-23 17:03:40,fourth,measure,A,92-31,4,10.0,9.995265,2A05_2B06,SMU,-35,-9,
92-42,current,5.1466e-11,RESULT,,,,LaMP_HP_b,lamp_wholewafer,,,,,,,2026-09-23 17:03:46,first,measure,A,92-42,1,10.0,9.995241,4A06_4B05,SMU,-36,-8,
92-32,current,5.25006e-11,RESULT,,,,LaMP_HP_b,lamp_wholewafer,,,,,,,2026-09-23 17:03:46,second,measure,A,92-32,2,10.0,9.995176,4A08_4B07,SMU,-35,-8,
92-43,current,5.14319e-11,RESULT,,,,LaMP_HP_b,lamp_wholewafer,,,,,,,2026-09-23 17:03:46,third,measure,A,92-43,3,10.0,9.995258,2A07_2B08,SMU,-36,-7,
92-33,current,5.53086e-11,RESULT,,,,LaMP_HP_b,lamp_wholewafer,,,,,,,2026-09-23 17:03:46,fourth,measure,A,92-33,4,10.0,9.995258,2A05_2B06,SMU,-35,-7,
92-44,current,5.68889e-11,RESULT,,,,LaMP_HP_b,lamp_wholewafer,,,,,,,2026-09-23 17:03:53,first,measure,A,92-44,1,10.0,9.995249,4A06_4B05,SMU,-36,-6,
92-34,current,5.81849e-11,RESULT,,,,LaMP_HP_b,lamp_wholewafer,,,,,,,2026-09-23 17:03:53,second,measure,A,92-34,2,10.0,9.995218,4A08_4B07,SMU,-35,-6,
93-40,current,5.57577e-11,RESULT,,,,LaMP_HP_b,lamp_wholewafer,,,,,,,2026-09-23 17:03:53,third,measure,A,93-40,3,10.0,9.995271,2A07_2B08,SMU,-36,-5,
93-30,current,5.33703e-11,RESULT,,,,LaMP_HP_b,lamp_wholewafer,,,,,,,2026-09-23 17:03:53,fourth,measure,A,93-30,4,10.0,9.995229,2A05_2B06,SMU,-35,-5,
93-41,current,5.69401e-11,RESULT,,,,LaMP_HP_b,lamp_wholewafer,,,,,,,2026-09-23 17:03:59,first,measure,A,93-41,1,10.0,9.995189,4A06_4B05,SMU,-36,-4,
93-31,current,5.91342e-11,RESULT,,,,LaMP_HP_b,lamp_wholewafer,,,,,,,2026-09-23 17:03:59,second,measure,A,93-31,2,10.0,9.995111,4A08_4B07,SMU,-35,-4,
93-42,current,5.35067e-11,RESULT,,,,LaMP_HP_b,lamp_wholewafer,,,,,,,2026-09-23 17:03:59,third,measure,A,93-42,3,10.0,9.99514,2A07_2B08,SMU,-36,-3,
93-32,current,5.22562e-11,RESULT,,,,LaMP_HP_b,lamp_wholewafer,,,,,,,2026-09-23 17:03:59,fourth,measure,A,93-32,4,10.0,9.99506,2A05_2B06,SMU,-35,-3,
93-43,current,4.96527e-11,RESULT,,,,LaMP_HP_b,lamp_wholewafer,,,,,,,2026-09-23 17:04:06,first,measure,A,93-43,1,10.0,9.995156,4A06_4B05,SMU,-36,-2,
93-33,current,5.08294e-11,RESULT,,,,LaMP_HP_b,lamp_wholewafer,,,,,,,2026-09-23 17:04:06,second,measure,A,93-33,2,10.0,9.995143,4A08_4B07,SMU,-35,-2,
93-44,current,4.22347e-11,RESULT,,,,LaMP_HP_b,lamp_wholewafer,,,,,,,2026-09-23 17:04:06,third,measure,A,93-44,3,10.0,9.995139,2A07_2B08,SMU,-36,-1,
93-34,current,5.27962e-11,RESULT,,,,LaMP_HP_b,lamp_wholewafer,,,,,,,2026-09-23 17:04:06,fourth,measure,A,93-34,4,10.0,9.995172,2A05_2B06,SMU,-35,-1,
94-40,current,6.02938e-11,RESULT,,,,LaMP_HP_b,lamp_wholewafer,,,,,,,2026-09-23 17:04:12,first,measure,A,94-40,1,10.0,9.995077,4A06_4B05,SMU,-36,0,
94-30,current,5.59794e-11,RESULT,,,,LaMP_HP_b,lamp_wholewafer,,,,,,,2026-09-23 17:04:12,second,measure,A,94-30,2,10.0,9.995162,4A08_4B07,SMU,-35,0,
94-41,current,5.31259e-11,RESULT,,,,LaMP_HP_b,lamp_wholewafer,,,,,,,2026-09-23 17:04:12,third,measure,A,94-41,3,10.0,9.995159,2A07_2B08,SMU,-36,1,
94-31,current,5.16934e-11,RESULT,,,,LaMP_HP_b,lamp_wholewafer,,,,,,,2026-09-23 17:04:12,fourth,measure,A,94-31,4,10.0,9.99517,2A05_2B06,SMU,-35,1,
94-42,current,5.84635e-11,RESULT,,,,LaMP_HP_b,lamp_wholewafer,,,,,,,2026-09-23 17:04:19,first,measure,A,94-42,1,10.0,9.995155,4A06_4B05,SMU,-36,2,
94-32,current,5.56213e-11,RESULT,,,,LaMP_HP_b,lamp_wholewafer,,,,,,,2026-09-23 17:04:19,second,measure,A,94-32,2,10.0,9.995167,4A08_4B07,SMU,-35,2,
94-43,current,5.12102e-11,RESULT,,,,LaMP_HP_b,lamp_wholewafer,,,,,,,2026-09-23 17:04:19,third,measure,A,94-43,3,10.0,9.995169,2A07_2B08,SMU,-36,3,
94-33,current,5.49335e-11,RESULT,,,,LaMP_HP_b,lamp_wholewafer,,,,,,,2026-09-23 17:04:19,fourth,measure,A,94-33,4,10.0,9.995136,2A05_2B06,SMU,-35,3,
94-44,current,5.63489e-11,RESULT,,,,LaMP_HP_b,lamp_wholewafer,,,,,,,2026-09-23 17:04:26,first,measure,A,94-44,1,10.0,9.995139,4A06_4B05,SMU,-36,4,
94-34,current,5.62011e-11,RESULT,,,,LaMP_HP_b,lamp_wholewafer,,,,,,,2026-09-23 17:04:26,second,measure,A,94-34,2,10.0,9.995138,4A08_4B07,SMU,-35,4,
95-40,current,5.65819e-11,RESULT,,,,LaMP_HP_b,lamp_wholewafer,,,,,,,2026-09-23 17:04:26,third,measure,A,95-40,3,10.0,9.995131,2A07_2B08,SMU,-36,5,
95-30,current,5.61386e-11,RESULT,,,,LaMP_HP_b,lamp_wholewafer,,,,,,,2026-09-23 17:04:26,fourth,measure,A,95-30,4,10.0,9.995143,2A05_2B06,SMU,-35,5,
95-41,current,5.80201e-11,RESULT,,,,LaMP_HP_b,lamp_wholewafer,,,,,,,2026-09-23 17:04:32,first,measure,A,95-41,1,10.0,9.995116,4A06_4B05,SMU,-36,6,
95-31,current,5.38023e-11,RESULT,,,,LaMP_HP_b,lamp_wholewafer,,,,,,,2026-09-23 17:04:32,second,measure,A,95-31,2,10.0,9.995168,4A08_4B07,SMU,-35,6,
95-42,current,5.24494e-11,RESULT,,,,LaMP_HP_b,lamp_wholewafer,,,,,,,2026-09-23 17:04:32,third,measure,A,95-42,3,10.0,9.995131,2A07_2B08,SMU,-36,7,
95-32,current,5.40979e-11,RESULT,,,,LaMP_HP_b,lamp_wholewafer,,,,,,,2026-09-23 17:04:32,fourth,measure,A,95-32,4,10.0,9.995141,2A05_2B06,SMU,-35,7,
95-43,current,5.91115e-11,RESULT,,,,LaMP_HP_b,lamp_wholewafer,,,,,,,2026-09-23 17:04:39,first,measure,A,95-43,1,10.0,9.995208,4A06_4B05,SMU,-36,8,
95-33,current,5.17559e-11,RESULT,,,,LaMP_HP_b,lamp_wholewafer,,,,,,,2026-09-23 17:04:39,second,measure,A,95-33,2,10.0,9.995213,4A08_4B07,SMU,-35,8,
NA,current,4.71061e-11,RESULT,,,,LaMP_HP_b,lamp_wholewafer,,,,,,,2026-09-23 17:04:39,third,measure,A,NA,3,10.0,9.995227,2A07_2B08,SMU,-36,9,
95-34,current,5.53371e-11,RESULT,,,,LaMP_HP_b,lamp_wholewafer,,,,,,,2026-09-23 17:04:39,fourth,measure,A,95-34,4,10.0,9.995244,2A05_2B06,SMU,-35,9,
NA,current,6.22663e-11,RESULT,,,,LaMP_HP_b,lamp_wholewafer,,,,,,,2026-09-23 17:04:45,first,measure,A,NA,1,10.0,9.995258,4A06_4B05,SMU,-34,-12,
NA,current,5.50699e-11,RESULT,,,,LaMP_HP_b,lamp_wholewafer,,,,,,,2026-09-23 17:04:45,second,measure,A,NA,2,10.0,9.99531,4A08_4B07,SMU,-33,-12,
NA,current,5.65819e-11,RESULT,,,,LaMP_HP_b,lamp_wholewafer,,,,,,,2026-09-23 17:04:45,third,measure,A,NA,3,10.0,9.995348,2A07_2B08,SMU,-34,-11,
91-14,current,5.48084e-11,RESULT,,,,LaMP_HP_b,lamp_wholewafer,,,,,,,2026-09-23 17:04:45,fourth,measure,A,91-14,4,10.0,9.995373,2A05_2B06,SMU,-33,-11,
92-20,current,5.67581e-11,RESULT,,,,LaMP_HP_b,lamp_wholewafer,,,,,,,2026-09-23 17:04:52,first,measure,A,92-20,1,10.0,9.995333,4A06_4B05,SMU,-34,-10,
92-10,current,5.76563e-11,RESULT,,,,LaMP_HP_b,lamp_wholewafer,,,,,,,2026-09-23 17:04:52,second,measure,A,92-10,2,10.0,9.995317,4A08_4B07,SMU,-33,-10,
92-21,current,4.94424e-11,RESULT,,,,LaMP_HP_b,lamp_wholewafer,,,,,,,2026-09-23 17:04:52,third,measure,A,92-21,3,10.0,9.995321,2A07_2B08,SMU,-34,-9,
92-11,current,5.05168e-11,RESULT,,,,LaMP_HP_b,lamp_wholewafer,,,,,,,2026-09-23 17:04:52,fourth,measure,A,92-11,4,10.0,9.995371,2A05_2B06,SMU,-33,-9,
92-22,current,5.72754e-11,RESULT,,,,LaMP_HP_b,lamp_wholewafer,,,,,,,2026-09-23 17:04:59,first,measure,A,92-22,1,10.0,9.995329,4A06_4B05,SMU,-34,-8,
92-12,current,5.77359e-11,RESULT,,,,LaMP_HP_b,lamp_wholewafer,,,,,,,2026-09-23 17:04:59,second,measure,A,92-12,2,10.0,9.995295,4A08_4B07,SMU,-33,-8,
92-23,current,5.53882e-11,RESULT,,,,LaMP_HP_b,lamp_wholewafer,,,,,,,2026-09-23 17:04:59,third,measure,A,92-23,3,10.0,9.995291,2A07_2B08,SMU,-34,-7,
92-13,current,5.54962e-11,RESULT,,,,LaMP_HP_b,lamp_wholewafer,,,,,,,2026-09-23 17:04:59,fourth,measure,A,92-13,4,10.0,9.995265,2A05_2B06,SMU,-33,-7,
92-24,current,5.6815e-11,RESULT,,,,LaMP_HP_b,lamp_wholewafer,,,,,,,2026-09-23 17:05:05,first,measure,A,92-24,1,10.0,9.995298,4A06_4B05,SMU,-34,-6,
92-14,current,5.56724e-11,RESULT,,,,LaMP_HP_b,lamp_wholewafer,,,,,,,2026-09-23 17:05:05,second,measure,A,92-14,2,10.0,9.995291,4A08_4B07,SMU,-33,-6,
93-20,current,5.23244e-11,RESULT,,,,LaMP_HP_b,lamp_wholewafer,,,,,,,2026-09-23 17:05:05,third,measure,A,93-20,3,10.0,9.995306,2A07_2B08,SMU,-34,-5,
93-10,current,5.82531e-11,RESULT,,,,LaMP_HP_b,lamp_wholewafer,,,,,,,2026-09-23 17:05:05,fourth,measure,A,93-10,4,10.0,9.99539,2A05_2B06,SMU,-33,-5,
93-21,current,6.18684e-11,RESULT,,,,LaMP_HP_b,lamp_wholewafer,,,,,,,2026-09-23 17:05:12,first,measure,A,93-21,1,10.0,9.995327,4A06_4B05,SMU,-34,-4,
93-11,current,5.4581e-11,RESULT,,,,LaMP_HP_b,lamp_wholewafer,,,,,,,2026-09-23 17:05:12,second,measure,A,93-11,2,10.0,9.9953,4A08_4B07,SMU,-33,-4,
93-22,current,5.30577e-11,RESULT,,,,LaMP_HP_b,lamp_wholewafer,,,,,,,2026-09-23 17:05:12,third,measure,A,93-22,3,10.0,9.99524,2A07_2B08,SMU,-34,-3,
93-12,current,5.20799e-11,RESULT,,,,LaMP_HP_b,lamp_wholewafer,,,,,,,2026-09-23 17:05:12,fourth,measure,A,93-12,4,10.0,9.995195,2A05_2B06,SMU,-33,-3,
93-23,current,5.26711e-11,RESULT,,,,LaMP_HP_b,lamp_wholewafer,,,,,,,2026-09-23 17:05:18,first,measure,A,93-23,1,10.0,9.995181,4A06_4B05,SMU,-34,-2,
93-13,current,5.16081e-11,RESULT,,,,LaMP_HP_b,lamp_wholewafer,,,,,,,2026-09-23 17:05:18,second,measure,A,93-13,2,10.0,9.995235,4A08_4B07,SMU,-33,-2,
93-24,current,5.67695e-11,RESULT,,,,LaMP_HP_b,lamp_wholewafer,,,,,,,2026-09-23 17:05:18,third,measure,A,93-24,3,10.0,9.995282,2A07_2B08,SMU,-34,-1,
93-14,current,5.40638e-11,RESULT,,,,LaMP_HP_b,lamp_wholewafer,,,,,,,2026-09-23 17:05:18,fourth,measure,A,93-14,4,10.0,9.995229,2A05_2B06,SMU,-33,-1,
94-20,current,6.15159e-11,RESULT,,,,LaMP_HP_b,lamp_wholewafer,,,,,,,2026-09-23 17:05:25,first,measure,A,94-20,1,10.0,9.995246,4A06_4B05,SMU,-34,0,
94-10,current,5.7048e-11,RESULT,,,,LaMP_HP_b,lamp_wholewafer,,,,,,,2026-09-23 17:05:25,second,measure,A,94-10,2,10.0,9.995272,4A08_4B07,SMU,-33,0,
94-21,current,5.84805e-11,RESULT,,,,LaMP_HP_b,lamp_wholewafer,,,,,,,2026-09-23 17:05:25,third,measure,A,94-21,3,10.0,9.995231,2A07_2B08,SMU,-34,1,
94-11,current,5.70424e-11,RESULT,,,,LaMP_HP_b,lamp_wholewafer,,,,,,,2026-09-23 17:05:25,fourth,measure,A,94-11,4,10.0,9.995168,2A05_2B06,SMU,-33,1,
94-22,current,6.00153e-11,RESULT,,,,LaMP_HP_b,lamp_wholewafer,,,,,,,2026-09-23 17:05:32,first,measure,A,94-22,1,10.0,9.995158,4A06_4B05,SMU,-34,2,
94-12,current,6.0254e-11,RESULT,,,,LaMP_HP_b,lamp_wholewafer,,,,,,,2026-09-23 17:05:32,second,measure,A,94-12,2,10.0,9.995152,4A08_4B07,SMU,-33,2,
94-23,current,5.64285e-11,RESULT,,,,LaMP_HP_b,lamp_wholewafer,,,,,,,2026-09-23 17:05:32,third,measure,A,94-23,3,10.0,9.995211,2A07_2B08,SMU,-34,3,
94-13,current,5.60021e-11,RESULT,,,,LaMP_HP_b,lamp_wholewafer,,,,,,,2026-09-23 17:05:32,fourth,measure,A,94-13,4,10.0,9.99531,2A05_2B06,SMU,-33,3,
94-24,current,6.18286e-11,RESULT,,,,LaMP_HP_b,lamp_wholewafer,,,,,,,2026-09-23 17:05:38,first,measure,A,94-24,1,10.0,9.995162,4A06_4B05,SMU,-34,4,
94-14,current,5.70424e-11,RESULT,,,,LaMP_HP_b,lamp_wholewafer,,,,,,,2026-09-23 17:05:38,second,measure,A,94-14,2,10.0,9.995186,4A08_4B07,SMU,-33,4,
95-20,current,5.47175e-11,RESULT,,,,LaMP_HP_b,lamp_wholewafer,,,,,,,2026-09-23 17:05:38,third,measure,A,95-20,3,10.0,9.995242,2A07_2B08,SMU,-34,5,
95-10,current,5.72186e-11,RESULT,,,,LaMP_HP_b,lamp_wholewafer,,,,,,,2026-09-23 17:05:38,fourth,measure,A,95-10,4,10.0,9.995255,2A05_2B06,SMU,-33,5,
95-21,current,5.90944e-11,RESULT,,,,LaMP_HP_b,lamp_wholewafer,,,,,,,2026-09-23 17:05:45,first,measure,A,95-21,1,10.0,9.995222,4A06_4B05,SMU,-34,6,
95-11,current,5.66445e-11,RESULT,,,,LaMP_HP_b,lamp_wholewafer,,,,,,,2026-09-23 17:05:45,second,measure,A,95-11,2,10.0,9.995214,4A08_4B07,SMU,-33,6,
95-22,current,5.49221e-11,RESULT,,,,LaMP_HP_b,lamp_wholewafer,,,,,,,2026-09-23 17:05:45,third,measure,A,95-22,3,10.0,9.995243,2A07_2B08,SMU,-34,7,
95-12,current,5.11761e-11,RESULT,,,,LaMP_HP_b,lamp_wholewafer,,,,,,,2026-09-23 17:05:45,fourth,measure,A,95-12,4,10.0,9.995241,2A05_2B06,SMU,-33,7,
95-23,current,5.77415e-11,RESULT,,,,LaMP_HP_b,lamp_wholewafer,,,,,,,2026-09-23 17:05:51,first,measure,A,95-23,1,10.0,9.995205,4A06_4B05,SMU,-34,8,
95-13,current,5.76733e-11,RESULT,,,,LaMP_HP_b,lamp_wholewafer,,,,,,,2026-09-23 17:05:51,second,measure,A,95-13,2,10.0,9.995199,4A08_4B07,SMU,-33,8,
95-24,current,5.59567e-11,RESULT,,,,LaMP_HP_b,lamp_wholewafer,,,,,,,2026-09-23 17:05:51,third,measure,A,95-24,3,10.0,9.995193,2A07_2B08,SMU,-34,9,
95-14,current,5.20458e-11,RESULT,,,,LaMP_HP_b,lamp_wholewafer,,,,,,,2026-09-23 17:05:51,fourth,measure,A,95-14,4,10.0,9.99523,2A05_2B06,SMU,-33,9,
NA,current,5.47175e-11,RESULT,,,,LaMP_HP_b,lamp_wholewafer,,,,,,,2026-09-23 17:05:58,first,measure,A,NA,1,10.0,9.995141,4A06_4B05,SMU,-34,10,
96-10,current,5.35522e-11,RESULT,,,,LaMP_HP_b,lamp_wholewafer,,,,,,,2026-09-23 17:05:58,second,measure,A,96-10,2,10.0,9.99518,4A08_4B07,SMU,-33,10,
NA,current,9.64235e-11,RESULT,,,,LaMP_HP_b,lamp_wholewafer,,,,,,,2026-09-23 17:05:58,third,measure,A,NA,3,10.0,9.995207,2A07_2B08,SMU,-34,11,
NA,current,5.15286e-11,RESULT,,,,LaMP_HP_b,lamp_wholewafer,,,,,,,2026-09-23 17:05:58,fourth,measure,A,NA,4,10.0,9.995226,2A05_2B06,SMU,-33,11,
91-03,current,6.70696e-11,RESULT,,,,LaMP_HP_b,lamp_wholewafer,,,,,,,2026-09-23 17:06:05,first,measure,A,91-03,1,10.0,9.995161,4A06_4B05,SMU,-32,-12,
81-73,current,5.67354e-11,RESULT,,,,LaMP_HP_b,lamp_wholewafer,,,,,,,2026-09-23 17:06:05,second,measure,A,81-73,2,10.0,9.995146,4A08_4B07,SMU,-31,-12,
91-04,current,5.20458e-11,RESULT,,,,LaMP_HP_b,lamp_wholewafer,,,,,,,2026-09-23 17:06:05,third,measure,A,91-04,3,10.0,9.995157,2A07_2B08,SMU,-32,-11,
81-74,current,5.478e-11,RESULT,,,,LaMP_HP_b,lamp_wholewafer,,,,,,,2026-09-23 17:06:05,fourth,measure,A,81-74,4,10.0,9.995218,2A05_2B06,SMU,-31,-11,
92-00,current,6.32667e-11,RESULT,,,,LaMP_HP_b,lamp_wholewafer,,,,,,,2026-09-23 17:06:11,first,measure,A,92-00,1,10.0,9.995204,4A06_4B05,SMU,-32,-10,
82-70,current,5.92365e-11,RESULT,,,,LaMP_HP_b,lamp_wholewafer,,,,,,,2026-09-23 17:06:11,second,measure,A,82-70,2,10.0,9.995181,4A08_4B07,SMU,-31,-10,
92-01,current,5.12898e-11,RESULT,,,,LaMP_HP_b,lamp_wholewafer,,,,,,,2026-09-23 17:06:11,third,measure,A,92-01,3,10.0,9.99522,2A07_2B08,SMU,-32,-9,
82-71,current,5.48312e-11,RESULT,,,,LaMP_HP_b,lamp_wholewafer,,,,,,,2026-09-23 17:06:11,fourth,measure,A,82-71,4,10.0,9.995176,2A05_2B06,SMU,-31,-9,
92-02,current,5.90376e-11,RESULT,,,,LaMP_HP_b,lamp_wholewafer,,,,,,,2026-09-23 17:06:18,first,measure,A,92-02,1,10.0,9.995244,4A06_4B05,SMU,-32,-8,
82-72,current,5.85771e-11,RESULT,,,,LaMP_HP_b,lamp_wholewafer,,,,,,,2026-09-23 17:06:18,second,measure,A,82-72,2,10.0,9.995198,4A08_4B07,SMU,-31,-8,
92-03,current,5.7986e-11,RESULT,,,,LaMP_HP_b,lamp_wholewafer,,,,,,,2026-09-23 17:06:18,third,measure,A,92-03,3,10.0,9.995192,2A07_2B08,SMU,-32,-7,
82-73,current,5.65024e-11,RESULT,,,,LaMP_HP_b,lamp_wholewafer,,,,,,,2026-09-23 17:06:18,fourth,measure,A,82-73,4,10.0,9.995176,2A05_2B06,SMU,-31,-7,
92-04,current,6.49436e-11,RESULT,,,,LaMP_HP_b,lamp_wholewafer,,,,,,,2026-09-23 17:06:24,first,measure,A,92-04,1,10.0,9.995156,4A06_4B05,SMU,-32,-6,
82-74,current,6.30735e-11,RESULT,,,,LaMP_HP_b,lamp_wholewafer,,,,,,,2026-09-23 17:06:24,second,measure,A,82-74,2,10.0,9.995173,4A08_4B07,SMU,-31,-6,
93-00,current,5.85374e-11,RESULT,,,,LaMP_HP_b,lamp_wholewafer,,,,,,,2026-09-23 17:06:24,third,measure,A,93-00,3,10.0,9.995119,2A07_2B08,SMU,-32,-5,
83-70,current,5.54451e-11,RESULT,,,,LaMP_HP_b,lamp_wholewafer,,,,,,,2026-09-23 17:06:24,fourth,measure,A,83-70,4,10.0,9.995113,2A05_2B06,SMU,-31,-5,
93-01,current,6.49834e-11,RESULT,,,,LaMP_HP_b,lamp_wholewafer,,,,,,,2026-09-23 17:06:31,first,measure,A,93-01,1,10.0,9.995197,4A06_4B05,SMU,-32,-4,
83-71,current,5.87192e-11,RESULT,,,,LaMP_HP_b,lamp_wholewafer,,,,,,,2026-09-23 17:06:31,second,measure,A,83-71,2,10.0,9.995101,4A08_4B07,SMU,-31,-4,
93-02,current,5.72641e-11,RESULT,,,,LaMP_HP_b,lamp_wholewafer,,,,,,,2026-09-23 17:06:31,third,measure,A,93-02,3,10.0,9.995146,2A07_2B08,SMU,-32,-3,
83-72,current,5.38307e-11,RESULT,,,,LaMP_HP_b,lamp_wholewafer,,,,,,,2026-09-23 17:06:31,fourth,measure,A,83-72,4,10.0,9.995087,2A05_2B06,SMU,-31,-3,
93-03,current,5.29269e-11,RESULT,,,,LaMP_HP_b,lamp_wholewafer,,,,,,,2026-09-23 17:06:38,first,measure,A,93-03,1,10.0,9.995111,4A06_4B05,SMU,-32,-2,
83-73,current,5.74858e-11,RESULT,,,,LaMP_HP_b,lamp_wholewafer,,,,,,,2026-09-23 17:06:38,second,measure,A,83-73,2,10.0,9.995105,4A08_4B07,SMU,-31,-2,
93-04,current,5.6076e-11,RESULT,,,,LaMP_HP_b,lamp_wholewafer,,,,,,,2026-09-23 17:06:38,third,measure,A,93-04,3,10.0,9.995164,2A07_2B08,SMU,-32,-1,
83-74,current,5.67638e-11,RESULT,,,,LaMP_HP_b,lamp_wholewafer,,,,,,,2026-09-23 17:06:38,fourth,measure,A,83-74,4,10.0,9.995247,2A05_2B06,SMU,-31,-1,
94-00,current,6.33406e-11,RESULT,,,,LaMP_HP_b,lamp_wholewafer,,,,,,,2026-09-23 17:06:44,first,measure,A,94-00,1,10.0,9.995171,4A06_4B05,SMU,-32,0,
84-70,current,5.6923e-11,RESULT,,,,LaMP_HP_b,lamp_wholewafer,,,,,,,2026-09-23 17:06:44,second,measure,A,84-70,2,10.0,9.995178,4A08_4B07,SMU,-31,0,
94-01,current,5.77302e-11,RESULT,,,,LaMP_HP_b,lamp_wholewafer,,,,,,,2026-09-23 17:06:44,third,measure,A,94-01,3,10.0,9.995215,2A07_2B08,SMU,-32,1,
84-71,current,5.90774e-11,RESULT,,,,LaMP_HP_b,lamp_wholewafer,,,,,,,2026-09-23 17:06:44,fourth,measure,A,84-71,4,10.0,9.995218,2A05_2B06,SMU,-31,1,
94-02,current,6.32269e-11,RESULT,,,,LaMP_HP_b,lamp_wholewafer,,,,,,,2026-09-23 17:06:51,first,measure,A,94-02,1,10.0,9.995275,4A06_4B05,SMU,-32,2,
84-72,current,5.86567e-11,RESULT,,,,LaMP_HP_b,lamp_wholewafer,,,,,,,2026-09-23 17:06:51,second,measure,A,84-72,2,10.0,9.995312,4A08_4B07,SMU,-31,2,
94-03,current,6.0146e-11,RESULT,,,,LaMP_HP_b,lamp_wholewafer,,,,,,,2026-09-23 17:06:51,third,measure,A,94-03,3,10.0,9.995283,2A07_2B08,SMU,-32,3,
84-73,current,5.52973e-11,RESULT,,,,LaMP_HP_b,lamp_wholewafer,,,,,,,2026-09-23 17:06:51,fourth,measure,A,84-73,4,10.0,9.99521,2A05_2B06,SMU,-31,3,
94-04,current,6.19025e-11,RESULT,,,,LaMP_HP_b,lamp_wholewafer,,,,,,,2026-09-23 17:06:57,first,measure,A,94-04,1,10.0,9.995237,4A06_4B05,SMU,-32,4,
84-74,current,5.78495e-11,RESULT,,,,LaMP_HP_b,lamp_wholewafer,,,,,,,2026-09-23 17:06:57,second,measure,A,84-74,2,10.0,9.995252,4A08_4B07,SMU,-31,4,
95-00,current,5.59453e-11,RESULT,,,,LaMP_HP_b,lamp_wholewafer,,,,,,,2026-09-23 17:06:57,third,measure,A,95-00,3,10.0,9.995295,2A07_2B08,SMU,-32,5,
85-70,current,5.79291e-11,RESULT,,,,LaMP_HP_b,lamp_wholewafer,,,,,,,2026-09-23 17:06:57,fourth,measure,A,85-70,4,10.0,9.995254,2A05_2B06,SMU,-31,5,
95-01,current,6.49948e-11,RESULT,,,,LaMP_HP_b,lamp_wholewafer,,,,,,,2026-09-23 17:07:04,first,measure,A,95-01,1,10.0,9.995241,4A06_4B05,SMU,-32,6,
85-71,current,5.90433e-11,RESULT,,,,LaMP_HP_b,lamp_wholewafer,,,,,,,2026-09-23 17:07:04,second,measure,A,85-71,2,10.0,9.995241,4A08_4B07,SMU,-31,6,
95-02,current,5.69912e-11,RESULT,,,,LaMP_HP_b,lamp_wholewafer,,,,,,,2026-09-23 17:07:04,third,measure,A,95-02,3,10.0,9.995285,2A07_2B08,SMU,-32,7,
85-72,current,5.6491e-11,RESULT,,,,LaMP_HP_b,lamp_wholewafer,,,,,,,2026-09-23 17:07:04,fourth,measure,A,85-72,4,10.0,9.995345,2A05_2B06,SMU,-31,7,
95-03,current,6.28518e-11,RESULT,,,,LaMP_HP_b,lamp_wholewafer,,,,,,,2026-09-23 17:07:11,first,measure,A,95-03,1,10.0,9.995241,4A06_4B05,SMU,-32,8,
85-73,current,5.84521e-11,RESULT,,,,LaMP_HP_b,lamp_wholewafer,,,,,,,2026-09-23 17:07:11,second,measure,A,85-73,2,10.0,9.995235,4A08_4B07,SMU,-31,8,
95-04,current,5.56099e-11,RESULT,,,,LaMP_HP_b,lamp_wholewafer,,,,,,,2026-09-23 17:07:11,third,measure,A,95-04,3,10.0,9.995269,2A07_2B08,SMU,-32,9,
85-74,current,5.55417e-11,RESULT,,,,LaMP_HP_b,lamp_wholewafer,,,,,,,2026-09-23 17:07:11,fourth,measure,A,85-74,4,10.0,9.995197,2A05_2B06,SMU,-31,9,
96-00,current,6.26585e-11,RESULT,,,,LaMP_HP_b,lamp_wholewafer,,,,,,,2026-09-23 17:07:17,first,measure,A,96-00,1,10.0,9.995215,4A06_4B05,SMU,-32,10,
86-70,current,5.89012e-11,RESULT,,,,LaMP_HP_b,lamp_wholewafer,,,,,,,2026-09-23 17:07:17,second,measure,A,86-70,2,10.0,9.995254,4A08_4B07,SMU,-31,10,
96-01,current,5.13467e-11,RESULT,,,,LaMP_HP_b,lamp_wholewafer,,,,,,,2026-09-23 17:07:17,third,measure,A,96-01,3,10.0,9.99528,2A07_2B08,SMU,-32,11,
86-71,current,5.34669e-11,RESULT,,,,LaMP_HP_b,lamp_wholewafer,,,,,,,2026-09-23 17:07:17,fourth,measure,A,86-71,4,10.0,9.995273,2A05_2B06,SMU,-31,11,
NA,current,4.84704e-11,RESULT,,,,LaMP_HP_b,lamp_wholewafer,,,,,,,2026-09-23 17:07:24,first,measure,A,NA,1,10.0,9.995297,4A06_4B05,SMU,-30,-14,
NA,current,3.86365e-11,RESULT,,,,LaMP_HP_b,lamp_wholewafer,,,,,,,2026-09-23 17:07:24,second,measure,A,NA,2,10.0,9.995248,4A08_4B07,SMU,-29,-14,
81-62,current,5.24096e-11,RESULT,,,,LaMP_HP_b,lamp_wholewafer,,,,,,,2026-09-23 17:07:24,third,measure,A,81-62,3,10.0,9.995194,2A07_2B08,SMU,-30,-13,
81-52,current,5.05395e-11,RESULT,,,,LaMP_HP_b,lamp_wholewafer,,,,,,,2026-09-23 17:07:24,fourth,measure,A,81-52,4,10.0,9.995223,2A05_2B06,SMU,-29,-13,
81-63,current,5.95548e-11,RESULT,,,,LaMP_HP_b,lamp_wholewafer,,,,,,,2026-09-23 17:07:31,first,measure,A,81-63,1,10.0,9.995157,4A06_4B05,SMU,-30,-12,
81-53,current,5.36318e-11,RESULT,,,,LaMP_HP_b,lamp_wholewafer,,,,,,,2026-09-23 17:07:31,second,measure,A,81-53,2,10.0,9.995108,4A08_4B07,SMU,-29,-12,
81-64,current,5.62409e-11,RESULT,,,,LaMP_HP_b,lamp_wholewafer,,,,,,,2026-09-23 17:07:31,third,measure,A,81-64,3,10.0,9.995057,2A07_2B08,SMU,-30,-11,
81-54,current,5.50301e-11,RESULT,,,,LaMP_HP_b,lamp_wholewafer,,,,,,,2026-09-23 17:07:31,fourth,measure,A,81-54,4,10.0,9.995113,2A05_2B06,SMU,-29,-11,
82-60,current,5.9697e-11,RESULT,,,,LaMP_HP_b,lamp_wholewafer,,,,,,,2026-09-23 17:07:37,first,measure,A,82-60,1,10.0,9.995193,4A06_4B05,SMU,-30,-10,
82-50,current,5.54223e-11,RESULT,,,,LaMP_HP_b,lamp_wholewafer,,,,,,,2026-09-23 17:07:37,second,measure,A,82-50,2,10.0,9.995178,4A08_4B07,SMU,-29,-10,
82-61,current,5.37625e-11,RESULT,,,,LaMP_HP_b,lamp_wholewafer,,,,,,,2026-09-23 17:07:37,third,measure,A,82-61,3,10.0,9.995192,2A07_2B08,SMU,-30,-9,
82-51,current,5.67127e-11,RESULT,,,,LaMP_HP_b,lamp_wholewafer,,,,,,,2026-09-23 17:07:37,fourth,measure,A,82-51,4,10.0,9.99523,2A05_2B06,SMU,-29,-9,
82-62,current,5.71447e-11,RESULT,,,,LaMP_HP_b,lamp_wholewafer,,,,,,,2026-09-23 17:07:44,first,measure,A,82-62,1,10.0,9.995201,4A06_4B05,SMU,-30,-8,
82-52,current,5.57634e-11,RESULT,,,,LaMP_HP_b,lamp_wholewafer,,,,,,,2026-09-23 17:07:44,second,measure,A,82-52,2,10.0,9.995233,4A08_4B07,SMU,-29,-8,
82-63,current,5.38591e-11,RESULT,,,,LaMP_HP_b,lamp_wholewafer,,,,,,,2026-09-23 17:07:44,third,measure,A,82-63,3,10.0,9.995211,2A07_2B08,SMU,-30,-7,
82-53,current,5.53769e-11,RESULT,,,,LaMP_HP_b,lamp_wholewafer,,,,,,,2026-09-23 17:07:44,fourth,measure,A,82-53,4,10.0,9.995268,2A05_2B06,SMU,-29,-7,
82-64,current,6.29825e-11,RESULT,,,,LaMP_HP_b,lamp_wholewafer,,,,,,,2026-09-23 17:07:51,first,measure,A,82-64,1,10.0,9.995233,4A06_4B05,SMU,-30,-6,
82-54,current,6.2056e-11,RESULT,,,,LaMP_HP_b,lamp_wholewafer,,,,,,,2026-09-23 17:07:51,second,measure,A,82-54,2,10.0,9.995234,4A08_4B07,SMU,-29,-6,
83-60,current,5.80258e-11,RESULT,,,,LaMP_HP_b,lamp_wholewafer,,,,,,,2026-09-23 17:07:51,third,measure,A,83-60,3,10.0,9.995316,2A07_2B08,SMU,-30,-5,
83-50,current,5.79803e-11,RESULT,,,,LaMP_HP_b,lamp_wholewafer,,,,,,,2026-09-23 17:07:51,fourth,measure,A,83-50,4,10.0,9.995248,2A05_2B06,SMU,-29,-5,
83-61,current,6.16524e-11,RESULT,,,,LaMP_HP_b,lamp_wholewafer,,,,,,,2026-09-23 17:07:57,first,measure,A,83-61,1,10.0,9.995312,4A06_4B05,SMU,-30,-4,
83-51,current,5.87988e-11,RESULT,,,,LaMP_HP_b,lamp_wholewafer,,,,,,,2026-09-23 17:07:57,second,measure,A,83-51,2,10.0,9.995329,4A08_4B07,SMU,-29,-4,
83-62,current,5.96799e-11,RESULT,,,,LaMP_HP_b,lamp_wholewafer,,,,,,,2026-09-23 17:07:57,third,measure,A,83-62,3,10.0,9.995327,2A07_2B08,SMU,-30,-3,
83-52,current,5.63489e-11,RESULT,,,,LaMP_HP_b,lamp_wholewafer,,,,,,,2026-09-23 17:07:57,fourth,measure,A,83-52,4,10.0,9.995317,2A05_2B06,SMU,-29,-3,
83-63,current,4.94992e-11,RESULT,,,,LaMP_HP_b,lamp_wholewafer,,,,,,,2026-09-23 17:08:04,first,measure,A,83-63,1,10.0,9.995242,4A06_4B05,SMU,-30,-2,
83-53,current,5.41945e-11,RESULT,,,,LaMP_HP_b,lamp_wholewafer,,,,,,,2026-09-23 17:08:04,second,measure,A,83-53,2,10.0,9.99525,4A08_4B07,SMU,-29,-2,
83-64,current,5.83327e-11,RESULT,,,,LaMP_HP_b,lamp_wholewafer,,,,,,,2026-09-23 17:08:04,third,measure,A,83-64,3,10.0,9.995281,2A07_2B08,SMU,-30,-1,
83-54,current,5.7355e-11,RESULT,,,,LaMP_HP_b,lamp_wholewafer,,,,,,,2026-09-23 17:08:04,fourth,measure,A,83-54,4,10.0,9.995262,2A05_2B06,SMU,-29,-1,
84-60,current,5.98789e-11,RESULT,,,,LaMP_HP_b,lamp_wholewafer,,,,,,,2026-09-23 17:08:10,first,measure,A,84-60,1,10.0,9.995251,4A06_4B05,SMU,-30,0,
84-50,current,6.33918e-11,RESULT,,,,LaMP_HP_b,lamp_wholewafer,,,,,,,2026-09-23 17:08:10,second,measure,A,84-50,2,10.0,9.995306,4A08_4B07,SMU,-29,0,
84-61,current,5.44276e-11,RESULT,,,,LaMP_HP_b,lamp_wholewafer,,,,,,,2026-09-23 17:08:10,third,measure,A,84-61,3,10.0,9.995244,2A07_2B08,SMU,-30,1,
84-51,current,5.49392e-11,RESULT,,,,LaMP_HP_b,lamp_wholewafer,,,,,,,2026-09-23 17:08:10,fourth,measure,A,84-51,4,10.0,9.995174,2A05_2B06,SMU,-29,1,
84-62,current,6.04473e-11,RESULT,,,,LaMP_HP_b,lamp_wholewafer,,,,,,,2026-09-23 17:08:17,first,measure,A,84-62,1,10.0,9.995262,4A06_4B05,SMU,-30,2,
84-52,current,6.0362e-11,RESULT,,,,LaMP_HP_b,lamp_wholewafer,,,,,,,2026-09-23 17:08:17,second,measure,A,84-52,2,10.0,9.995297,4A08_4B07,SMU,-29,2,
84-63,current,5.48141e-11,RESULT,,,,LaMP_HP_b,lamp_wholewafer,,,,,,,2026-09-23 17:08:17,third,measure,A,84-63,3,10.0,9.995302,2A07_2B08,SMU,-30,3,
84-53,current,5.72186e-11,RESULT,,,,LaMP_HP_b,lamp_wholewafer,,,,,,,2026-09-23 17:08:17,fourth,measure,A,84-53,4,10.0,9.995252,2A05_2B06,SMU,-29,3,
84-64,current,5.98732e-11,RESULT,,,,LaMP_HP_b,lamp_wholewafer,,,,,,,2026-09-23 17:08:24,first,measure,A,84-64,1,10.0,9.995312,4A06_4B05,SMU,-30,4,
84-54,current,5.9714e-11,RESULT,,,,LaMP_HP_b,lamp_wholewafer,,,,,,,2026-09-23 17:08:24,second,measure,A,84-54,2,10.0,9.995249,4A08_4B07,SMU,-29,4,
85-60,current,5.55133e-11,RESULT,,,,LaMP_HP_b,lamp_wholewafer,,,,,,,2026-09-23 17:08:24,third,measure,A,85-60,3,10.0,9.995255,2A07_2B08,SMU,-30,5,
85-50,current,5.45413e-11,RESULT,,,,LaMP_HP_b,lamp_wholewafer,,,,,,,2026-09-23 17:08:24,fourth,measure,A,85-50,4,10.0,9.995245,2A05_2B06,SMU,-29,5,
85-61,current,6.25732e-11,RESULT,,,,LaMP_HP_b,lamp_wholewafer,,,,,,,2026-09-23 17:08:30,first,measure,A,85-61,1,10.0,9.995256,4A06_4B05,SMU,-30,6,
85-51,current,5.73493e-11,RESULT,,,,LaMP_HP_b,lamp_wholewafer,,,,,,,2026-09-23 17:08:30,second,measure,A,85-51,2,10.0,9.995239,4A08_4B07,SMU,-29,6,
85-62,current,5.62352e-11,RESULT,,,,LaMP_HP_b,lamp_wholewafer,,,,,,,2026-09-23 17:08:30,third,measure,A,85-62,3,10.0,9.99523,2A07_2B08,SMU,-30,7,
85-52,current,5.66274e-11,RESULT,,,,LaMP_HP_b,lamp_wholewafer,,,,,,,2026-09-23 17:08:30,fourth,measure,A,85-52,4,10.0,9.995234,2A05_2B06,SMU,-29,7,
85-63,current,5.98163e-11,RESULT,,,,LaMP_HP_b,lamp_wholewafer,,,,,,,2026-09-23 17:08:37,first,measure,A,85-63,1,10.0,9.995263,4A06_4B05,SMU,-30,8,
85-53,current,5.84066e-11,RESULT,,,,LaMP_HP_b,lamp_wholewafer,,,,,,,2026-09-23 17:08:37,second,measure,A,85-53,2,10.0,9.995281,4A08_4B07,SMU,-29,8,
85-64,current,5.57407e-11,RESULT,,,,LaMP_HP_b,lamp_wholewafer,,,,,,,2026-09-23 17:08:37,third,measure,A,85-64,3,10.0,9.995371,2A07_2B08,SMU,-30,9,
85-54,current,5.64057e-11,RESULT,,,,LaMP_HP_b,lamp_wholewafer,,,,,,,2026-09-23 17:08:37,fourth,measure,A,85-54,4,10.0,9.995308,2A05_2B06,SMU,-29,9,
86-60,current,5.89409e-11,RESULT,,,,LaMP_HP_b,lamp_wholewafer,,,,,,,2026-09-23 17:08:43,first,measure,A,86-60,1,10.0,9.995314,4A06_4B05,SMU,-30,10,
86-50,current,6.24709e-11,RESULT,,,,LaMP_HP_b,lamp_wholewafer,,,,,,,2026-09-23 17:08:43,second,measure,A,86-50,2,10.0,9.995383,4A08_4B07,SMU,-29,10,
86-61,current,1.14363e-10,RESULT,,,,LaMP_HP_b,lamp_wholewafer,,,,,,,2026-09-23 17:08:43,third,measure,A,86-61,3,10.0,9.995382,2A07_2B08,SMU,-30,11,
86-51,current,5.96628e-11,RESULT,,,,LaMP_HP_b,lamp_wholewafer,,,,,,,2026-09-23 17:08:43,fourth,measure,A,86-51,4,10.0,9.995337,2A05_2B06,SMU,-29,11,
86-62,current,6.18513e-11,RESULT,,,,LaMP_HP_b,lamp_wholewafer,,,,,,,2026-09-23 17:08:50,first,measure,A,86-62,1,10.0,9.995283,4A06_4B05,SMU,-30,12,
86-52,current,5.98845e-11,RESULT,,,,LaMP_HP_b,lamp_wholewafer,,,,,,,2026-09-23 17:08:50,second,measure,A,86-52,2,10.0,9.995245,4A08_4B07,SMU,-29,12,
NA,current,4.42981e-11,RESULT,,,,LaMP_HP_b,lamp_wholewafer,,,,,,,2026-09-23 17:08:50,third,measure,A,NA,3,10.0,9.995301,2A07_2B08,SMU,-30,13,
NA,current,4.7595e-11,RESULT,,,,LaMP_HP_b,lamp_wholewafer,,,,,,,2026-09-23 17:08:50,fourth,measure,A,NA,4,10.0,9.995295,2A05_2B06,SMU,-29,13,
81-41,current,6.45059e-11,RESULT,,,,LaMP_HP_b,lamp_wholewafer,,,,,,,2026-09-23 17:08:57,first,measure,A,81-41,1,10.0,9.995274,4A06_4B05,SMU,-28,-14,
81-31,current,5.7571e-11,RESULT,,,,LaMP_HP_b,lamp_wholewafer,,,,,,,2026-09-23 17:08:57,second,measure,A,81-31,2,10.0,9.995262,4A08_4B07,SMU,-27,-14,
81-42,current,5.13467e-11,RESULT,,,,LaMP_HP_b,lamp_wholewafer,,,,,,,2026-09-23 17:08:57,third,measure,A,81-42,3,10.0,9.995237,2A07_2B08,SMU,-28,-13,
81-32,current,5.62636e-11,RESULT,,,,LaMP_HP_b,lamp_wholewafer,,,,,,,2026-09-23 17:08:57,fourth,measure,A,81-32,4,10.0,9.995237,2A05_2B06,SMU,-27,-13,
81-43,current,5.87136e-11,RESULT,,,,LaMP_HP_b,lamp_wholewafer,,,,,,,2026-09-23 17:09:04,first,measure,A,81-43,1,10.0,9.99526,4A06_4B05,SMU,-28,-12,
81-33,current,5.38023e-11,RESULT,,,,LaMP_HP_b,lamp_wholewafer,,,,,,,2026-09-23 17:09:04,second,measure,A,81-33,2,10.0,9.99523,4A08_4B07,SMU,-27,-12,
81-44,current,5.81963e-11,RESULT,,,,LaMP_HP_b,lamp_wholewafer,,,,,,,2026-09-23 17:09:04,third,measure,A,81-44,3,10.0,9.995218,2A07_2B08,SMU,-28,-11,
81-34,current,5.94923e-11,RESULT,,,,LaMP_HP_b,lamp_wholewafer,,,,,,,2026-09-23 17:09:04,fourth,measure,A,81-34,4,10.0,9.995241,2A05_2B06,SMU,-27,-11,
82-40,current,6.44832e-11,RESULT,,,,LaMP_HP_b,lamp_wholewafer,,,,,,,2026-09-23 17:09:10,first,measure,A,82-40,1,10.0,9.99533,4A06_4B05,SMU,-28,-10,
82-30,current,5.74062e-11,RESULT,,,,LaMP_HP_b,lamp_wholewafer,,,,,,,2026-09-23 17:09:10,second,measure,A,82-30,2,10.0,9.99533,4A08_4B07,SMU,-27,-10,
82-41,current,5.90489e-11,RESULT,,,,LaMP_HP_b,lamp_wholewafer,,,,,,,2026-09-23 17:09:10,third,measure,A,82-41,3,10.0,9.995325,2A07_2B08,SMU,-28,-9,
82-31,current,5.95946e-11,RESULT,,,,LaMP_HP_b,lamp_wholewafer,,,,,,,2026-09-23 17:09:10,fourth,measure,A,82-31,4,10.0,9.995295,2A05_2B06,SMU,-27,-9,
82-42,current,6.10441e-11,RESULT,,,,LaMP_HP_b,lamp_wholewafer,,,,,,,2026-09-23 17:09:17,first,measure,A,82-42,1,10.0,9.995289,4A06_4B05,SMU,-28,-8,
82-32,current,6.11635e-11,RESULT,,,,LaMP_HP_b,lamp_wholewafer,,,,,,,2026-09-23 17:09:17,second,measure,A,82-32,2,10.0,9.99525,4A08_4B07,SMU,-27,-8,
82-43,current,5.74801e-11,RESULT,,,,LaMP_HP_b,lamp_wholewafer,,,,,,,2026-09-23 17:09:17,third,measure,A,82-43,3,10.0,9.995205,2A07_2B08,SMU,-28,-7,
82-33,current,5.78041e-11,RESULT,,,,LaMP_HP_b,lamp_wholewafer,,,,,,,2026-09-23 17:09:17,fourth,measure,A,82-33,4,10.0,9.995185,2A05_2B06,SMU,-27,-7,
82-44,current,6.27779e-11,RESULT,,,,LaMP_HP_b,lamp_wholewafer,,,,,,,2026-09-23 17:09:23,first,measure,A,82-44,1,10.0,9.9951,4A06_4B05,SMU,-28,-6,
82-34,current,6.18684e-11,RESULT,,,,LaMP_HP_b,lamp_wholewafer,,,,,,,2026-09-23 17:09:23,second,measure,A,82-34,2,10.0,9.995187,4A08_4B07,SMU,-27,-6,
83-40,current,5.92422e-11,RESULT,,,,LaMP_HP_b,lamp_wholewafer,,,,,,,2026-09-23 17:09:23,third,measure,A,83-40,3,10.0,9.995183,2A07_2B08,SMU,-28,-5,
83-30,current,6.19707e-11,RESULT,,,,LaMP_HP_b,lamp_wholewafer,,,,,,,2026-09-23 17:09:23,fourth,measure,A,83-30,4,10.0,9.995165,2A05_2B06,SMU,-27,-5,
83-41,current,1.19013e-10,RESULT,,,,LaMP_HP_b,lamp_wholewafer,,,,,,,2026-09-23 17:09:30,first,measure,A,83-41,1,10.0,9.995142,4A06_4B05,SMU,-28,-4,
83-31,current,6.77687e-11,RESULT,,,,LaMP_HP_b,lamp_wholewafer,,,,,,,2026-09-23 17:09:30,second,measure,A,83-31,2,10.0,9.995146,4A08_4B07,SMU,-27,-4,
83-42,current,6.21014e-11,RESULT,,,,LaMP_HP_b,lamp_wholewafer,,,,,,,2026-09-23 17:09:30,third,measure,A,83-42,3,10.0,9.995126,2A07_2B08,SMU,-28,-3,
83-32,current,5.87079e-11,RESULT,,,,LaMP_HP_b,lamp_wholewafer,,,,,,,2026-09-23 17:09:30,fourth,measure,A,83-32,4,10.0,9.995199,2A05_2B06,SMU,-27,-3,
83-43,current,6.11806e-11,RESULT,,,,LaMP_HP_b,lamp_wholewafer,,,,,,,2026-09-23 17:09:37,first,measure,A,83-43,1,10.0,9.99523,4A06_4B05,SMU,-28,-2,
83-33,current,5.78154e-11,RESULT,,,,LaMP_HP_b,lamp_wholewafer,,,,,,,2026-09-23 17:09:37,second,measure,A,83-33,2,10.0,9.995192,4A08_4B07,SMU,-27,-2,
83-44,current,5.7895e-11,RESULT,,,,LaMP_HP_b,lamp_wholewafer,,,,,,,2026-09-23 17:09:37,third,measure,A,83-44,3,10.0,9.995178,2A07_2B08,SMU,-28,-1,
83-34,current,5.77529e-11,RESULT,,,,LaMP_HP_b,lamp_wholewafer,,,,,,,2026-09-23 17:09:37,fourth,measure,A,83-34,4,10.0,9.995176,2A05_2B06,SMU,-27,-1,
84-40,current,6.23118e-11,RESULT,,,,LaMP_HP_b,lamp_wholewafer,,,,,,,2026-09-23 17:09:43,first,measure,A,84-40,1,10.0,9.99522,4A06_4B05,SMU,-28,0,
84-30,current,5.88955e-11,RESULT,,,,LaMP_HP_b,lamp_wholewafer,,,,,,,2026-09-23 17:09:43,second,measure,A,84-30,2,10.0,9.995175,4A08_4B07,SMU,-27,0,
84-41,current,6.02313e-11,RESULT,,,,LaMP_HP_b,lamp_wholewafer,,,,,,,2026-09-23 17:09:43,third,measure,A,84-41,3,10.0,9.995163,2A07_2B08,SMU,-28,1,
84-31,current,5.95833e-11,RESULT,,,,LaMP_HP_b,lamp_wholewafer,,,,,,,2026-09-23 17:09:43,fourth,measure,A,84-31,4,10.0,9.995176,2A05_2B06,SMU,-27,1,
84-42,current,6.26983e-11,RESULT,,,,LaMP_HP_b,lamp_wholewafer,,,,,,,2026-09-23 17:09:50,first,measure,A,84-42,1,10.0,9.995125,4A06_4B05,SMU,-28,2,
84-32,current,6.03166e-11,RESULT,,,,LaMP_HP_b,lamp_wholewafer,,,,,,,2026-09-23 17:09:50,second,measure,A,84-32,2,10.0,9.995136,4A08_4B07,SMU,-27,2,
84-43,current,6.0146e-11,RESULT,,,,LaMP_HP_b,lamp_wholewafer,,,,,,,2026-09-23 17:09:50,third,measure,A,84-43,3,10.0,9.99518,2A07_2B08,SMU,-28,3,
84-33,current,5.99698e-11,RESULT,,,,LaMP_HP_b,lamp_wholewafer,,,,,,,2026-09-23 17:09:50,fourth,measure,A,84-33,4,10.0,9.995144,2A05_2B06,SMU,-27,3,
84-44,current,6.50687e-11,RESULT,,,,LaMP_HP_b,lamp_wholewafer,,,,,,,2026-09-23 17:09:56,first,measure,A,84-44,1,10.0,9.995116,4A06_4B05,SMU,-28,4,
84-34,current,5.98277e-11,RESULT,,,,LaMP_HP_b,lamp_wholewafer,,,,,,,2026-09-23 17:09:56,second,measure,A,84-34,2,10.0,9.995143,4A08_4B07,SMU,-27,4,
85-40,current,5.73038e-11,RESULT,,,,LaMP_HP_b,lamp_wholewafer,,,,,,,2026-09-23 17:09:56,third,measure,A,85-40,3,10.0,9.995111,2A07_2B08,SMU,-28,5,
85-30,current,5.91172e-11,RESULT,,,,LaMP_HP_b,lamp_wholewafer,,,,,,,2026-09-23 17:09:56,fourth,measure,A,85-30,4,10.0,9.995162,2A05_2B06,SMU,-27,5,
85-41,current,5.98732e-11,RESULT,,,,LaMP_HP_b,lamp_wholewafer,,,,,,,2026-09-23 17:10:03,first,measure,A,85-41,1,10.0,9.995179,4A06_4B05,SMU,-28,6,
85-31,current,5.90262e-11,RESULT,,,,LaMP_HP_b,lamp_wholewafer,,,,,,,2026-09-23 17:10:03,second,measure,A,85-31,2,10.0,9.99517,4A08_4B07,SMU,-27,6,
85-42,current,5.4581e-11,RESULT,,,,LaMP_HP_b,lamp_wholewafer,,,,,,,2026-09-23 17:10:03,third,measure,A,85-42,3,10.0,9.995167,2A07_2B08,SMU,-28,7,
85-32,current,2.31898e-10,RESULT,,,,LaMP_HP_b,lamp_wholewafer,,,,,,,2026-09-23 17:10:03,fourth,measure,A,85-32,4,10.0,9.995134,2A05_2B06,SMU,-27,7,
85-43,current,7.03835e-11,RESULT,,,,LaMP_HP_b,lamp_wholewafer,,,,,,,2026-09-23 17:10:10,first,measure,A,85-43,1,10.0,9.995222,4A06_4B05,SMU,-28,8,
85-33,current,6.44718e-11,RESULT,,,,LaMP_HP_b,lamp_wholewafer,,,,,,,2026-09-23 17:10:10,second,measure,A,85-33,2,10.0,9.995154,4A08_4B07,SMU,-27,8,
85-44,current,5.96174e-11,RESULT,,,,LaMP_HP_b,lamp_wholewafer,,,,,,,2026-09-23 17:10:10,third,measure,A,85-44,3,10.0,9.995115,2A07_2B08,SMU,-28,9,
85-34,current,5.61499e-11,RESULT,,,,LaMP_HP_b,lamp_wholewafer,,,,,,,2026-09-23 17:10:10,fourth,measure,A,85-34,4,10.0,9.995117,2A05_2B06,SMU,-27,9,
86-40,current,6.32781e-11,RESULT,,,,LaMP_HP_b,lamp_wholewafer,,,,,,,2026-09-23 17:10:16,first,measure,A,86-40,1,10.0,9.995132,4A06_4B05,SMU,-28,10,
86-30,current,6.00267e-11,RESULT,,,,LaMP_HP_b,lamp_wholewafer,,,,,,,2026-09-23 17:10:16,second,measure,A,86-30,2,10.0,9.995119,4A08_4B07,SMU,-27,10,
86-41,current,5.71163e-11,RESULT,,,,LaMP_HP_b,lamp_wholewafer,,,,,,,2026-09-23 17:10:16,third,measure,A,86-41,3,10.0,9.995112,2A07_2B08,SMU,-28,11,
86-31,current,5.5627e-11,RESULT,,,,LaMP_HP_b,lamp_wholewafer,,,,,,,2026-09-23 17:10:16,fourth,measure,A,86-31,4,10.0,9.995129,2A05_2B06,SMU,-27,11,
86-42,current,5.9913e-11,RESULT,,,,LaMP_HP_b,lamp_wholewafer,,,,,,,2026-09-23 17:10:23,first,measure,A,86-42,1,10.0,9.995134,4A06_4B05,SMU,-28,12,
86-32,current,5.59908e-11,RESULT,,,,LaMP_HP_b,lamp_wholewafer,,,,,,,2026-09-23 17:10:23,second,measure,A,86-32,2,10.0,9.995147,4A08_4B07,SMU,-27,12,
86-43,current,4.92548e-11,RESULT,,,,LaMP_HP_b,lamp_wholewafer,,,,,,,2026-09-23 17:10:23,third,measure,A,86-43,3,10.0,9.995228,2A07_2B08,SMU,-28,13,
86-33,current,5.21254e-11,RESULT,,,,LaMP_HP_b,lamp_wholewafer,,,,,,,2026-09-23 17:10:23,fourth,measure,A,86-33,4,10.0,9.995302,2A05_2B06,SMU,-27,13,
NA,current,9.99995e-07,RESULT,,,,LaMP_HP_b,lamp_wholewafer,,,,,,,2026-09-23 17:10:30,first,measure,A,NA,1,10.0,0.1210686,4A06_4B05,SMU,-26,-16,
NA,current,9.99995e-07,RESULT,,,,LaMP_HP_b,lamp_wholewafer,,,,,,,2026-09-23 17:10:30,second,measure,A,NA,2,10.0,0.1191086,4A08_4B07,SMU,-25,-16,
NA,current,6.43752e-11,RESULT,,,,LaMP_HP_b,lamp_wholewafer,,,,,,,2026-09-23 17:10:30,third,measure,A,NA,3,10.0,9.995253,2A07_2B08,SMU,-26,-15,
81-10,current,5.60704e-11,RESULT,,,,LaMP_HP_b,lamp_wholewafer,,,,,,,2026-09-23 17:10:30,fourth,measure,A,81-10,4,10.0,9.995228,2A05_2B06,SMU,-25,-15,
81-21,current,6.3585e-11,RESULT,,,,LaMP_HP_b,lamp_wholewafer,,,,,,,2026-09-23 17:10:36,first,measure,A,81-21,1,10.0,9.995249,4A06_4B05,SMU,-26,-14,
81-11,current,5.58259e-11,RESULT,,,,LaMP_HP_b,lamp_wholewafer,,,,,,,2026-09-23 17:10:36,second,measure,A,81-11,2,10.0,9.995229,4A08_4B07,SMU,-25,-14,
PCM,current,2.39709e-11,RESULT,,,,LaMP_HP_b,lamp_wholewafer,,,,,,,2026-09-23 17:10:36,third,measure,A,PCM,3,10.0,9.995185,2A07_2B08,SMU,-26,-13,
81-12,current,5.47743e-11,RESULT,,,,LaMP_HP_b,lamp_wholewafer,,,,,,,2026-09-23 17:10:36,fourth,measure,A,81-12,4,10.0,9.995226,2A05_2B06,SMU,-25,-13,
81-23,current,5.99073e-11,RESULT,,,,LaMP_HP_b,lamp_wholewafer,,,,,,,2026-09-23 17:10:43,first,measure,A,81-23,1,10.0,9.99528,4A06_4B05,SMU,-26,-12,
81-13,current,5.94469e-11,RESULT,,,,LaMP_HP_b,lamp_wholewafer,,,,,,,2026-09-23 17:10:43,second,measure,A,81-13,2,10.0,9.995287,4A08_4B07,SMU,-25,-12,
81-24,current,5.52518e-11,RESULT,,,,LaMP_HP_b,lamp_wholewafer,,,,,,,2026-09-23 17:10:43,third,measure,A,81-24,3,10.0,9.995263,2A07_2B08,SMU,-26,-11,
81-14,current,5.6076e-11,RESULT,,,,LaMP_HP_b,lamp_wholewafer,,,,,,,2026-09-23 17:10:43,fourth,measure,A,81-14,4,10.0,9.995181,2A05_2B06,SMU,-25,-11,
82-20,current,6.21185e-11,RESULT,,,,LaMP_HP_b,lamp_wholewafer,,,,,,,2026-09-23 17:10:49,first,measure,A,82-20,1,10.0,9.995169,4A06_4B05,SMU,-26,-10,
82-10,current,6.02768e-11,RESULT,,,,LaMP_HP_b,lamp_wholewafer,,,,,,,2026-09-23 17:10:49,second,measure,A,82-10,2,10.0,9.995119,4A08_4B07,SMU,-25,-10,
82-21,current,5.88898e-11,RESULT,,,,LaMP_HP_b,lamp_wholewafer,,,,,,,2026-09-23 17:10:49,third,measure,A,82-21,3,10.0,9.995118,2A07_2B08,SMU,-26,-9,
82-11,current,5.49733e-11,RESULT,,,,LaMP_HP_b,lamp_wholewafer,,,,,,,2026-09-23 17:10:49,fourth,measure,A,82-11,4,10.0,9.995122,2A05_2B06,SMU,-25,-9,
82-22,current,6.26471e-11,RESULT,,,,LaMP_HP_b,lamp_wholewafer,,,,,,,2026-09-23 17:10:56,first,measure,A,82-22,1,10.0,9.995185,4A06_4B05,SMU,-26,-8,
82-12,current,5.79348e-11,RESULT,,,,LaMP_HP_b,lamp_wholewafer,,,,,,,2026-09-23 17:10:56,second,measure,A,82-12,2,10.0,9.995218,4A08_4B07,SMU,-25,-8,
82-23,current,5.76847e-11,RESULT,,,,LaMP_HP_b,lamp_wholewafer,,,,,,,2026-09-23 17:10:56,third,measure,A,82-23,3,10.0,9.995226,2A07_2B08,SMU,-26,-7,
82-13,current,5.81565e-11,RESULT,,,,LaMP_HP_b,lamp_wholewafer,,,,,,,2026-09-23 17:10:56,fourth,measure,A,82-13,4,10.0,9.995214,2A05_2B06,SMU,-25,-7,
82-24,current,6.35339e-11,RESULT,,,,LaMP_HP_b,lamp_wholewafer,,,,,,,2026-09-23 17:11:03,first,measure,A,82-24,1,10.0,9.995188,4A06_4B05,SMU,-26,-6,
82-14,current,6.04018e-11,RESULT,,,,LaMP_HP_b,lamp_wholewafer,,,,,,,2026-09-23 17:11:03,second,measure,A,82-14,2,10.0,9.995176,4A08_4B07,SMU,-25,-6,
83-20,current,5.76108e-11,RESULT,,,,LaMP_HP_b,lamp_wholewafer,,,,,,,2026-09-23 17:11:03,third,measure,A,83-20,3,10.0,9.995213,2A07_2B08,SMU,-26,-5,
83-10,current,5.50472e-11,RESULT,,,,LaMP_HP_b,lamp_wholewafer,,,,,,,2026-09-23 17:11:03,fourth,measure,A,83-10,4,10.0,9.99523,2A05_2B06,SMU,-25,-5,
83-21,current,6.01801e-11,RESULT,,,,LaMP_HP_b,lamp_wholewafer,,,,,,,2026-09-23 17:11:09,first,measure,A,83-21,1,10.0,9.995218,4A06_4B05,SMU,-26,-4,
83-11,current,5.66672e-11,RESULT,,,,LaMP_HP_b,lamp_wholewafer,,,,,,,2026-09-23 17:11:09,second,measure,A,83-11,2,10.0,9.995245,4A08_4B07,SMU,-25,-4,
PCM,current,2.37947e-11,RESULT,,,,LaMP_HP_b,lamp_wholewafer,,,,,,,2026-09-23 17:11:09,third,measure,A,PCM,3,10.0,9.995309,2A07_2B08,SMU,-26,-3,
83-12,current,5.66104e-11,RESULT,,,,LaMP_HP_b,lamp_wholewafer,,,,,,,2026-09-23 17:11:09,fourth,measure,A,83-12,4,10.0,9.995297,2A05_2B06,SMU,-25,-3,
83-23,current,6.25221e-11,RESULT,,,,LaMP_HP_b,lamp_wholewafer,,,,,,,2026-09-23 17:11:16,first,measure,A,83-23,1,10.0,9.995219,4A06_4B05,SMU,-26,-2,
83-13,current,5.67411e-11,RESULT,,,,LaMP_HP_b,lamp_wholewafer,,,,,,,2026-09-23 17:11:16,second,measure,A,83-13,2,10.0,9.995119,4A08_4B07,SMU,-25,-2,
83-24,current,5.93559e-11,RESULT,,,,LaMP_HP_b,lamp_wholewafer,,,,,,,2026-09-23 17:11:16,third,measure,A,83-24,3,10.0,9.995159,2A07_2B08,SMU,-26,-1,
83-14,current,6.1732e-11,RESULT,,,,LaMP_HP_b,lamp_wholewafer,,,,,,,2026-09-23 17:11:16,fourth,measure,A,83-14,4,10.0,9.995203,2A05_2B06,SMU,-25,-1,
84-20,current,2.55989e-10,RESULT,,,,LaMP_HP_b,lamp_wholewafer,,,,,,,2026-09-23 17:11:23,first,measure,A,84-20,1,10.0,9.995173,4A06_4B05,SMU,-26,0,
84-10,current,5.51665e-11,RESULT,,,,LaMP_HP_b,lamp_wholewafer,,,,,,,2026-09-23 17:11:23,second,measure,A,84-10,2,10.0,9.995199,4A08_4B07,SMU,-25,0,
84-21,current,6.05894e-11,RESULT,,,,LaMP_HP_b,lamp_wholewafer,,,,,,,2026-09-23 17:11:23,third,measure,A,84-21,3,10.0,9.995251,2A07_2B08,SMU,-26,1,
84-11,current,5.78552e-11,RESULT,,,,LaMP_HP_b,lamp_wholewafer,,,,,,,2026-09-23 17:11:23,fourth,measure,A,84-11,4,10.0,9.995234,2A05_2B06,SMU,-25,1,
84-22,current,6.46026e-11,RESULT,,,,LaMP_HP_b,lamp_wholewafer,,,,,,,2026-09-23 17:11:29,first,measure,A,84-22,1,10.0,9.995217,4A06_4B05,SMU,-26,2,
84-12,current,6.68365e-11,RESULT,,,,LaMP_HP_b,lamp_wholewafer,,,,,,,2026-09-23 17:11:29,second,measure,A,84-12,2,10.0,9.995169,4A08_4B07,SMU,-25,2,
84-23,current,6.15273e-11,RESULT,,,,LaMP_HP_b,lamp_wholewafer,,,,,,,2026-09-23 17:11:29,third,measure,A,84-23,3,10.0,9.995173,2A07_2B08,SMU,-26,3,
84-13,current,5.5104e-11,RESULT,,,,LaMP_HP_b,lamp_wholewafer,,,,,,,2026-09-23 17:11:29,fourth,measure,A,84-13,4,10.0,9.995184,2A05_2B06,SMU,-25,3,
84-24,current,6.74902e-11,RESULT,,,,LaMP_HP_b,lamp_wholewafer,,,,,,,2026-09-23 17:11:36,first,measure,A,84-24,1,10.0,9.995225,4A06_4B05,SMU,-26,4,
84-14,current,6.04814e-11,RESULT,,,,LaMP_HP_b,lamp_wholewafer,,,,,,,2026-09-23 17:11:36,second,measure,A,84-14,2,10.0,9.995223,4A08_4B07,SMU,-25,4,
85-20,current,5.88898e-11,RESULT,,,,LaMP_HP_b,lamp_wholewafer,,,,,,,2026-09-23 17:11:36,third,measure,A,85-20,3,10.0,9.995249,2A07_2B08,SMU,-26,5,
85-10,current,6.44604e-11,RESULT,,,,LaMP_HP_b,lamp_wholewafer,,,,,,,2026-09-23 17:11:36,fourth,measure,A,85-10,4,10.0,9.995232,2A05_2B06,SMU,-25,5,
85-21,current,6.16751e-11,RESULT,,,,LaMP_HP_b,lamp_wholewafer,,,,,,,2026-09-23 17:11:43,first,measure,A,85-21,1,10.0,9.995197,4A06_4B05,SMU,-26,6,
85-11,current,5.99982e-11,RESULT,,,,LaMP_HP_b,lamp_wholewafer,,,,,,,2026-09-23 17:11:43,second,measure,A,85-11,2,10.0,9.99516,4A08_4B07,SMU,-25,6,
PCM,current,2.76259e-11,RESULT,,,,LaMP_HP_b,lamp_wholewafer,,,,,,,2026-09-23 17:11:43,third,measure,A,PCM,3,10.0,9.995099,2A07_2B08,SMU,-26,7,
85-12,current,5.88557e-11,RESULT,,,,LaMP_HP_b,lamp_wholewafer,,,,,,,2026-09-23 17:11:43,fourth,measure,A,85-12,4,10.0,9.995142,2A05_2B06,SMU,-25,7,
85-23,current,6.047e-11,RESULT,,,,LaMP_HP_b,lamp_wholewafer,,,,,,,2026-09-23 17:11:49,first,measure,A,85-23,1,10.0,9.995195,4A06_4B05,SMU,-26,8,
85-13,current,6.19195e-11,RESULT,,,,LaMP_HP_b,lamp_wholewafer,,,,,,,2026-09-23 17:11:49,second,measure,A,85-13,2,10.0,9.995171,4A08_4B07,SMU,-25,8,
85-24,current,5.75028e-11,RESULT,,,,LaMP_HP_b,lamp_wholewafer,,,,,,,2026-09-23 17:11:49,third,measure,A,85-24,3,10.0,9.995161,2A07_2B08,SMU,-26,9,
85-14,current,5.50756e-11,RESULT,,,,LaMP_HP_b,lamp_wholewafer,,,,,,,2026-09-23 17:11:49,fourth,measure,A,85-14,4,10.0,9.995116,2A05_2B06,SMU,-25,9,
86-20,current,6.38181e-11,RESULT,,,,LaMP_HP_b,lamp_wholewafer,,,,,,,2026-09-23 17:11:56,first,measure,A,86-20,1,10.0,9.995122,4A06_4B05,SMU,-26,10,
86-10,current,5.79462e-11,RESULT,,,,LaMP_HP_b,lamp_wholewafer,,,,,,,2026-09-23 17:11:56,second,measure,A,86-10,2,10.0,9.995131,4A08_4B07,SMU,-25,10,
86-21,current,5.59055e-11,RESULT,,,,LaMP_HP_b,lamp_wholewafer,,,,,,,2026-09-23 17:11:56,third,measure,A,86-21,3,10.0,9.995187,2A07_2B08,SMU,-26,11,
86-11,current,5.41149e-11,RESULT,,,,LaMP_HP_b,lamp_wholewafer,,,,,,,2026-09-23 17:11:56,fourth,measure,A,86-11,4,10.0,9.995153,2A05_2B06,SMU,-25,11,
86-22,current,6.06008e-11,RESULT,,,,LaMP_HP_b,lamp_wholewafer,,,,,,,2026-09-23 17:12:02,first,measure,A,86-22,1,10.0,9.995221,4A06_4B05,SMU,-26,12,
86-12,current,5.40467e-11,RESULT,,,,LaMP_HP_b,lamp_wholewafer,,,,,,,2026-09-23 17:12:02,second,measure,A,86-12,2,10.0,9.995142,4A08_4B07,SMU,-25,12,
86-23,current,5.38705e-11,RESULT,,,,LaMP_HP_b,lamp_wholewafer,,,,,,,2026-09-23 17:12:02,third,measure,A,86-23,3,10.0,9.995169,2A07_2B08,SMU,-26,13,
86-13,current,5.11591e-11,RESULT,,,,LaMP_HP_b,lamp_wholewafer,,,,,,,2026-09-23 17:12:02,fourth,measure,A,86-13,4,10.0,9.995167,2A05_2B06,SMU,-25,13,
NA,current,5.26256e-11,RESULT,,,,LaMP_HP_b,lamp_wholewafer,,,,,,,2026-09-23 17:12:09,first,measure,A,NA,1,10.0,9.995117,4A06_4B05,SMU,-26,14,
86-14,current,5.04599e-11,RESULT,,,,LaMP_HP_b,lamp_wholewafer,,,,,,,2026-09-23 17:12:09,second,measure,A,86-14,2,10.0,9.995097,4A08_4B07,SMU,-25,14,
NA,current,9.99995e-07,RESULT,,,,LaMP_HP_b,lamp_wholewafer,,,,,,,2026-09-23 17:12:09,third,measure,A,NA,3,10.0,0.1156517,2A07_2B08,SMU,-26,15,
NA,current,9.99995e-07,RESULT,,,,LaMP_HP_b,lamp_wholewafer,,,,,,,2026-09-23 17:12:09,fourth,measure,A,NA,4,10.0,0.1141319,2A05_2B06,SMU,-25,15,
NA,current,9.99996e-07,RESULT,,,,LaMP_HP_b,lamp_wholewafer,,,,,,,2026-09-23 17:12:16,first,measure,A,NA,1,10.0,0.1133186,4A06_4B05,SMU,-24,-16,
70-74,current,6.38636e-11,RESULT,,,,LaMP_HP_b,lamp_wholewafer,,,,,,,2026-09-23 17:12:16,second,measure,A,70-74,2,10.0,9.995206,4A08_4B07,SMU,-23,-16,
81-00,current,5.60362e-11,RESULT,,,,LaMP_HP_b,lamp_wholewafer,,,,,,,2026-09-23 17:12:16,third,measure,A,81-00,3,10.0,9.995259,2A07_2B08,SMU,-24,-15,
71-70,current,5.74516e-11,RESULT,,,,LaMP_HP_b,lamp_wholewafer,,,,,,,2026-09-23 17:12:16,fourth,measure,A,71-70,4,10.0,9.995207,2A05_2B06,SMU,-23,-15,
81-01,current,6.21981e-11,RESULT,,,,LaMP_HP_b,lamp_wholewafer,,,,,,,2026-09-23 17:12:23,first,measure,A,81-01,1,10.0,9.995107,4A06_4B05,SMU,-24,-14,
71-71,current,5.76961e-11,RESULT,,,,LaMP_HP_b,lamp_wholewafer,,,,,,,2026-09-23 17:12:23,second,measure,A,71-71,2,10.0,9.995184,4A08_4B07,SMU,-23,-14,
81-02,current,5.95151e-11,RESULT,,,,LaMP_HP_b,lamp_wholewafer,,,,,,,2026-09-23 17:12:23,third,measure,A,81-02,3,10.0,9.99515,2A07_2B08,SMU,-24,-13,
71-72,current,6.04359e-11,RESULT,,,,LaMP_HP_b,lamp_wholewafer,,,,,,,2026-09-23 17:12:23,fourth,measure,A,71-72,4,10.0,9.995212,2A05_2B06,SMU,-23,-13,
81-03,current,6.14932e-11,RESULT,,,,LaMP_HP_b,lamp_wholewafer,,,,,,,2026-09-23 17:12:30,first,measure,A,81-03,1,10.0,9.995186,4A06_4B05,SMU,-24,-12,
71-73,current,6.76209e-11,RESULT,,,,LaMP_HP_b,lamp_wholewafer,,,,,,,2026-09-23 17:12:30,second,measure,A,71-73,2,10.0,9.995238,4A08_4B07,SMU,-23,-12,
81-04,current,6.59952e-11,RESULT,,,,LaMP_HP_b,lamp_wholewafer,,,,,,,2026-09-23 17:12:30,third,measure,A,81-04,3,10.0,9.995194,2A07_2B08,SMU,-24,-11,
71-74,current,6.34941e-11,RESULT,,,,LaMP_HP_b,lamp_wholewafer,,,,,,,2026-09-23 17:12:30,fourth,measure,A,71-74,4,10.0,9.995179,2A05_2B06,SMU,-23,-11,
82-00,current,6.58247e-11,RESULT,,,,LaMP_HP_b,lamp_wholewafer,,,,,,,2026-09-23 17:12:39,first,measure,A,82-00,1,10.0,9.995382,4A06_4B05,SMU,-24,-10,
72-70,current,6.21526e-11,RESULT,,,,LaMP_HP_b,lamp_wholewafer,,,,,,,2026-09-23 17:12:39,second,measure,A,72-70,2,10.0,9.995309,4A08_4B07,SMU,-23,-10,
82-01,current,5.44276e-11,RESULT,,,,LaMP_HP_b,lamp_wholewafer,,,,,,,2026-09-23 17:12:39,third,measure,A,82-01,3,10.0,9.995263,2A07_2B08,SMU,-24,-9,
72-71,current,5.80883e-11,RESULT,,,,LaMP_HP_b,lamp_wholewafer,,,,,,,2026-09-23 17:12:39,fourth,measure,A,72-71,4,10.0,9.995167,2A05_2B06,SMU,-23,-9,
82-02,current,6.33804e-11,RESULT,,,,LaMP_HP_b,lamp_wholewafer,,,,,,,2026-09-23 17:12:47,first,measure,A,82-02,1,10.0,9.995194,4A06_4B05,SMU,-24,-8,
72-72,current,5.94866e-11,RESULT,,,,LaMP_HP_b,lamp_wholewafer,,,,,,,2026-09-23 17:12:47,second,measure,A,72-72,2,10.0,9.995198,4A08_4B07,SMU,-23,-8,
82-03,current,6.16467e-11,RESULT,,,,LaMP_HP_b,lamp_wholewafer,,,,,,,2026-09-23 17:12:47,third,measure,A,82-03,3,10.0,9.995237,2A07_2B08,SMU,-24,-7,
72-73,current,6.25676e-11,RESULT,,,,LaMP_HP_b,lamp_wholewafer,,,,,,,2026-09-23 17:12:47,fourth,measure,A,72-73,4,10.0,9.995195,2A05_2B06,SMU,-23,-7,
82-04,current,6.7746e-11,RESULT,,,,LaMP_HP_b,lamp_wholewafer,,,,,,,2026-09-23 17:12:53,first,measure,A,82-04,1,10.0,9.995164,4A06_4B05,SMU,-24,-6,
72-74,current,6.4324e-11,RESULT,,,,LaMP_HP_b,lamp_wholewafer,,,,,,,2026-09-23 17:12:53,second,measure,A,72-74,2,10.0,9.995176,4A08_4B07,SMU,-23,-6,
83-00,current,6.27153e-11,RESULT,,,,LaMP_HP_b,lamp_wholewafer,,,,,,,2026-09-23 17:12:53,third,measure,A,83-00,3,10.0,9.995188,2A07_2B08,SMU,-24,-5,
73-70,current,6.20957e-11,RESULT,,,,LaMP_HP_b,lamp_wholewafer,,,,,,,2026-09-23 17:12:53,fourth,measure,A,73-70,4,10.0,9.995135,2A05_2B06,SMU,-23,-5,
83-01,current,6.27494e-11,RESULT,,,,LaMP_HP_b,lamp_wholewafer,,,,,,,2026-09-23 17:13:00,first,measure,A,83-01,1,10.0,9.995104,4A06_4B05,SMU,-24,-4,
73-71,current,6.09248e-11,RESULT,,,,LaMP_HP_b,lamp_wholewafer,,,,,,,2026-09-23 17:13:00,second,measure,A,73-71,2,10.0,9.995142,4A08_4B07,SMU,-23,-4,
83-02,current,5.87647e-11,RESULT,,,,LaMP_HP_b,lamp_wholewafer,,,,,,,2026-09-23 17:13:00,third,measure,A,83-02,3,10.0,9.995234,2A07_2B08,SMU,-24,-3,
73-72,current,5.50131e-11,RESULT,,,,LaMP_HP_b,lamp_wholewafer,,,,,,,2026-09-23 17:13:00,fourth,measure,A,73-72,4,10.0,9.995179,2A05_2B06,SMU,-23,-3,
83-03,current,6.0902e-11,RESULT,,,,LaMP_HP_b,lamp_wholewafer,,,,,,,2026-09-23 17:13:07,first,measure,A,83-03,1,10.0,9.995104,4A06_4B05,SMU,-24,-2,
73-73,current,6.16694e-11,RESULT,,,,LaMP_HP_b,lamp_wholewafer,,,,,,,2026-09-23 17:13:07,second,measure,A,73-73,2,10.0,9.995186,4A08_4B07,SMU,-23,-2,
83-04,current,5.81338e-11,RESULT,,,,LaMP_HP_b,lamp_wholewafer,,,,,,,2026-09-23 17:13:07,third,measure,A,83-04,3,10.0,9.995176,2A07_2B08,SMU,-24,-1,
73-74,current,6.05155e-11,RESULT,,,,LaMP_HP_b,lamp_wholewafer,,,,,,,2026-09-23 17:13:07,fourth,measure,A,73-74,4,10.0,9.995218,2A05_2B06,SMU,-23,-1,
84-00,current,6.4091e-11,RESULT,,,,LaMP_HP_b,lamp_wholewafer,,,,,,,2026-09-23 17:13:14,first,measure,A,84-00,1,10.0,9.995189,4A06_4B05,SMU,-24,0,
74-70,current,6.02142e-11,RESULT,,,,LaMP_HP_b,lamp_wholewafer,,,,,,,2026-09-23 17:13:14,second,measure,A,74-70,2,10.0,9.995163,4A08_4B07,SMU,-23,0,
84-01,current,6.00096e-11,RESULT,,,,LaMP_HP_b,lamp_wholewafer,,,,,,,2026-09-23 17:13:14,third,measure,A,84-01,3,10.0,9.995317,2A07_2B08,SMU,-24,1,
74-71,current,5.92024e-11,RESULT,,,,LaMP_HP_b,lamp_wholewafer,,,,,,,2026-09-23 17:13:14,fourth,measure,A,74-71,4,10.0,9.995314,2A05_2B06,SMU,-23,1,
84-02,current,6.43581e-11,RESULT,,,,LaMP_HP_b,lamp_wholewafer,,,,,,,2026-09-23 17:13:21,first,measure,A,84-02,1,10.0,9.995268,4A06_4B05,SMU,-24,2,
74-72,current,6.09646e-11,RESULT,,,,LaMP_HP_b,lamp_wholewafer,,,,,,,2026-09-23 17:13:21,second,measure,A,74-72,2,10.0,9.995294,4A08_4B07,SMU,-23,2,
84-03,current,6.29427e-11,RESULT,,,,LaMP_HP_b,lamp_wholewafer,,,,,,,2026-09-23 17:13:21,third,measure,A,84-03,3,10.0,9.995284,2A07_2B08,SMU,-24,3,
74-73,current,6.28802e-11,RESULT,,,,LaMP_HP_b,lamp_wholewafer,,,,,,,2026-09-23 17:13:21,fourth,measure,A,74-73,4,10.0,9.995238,2A05_2B06,SMU,-23,3,
84-04,current,6.69445e-11,RESULT,,,,LaMP_HP_b,lamp_wholewafer,,,,,,,2026-09-23 17:13:27,first,measure,A,84-04,1,10.0,9.995206,4A06_4B05,SMU,-24,4,
74-74,current,6.35623e-11,RESULT,,,,LaMP_HP_b,lamp_wholewafer,,,,,,,2026-09-23 17:13:27,second,measure,A,74-74,2,10.0,9.995265,4A08_4B07,SMU,-23,4,
85-00,current,6.14762e-11,RESULT,,,,LaMP_HP_b,lamp_wholewafer,,,,,,,2026-09-23 17:13:27,third,measure,A,85-00,3,10.0,9.995229,2A07_2B08,SMU,-24,5,
75-70,current,5.90376e-11,RESULT,,,,LaMP_HP_b,lamp_wholewafer,,,,,,,2026-09-23 17:13:27,fourth,measure,A,75-70,4,10.0,9.995182,2A05_2B06,SMU,-23,5,
85-01,current,6.31815e-11,RESULT,,,,LaMP_HP_b,lamp_wholewafer,,,,,,,2026-09-23 17:13:34,first,measure,A,85-01,1,10.0,9.995231,4A06_4B05,SMU,-24,6,
75-71,current,6.09475e-11,RESULT,,,,LaMP_HP_b,lamp_wholewafer,,,,,,,2026-09-23 17:13:34,second,measure,A,75-71,2,10.0,9.995232,4A08_4B07,SMU,-23,6,
85-02,current,5.80883e-11,RESULT,,,,LaMP_HP_b,lamp_wholewafer,,,,,,,2026-09-23 17:13:34,third,measure,A,85-02,3,10.0,9.995243,2A07_2B08,SMU,-24,7,
75-72,current,5.83498e-11,RESULT,,,,LaMP_HP_b,lamp_wholewafer,,,,,,,2026-09-23 17:13:34,fourth,measure,A,75-72,4,10.0,9.99522,2A05_2B06,SMU,-23,7,
85-03,current,6.43354e-11,RESULT,,,,LaMP_HP_b,lamp_wholewafer,,,,,,,2026-09-23 17:13:40,first,measure,A,85-03,1,10.0,9.995183,4A06_4B05,SMU,-24,8,
75-73,current,6.07656e-11,RESULT,,,,LaMP_HP_b,lamp_wholewafer,,,,,,,2026-09-23 17:13:40,second,measure,A,75-73,2,10.0,9.995206,4A08_4B07,SMU,-23,8,
85-04,current,5.7031e-11,RESULT,,,,LaMP_HP_b,lamp_wholewafer,,,,,,,2026-09-23 17:13:40,third,measure,A,85-04,3,10.0,9.995288,2A07_2B08,SMU,-24,9,
75-74,current,5.75312e-11,RESULT,,,,LaMP_HP_b,lamp_wholewafer,,,,,,,2026-09-23 17:13:40,fourth,measure,A,75-74,4,10.0,9.995247,2A05_2B06,SMU,-23,9,
86-00,current,6.04018e-11,RESULT,,,,LaMP_HP_b,lamp_wholewafer,,,,,,,2026-09-23 17:13:47,first,measure,A,86-00,1,10.0,9.99516,4A06_4B05,SMU,-24,10,
76-70,current,6.16467e-11,RESULT,,,,LaMP_HP_b,lamp_wholewafer,,,,,,,2026-09-23 17:13:47,second,measure,A,76-70,2,10.0,9.995264,4A08_4B07,SMU,-23,10,
86-01,current,5.62295e-11,RESULT,,,,LaMP_HP_b,lamp_wholewafer,,,,,,,2026-09-23 17:13:47,third,measure,A,86-01,3,10.0,9.995252,2A07_2B08,SMU,-24,11,
76-71,current,5.84862e-11,RESULT,,,,LaMP_HP_b,lamp_wholewafer,,,,,,,2026-09-23 17:13:47,fourth,measure,A,76-71,4,10.0,9.995202,2A05_2B06,SMU,-23,11,
86-02,current,6.40682e-11,RESULT,,,,LaMP_HP_b,lamp_wholewafer,,,,,,,2026-09-23 17:13:53,first,measure,A,86-02,1,10.0,9.995245,4A06_4B05,SMU,-24,12,
76-72,current,5.99186e-11,RESULT,,,,LaMP_HP_b,lamp_wholewafer,,,,,,,2026-09-23 17:13:53,second,measure,A,76-72,2,10.0,9.995193,4A08_4B07,SMU,-23,12,
86-03,current,5.54166e-11,RESULT,,,,LaMP_HP_b,lamp_wholewafer,,,,,,,2026-09-23 17:13:53,third,measure,A,86-03,3,10.0,9.995159,2A07_2B08,SMU,-24,13,
76-73,current,5.53541e-11,RESULT,,,,LaMP_HP_b,lamp_wholewafer,,,,,,,2026-09-23 17:13:53,fourth,measure,A,76-73,4,10.0,9.995163,2A05_2B06,SMU,-23,13,
86-04,current,5.79519e-11,RESULT,,,,LaMP_HP_b,lamp_wholewafer,,,,,,,2026-09-23 17:14:00,first,measure,A,86-04,1,10.0,9.995222,4A06_4B05,SMU,-24,14,
76-74,current,5.47743e-11,RESULT,,,,LaMP_HP_b,lamp_wholewafer,,,,,,,2026-09-23 17:14:00,second,measure,A,76-74,2,10.0,9.995177,4A08_4B07,SMU,-23,14,
NA,current,9.99995e-07,RESULT,,,,LaMP_HP_b,lamp_wholewafer,,,,,,,2026-09-23 17:14:00,third,measure,A,NA,3,10.0,0.1085625,2A07_2B08,SMU,-24,15,
77-70,current,5.36375e-11,RESULT,,,,LaMP_HP_b,lamp_wholewafer,,,,,,,2026-09-23 17:14:00,fourth,measure,A,77-70,4,10.0,9.99522,2A05_2B06,SMU,-23,15,
70-64,current,5.53257e-11,RESULT,,,,LaMP_HP_b,lamp_wholewafer,,,,,,,2026-09-23 17:14:07,first,measure,A,70-64,1,10.0,9.995222,4A06_4B05,SMU,-22,-16,
70-54,current,5.38648e-11,RESULT,,,,LaMP_HP_b,lamp_wholewafer,,,,,,,2026-09-23 17:14:07,second,measure,A,70-54,2,10.0,9.995253,4A08_4B07,SMU,-21,-16,
71-60,current,5.56213e-11,RESULT,,,,LaMP_HP_b,lamp_wholewafer,,,,,,,2026-09-23 17:14:07,third,measure,A,71-60,3,10.0,9.995207,2A07_2B08,SMU,-22,-15,
71-50,current,5.63546e-11,RESULT,,,,LaMP_HP_b,lamp_wholewafer,,,,,,,2026-09-23 17:14:07,fourth,measure,A,71-50,4,10.0,9.995178,2A05_2B06,SMU,-21,-15,
71-61,current,6.08793e-11,RESULT,,,,LaMP_HP_b,lamp_wholewafer,,,,,,,2026-09-23 17:14:14,first,measure,A,71-61,1,10.0,9.995205,4A06_4B05,SMU,-22,-14,
71-51,current,6.15842e-11,RESULT,,,,LaMP_HP_b,lamp_wholewafer,,,,,,,2026-09-23 17:14:14,second,measure,A,71-51,2,10.0,9.995232,4A08_4B07,SMU,-21,-14,
71-62,current,5.85715e-11,RESULT,,,,LaMP_HP_b,lamp_wholewafer,,,,,,,2026-09-23 17:14:14,third,measure,A,71-62,3,10.0,9.995261,2A07_2B08,SMU,-22,-13,
71-52,current,5.46436e-11,RESULT,,,,LaMP_HP_b,lamp_wholewafer,,,,,,,2026-09-23 17:14:14,fourth,measure,A,71-52,4,10.0,9.995361,2A05_2B06,SMU,-21,-13,
71-63,current,6.44604e-11,RESULT,,,,LaMP_HP_b,lamp_wholewafer,,,,,,,2026-09-23 17:14:20,first,measure,A,71-63,1,10.0,9.995263,4A06_4B05,SMU,-22,-12,
71-53,current,6.50573e-11,RESULT,,,,LaMP_HP_b,lamp_wholewafer,,,,,,,2026-09-23 17:14:20,second,measure,A,71-53,2,10.0,9.995216,4A08_4B07,SMU,-21,-12,
71-64,current,5.98447e-11,RESULT,,,,LaMP_HP_b,lamp_wholewafer,,,,,,,2026-09-23 17:14:20,third,measure,A,71-64,3,10.0,9.995153,2A07_2B08,SMU,-22,-11,
71-54,current,5.92877e-11,RESULT,,,,LaMP_HP_b,lamp_wholewafer,,,,,,,2026-09-23 17:14:20,fourth,measure,A,71-54,4,10.0,9.995212,2A05_2B06,SMU,-21,-11,
72-60,current,6.30564e-11,RESULT,,,,LaMP_HP_b,lamp_wholewafer,,,,,,,2026-09-23 17:14:27,first,measure,A,72-60,1,10.0,9.995314,4A06_4B05,SMU,-22,-10,
72-50,current,6.16467e-11,RESULT,,,,LaMP_HP_b,lamp_wholewafer,,,,,,,2026-09-23 17:14:27,second,measure,A,72-50,2,10.0,9.995272,4A08_4B07,SMU,-21,-10,
72-61,current,5.56554e-11,RESULT,,,,LaMP_HP_b,lamp_wholewafer,,,,,,,2026-09-23 17:14:27,third,measure,A,72-61,3,10.0,9.995283,2A07_2B08,SMU,-22,-9,
72-51,current,5.90944e-11,RESULT,,,,LaMP_HP_b,lamp_wholewafer,,,,,,,2026-09-23 17:14:27,fourth,measure,A,72-51,4,10.0,9.995278,2A05_2B06,SMU,-21,-9,
72-62,current,6.38181e-11,RESULT,,,,LaMP_HP_b,lamp_wholewafer,,,,,,,2026-09-23 17:14:33,first,measure,A,72-62,1,10.0,9.995253,4A06_4B05,SMU,-22,-8,
72-52,current,6.44093e-11,RESULT,,,,LaMP_HP_b,lamp_wholewafer,,,,,,,2026-09-23 17:14:33,second,measure,A,72-52,2,10.0,9.995282,4A08_4B07,SMU,-21,-8,
72-63,current,6.04302e-11,RESULT,,,,LaMP_HP_b,lamp_wholewafer,,,,,,,2026-09-23 17:14:33,third,measure,A,72-63,3,10.0,9.995317,2A07_2B08,SMU,-22,-7,
72-53,current,6.03791e-11,RESULT,,,,LaMP_HP_b,lamp_wholewafer,,,,,,,2026-09-23 17:14:33,fourth,measure,A,72-53,4,10.0,9.995318,2A05_2B06,SMU,-21,-7,
72-64,current,6.70127e-11,RESULT,,,,LaMP_HP_b,lamp_wholewafer,,,,,,,2026-09-23 17:14:40,first,measure,A,72-64,1,10.0,9.995286,4A06_4B05,SMU,-22,-6,
72-54,current,6.06235e-11,RESULT,,,,LaMP_HP_b,lamp_wholewafer,,,,,,,2026-09-23 17:14:40,second,measure,A,72-54,2,10.0,9.995305,4A08_4B07,SMU,-21,-6,
73-60,current,5.96742e-11,RESULT,,,,LaMP_HP_b,lamp_wholewafer,,,,,,,2026-09-23 17:14:40,third,measure,A,73-60,3,10.0,9.995286,2A07_2B08,SMU,-22,-5,
73-50,current,5.85374e-11,RESULT,,,,LaMP_HP_b,lamp_wholewafer,,,,,,,2026-09-23 17:14:40,fourth,measure,A,73-50,4,10.0,9.995306,2A05_2B06,SMU,-21,-5,
73-61,current,6.35509e-11,RESULT,,,,LaMP_HP_b,lamp_wholewafer,,,,,,,2026-09-23 17:14:47,first,measure,A,73-61,1,10.0,9.995284,4A06_4B05,SMU,-22,-4,
73-51,current,5.75824e-11,RESULT,,,,LaMP_HP_b,lamp_wholewafer,,,,,,,2026-09-23 17:14:47,second,measure,A,73-51,2,10.0,9.995363,4A08_4B07,SMU,-21,-4,
73-62,current,5.93218e-11,RESULT,,,,LaMP_HP_b,lamp_wholewafer,,,,,,,2026-09-23 17:14:47,third,measure,A,73-62,3,10.0,9.99534,2A07_2B08,SMU,-22,-3,
73-52,current,6.11294e-11,RESULT,,,,LaMP_HP_b,lamp_wholewafer,,,,,,,2026-09-23 17:14:47,fourth,measure,A,73-52,4,10.0,9.995352,2A05_2B06,SMU,-21,-3,
73-63,current,6.32326e-11,RESULT,,,,LaMP_HP_b,lamp_wholewafer,,,,,,,2026-09-23 17:14:53,first,measure,A,73-63,1,10.0,9.99534,4A06_4B05,SMU,-22,-2,
73-53,current,6.28404e-11,RESULT,,,,LaMP_HP_b,lamp_wholewafer,,,,,,,2026-09-23 17:14:53,second,measure,A,73-53,2,10.0,9.995386,4A08_4B07,SMU,-21,-2,
73-64,current,6.29711e-11,RESULT,,,,LaMP_HP_b,lamp_wholewafer,,,,,,,2026-09-23 17:14:53,third,measure,A,73-64,3,10.0,9.995338,2A07_2B08,SMU,-22,-1,
73-54,current,5.87704e-11,RESULT,,,,LaMP_HP_b,lamp_wholewafer,,,,,,,2026-09-23 17:14:53,fourth,measure,A,73-54,4,10.0,9.995299,2A05_2B06,SMU,-21,-1,
74-60,current,6.65182e-11,RESULT,,,,LaMP_HP_b,lamp_wholewafer,,,,,,,2026-09-23 17:15:00,first,measure,A,74-60,1,10.0,9.995223,4A06_4B05,SMU,-22,0,
74-50,current,6.08338e-11,RESULT,,,,LaMP_HP_b,lamp_wholewafer,,,,,,,2026-09-23 17:15:00,second,measure,A,74-50,2,10.0,9.995274,4A08_4B07,SMU,-21,0,
74-61,current,5.88955e-11,RESULT,,,,LaMP_HP_b,lamp_wholewafer,,,,,,,2026-09-23 17:15:00,third,measure,A,74-61,3,10.0,9.995249,2A07_2B08,SMU,-22,1,
74-51,current,5.88614e-11,RESULT,,,,LaMP_HP_b,lamp_wholewafer,,,,,,,2026-09-23 17:15:00,fourth,measure,A,74-51,4,10.0,9.995206,2A05_2B06,SMU,-21,1,
74-62,current,6.54154e-11,RESULT,,,,LaMP_HP_b,lamp_wholewafer,,,,,,,2026-09-23 17:15:06,first,measure,A,74-62,1,10.0,9.99524,4A06_4B05,SMU,-22,2,
74-52,current,6.15501e-11,RESULT,,,,LaMP_HP_b,lamp_wholewafer,,,,,,,2026-09-23 17:15:06,second,measure,A,74-52,2,10.0,9.995253,4A08_4B07,SMU,-21,2,
74-63,current,1.94939e-10,RESULT,,,,LaMP_HP_b,lamp_wholewafer,,,,,,,2026-09-23 17:15:06,third,measure,A,74-63,3,10.0,9.995306,2A07_2B08,SMU,-22,3,
74-53,current,5.3933e-11,RESULT,,,,LaMP_HP_b,lamp_wholewafer,,,,,,,2026-09-23 17:15:06,fourth,measure,A,74-53,4,10.0,9.995243,2A05_2B06,SMU,-21,3,
74-64,current,5.93275e-11,RESULT,,,,LaMP_HP_b,lamp_wholewafer,,,,,,,2026-09-23 17:15:13,first,measure,A,74-64,1,10.0,9.995234,4A06_4B05,SMU,-22,4,
74-54,current,5.87761e-11,RESULT,,,,LaMP_HP_b,lamp_wholewafer,,,,,,,2026-09-23 17:15:13,second,measure,A,74-54,2,10.0,9.995275,4A08_4B07,SMU,-21,4,
75-60,current,6.06576e-11,RESULT,,,,LaMP_HP_b,lamp_wholewafer,,,,,,,2026-09-23 17:15:13,third,measure,A,75-60,3,10.0,9.995259,2A07_2B08,SMU,-22,5,
75-50,current,5.98959e-11,RESULT,,,,LaMP_HP_b,lamp_wholewafer,,,,,,,2026-09-23 17:15:13,fourth,measure,A,75-50,4,10.0,9.995264,2A05_2B06,SMU,-21,5,
75-61,current,6.4523e-11,RESULT,,,,LaMP_HP_b,lamp_wholewafer,,,,,,,2026-09-23 17:15:19,first,measure,A,75-61,1,10.0,9.995211,4A06_4B05,SMU,-22,6,
75-51,current,6.12033e-11,RESULT,,,,LaMP_HP_b,lamp_wholewafer,,,,,,,2026-09-23 17:15:19,second,measure,A,75-51,2,10.0,9.995241,4A08_4B07,SMU,-21,6,
75-62,current,5.69742e-11,RESULT,,,,LaMP_HP_b,lamp_wholewafer,,,,,,,2026-09-23 17:15:19,third,measure,A,75-62,3,10.0,9.995274,2A07_2B08,SMU,-22,7,
75-52,current,5.96003e-11,RESULT,,,,LaMP_HP_b,lamp_wholewafer,,,,,,,2026-09-23 17:15:19,fourth,measure,A,75-52,4,10.0,9.995176,2A05_2B06,SMU,-21,7,
75-63,current,6.27949e-11,RESULT,,,,LaMP_HP_b,lamp_wholewafer,,,,,,,2026-09-23 17:15:26,first,measure,A,75-63,1,10.0,9.995178,4A06_4B05,SMU,-22,8,
75-53,current,5.88045e-11,RESULT,,,,LaMP_HP_b,lamp_wholewafer,,,,,,,2026-09-23 17:15:26,second,measure,A,75-53,2,10.0,9.995244,4A08_4B07,SMU,-21,8,
75-64,current,6.03222e-11,RESULT,,,,LaMP_HP_b,lamp_wholewafer,,,,,,,2026-09-23 17:15:26,third,measure,A,75-64,3,10.0,9.995121,2A07_2B08,SMU,-22,9,
75-54,current,5.76563e-11,RESULT,,,,LaMP_HP_b,lamp_wholewafer,,,,,,,2026-09-23 17:15:26,fourth,measure,A,75-54,4,10.0,9.995184,2A05_2B06,SMU,-21,9,
76-60,current,6.39716e-11,RESULT,,,,LaMP_HP_b,lamp_wholewafer,,,,,,,2026-09-23 17:15:33,first,measure,A,76-60,1,10.0,9.995194,4A06_4B05,SMU,-22,10,
76-50,current,6.14364e-11,RESULT,,,,LaMP_HP_b,lamp_wholewafer,,,,,,,2026-09-23 17:15:33,second,measure,A,76-50,2,10.0,9.99513,4A08_4B07,SMU,-21,10,
76-61,current,5.8418e-11,RESULT,,,,LaMP_HP_b,lamp_wholewafer,,,,,,,2026-09-23 17:15:33,third,measure,A,76-61,3,10.0,9.995133,2A07_2B08,SMU,-22,11,
76-51,current,5.72186e-11,RESULT,,,,LaMP_HP_b,lamp_wholewafer,,,,,,,2026-09-23 17:15:33,fourth,measure,A,76-51,4,10.0,9.995189,2A05_2B06,SMU,-21,11,
76-62,current,6.24993e-11,RESULT,,,,LaMP_HP_b,lamp_wholewafer,,,,,,,2026-09-23 17:15:39,first,measure,A,76-62,1,10.0,9.995187,4A06_4B05,SMU,-22,12,
76-52,current,5.56668e-11,RESULT,,,,LaMP_HP_b,lamp_wholewafer,,,,,,,2026-09-23 17:15:39,second,measure,A,76-52,2,10.0,9.995269,4A08_4B07,SMU,-21,12,
76-63,current,5.61727e-11,RESULT,,,,LaMP_HP_b,lamp_wholewafer,,,,,,,2026-09-23 17:15:39,third,measure,A,76-63,3,10.0,9.995302,2A07_2B08,SMU,-22,13,
76-53,current,5.50415e-11,RESULT,,,,LaMP_HP_b,lamp_wholewafer,,,,,,,2026-09-23 17:15:39,fourth,measure,A,76-53,4,10.0,9.995246,2A05_2B06,SMU,-21,13,
76-64,current,5.61499e-11,RESULT,,,,LaMP_HP_b,lamp_wholewafer,,,,,,,2026-09-23 17:15:46,first,measure,A,76-64,1,10.0,9.995326,4A06_4B05,SMU,-22,14,
76-54,current,5.48766e-11,RESULT,,,,LaMP_HP_b,lamp_wholewafer,,,,,,,2026-09-23 17:15:46,second,measure,A,76-54,2,10.0,9.99533,4A08_4B07,SMU,-21,14,
77-60,current,4.66002e-11,RESULT,,,,LaMP_HP_b,lamp_wholewafer,,,,,,,2026-09-23 17:15:46,third,measure,A,77-60,3,10.0,9.99535,2A07_2B08,SMU,-22,15,
77-50,current,4.79588e-11,RESULT,,,,LaMP_HP_b,lamp_wholewafer,,,,,,,2026-09-23 17:15:46,fourth,measure,A,77-50,4,10.0,9.995369,2A05_2B06,SMU,-21,15,
NA,current,3.75621e-11,RESULT,,,,LaMP_HP_b,lamp_wholewafer,,,,,,,2026-09-23 17:15:53,first,measure,A,NA,1,10.0,9.995288,4A06_4B05,SMU,-20,-18,
NA,current,3.86422e-11,RESULT,,,,LaMP_HP_b,lamp_wholewafer,,,,,,,2026-09-23 17:15:53,second,measure,A,NA,2,10.0,9.995237,4A08_4B07,SMU,-19,-18,
NA,current,4.08136e-11,RESULT,,,,LaMP_HP_b,lamp_wholewafer,,,,,,,2026-09-23 17:15:53,third,measure,A,NA,3,10.0,9.995224,2A07_2B08,SMU,-20,-17,
70-33,current,4.25359e-11,RESULT,,,,LaMP_HP_b,lamp_wholewafer,,,,,,,2026-09-23 17:15:53,fourth,measure,A,70-33,4,10.0,9.995222,2A05_2B06,SMU,-19,-17,
70-44,current,5.76279e-11,RESULT,,,,LaMP_HP_b,lamp_wholewafer,,,,,,,2026-09-23 17:16:00,first,measure,A,70-44,1,10.0,9.995237,4A06_4B05,SMU,-20,-16,
70-34,current,5.06759e-11,RESULT,,,,LaMP_HP_b,lamp_wholewafer,,,,,,,2026-09-23 17:16:00,second,measure,A,70-34,2,10.0,9.995212,4A08_4B07,SMU,-19,-16,
71-40,current,5.66729e-11,RESULT,,,,LaMP_HP_b,lamp_wholewafer,,,,,,,2026-09-23 17:16:00,third,measure,A,71-40,3,10.0,9.995123,2A07_2B08,SMU,-20,-15,
71-30,current,5.66672e-11,RESULT,,,,LaMP_HP_b,lamp_wholewafer,,,,,,,2026-09-23 17:16:00,fourth,measure,A,71-30,4,10.0,9.995104,2A05_2B06,SMU,-19,-15,
71-41,current,6.34088e-11,RESULT,,,,LaMP_HP_b,lamp_wholewafer,,,,,,,2026-09-23 17:16:06,first,measure,A,71-41,1,10.0,9.995156,4A06_4B05,SMU,-20,-14,
71-31,current,5.95094e-11,RESULT,,,,LaMP_HP_b,lamp_wholewafer,,,,,,,2026-09-23 17:16:06,second,measure,A,71-31,2,10.0,9.995173,4A08_4B07,SMU,-19,-14,
71-42,current,5.55588e-11,RESULT,,,,LaMP_HP_b,lamp_wholewafer,,,,,,,2026-09-23 17:16:06,third,measure,A,71-42,3,10.0,9.995256,2A07_2B08,SMU,-20,-13,
71-32,current,5.80769e-11,RESULT,,,,LaMP_HP_b,lamp_wholewafer,,,,,,,2026-09-23 17:16:06,fourth,measure,A,71-32,4,10.0,9.995203,2A05_2B06,SMU,-19,-13,
71-43,current,6.34259e-11,RESULT,,,,LaMP_HP_b,lamp_wholewafer,,,,,,,2026-09-23 17:16:13,first,measure,A,71-43,1,10.0,9.995184,4A06_4B05,SMU,-20,-12,
71-33,current,6.15501e-11,RESULT,,,,LaMP_HP_b,lamp_wholewafer,,,,,,,2026-09-23 17:16:13,second,measure,A,71-33,2,10.0,9.995202,4A08_4B07,SMU,-19,-12,
71-44,current,5.72982e-11,RESULT,,,,LaMP_HP_b,lamp_wholewafer,,,,,,,2026-09-23 17:16:13,third,measure,A,71-44,3,10.0,9.995184,2A07_2B08,SMU,-20,-11,
71-34,current,5.82304e-11,RESULT,,,,LaMP_HP_b,lamp_wholewafer,,,,,,,2026-09-23 17:16:13,fourth,measure,A,71-34,4,10.0,9.995262,2A05_2B06,SMU,-19,-11,
72-40,current,6.51767e-11,RESULT,,,,LaMP_HP_b,lamp_wholewafer,,,,,,,2026-09-23 17:16:19,first,measure,A,72-40,1,10.0,9.995172,4A06_4B05,SMU,-20,-10,
72-30,current,6.18172e-11,RESULT,,,,LaMP_HP_b,lamp_wholewafer,,,,,,,2026-09-23 17:16:19,second,measure,A,72-30,2,10.0,9.995208,4A08_4B07,SMU,-19,-10,
72-41,current,5.88045e-11,RESULT,,,,LaMP_HP_b,lamp_wholewafer,,,,,,,2026-09-23 17:16:19,third,measure,A,72-41,3,10.0,9.995192,2A07_2B08,SMU,-20,-9,
72-31,current,5.80712e-11,RESULT,,,,LaMP_HP_b,lamp_wholewafer,,,,,,,2026-09-23 17:16:19,fourth,measure,A,72-31,4,10.0,9.995178,2A05_2B06,SMU,-19,-9,
72-42,current,6.42558e-11,RESULT,,,,LaMP_HP_b,lamp_wholewafer,,,,,,,2026-09-23 17:16:26,first,measure,A,72-42,1,10.0,9.995202,4A06_4B05,SMU,-20,-8,
72-32,current,6.05724e-11,RESULT,,,,LaMP_HP_b,lamp_wholewafer,,,,,,,2026-09-23 17:16:26,second,measure,A,72-32,2,10.0,9.995199,4A08_4B07,SMU,-19,-8,
72-43,current,6.12772e-11,RESULT,,,,LaMP_HP_b,lamp_wholewafer,,,,,,,2026-09-23 17:16:26,third,measure,A,72-43,3,10.0,9.995194,2A07_2B08,SMU,-20,-7,
72-33,current,5.6508e-11,RESULT,,,,LaMP_HP_b,lamp_wholewafer,,,,,,,2026-09-23 17:16:26,fourth,measure,A,72-33,4,10.0,9.9952,2A05_2B06,SMU,-19,-7,
72-44,current,6.57451e-11,RESULT,,,,LaMP_HP_b,lamp_wholewafer,,,,,,,2026-09-23 17:16:32,first,measure,A,72-44,1,10.0,9.995193,4A06_4B05,SMU,-20,-6,
72-34,current,5.99073e-11,RESULT,,,,LaMP_HP_b,lamp_wholewafer,,,,,,,2026-09-23 17:16:32,second,measure,A,72-34,2,10.0,9.995195,4A08_4B07,SMU,-19,-6,
73-40,current,5.80144e-11,RESULT,,,,LaMP_HP_b,lamp_wholewafer,,,,,,,2026-09-23 17:16:32,third,measure,A,73-40,3,10.0,9.995223,2A07_2B08,SMU,-20,-5,
73-30,current,5.81053e-11,RESULT,,,,LaMP_HP_b,lamp_wholewafer,,,,,,,2026-09-23 17:16:32,fourth,measure,A,73-30,4,10.0,9.995193,2A05_2B06,SMU,-19,-5,
73-41,current,6.2812e-11,RESULT,,,,LaMP_HP_b,lamp_wholewafer,,,,,,,2026-09-23 17:16:39,first,measure,A,73-41,1,10.0,9.995191,4A06_4B05,SMU,-20,-4,
73-31,current,5.67354e-11,RESULT,,,,LaMP_HP_b,lamp_wholewafer,,,,,,,2026-09-23 17:16:39,second,measure,A,73-31,2,10.0,9.995193,4A08_4B07,SMU,-19,-4,
73-42,current,6.02711e-11,RESULT,,,,LaMP_HP_b,lamp_wholewafer,,,,,,,2026-09-23 17:16:39,third,measure,A,73-42,3,10.0,9.99523,2A07_2B08,SMU,-20,-3,
73-32,current,6.25619e-11,RESULT,,,,LaMP_HP_b,lamp_wholewafer,,,,,,,2026-09-23 17:16:39,fourth,measure,A,73-32,4,10.0,9.995223,2A05_2B06,SMU,-19,-3,
73-43,current,6.23174e-11,RESULT,,,,LaMP_HP_b,lamp_wholewafer,,,,,,,2026-09-23 17:16:46,first,measure,A,73-43,1,10.0,9.995192,4A06_4B05,SMU,-20,-2,
73-33,current,5.76961e-11,RESULT,,,,LaMP_HP_b,lamp_wholewafer,,,,,,,2026-09-23 17:16:46,second,measure,A,73-33,2,10.0,9.995196,4A08_4B07,SMU,-19,-2,
73-44,current,5.67979e-11,RESULT,,,,LaMP_HP_b,lamp_wholewafer,,,,,,,2026-09-23 17:16:46,third,measure,A,73-44,3,10.0,9.995252,2A07_2B08,SMU,-20,-1,
73-34,current,5.69457e-11,RESULT,,,,LaMP_HP_b,lamp_wholewafer,,,,,,,2026-09-23 17:16:46,fourth,measure,A,73-34,4,10.0,9.995243,2A05_2B06,SMU,-19,-1,
74-40,current,6.35623e-11,RESULT,,,,LaMP_HP_b,lamp_wholewafer,,,,,,,2026-09-23 17:16:52,first,measure,A,74-40,1,10.0,9.995237,4A06_4B05,SMU,-20,0,
74-30,current,5.76847e-11,RESULT,,,,LaMP_HP_b,lamp_wholewafer,,,,,,,2026-09-23 17:16:52,second,measure,A,74-30,2,10.0,9.995244,4A08_4B07,SMU,-19,0,
74-41,current,8.1576e-11,RESULT,,,,LaMP_HP_b,lamp_wholewafer,,,,,,,2026-09-23 17:16:52,third,measure,A,74-41,3,10.0,9.995269,2A07_2B08,SMU,-20,1,
74-31,current,5.97027e-11,RESULT,,,,LaMP_HP_b,lamp_wholewafer,,,,,,,2026-09-23 17:16:52,fourth,measure,A,74-31,4,10.0,9.995279,2A05_2B06,SMU,-19,1,
74-42,current,6.25903e-11,RESULT,,,,LaMP_HP_b,lamp_wholewafer,,,,,,,2026-09-23 17:16:59,first,measure,A,74-42,1,10.0,9.995268,4A06_4B05,SMU,-20,2,
74-32,current,6.29711e-11,RESULT,,,,LaMP_HP_b,lamp_wholewafer,,,,,,,2026-09-23 17:16:59,second,measure,A,74-32,2,10.0,9.995242,4A08_4B07,SMU,-19,2,
74-43,current,5.87249e-11,RESULT,,,,LaMP_HP_b,lamp_wholewafer,,,,,,,2026-09-23 17:16:59,third,measure,A,74-43,3,10.0,9.995192,2A07_2B08,SMU,-20,3,
74-33,current,6.2056e-11,RESULT,,,,LaMP_HP_b,lamp_wholewafer,,,,,,,2026-09-23 17:16:59,fourth,measure,A,74-33,4,10.0,9.995209,2A05_2B06,SMU,-19,3,
74-44,current,6.59156e-11,RESULT,,,,LaMP_HP_b,lamp_wholewafer,,,,,,,2026-09-23 17:17:05,first,measure,A,74-44,1,10.0,9.995183,4A06_4B05,SMU,-20,4,
74-34,current,6.39602e-11,RESULT,,,,LaMP_HP_b,lamp_wholewafer,,,,,,,2026-09-23 17:17:05,second,measure,A,74-34,2,10.0,9.995224,4A08_4B07,SMU,-19,4,
75-40,current,6.18741e-11,RESULT,,,,LaMP_HP_b,lamp_wholewafer,,,,,,,2026-09-23 17:17:05,third,measure,A,75-40,3,10.0,9.995289,2A07_2B08,SMU,-20,5,
75-30,current,6.18456e-11,RESULT,,,,LaMP_HP_b,lamp_wholewafer,,,,,,,2026-09-23 17:17:05,fourth,measure,A,75-30,4,10.0,9.995283,2A05_2B06,SMU,-19,5,
75-41,current,6.27381e-11,RESULT,,,,LaMP_HP_b,lamp_wholewafer,,,,,,,2026-09-23 17:17:12,first,measure,A,75-41,1,10.0,9.995263,4A06_4B05,SMU,-20,6,
75-31,current,6.24254e-11,RESULT,,,,LaMP_HP_b,lamp_wholewafer,,,,,,,2026-09-23 17:17:12,second,measure,A,75-31,2,10.0,9.995275,4A08_4B07,SMU,-19,6,
75-42,current,5.98447e-11,RESULT,,,,LaMP_HP_b,lamp_wholewafer,,,,,,,2026-09-23 17:17:12,third,measure,A,75-42,3,10.0,9.995274,2A07_2B08,SMU,-20,7,
75-32,current,5.90944e-11,RESULT,,,,LaMP_HP_b,lamp_wholewafer,,,,,,,2026-09-23 17:17:12,fourth,measure,A,75-32,4,10.0,9.995229,2A05_2B06,SMU,-19,7,
75-43,current,6.4631e-11,RESULT,,,,LaMP_HP_b,lamp_wholewafer,,,,,,,2026-09-23 17:17:19,first,measure,A,75-43,1,10.0,9.995222,4A06_4B05,SMU,-20,8,
75-33,current,6.29484e-11,RESULT,,,,LaMP_HP_b,lamp_wholewafer,,,,,,,2026-09-23 17:17:19,second,measure,A,75-33,2,10.0,9.995173,4A08_4B07,SMU,-19,8,
75-44,current,5.64853e-11,RESULT,,,,LaMP_HP_b,lamp_wholewafer,,,,,,,2026-09-23 17:17:19,third,measure,A,75-44,3,10.0,9.995193,2A07_2B08,SMU,-20,9,
75-34,current,6.01574e-11,RESULT,,,,LaMP_HP_b,lamp_wholewafer,,,,,,,2026-09-23 17:17:19,fourth,measure,A,75-34,4,10.0,9.995195,2A05_2B06,SMU,-19,9,
76-40,current,6.55575e-11,RESULT,,,,LaMP_HP_b,lamp_wholewafer,,,,,,,2026-09-23 17:17:25,first,measure,A,76-40,1,10.0,9.995173,4A06_4B05,SMU,-20,10,
76-30,current,6.08679e-11,RESULT,,,,LaMP_HP_b,lamp_wholewafer,,,,,,,2026-09-23 17:17:25,second,measure,A,76-30,2,10.0,9.995215,4A08_4B07,SMU,-19,10,
76-41,current,6.01062e-11,RESULT,,,,LaMP_HP_b,lamp_wholewafer,,,,,,,2026-09-23 17:17:25,third,measure,A,76-41,3,10.0,9.995231,2A07_2B08,SMU,-20,11,
76-31,current,6.31303e-11,RESULT,,,,LaMP_HP_b,lamp_wholewafer,,,,,,,2026-09-23 17:17:25,fourth,measure,A,76-31,4,10.0,9.995217,2A05_2B06,SMU,-19,11,
76-42,current,5.97254e-11,RESULT,,,,LaMP_HP_b,lamp_wholewafer,,,,,,,2026-09-23 17:17:32,first,measure,A,76-42,1,10.0,9.9952,4A06_4B05,SMU,-20,12,
76-32,current,5.57805e-11,RESULT,,,,LaMP_HP_b,lamp_wholewafer,,,,,,,2026-09-23 17:17:32,second,measure,A,76-32,2,10.0,9.995225,4A08_4B07,SMU,-19,12,
76-43,current,5.76733e-11,RESULT,,,,LaMP_HP_b,lamp_wholewafer,,,,,,,2026-09-23 17:17:32,third,measure,A,76-43,3,10.0,9.995176,2A07_2B08,SMU,-20,13,
76-33,current,5.83555e-11,RESULT,,,,LaMP_HP_b,lamp_wholewafer,,,,,,,2026-09-23 17:17:32,fourth,measure,A,76-33,4,10.0,9.995226,2A05_2B06,SMU,-19,13,
76-44,current,6.18513e-11,RESULT,,,,LaMP_HP_b,lamp_wholewafer,,,,,,,2026-09-23 17:17:38,first,measure,A,76-44,1,10.0,9.995176,4A06_4B05,SMU,-20,14,
76-34,current,5.38478e-11,RESULT,,,,LaMP_HP_b,lamp_wholewafer,,,,,,,2026-09-23 17:17:38,second,measure,A,76-34,2,10.0,9.995216,4A08_4B07,SMU,-19,14,
77-40,current,4.86693e-11,RESULT,,,,LaMP_HP_b,lamp_wholewafer,,,,,,,2026-09-23 17:17:38,third,measure,A,77-40,3,10.0,9.995229,2A07_2B08,SMU,-20,15,
77-30,current,4.92946e-11,RESULT,,,,LaMP_HP_b,lamp_wholewafer,,,,,,,2026-09-23 17:17:38,fourth,measure,A,77-30,4,10.0,9.995165,2A05_2B06,SMU,-19,15,
NA,current,4.93856e-11,RESULT,,,,LaMP_HP_b,lamp_wholewafer,,,,,,,2026-09-23 17:17:45,first,measure,A,NA,1,10.0,9.995216,4A06_4B05,SMU,-20,16,
77-31,current,4.24052e-11,RESULT,,,,LaMP_HP_b,lamp_wholewafer,,,,,,,2026-09-23 17:17:45,second,measure,A,77-31,2,10.0,9.995243,4A08_4B07,SMU,-19,16,
NA,current,9.99995e-07,RESULT,,,,LaMP_HP_b,lamp_wholewafer,,,,,,,2026-09-23 17:17:45,third,measure,A,NA,3,10.0,0.002584839,2A07_2B08,SMU,-20,17,
NA,current,7.7813e-11,RESULT,,,,LaMP_HP_b,lamp_wholewafer,,,,,,,2026-09-23 17:17:45,fourth,measure,A,NA,4,10.0,9.995214,2A05_2B06,SMU,-19,17,
NA,current,5.35408e-11,RESULT,,,,LaMP_HP_b,lamp_wholewafer,,,,,,,2026-09-23 17:17:52,first,measure,A,NA,1,10.0,9.995193,4A06_4B05,SMU,-18,-18,
NA,current,4.24507e-11,RESULT,,,,LaMP_HP_b,lamp_wholewafer,,,,,,,2026-09-23 17:17:52,second,measure,A,NA,2,10.0,9.995223,4A08_4B07,SMU,-17,-18,
70-23,current,4.55543e-11,RESULT,,,,LaMP_HP_b,lamp_wholewafer,,,,,,,2026-09-23 17:17:52,third,measure,A,70-23,3,10.0,9.995179,2A07_2B08,SMU,-18,-17,
70-13,current,4.21721e-11,RESULT,,,,LaMP_HP_b,lamp_wholewafer,,,,,,,2026-09-23 17:17:52,fourth,measure,A,70-13,4,10.0,9.995214,2A05_2B06,SMU,-17,-17,
70-24,current,5.61499e-11,RESULT,,,,LaMP_HP_b,lamp_wholewafer,,,,,,,2026-09-23 17:17:58,first,measure,A,70-24,1,10.0,9.995265,4A06_4B05,SMU,-18,-16,
70-14,current,5.81508e-11,RESULT,,,,LaMP_HP_b,lamp_wholewafer,,,,,,,2026-09-23 17:17:58,second,measure,A,70-14,2,10.0,9.995249,4A08_4B07,SMU,-17,-16,
71-20,current,6.05837e-11,RESULT,,,,LaMP_HP_b,lamp_wholewafer,,,,,,,2026-09-23 17:17:58,third,measure,A,71-20,3,10.0,9.995226,2A07_2B08,SMU,-18,-15,
71-10,current,5.94355e-11,RESULT,,,,LaMP_HP_b,lamp_wholewafer,,,,,,,2026-09-23 17:17:58,fourth,measure,A,71-10,4,10.0,9.99512,2A05_2B06,SMU,-17,-15,
71-21,current,6.6666e-11,RESULT,,,,LaMP_HP_b,lamp_wholewafer,,,,,,,2026-09-23 17:18:05,first,measure,A,71-21,1,10.0,9.995188,4A06_4B05,SMU,-18,-14,
71-11,current,6.03222e-11,RESULT,,,,LaMP_HP_b,lamp_wholewafer,,,,,,,2026-09-23 17:18:05,second,measure,A,71-11,2,10.0,9.995255,4A08_4B07,SMU,-17,-14,
71-22,current,6.12886e-11,RESULT,,,,LaMP_HP_b,lamp_wholewafer,,,,,,,2026-09-23 17:18:05,third,measure,A,71-22,3,10.0,9.995234,2A07_2B08,SMU,-18,-13,
71-12,current,6.02427e-11,RESULT,,,,LaMP_HP_b,lamp_wholewafer,,,,,,,2026-09-23 17:18:05,fourth,measure,A,71-12,4,10.0,9.995248,2A05_2B06,SMU,-17,-13,
71-23,current,6.45173e-11,RESULT,,,,LaMP_HP_b,lamp_wholewafer,,,,,,,2026-09-23 17:18:12,first,measure,A,71-23,1,10.0,9.995207,4A06_4B05,SMU,-18,-12,
71-13,current,6.238e-11,RESULT,,,,LaMP_HP_b,lamp_wholewafer,,,,,,,2026-09-23 17:18:12,second,measure,A,71-13,2,10.0,9.995287,4A08_4B07,SMU,-17,-12,
71-24,current,6.1425e-11,RESULT,,,,LaMP_HP_b,lamp_wholewafer,,,,,,,2026-09-23 17:18:12,third,measure,A,71-24,3,10.0,9.995338,2A07_2B08,SMU,-18,-11,
71-14,current,5.95094e-11,RESULT,,,,LaMP_HP_b,lamp_wholewafer,,,,,,,2026-09-23 17:18:12,fourth,measure,A,71-14,4,10.0,9.995319,2A05_2B06,SMU,-17,-11,
72-20,current,6.20844e-11,RESULT,,,,LaMP_HP_b,lamp_wholewafer,,,,,,,2026-09-23 17:18:18,first,measure,A,72-20,1,10.0,9.995179,4A06_4B05,SMU,-18,-10,
72-10,current,5.89409e-11,RESULT,,,,LaMP_HP_b,lamp_wholewafer,,,,,,,2026-09-23 17:18:18,second,measure,A,72-10,2,10.0,9.995209,4A08_4B07,SMU,-17,-10,
72-21,current,5.83157e-11,RESULT,,,,LaMP_HP_b,lamp_wholewafer,,,,,,,2026-09-23 17:18:18,third,measure,A,72-21,3,10.0,9.995256,2A07_2B08,SMU,-18,-9,
72-11,current,6.05724e-11,RESULT,,,,LaMP_HP_b,lamp_wholewafer,,,,,,,2026-09-23 17:18:18,fourth,measure,A,72-11,4,10.0,9.995233,2A05_2B06,SMU,-17,-9,
72-22,current,6.45912e-11,RESULT,,,,LaMP_HP_b,lamp_wholewafer,,,,,,,2026-09-23 17:18:25,first,measure,A,72-22,1,10.0,9.995288,4A06_4B05,SMU,-18,-8,
72-12,current,6.13795e-11,RESULT,,,,LaMP_HP_b,lamp_wholewafer,,,,,,,2026-09-23 17:18:25,second,measure,A,72-12,2,10.0,9.995332,4A08_4B07,SMU,-17,-8,
72-23,current,5.95662e-11,RESULT,,,,LaMP_HP_b,lamp_wholewafer,,,,,,,2026-09-23 17:18:25,third,measure,A,72-23,3,10.0,9.995311,2A07_2B08,SMU,-18,-7,
72-13,current,5.81963e-11,RESULT,,,,LaMP_HP_b,lamp_wholewafer,,,,,,,2026-09-23 17:18:25,fourth,measure,A,72-13,4,10.0,9.995357,2A05_2B06,SMU,-17,-7,
72-24,current,6.61657e-11,RESULT,,,,LaMP_HP_b,lamp_wholewafer,,,,,,,2026-09-23 17:18:31,first,measure,A,72-24,1,10.0,9.995291,4A06_4B05,SMU,-18,-6,
72-14,current,5.96685e-11,RESULT,,,,LaMP_HP_b,lamp_wholewafer,,,,,,,2026-09-23 17:18:31,second,measure,A,72-14,2,10.0,9.995308,4A08_4B07,SMU,-17,-6,
73-20,current,5.86965e-11,RESULT,,,,LaMP_HP_b,lamp_wholewafer,,,,,,,2026-09-23 17:18:31,third,measure,A,73-20,3,10.0,9.995252,2A07_2B08,SMU,-18,-5,
73-10,current,5.79291e-11,RESULT,,,,LaMP_HP_b,lamp_wholewafer,,,,,,,2026-09-23 17:18:31,fourth,measure,A,73-10,4,10.0,9.995344,2A05_2B06,SMU,-17,-5,
73-21,current,6.27267e-11,RESULT,,,,LaMP_HP_b,lamp_wholewafer,,,,,,,2026-09-23 17:18:38,first,measure,A,73-21,1,10.0,9.995351,4A06_4B05,SMU,-18,-4,
73-11,current,5.71504e-11,RESULT,,,,LaMP_HP_b,lamp_wholewafer,,,,,,,2026-09-23 17:18:38,second,measure,A,73-11,2,10.0,9.995339,4A08_4B07,SMU,-17,-4,
73-22,current,6.10043e-11,RESULT,,,,LaMP_HP_b,lamp_wholewafer,,,,,,,2026-09-23 17:18:38,third,measure,A,73-22,3,10.0,9.995279,2A07_2B08,SMU,-18,-3,
73-12,current,5.93843e-11,RESULT,,,,LaMP_HP_b,lamp_wholewafer,,,,,,,2026-09-23 17:18:38,fourth,measure,A,73-12,4,10.0,9.995255,2A05_2B06,SMU,-17,-3,
73-23,current,6.62396e-11,RESULT,,,,LaMP_HP_b,lamp_wholewafer,,,,,,,2026-09-23 17:18:45,first,measure,A,73-23,1,10.0,9.995225,4A06_4B05,SMU,-18,-2,
73-13,current,5.84691e-11,RESULT,,,,LaMP_HP_b,lamp_wholewafer,,,,,,,2026-09-23 17:18:45,second,measure,A,73-13,2,10.0,9.995264,4A08_4B07,SMU,-17,-2,
73-24,current,6.00267e-11,RESULT,,,,LaMP_HP_b,lamp_wholewafer,,,,,,,2026-09-23 17:18:45,third,measure,A,73-24,3,10.0,9.995276,2A07_2B08,SMU,-18,-1,
73-14,current,5.90774e-11,RESULT,,,,LaMP_HP_b,lamp_wholewafer,,,,,,,2026-09-23 17:18:45,fourth,measure,A,73-14,4,10.0,9.995229,2A05_2B06,SMU,-17,-1,
74-20,current,6.92864e-11,RESULT,,,,LaMP_HP_b,lamp_wholewafer,,,,,,,2026-09-23 17:18:51,first,measure,A,74-20,1,10.0,9.995198,4A06_4B05,SMU,-18,0,
74-10,current,6.18513e-11,RESULT,,,,LaMP_HP_b,lamp_wholewafer,,,,,,,2026-09-23 17:18:51,second,measure,A,74-10,2,10.0,9.995193,4A08_4B07,SMU,-17,0,
74-21,current,5.81508e-11,RESULT,,,,LaMP_HP_b,lamp_wholewafer,,,,,,,2026-09-23 17:18:51,third,measure,A,74-21,3,10.0,9.99518,2A07_2B08,SMU,-18,1,
74-11,current,6.14989e-11,RESULT,,,,LaMP_HP_b,lamp_wholewafer,,,,,,,2026-09-23 17:18:51,fourth,measure,A,74-11,4,10.0,9.995226,2A05_2B06,SMU,-17,1,
74-22,current,7.00368e-11,RESULT,,,,LaMP_HP_b,lamp_wholewafer,,,,,,,2026-09-23 17:18:58,first,measure,A,74-22,1,10.0,9.995216,4A06_4B05,SMU,-18,2,
74-12,current,6.06974e-11,RESULT,,,,LaMP_HP_b,lamp_wholewafer,,,,,,,2026-09-23 17:18:58,second,measure,A,74-12,2,10.0,9.995208,4A08_4B07,SMU,-17,2,
74-23,current,5.74232e-11,RESULT,,,,LaMP_HP_b,lamp_wholewafer,,,,,,,2026-09-23 17:18:58,third,measure,A,74-23,3,10.0,9.995276,2A07_2B08,SMU,-18,3,
74-13,current,5.81906e-11,RESULT,,,,LaMP_HP_b,lamp_wholewafer,,,,,,,2026-09-23 17:18:58,fourth,measure,A,74-13,4,10.0,9.995291,2A05_2B06,SMU,-17,3,
74-24,current,6.13113e-11,RESULT,,,,LaMP_HP_b,lamp_wholewafer,,,,,,,2026-09-23 17:19:04,first,measure,A,74-24,1,10.0,9.995324,4A06_4B05,SMU,-18,4,
74-14,current,6.14364e-11,RESULT,,,,LaMP_HP_b,lamp_wholewafer,,,,,,,2026-09-23 17:19:04,second,measure,A,74-14,2,10.0,9.995346,4A08_4B07,SMU,-17,4,
75-20,current,5.97538e-11,RESULT,,,,LaMP_HP_b,lamp_wholewafer,,,,,,,2026-09-23 17:19:04,third,measure,A,75-20,3,10.0,9.995298,2A07_2B08,SMU,-18,5,
75-10,current,5.71731e-11,RESULT,,,,LaMP_HP_b,lamp_wholewafer,,,,,,,2026-09-23 17:19:04,fourth,measure,A,75-10,4,10.0,9.995295,2A05_2B06,SMU,-17,5,
75-21,current,5.90262e-11,RESULT,,,,LaMP_HP_b,lamp_wholewafer,,,,,,,2026-09-23 17:19:11,first,measure,A,75-21,1,10.0,9.995321,4A06_4B05,SMU,-18,6,
75-11,current,6.30791e-11,RESULT,,,,LaMP_HP_b,lamp_wholewafer,,,,,,,2026-09-23 17:19:11,second,measure,A,75-11,2,10.0,9.995314,4A08_4B07,SMU,-17,6,
75-22,current,5.7048e-11,RESULT,,,,LaMP_HP_b,lamp_wholewafer,,,,,,,2026-09-23 17:19:11,third,measure,A,75-22,3,10.0,9.995275,2A07_2B08,SMU,-18,7,
75-12,current,5.81451e-11,RESULT,,,,LaMP_HP_b,lamp_wholewafer,,,,,,,2026-09-23 17:19:11,fourth,measure,A,75-12,4,10.0,9.995301,2A05_2B06,SMU,-17,7,
75-23,current,6.74106e-11,RESULT,,,,LaMP_HP_b,lamp_wholewafer,,,,,,,2026-09-23 17:19:18,first,measure,A,75-23,1,10.0,9.995317,4A06_4B05,SMU,-18,8,
75-13,current,6.0578e-11,RESULT,,,,LaMP_HP_b,lamp_wholewafer,,,,,,,2026-09-23 17:19:18,second,measure,A,75-13,2,10.0,9.995256,4A08_4B07,SMU,-17,8,
75-24,current,5.8435e-11,RESULT,,,,LaMP_HP_b,lamp_wholewafer,,,,,,,2026-09-23 17:19:18,third,measure,A,75-24,3,10.0,9.995239,2A07_2B08,SMU,-18,9,
75-14,current,5.9805e-11,RESULT,,,,LaMP_HP_b,lamp_wholewafer,,,,,,,2026-09-23 17:19:18,fourth,measure,A,75-14,4,10.0,9.995269,2A05_2B06,SMU,-17,9,
76-20,current,6.44491e-11,RESULT,,,,LaMP_HP_b,lamp_wholewafer,,,,,,,2026-09-23 17:19:24,first,measure,A,76-20,1,10.0,9.995199,4A06_4B05,SMU,-18,10,
76-10,current,5.97481e-11,RESULT,,,,LaMP_HP_b,lamp_wholewafer,,,,,,,2026-09-23 17:19:24,second,measure,A,76-10,2,10.0,9.995138,4A08_4B07,SMU,-17,10,
76-21,current,5.84691e-11,RESULT,,,,LaMP_HP_b,lamp_wholewafer,,,,,,,2026-09-23 17:19:24,third,measure,A,76-21,3,10.0,9.995173,2A07_2B08,SMU,-18,11,
76-11,current,5.65933e-11,RESULT,,,,LaMP_HP_b,lamp_wholewafer,,,,,,,2026-09-23 17:19:24,fourth,measure,A,76-11,4,10.0,9.995261,2A05_2B06,SMU,-17,11,
76-22,current,6.25278e-11,RESULT,,,,LaMP_HP_b,lamp_wholewafer,,,,,,,2026-09-23 17:19:31,first,measure,A,76-22,1,10.0,9.995322,4A06_4B05,SMU,-18,12,
76-12,current,5.84123e-11,RESULT,,,,LaMP_HP_b,lamp_wholewafer,,,,,,,2026-09-23 17:19:31,second,measure,A,76-12,2,10.0,9.995267,4A08_4B07,SMU,-17,12,
76-23,current,5.58146e-11,RESULT,,,,LaMP_HP_b,lamp_wholewafer,,,,,,,2026-09-23 17:19:31,third,measure,A,76-23,3,10.0,9.995256,2A07_2B08,SMU,-18,13,
76-13,current,5.47288e-11,RESULT,,,,LaMP_HP_b,lamp_wholewafer,,,,,,,2026-09-23 17:19:31,fourth,measure,A,76-13,4,10.0,9.995188,2A05_2B06,SMU,-17,13,
76-24,current,6.03961e-11,RESULT,,,,LaMP_HP_b,lamp_wholewafer,,,,,,,2026-09-23 17:19:37,first,measure,A,76-24,1,10.0,9.995287,4A06_4B05,SMU,-18,14,
76-14,current,5.69742e-11,RESULT,,,,LaMP_HP_b,lamp_wholewafer,,,,,,,2026-09-23 17:19:37,second,measure,A,76-14,2,10.0,9.995297,4A08_4B07,SMU,-17,14,
77-20,current,5.20913e-11,RESULT,,,,LaMP_HP_b,lamp_wholewafer,,,,,,,2026-09-23 17:19:37,third,measure,A,77-20,3,10.0,9.995324,2A07_2B08,SMU,-18,15,
77-10,current,5.09431e-11,RESULT,,,,LaMP_HP_b,lamp_wholewafer,,,,,,,2026-09-23 17:19:37,fourth,measure,A,77-10,4,10.0,9.995371,2A05_2B06,SMU,-17,15,
77-21,current,4.88626e-11,RESULT,,,,LaMP_HP_b,lamp_wholewafer,,,,,,,2026-09-23 17:19:44,first,measure,A,77-21,1,10.0,9.995298,4A06_4B05,SMU,-18,16,
77-11,current,4.53099e-11,RESULT,,,,LaMP_HP_b,lamp_wholewafer,,,,,,,2026-09-23 17:19:44,second,measure,A,77-11,2,10.0,9.99531,4A08_4B07,SMU,-17,16,
NA,current,5.8742e-11,RESULT,,,,LaMP_HP_b,lamp_wholewafer,,,,,,,2026-09-23 17:19:44,third,measure,A,NA,3,10.0,9.995287,2A07_2B08,SMU,-18,17,
NA,current,5.11136e-11,RESULT,,,,LaMP_HP_b,lamp_wholewafer,,,,,,,2026-09-23 17:19:44,fourth,measure,A,NA,4,10.0,9.995281,2A05_2B06,SMU,-17,17,
NA,current,4.06089e-11,RESULT,,,,LaMP_HP_b,lamp_wholewafer,,,,,,,2026-09-23 17:19:51,first,measure,A,NA,1,10.0,9.995256,4A06_4B05,SMU,-16,-18,
60-72,current,4.57135e-11,RESULT,,,,LaMP_HP_b,lamp_wholewafer,,,,,,,2026-09-23 17:19:51,second,measure,A,60-72,2,10.0,9.995263,4A08_4B07,SMU,-15,-18,
70-03,current,4.31214e-11,RESULT,,,,LaMP_HP_b,lamp_wholewafer,,,,,,,2026-09-23 17:19:51,third,measure,A,70-03,3,10.0,9.995224,2A07_2B08,SMU,-16,-17,
60-73,current,4.9107e-11,RESULT,,,,LaMP_HP_b,lamp_wholewafer,,,,,,,2026-09-23 17:19:51,fourth,measure,A,60-73,4,10.0,9.995256,2A05_2B06,SMU,-15,-17,
70-04,current,5.85487e-11,RESULT,,,,LaMP_HP_b,lamp_wholewafer,,,,,,,2026-09-23 17:19:58,first,measure,A,70-04,1,10.0,9.995308,4A06_4B05,SMU,-16,-16,
60-74,current,5.57236e-11,RESULT,,,,LaMP_HP_b,lamp_wholewafer,,,,,,,2026-09-23 17:19:58,second,measure,A,60-74,2,10.0,9.995307,4A08_4B07,SMU,-15,-16,
71-00,current,5.72811e-11,RESULT,,,,LaMP_HP_b,lamp_wholewafer,,,,,,,2026-09-23 17:19:58,third,measure,A,71-00,3,10.0,9.995328,2A07_2B08,SMU,-16,-15,
61-70,current,5.49335e-11,RESULT,,,,LaMP_HP_b,lamp_wholewafer,,,,,,,2026-09-23 17:19:58,fourth,measure,A,61-70,4,10.0,9.995333,2A05_2B06,SMU,-15,-15,
71-01,current,6.12147e-11,RESULT,,,,LaMP_HP_b,lamp_wholewafer,,,,,,,2026-09-23 17:20:04,first,measure,A,71-01,1,10.0,9.99523,4A06_4B05,SMU,-16,-14,
61-71,current,6.05667e-11,RESULT,,,,LaMP_HP_b,lamp_wholewafer,,,,,,,2026-09-23 17:20:04,second,measure,A,61-71,2,10.0,9.99523,4A08_4B07,SMU,-15,-14,
71-02,current,5.75142e-11,RESULT,,,,LaMP_HP_b,lamp_wholewafer,,,,,,,2026-09-23 17:20:04,third,measure,A,71-02,3,10.0,9.995207,2A07_2B08,SMU,-16,-13,
61-72,current,5.9066e-11,RESULT,,,,LaMP_HP_b,lamp_wholewafer,,,,,,,2026-09-23 17:20:04,fourth,measure,A,61-72,4,10.0,9.995122,2A05_2B06,SMU,-15,-13,
71-03,current,6.35055e-11,RESULT,,,,LaMP_HP_b,lamp_wholewafer,,,,,,,2026-09-23 17:20:11,first,measure,A,71-03,1,10.0,9.995202,4A06_4B05,SMU,-16,-12,
61-73,current,5.96401e-11,RESULT,,,,LaMP_HP_b,lamp_wholewafer,,,,,,,2026-09-23 17:20:11,second,measure,A,61-73,2,10.0,9.995214,4A08_4B07,SMU,-15,-12,
71-04,current,6.1965e-11,RESULT,,,,LaMP_HP_b,lamp_wholewafer,,,,,,,2026-09-23 17:20:11,third,measure,A,71-04,3,10.0,9.995191,2A07_2B08,SMU,-16,-11,
61-74,current,5.98845e-11,RESULT,,,,LaMP_HP_b,lamp_wholewafer,,,,,,,2026-09-23 17:20:11,fourth,measure,A,61-74,4,10.0,9.995211,2A05_2B06,SMU,-15,-11,
72-00,current,6.13113e-11,RESULT,,,,LaMP_HP_b,lamp_wholewafer,,,,,,,2026-09-23 17:20:17,first,measure,A,72-00,1,10.0,9.995255,4A06_4B05,SMU,-16,-10,
62-70,current,6.14193e-11,RESULT,,,,LaMP_HP_b,lamp_wholewafer,,,,,,,2026-09-23 17:20:17,second,measure,A,62-70,2,10.0,9.995209,4A08_4B07,SMU,-15,-10,
72-01,current,6.09475e-11,RESULT,,,,LaMP_HP_b,lamp_wholewafer,,,,,,,2026-09-23 17:20:17,third,measure,A,72-01,3,10.0,9.995223,2A07_2B08,SMU,-16,-9,
62-71,current,6.00437e-11,RESULT,,,,LaMP_HP_b,lamp_wholewafer,,,,,,,2026-09-23 17:20:17,fourth,measure,A,62-71,4,10.0,9.995215,2A05_2B06,SMU,-15,-9,
72-02,current,6.46821e-11,RESULT,,,,LaMP_HP_b,lamp_wholewafer,,,,,,,2026-09-23 17:20:24,first,measure,A,72-02,1,10.0,9.995361,4A06_4B05,SMU,-16,-8,
62-72,current,5.94866e-11,RESULT,,,,LaMP_HP_b,lamp_wholewafer,,,,,,,2026-09-23 17:20:24,second,measure,A,62-72,2,10.0,9.995259,4A08_4B07,SMU,-15,-8,
72-03,current,5.85317e-11,RESULT,,,,LaMP_HP_b,lamp_wholewafer,,,,,,,2026-09-23 17:20:24,third,measure,A,72-03,3,10.0,9.995199,2A07_2B08,SMU,-16,-7,
62-73,current,5.89637e-11,RESULT,,,,LaMP_HP_b,lamp_wholewafer,,,,,,,2026-09-23 17:20:24,fourth,measure,A,62-73,4,10.0,9.995235,2A05_2B06,SMU,-15,-7,
72-04,current,6.38806e-11,RESULT,,,,LaMP_HP_b,lamp_wholewafer,,,,,,,2026-09-23 17:20:31,first,measure,A,72-04,1,10.0,9.995321,4A06_4B05,SMU,-16,-6,
62-74,current,5.93388e-11,RESULT,,,,LaMP_HP_b,lamp_wholewafer,,,,,,,2026-09-23 17:20:31,second,measure,A,62-74,2,10.0,9.995298,4A08_4B07,SMU,-15,-6,
73-00,current,5.94866e-11,RESULT,,,,LaMP_HP_b,lamp_wholewafer,,,,,,,2026-09-23 17:20:31,third,measure,A,73-00,3,10.0,9.995279,2A07_2B08,SMU,-16,-5,
63-70,current,5.78723e-11,RESULT,,,,LaMP_HP_b,lamp_wholewafer,,,,,,,2026-09-23 17:20:31,fourth,measure,A,63-70,4,10.0,9.995321,2A05_2B06,SMU,-15,-5,
73-01,current,6.41933e-11,RESULT,,,,LaMP_HP_b,lamp_wholewafer,,,,,,,2026-09-23 17:20:37,first,measure,A,73-01,1,10.0,9.995288,4A06_4B05,SMU,-16,-4,
63-71,current,5.92195e-11,RESULT,,,,LaMP_HP_b,lamp_wholewafer,,,,,,,2026-09-23 17:20:37,second,measure,A,63-71,2,10.0,9.995173,4A08_4B07,SMU,-15,-4,
73-02,current,6.39034e-11,RESULT,,,,LaMP_HP_b,lamp_wholewafer,,,,,,,2026-09-23 17:20:37,third,measure,A,73-02,3,10.0,9.995214,2A07_2B08,SMU,-16,-3,
63-72,current,5.90489e-11,RESULT,,,,LaMP_HP_b,lamp_wholewafer,,,,,,,2026-09-23 17:20:37,fourth,measure,A,63-72,4,10.0,9.995254,2A05_2B06,SMU,-15,-3,
73-03,current,6.54325e-11,RESULT,,,,LaMP_HP_b,lamp_wholewafer,,,,,,,2026-09-23 17:20:44,first,measure,A,73-03,1,10.0,9.995118,4A06_4B05,SMU,-16,-2,
63-73,current,6.34486e-11,RESULT,,,,LaMP_HP_b,lamp_wholewafer,,,,,,,2026-09-23 17:20:44,second,measure,A,63-73,2,10.0,9.995144,4A08_4B07,SMU,-15,-2,
73-04,current,6.1317e-11,RESULT,,,,LaMP_HP_b,lamp_wholewafer,,,,,,,2026-09-23 17:20:44,third,measure,A,73-04,3,10.0,9.995154,2A07_2B08,SMU,-16,-1,
63-74,current,6.08679e-11,RESULT,,,,LaMP_HP_b,lamp_wholewafer,,,,,,,2026-09-23 17:20:44,fourth,measure,A,63-74,4,10.0,9.995192,2A05_2B06,SMU,-15,-1,
74-00,current,6.39716e-11,RESULT,,,,LaMP_HP_b,lamp_wholewafer,,,,,,,2026-09-23 17:20:50,first,measure,A,74-00,1,10.0,9.995214,4A06_4B05,SMU,-16,0,
64-70,current,6.05439e-11,RESULT,,,,LaMP_HP_b,lamp_wholewafer,,,,,,,2026-09-23 17:20:50,second,measure,A,64-70,2,10.0,9.995226,4A08_4B07,SMU,-15,0,
74-01,current,5.59225e-11,RESULT,,,,LaMP_HP_b,lamp_wholewafer,,,,,,,2026-09-23 17:20:50,third,measure,A,74-01,3,10.0,9.995219,2A07_2B08,SMU,-16,1,
64-71,current,6.16467e-11,RESULT,,,,LaMP_HP_b,lamp_wholewafer,,,,,,,2026-09-23 17:20:50,fourth,measure,A,64-71,4,10.0,9.995164,2A05_2B06,SMU,-15,1,
74-02,current,6.48925e-11,RESULT,,,,LaMP_HP_b,lamp_wholewafer,,,,,,,2026-09-23 17:20:57,first,measure,A,74-02,1,10.0,9.995173,4A06_4B05,SMU,-16,2,
64-72,current,5.97254e-11,RESULT,,,,LaMP_HP_b,lamp_wholewafer,,,,,,,2026-09-23 17:20:57,second,measure,A,64-72,2,10.0,9.995209,4A08_4B07,SMU,-15,2,
74-03,current,5.86908e-11,RESULT,,,,LaMP_HP_b,lamp_wholewafer,,,,,,,2026-09-23 17:20:57,third,measure,A,74-03,3,10.0,9.995185,2A07_2B08,SMU,-16,3,
64-73,current,6.11578e-11,RESULT,,,,LaMP_HP_b,lamp_wholewafer,,,,,,,2026-09-23 17:20:57,fourth,measure,A,64-73,4,10.0,9.995264,2A05_2B06,SMU,-15,3,
74-04,current,6.48868e-11,RESULT,,,,LaMP_HP_b,lamp_wholewafer,,,,,,,2026-09-23 17:21:04,first,measure,A,74-04,1,10.0,9.995257,4A06_4B05,SMU,-16,4,
64-74,current,6.36874e-11,RESULT,,,,LaMP_HP_b,lamp_wholewafer,,,,,,,2026-09-23 17:21:04,second,measure,A,64-74,2,10.0,9.995219,4A08_4B07,SMU,-15,4,
75-00,current,5.8543e-11,RESULT,,,,LaMP_HP_b,lamp_wholewafer,,,,,,,2026-09-23 17:21:04,third,measure,A,75-00,3,10.0,9.995241,2A07_2B08,SMU,-16,5,
65-70,current,6.09361e-11,RESULT,,,,LaMP_HP_b,lamp_wholewafer,,,,,,,2026-09-23 17:21:04,fourth,measure,A,65-70,4,10.0,9.99526,2A05_2B06,SMU,-15,5,
75-01,current,6.60009e-11,RESULT,,,,LaMP_HP_b,lamp_wholewafer,,,,,,,2026-09-23 17:21:10,first,measure,A,75-01,1,10.0,9.99524,4A06_4B05,SMU,-16,6,
65-71,current,6.10328e-11,RESULT,,,,LaMP_HP_b,lamp_wholewafer,,,,,,,2026-09-23 17:21:10,second,measure,A,65-71,2,10.0,9.995325,4A08_4B07,SMU,-15,6,
75-02,current,5.93445e-11,RESULT,,,,LaMP_HP_b,lamp_wholewafer,,,,,,,2026-09-23 17:21:10,third,measure,A,75-02,3,10.0,9.995239,2A07_2B08,SMU,-16,7,
65-72,current,5.87363e-11,RESULT,,,,LaMP_HP_b,lamp_wholewafer,,,,,,,2026-09-23 17:21:10,fourth,measure,A,65-72,4,10.0,9.995203,2A05_2B06,SMU,-15,7,
75-03,current,6.68479e-11,RESULT,,,,LaMP_HP_b,lamp_wholewafer,,,,,,,2026-09-23 17:21:17,first,measure,A,75-03,1,10.0,9.995135,4A06_4B05,SMU,-16,8,
65-73,current,6.37954e-11,RESULT,,,,LaMP_HP_b,lamp_wholewafer,,,,,,,2026-09-23 17:21:17,second,measure,A,65-73,2,10.0,9.995145,4A08_4B07,SMU,-15,8,
75-04,current,5.81792e-11,RESULT,,,,LaMP_HP_b,lamp_wholewafer,,,,,,,2026-09-23 17:21:17,third,measure,A,75-04,3,10.0,9.995129,2A07_2B08,SMU,-16,9,
65-74,current,6.20673e-11,RESULT,,,,LaMP_HP_b,lamp_wholewafer,,,,,,,2026-09-23 17:21:17,fourth,measure,A,65-74,4,10.0,9.995213,2A05_2B06,SMU,-15,9,
76-00,current,6.42103e-11,RESULT,,,,LaMP_HP_b,lamp_wholewafer,,,,,,,2026-09-23 17:21:24,first,measure,A,76-00,1,10.0,9.995274,4A06_4B05,SMU,-16,10,
66-70,current,5.80087e-11,RESULT,,,,LaMP_HP_b,lamp_wholewafer,,,,,,,2026-09-23 17:21:24,second,measure,A,66-70,2,10.0,9.995199,4A08_4B07,SMU,-15,10,
76-01,current,5.87534e-11,RESULT,,,,LaMP_HP_b,lamp_wholewafer,,,,,,,2026-09-23 17:21:24,third,measure,A,76-01,3,10.0,9.995203,2A07_2B08,SMU,-16,11,
66-71,current,5.96685e-11,RESULT,,,,LaMP_HP_b,lamp_wholewafer,,,,,,,2026-09-23 17:21:24,fourth,measure,A,66-71,4,10.0,9.995216,2A05_2B06,SMU,-15,11,
76-02,current,6.59554e-11,RESULT,,,,LaMP_HP_b,lamp_wholewafer,,,,,,,2026-09-23 17:21:30,first,measure,A,76-02,1,10.0,9.99512,4A06_4B05,SMU,-16,12,
66-72,current,5.67297e-11,RESULT,,,,LaMP_HP_b,lamp_wholewafer,,,,,,,2026-09-23 17:21:30,second,measure,A,66-72,2,10.0,9.995122,4A08_4B07,SMU,-15,12,
76-03,current,6.02199e-11,RESULT,,,,LaMP_HP_b,lamp_wholewafer,,,,,,,2026-09-23 17:21:30,third,measure,A,76-03,3,10.0,9.995131,2A07_2B08,SMU,-16,13,
66-73,current,5.77813e-11,RESULT,,,,LaMP_HP_b,lamp_wholewafer,,,,,,,2026-09-23 17:21:30,fourth,measure,A,66-73,4,10.0,9.995197,2A05_2B06,SMU,-15,13,
76-04,current,5.72413e-11,RESULT,,,,LaMP_HP_b,lamp_wholewafer,,,,,,,2026-09-23 17:21:37,first,measure,A,76-04,1,10.0,9.995168,4A06_4B05,SMU,-16,14,
66-74,current,5.81565e-11,RESULT,,,,LaMP_HP_b,lamp_wholewafer,,,,,,,2026-09-23 17:21:37,second,measure,A,66-74,2,10.0,9.99516,4A08_4B07,SMU,-15,14,
77-00,current,4.97721e-11,RESULT,,,,LaMP_HP_b,lamp_wholewafer,,,,,,,2026-09-23 17:21:37,third,measure,A,77-00,3,10.0,9.99518,2A07_2B08,SMU,-16,15,
67-70,current,5.17616e-11,RESULT,,,,LaMP_HP_b,lamp_wholewafer,,,,,,,2026-09-23 17:21:37,fourth,measure,A,67-70,4,10.0,9.995134,2A05_2B06,SMU,-15,15,
77-01,current,4.85215e-11,RESULT,,,,LaMP_HP_b,lamp_wholewafer,,,,,,,2026-09-23 17:21:44,first,measure,A,77-01,1,10.0,9.995169,4A06_4B05,SMU,-16,16,
67-71,current,4.66287e-11,RESULT,,,,LaMP_HP_b,lamp_wholewafer,,,,,,,2026-09-23 17:21:44,second,measure,A,67-71,2,10.0,9.995189,4A08_4B07,SMU,-15,16,
NA,current,9.32573e-11,RESULT,,,,LaMP_HP_b,lamp_wholewafer,,,,,,,2026-09-23 17:21:44,third,measure,A,NA,3,10.0,9.99518,2A07_2B08,SMU,-16,17,
67-72,current,3.6016e-11,RESULT,,,,LaMP_HP_b,lamp_wholewafer,,,,,,,2026-09-23 17:21:44,fourth,measure,A,67-72,4,10.0,9.995177,2A05_2B06,SMU,-15,17,
60-62,current,5.01927e-11,RESULT,,,,LaMP_HP_b,lamp_wholewafer,,,,,,,2026-09-23 17:21:50,first,measure,A,60-62,1,10.0,9.995169,4A06_4B05,SMU,-14,-18,
60-52,current,4.72369e-11,RESULT,,,,LaMP_HP_b,lamp_wholewafer,,,,,,,2026-09-23 17:21:50,second,measure,A,60-52,2,10.0,9.995215,4A08_4B07,SMU,-13,-18,
60-63,current,4.99369e-11,RESULT,,,,LaMP_HP_b,lamp_wholewafer,,,,,,,2026-09-23 17:21:50,third,measure,A,60-63,3,10.0,9.995226,2A07_2B08,SMU,-14,-17,
60-53,current,4.83396e-11,RESULT,,,,LaMP_HP_b,lamp_wholewafer,,,,,,,2026-09-23 17:21:50,fourth,measure,A,60-53,4,10.0,9.995287,2A05_2B06,SMU,-13,-17,
60-64,current,6.346e-11,RESULT,,,,LaMP_HP_b,lamp_wholewafer,,,,,,,2026-09-23 17:21:57,first,measure,A,60-64,1,10.0,9.995222,4A06_4B05,SMU,-14,-16,
60-54,current,6.02313e-11,RESULT,,,,LaMP_HP_b,lamp_wholewafer,,,,,,,2026-09-23 17:21:57,second,measure,A,60-54,2,10.0,9.995281,4A08_4B07,SMU,-13,-16,
61-60,current,5.73777e-11,RESULT,,,,LaMP_HP_b,lamp_wholewafer,,,,,,,2026-09-23 17:21:57,third,measure,A,61-60,3,10.0,9.99521,2A07_2B08,SMU,-14,-15,
61-50,current,6.00778e-11,RESULT,,,,LaMP_HP_b,lamp_wholewafer,,,,,,,2026-09-23 17:21:57,fourth,measure,A,61-50,4,10.0,9.995174,2A05_2B06,SMU,-13,-15,
61-61,current,6.31246e-11,RESULT,,,,LaMP_HP_b,lamp_wholewafer,,,,,,,2026-09-23 17:22:04,first,measure,A,61-61,1,10.0,9.995155,4A06_4B05,SMU,-14,-14,
61-51,current,5.96685e-11,RESULT,,,,LaMP_HP_b,lamp_wholewafer,,,,,,,2026-09-23 17:22:04,second,measure,A,61-51,2,10.0,9.99518,4A08_4B07,SMU,-13,-14,
PCM,current,2.84501e-11,RESULT,,,,LaMP_HP_b,lamp_wholewafer,,,,,,,2026-09-23 17:22:04,third,measure,A,PCM,3,10.0,9.995248,2A07_2B08,SMU,-14,-13,
61-52,current,5.17218e-11,RESULT,,,,LaMP_HP_b,lamp_wholewafer,,,,,,,2026-09-23 17:22:04,fourth,measure,A,61-52,4,10.0,9.995233,2A05_2B06,SMU,-13,-13,
61-63,current,6.72912e-11,RESULT,,,,LaMP_HP_b,lamp_wholewafer,,,,,,,2026-09-23 17:22:10,first,measure,A,61-63,1,10.0,9.995213,4A06_4B05,SMU,-14,-12,
61-53,current,6.35396e-11,RESULT,,,,LaMP_HP_b,lamp_wholewafer,,,,,,,2026-09-23 17:22:10,second,measure,A,61-53,2,10.0,9.995209,4A08_4B07,SMU,-13,-12,
61-64,current,5.35351e-11,RESULT,,,,LaMP_HP_b,lamp_wholewafer,,,,,,,2026-09-23 17:22:10,third,measure,A,61-64,3,10.0,9.995242,2A07_2B08,SMU,-14,-11,
61-54,current,5.88443e-11,RESULT,,,,LaMP_HP_b,lamp_wholewafer,,,,,,,2026-09-23 17:22:10,fourth,measure,A,61-54,4,10.0,9.995248,2A05_2B06,SMU,-13,-11,
62-60,current,6.1334e-11,RESULT,,,,LaMP_HP_b,lamp_wholewafer,,,,,,,2026-09-23 17:22:17,first,measure,A,62-60,1,10.0,9.99526,4A06_4B05,SMU,-14,-10,
62-50,current,5.33419e-11,RESULT,,,,LaMP_HP_b,lamp_wholewafer,,,,,,,2026-09-23 17:22:17,second,measure,A,62-50,2,10.0,9.995234,4A08_4B07,SMU,-13,-10,
62-61,current,5.77188e-11,RESULT,,,,LaMP_HP_b,lamp_wholewafer,,,,,,,2026-09-23 17:22:17,third,measure,A,62-61,3,10.0,9.995192,2A07_2B08,SMU,-14,-9,
62-51,current,5.74914e-11,RESULT,,,,LaMP_HP_b,lamp_wholewafer,,,,,,,2026-09-23 17:22:17,fourth,measure,A,62-51,4,10.0,9.995346,2A05_2B06,SMU,-13,-9,
62-62,current,6.60236e-11,RESULT,,,,LaMP_HP_b,lamp_wholewafer,,,,,,,2026-09-23 17:22:24,first,measure,A,62-62,1,10.0,9.99522,4A06_4B05,SMU,-14,-8,
62-52,current,6.90022e-11,RESULT,,,,LaMP_HP_b,lamp_wholewafer,,,,,,,2026-09-23 17:22:24,second,measure,A,62-52,2,10.0,9.995241,4A08_4B07,SMU,-13,-8,
62-63,current,5.35465e-11,RESULT,,,,LaMP_HP_b,lamp_wholewafer,,,,,,,2026-09-23 17:22:24,third,measure,A,62-63,3,10.0,9.99529,2A07_2B08,SMU,-14,-7,
62-53,current,6.17149e-11,RESULT,,,,LaMP_HP_b,lamp_wholewafer,,,,,,,2026-09-23 17:22:24,fourth,measure,A,62-53,4,10.0,9.995227,2A05_2B06,SMU,-13,-7,
62-64,current,6.46196e-11,RESULT,,,,LaMP_HP_b,lamp_wholewafer,,,,,,,2026-09-23 17:22:30,first,measure,A,62-64,1,10.0,9.995289,4A06_4B05,SMU,-14,-6,
62-54,current,5.89523e-11,RESULT,,,,LaMP_HP_b,lamp_wholewafer,,,,,,,2026-09-23 17:22:30,second,measure,A,62-54,2,10.0,9.995161,4A08_4B07,SMU,-13,-6,
63-60,current,6.18513e-11,RESULT,,,,LaMP_HP_b,lamp_wholewafer,,,,,,,2026-09-23 17:22:30,third,measure,A,63-60,3,10.0,9.995234,2A07_2B08,SMU,-14,-5,
63-50,current,6.11863e-11,RESULT,,,,LaMP_HP_b,lamp_wholewafer,,,,,,,2026-09-23 17:22:30,fourth,measure,A,63-50,4,10.0,9.995217,2A05_2B06,SMU,-13,-5,
63-61,current,6.63931e-11,RESULT,,,,LaMP_HP_b,lamp_wholewafer,,,,,,,2026-09-23 17:22:37,first,measure,A,63-61,1,10.0,9.995209,4A06_4B05,SMU,-14,-4,
63-51,current,5.67695e-11,RESULT,,,,LaMP_HP_b,lamp_wholewafer,,,,,,,2026-09-23 17:22:37,second,measure,A,63-51,2,10.0,9.995175,4A08_4B07,SMU,-13,-4,
PCM,current,2.8723e-11,RESULT,,,,LaMP_HP_b,lamp_wholewafer,,,,,,,2026-09-23 17:22:37,third,measure,A,PCM,3,10.0,9.995131,2A07_2B08,SMU,-14,-3,
63-52,current,5.76392e-11,RESULT,,,,LaMP_HP_b,lamp_wholewafer,,,,,,,2026-09-23 17:22:37,fourth,measure,A,63-52,4,10.0,9.995186,2A05_2B06,SMU,-13,-3,
63-63,current,6.50914e-11,RESULT,,,,LaMP_HP_b,lamp_wholewafer,,,,,,,2026-09-23 17:22:43,first,measure,A,63-63,1,10.0,9.995163,4A06_4B05,SMU,-14,-2,
63-53,current,6.08793e-11,RESULT,,,,LaMP_HP_b,lamp_wholewafer,,,,,,,2026-09-23 17:22:43,second,measure,A,63-53,2,10.0,9.995123,4A08_4B07,SMU,-13,-2,
63-64,current,6.35794e-11,RESULT,,,,LaMP_HP_b,lamp_wholewafer,,,,,,,2026-09-23 17:22:43,third,measure,A,63-64,3,10.0,9.995161,2A07_2B08,SMU,-14,-1,
63-54,current,5.79462e-11,RESULT,,,,LaMP_HP_b,lamp_wholewafer,,,,,,,2026-09-23 17:22:43,fourth,measure,A,63-54,4,10.0,9.995089,2A05_2B06,SMU,-13,-1,
64-60,current,6.62737e-11,RESULT,,,,LaMP_HP_b,lamp_wholewafer,,,,,,,2026-09-23 17:22:50,first,measure,A,64-60,1,10.0,9.995186,4A06_4B05,SMU,-14,0,
64-50,current,6.27381e-11,RESULT,,,,LaMP_HP_b,lamp_wholewafer,,,,,,,2026-09-23 17:22:50,second,measure,A,64-50,2,10.0,9.995222,4A08_4B07,SMU,-13,0,
64-61,current,6.57963e-11,RESULT,,,,LaMP_HP_b,lamp_wholewafer,,,,,,,2026-09-23 17:22:50,third,measure,A,64-61,3,10.0,9.995276,2A07_2B08,SMU,-14,1,
64-51,current,5.63205e-11,RESULT,,,,LaMP_HP_b,lamp_wholewafer,,,,,,,2026-09-23 17:22:50,fourth,measure,A,64-51,4,10.0,9.995295,2A05_2B06,SMU,-13,1,
64-62,current,6.57167e-11,RESULT,,,,LaMP_HP_b,lamp_wholewafer,,,,,,,2026-09-23 17:22:57,first,measure,A,64-62,1,10.0,9.99528,4A06_4B05,SMU,-14,2,
64-52,current,2.21883e-10,RESULT,,,,LaMP_HP_b,lamp_wholewafer,,,,,,,2026-09-23 17:22:57,second,measure,A,64-52,2,10.0,9.995266,4A08_4B07,SMU,-13,2,
64-63,current,6.8593e-11,RESULT,,,,LaMP_HP_b,lamp_wholewafer,,,,,,,2026-09-23 17:22:57,third,measure,A,64-63,3,10.0,9.99531,2A07_2B08,SMU,-14,3,
64-53,current,6.49152e-11,RESULT,,,,LaMP_HP_b,lamp_wholewafer,,,,,,,2026-09-23 17:22:57,fourth,measure,A,64-53,4,10.0,9.995303,2A05_2B06,SMU,-13,3,
64-64,current,6.83258e-11,RESULT,,,,LaMP_HP_b,lamp_wholewafer,,,,,,,2026-09-23 17:23:03,first,measure,A,64-64,1,10.0,9.995292,4A06_4B05,SMU,-14,4,
64-54,current,6.22833e-11,RESULT,,,,LaMP_HP_b,lamp_wholewafer,,,,,,,2026-09-23 17:23:03,second,measure,A,64-54,2,10.0,9.995268,4A08_4B07,SMU,-13,4,
65-60,current,6.26414e-11,RESULT,,,,LaMP_HP_b,lamp_wholewafer,,,,,,,2026-09-23 17:23:03,third,measure,A,65-60,3,10.0,9.995201,2A07_2B08,SMU,-14,5,
65-50,current,5.8759e-11,RESULT,,,,LaMP_HP_b,lamp_wholewafer,,,,,,,2026-09-23 17:23:03,fourth,measure,A,65-50,4,10.0,9.995208,2A05_2B06,SMU,-13,5,
65-61,current,6.49663e-11,RESULT,,,,LaMP_HP_b,lamp_wholewafer,,,,,,,2026-09-23 17:23:10,first,measure,A,65-61,1,10.0,9.995255,4A06_4B05,SMU,-14,6,
65-51,current,6.36248e-11,RESULT,,,,LaMP_HP_b,lamp_wholewafer,,,,,,,2026-09-23 17:23:10,second,measure,A,65-51,2,10.0,9.995271,4A08_4B07,SMU,-13,6,
PCM,current,2.58069e-11,RESULT,,,,LaMP_HP_b,lamp_wholewafer,,,,,,,2026-09-23 17:23:10,third,measure,A,PCM,3,10.0,9.995241,2A07_2B08,SMU,-14,7,
65-52,current,5.79007e-11,RESULT,,,,LaMP_HP_b,lamp_wholewafer,,,,,,,2026-09-23 17:23:10,fourth,measure,A,65-52,4,10.0,9.995255,2A05_2B06,SMU,-13,7,
65-63,current,6.32213e-11,RESULT,,,,LaMP_HP_b,lamp_wholewafer,,,,,,,2026-09-23 17:23:16,first,measure,A,65-63,1,10.0,9.995241,4A06_4B05,SMU,-14,8,
65-53,current,6.25334e-11,RESULT,,,,LaMP_HP_b,lamp_wholewafer,,,,,,,2026-09-23 17:23:16,second,measure,A,65-53,2,10.0,9.99519,4A08_4B07,SMU,-13,8,
65-64,current,6.15103e-11,RESULT,,,,LaMP_HP_b,lamp_wholewafer,,,,,,,2026-09-23 17:23:16,third,measure,A,65-64,3,10.0,9.9952,2A07_2B08,SMU,-14,9,
65-54,current,5.70196e-11,RESULT,,,,LaMP_HP_b,lamp_wholewafer,,,,,,,2026-09-23 17:23:16,fourth,measure,A,65-54,4,10.0,9.995166,2A05_2B06,SMU,-13,9,
66-60,current,6.2073e-11,RESULT,,,,LaMP_HP_b,lamp_wholewafer,,,,,,,2026-09-23 17:23:23,first,measure,A,66-60,1,10.0,9.99521,4A06_4B05,SMU,-14,10,
66-50,current,6.00096e-11,RESULT,,,,LaMP_HP_b,lamp_wholewafer,,,,,,,2026-09-23 17:23:23,second,measure,A,66-50,2,10.0,9.995259,4A08_4B07,SMU,-13,10,
66-61,current,6.11522e-11,RESULT,,,,LaMP_HP_b,lamp_wholewafer,,,,,,,2026-09-23 17:23:23,third,measure,A,66-61,3,10.0,9.995277,2A07_2B08,SMU,-14,11,
66-51,current,5.86681e-11,RESULT,,,,LaMP_HP_b,lamp_wholewafer,,,,,,,2026-09-23 17:23:23,fourth,measure,A,66-51,4,10.0,9.995262,2A05_2B06,SMU,-13,11,
66-62,current,6.28916e-11,RESULT,,,,LaMP_HP_b,lamp_wholewafer,,,,,,,2026-09-23 17:23:30,first,measure,A,66-62,1,10.0,9.995229,4A06_4B05,SMU,-14,12,
66-52,current,6.11919e-11,RESULT,,,,LaMP_HP_b,lamp_wholewafer,,,,,,,2026-09-23 17:23:30,second,measure,A,66-52,2,10.0,9.995248,4A08_4B07,SMU,-13,12,
66-63,current,5.80371e-11,RESULT,,,,LaMP_HP_b,lamp_wholewafer,,,,,,,2026-09-23 17:23:30,third,measure,A,66-63,3,10.0,9.995232,2A07_2B08,SMU,-14,13,
66-53,current,5.55872e-11,RESULT,,,,LaMP_HP_b,lamp_wholewafer,,,,,,,2026-09-23 17:23:30,fourth,measure,A,66-53,4,10.0,9.995334,2A05_2B06,SMU,-13,13,
66-64,current,5.91513e-11,RESULT,,,,LaMP_HP_b,lamp_wholewafer,,,,,,,2026-09-23 17:23:36,first,measure,A,66-64,1,10.0,9.995296,4A06_4B05,SMU,-14,14,
66-54,current,5.78268e-11,RESULT,,,,LaMP_HP_b,lamp_wholewafer,,,,,,,2026-09-23 17:23:36,second,measure,A,66-54,2,10.0,9.995266,4A08_4B07,SMU,-13,14,
67-60,current,5.39103e-11,RESULT,,,,LaMP_HP_b,lamp_wholewafer,,,,,,,2026-09-23 17:23:36,third,measure,A,67-60,3,10.0,9.995319,2A07_2B08,SMU,-14,15,
67-50,current,5.1466e-11,RESULT,,,,LaMP_HP_b,lamp_wholewafer,,,,,,,2026-09-23 17:23:36,fourth,measure,A,67-50,4,10.0,9.995304,2A05_2B06,SMU,-13,15,
67-61,current,5.42514e-11,RESULT,,,,LaMP_HP_b,lamp_wholewafer,,,,,,,2026-09-23 17:23:43,first,measure,A,67-61,1,10.0,9.995303,4A06_4B05,SMU,-14,16,
67-51,current,4.99767e-11,RESULT,,,,LaMP_HP_b,lamp_wholewafer,,,,,,,2026-09-23 17:23:43,second,measure,A,67-51,2,10.0,9.995207,4A08_4B07,SMU,-13,16,
PCM,current,2.4238e-11,RESULT,,,,LaMP_HP_b,lamp_wholewafer,,,,,,,2026-09-23 17:23:43,third,measure,A,PCM,3,10.0,9.995213,2A07_2B08,SMU,-14,17,
67-52,current,4.52303e-11,RESULT,,,,LaMP_HP_b,lamp_wholewafer,,,,,,,2026-09-23 17:23:43,fourth,measure,A,67-52,4,10.0,9.995252,2A05_2B06,SMU,-13,17,
60-42,current,5.25688e-11,RESULT,,,,LaMP_HP_b,lamp_wholewafer,,,,,,,2026-09-23 17:23:50,first,measure,A,60-42,1,10.0,9.995264,4A06_4B05,SMU,-12,-18,
60-32,current,4.89081e-11,RESULT,,,,LaMP_HP_b,lamp_wholewafer,,,,,,,2026-09-23 17:23:50,second,measure,A,60-32,2,10.0,9.995241,4A08_4B07,SMU,-11,-18,
60-43,current,5.04201e-11,RESULT,,,,LaMP_HP_b,lamp_wholewafer,,,,,,,2026-09-23 17:23:50,third,measure,A,60-43,3,10.0,9.995299,2A07_2B08,SMU,-12,-17,
60-33,current,5.05338e-11,RESULT,,,,LaMP_HP_b,lamp_wholewafer,,,,,,,2026-09-23 17:23:50,fourth,measure,A,60-33,4,10.0,9.995276,2A05_2B06,SMU,-11,-17,
60-44,current,6.07827e-11,RESULT,,,,LaMP_HP_b,lamp_wholewafer,,,,,,,2026-09-23 17:23:57,first,measure,A,60-44,1,10.0,9.995225,4A06_4B05,SMU,-12,-16,
60-34,current,5.47857e-11,RESULT,,,,LaMP_HP_b,lamp_wholewafer,,,,,,,2026-09-23 17:23:57,second,measure,A,60-34,2,10.0,9.995227,4A08_4B07,SMU,-11,-16,
61-40,current,5.96117e-11,RESULT,,,,LaMP_HP_b,lamp_wholewafer,,,,,,,2026-09-23 17:23:57,third,measure,A,61-40,3,10.0,9.995227,2A07_2B08,SMU,-12,-15,
61-30,current,5.91569e-11,RESULT,,,,LaMP_HP_b,lamp_wholewafer,,,,,,,2026-09-23 17:23:57,fourth,measure,A,61-30,4,10.0,9.995214,2A05_2B06,SMU,-11,-15,
61-41,current,6.56996e-11,RESULT,,,,LaMP_HP_b,lamp_wholewafer,,,,,,,2026-09-23 17:24:03,first,measure,A,61-41,1,10.0,9.995256,4A06_4B05,SMU,-12,-14,
61-31,current,6.19025e-11,RESULT,,,,LaMP_HP_b,lamp_wholewafer,,,,,,,2026-09-23 17:24:03,second,measure,A,61-31,2,10.0,9.995306,4A08_4B07,SMU,-11,-14,
61-42,current,6.03734e-11,RESULT,,,,LaMP_HP_b,lamp_wholewafer,,,,,,,2026-09-23 17:24:03,third,measure,A,61-42,3,10.0,9.995275,2A07_2B08,SMU,-12,-13,
61-32,current,5.84635e-11,RESULT,,,,LaMP_HP_b,lamp_wholewafer,,,,,,,2026-09-23 17:24:03,fourth,measure,A,61-32,4,10.0,9.995275,2A05_2B06,SMU,-11,-13,
61-43,current,6.39091e-11,RESULT,,,,LaMP_HP_b,lamp_wholewafer,,,,,,,2026-09-23 17:24:10,first,measure,A,61-43,1,10.0,9.995243,4A06_4B05,SMU,-12,-12,
61-33,current,6.40057e-11,RESULT,,,,LaMP_HP_b,lamp_wholewafer,,,,,,,2026-09-23 17:24:10,second,measure,A,61-33,2,10.0,9.995239,4A08_4B07,SMU,-11,-12,
61-44,current,5.86965e-11,RESULT,,,,LaMP_HP_b,lamp_wholewafer,,,,,,,2026-09-23 17:24:10,third,measure,A,61-44,3,10.0,9.995204,2A07_2B08,SMU,-12,-11,
61-34,current,6.08964e-11,RESULT,,,,LaMP_HP_b,lamp_wholewafer,,,,,,,2026-09-23 17:24:10,fourth,measure,A,61-34,4,10.0,9.995198,2A05_2B06,SMU,-11,-11,
62-40,current,6.46708e-11,RESULT,,,,LaMP_HP_b,lamp_wholewafer,,,,,,,2026-09-23 17:24:17,first,measure,A,62-40,1,10.0,9.995256,4A06_4B05,SMU,-12,-10,
62-30,current,6.17547e-11,RESULT,,,,LaMP_HP_b,lamp_wholewafer,,,,,,,2026-09-23 17:24:17,second,measure,A,62-30,2,10.0,9.995203,4A08_4B07,SMU,-11,-10,
62-41,current,6.04416e-11,RESULT,,,,LaMP_HP_b,lamp_wholewafer,,,,,,,2026-09-23 17:24:17,third,measure,A,62-41,3,10.0,9.99525,2A07_2B08,SMU,-12,-9,
62-31,current,6.07088e-11,RESULT,,,,LaMP_HP_b,lamp_wholewafer,,,,,,,2026-09-23 17:24:17,fourth,measure,A,62-31,4,10.0,9.995225,2A05_2B06,SMU,-11,-9,
62-42,current,6.5819e-11,RESULT,,,,LaMP_HP_b,lamp_wholewafer,,,,,,,2026-09-23 17:24:23,first,measure,A,62-42,1,10.0,9.995305,4A06_4B05,SMU,-12,-8,
62-32,current,6.16069e-11,RESULT,,,,LaMP_HP_b,lamp_wholewafer,,,,,,,2026-09-23 17:24:23,second,measure,A,62-32,2,10.0,9.995335,4A08_4B07,SMU,-11,-8,
62-43,current,6.01517e-11,RESULT,,,,LaMP_HP_b,lamp_wholewafer,,,,,,,2026-09-23 17:24:23,third,measure,A,62-43,3,10.0,9.995318,2A07_2B08,SMU,-12,-7,
62-33,current,6.13625e-11,RESULT,,,,LaMP_HP_b,lamp_wholewafer,,,,,,,2026-09-23 17:24:23,fourth,measure,A,62-33,4,10.0,9.995251,2A05_2B06,SMU,-11,-7,
62-44,current,6.4756e-11,RESULT,,,,LaMP_HP_b,lamp_wholewafer,,,,,,,2026-09-23 17:24:30,first,measure,A,62-44,1,10.0,9.995224,4A06_4B05,SMU,-12,-6,
62-34,current,6.24652e-11,RESULT,,,,LaMP_HP_b,lamp_wholewafer,,,,,,,2026-09-23 17:24:30,second,measure,A,62-34,2,10.0,9.99523,4A08_4B07,SMU,-11,-6,
63-40,current,5.9083e-11,RESULT,,,,LaMP_HP_b,lamp_wholewafer,,,,,,,2026-09-23 17:24:30,third,measure,A,63-40,3,10.0,9.99534,2A07_2B08,SMU,-12,-5,
63-30,current,5.90205e-11,RESULT,,,,LaMP_HP_b,lamp_wholewafer,,,,,,,2026-09-23 17:24:30,fourth,measure,A,63-30,4,10.0,9.995292,2A05_2B06,SMU,-11,-5,
63-41,current,6.26187e-11,RESULT,,,,LaMP_HP_b,lamp_wholewafer,,,,,,,2026-09-23 17:24:36,first,measure,A,63-41,1,10.0,9.995237,4A06_4B05,SMU,-12,-4,
63-31,current,6.08054e-11,RESULT,,,,LaMP_HP_b,lamp_wholewafer,,,,,,,2026-09-23 17:24:36,second,measure,A,63-31,2,10.0,9.9952,4A08_4B07,SMU,-11,-4,
63-42,current,6.06406e-11,RESULT,,,,LaMP_HP_b,lamp_wholewafer,,,,,,,2026-09-23 17:24:36,third,measure,A,63-42,3,10.0,9.995236,2A07_2B08,SMU,-12,-3,
63-32,current,5.82759e-11,RESULT,,,,LaMP_HP_b,lamp_wholewafer,,,,,,,2026-09-23 17:24:36,fourth,measure,A,63-32,4,10.0,9.995226,2A05_2B06,SMU,-11,-3,
63-43,current,6.36817e-11,RESULT,,,,LaMP_HP_b,lamp_wholewafer,,,,,,,2026-09-23 17:24:43,first,measure,A,63-43,1,10.0,9.995192,4A06_4B05,SMU,-12,-2,
63-33,current,6.08566e-11,RESULT,,,,LaMP_HP_b,lamp_wholewafer,,,,,,,2026-09-23 17:24:43,second,measure,A,63-33,2,10.0,9.995255,4A08_4B07,SMU,-11,-2,
63-44,current,5.97083e-11,RESULT,,,,LaMP_HP_b,lamp_wholewafer,,,,,,,2026-09-23 17:24:43,third,measure,A,63-44,3,10.0,9.995235,2A07_2B08,SMU,-12,-1,
63-34,current,7.31239e-10,RESULT,,,,LaMP_HP_b,lamp_wholewafer,,,,,,,2026-09-23 17:24:43,fourth,measure,A,63-34,4,10.0,9.995281,2A05_2B06,SMU,-11,-1,
64-40,current,7.23219e-11,RESULT,,,,LaMP_HP_b,lamp_wholewafer,,,,,,,2026-09-23 17:24:50,first,measure,A,64-40,1,10.0,9.995336,4A06_4B05,SMU,-12,0,
64-30,current,6.7314e-11,RESULT,,,,LaMP_HP_b,lamp_wholewafer,,,,,,,2026-09-23 17:24:50,second,measure,A,64-30,2,10.0,9.995288,4A08_4B07,SMU,-11,0,
64-41,current,6.32326e-11,RESULT,,,,LaMP_HP_b,lamp_wholewafer,,,,,,,2026-09-23 17:24:50,third,measure,A,64-41,3,10.0,9.995258,2A07_2B08,SMU,-12,1,
64-31,current,6.22663e-11,RESULT,,,,LaMP_HP_b,lamp_wholewafer,,,,,,,2026-09-23 17:24:50,fourth,measure,A,64-31,4,10.0,9.995218,2A05_2B06,SMU,-11,1,
64-42,current,6.86498e-11,RESULT,,,,LaMP_HP_b,lamp_wholewafer,,,,,,,2026-09-23 17:24:56,first,measure,A,64-42,1,10.0,9.995254,4A06_4B05,SMU,-12,2,
64-32,current,6.29768e-11,RESULT,,,,LaMP_HP_b,lamp_wholewafer,,,,,,,2026-09-23 17:24:56,second,measure,A,64-32,2,10.0,9.995249,4A08_4B07,SMU,-11,2,
64-43,current,5.97083e-11,RESULT,,,,LaMP_HP_b,lamp_wholewafer,,,,,,,2026-09-23 17:24:56,third,measure,A,64-43,3,10.0,9.995275,2A07_2B08,SMU,-12,3,
64-33,current,6.17263e-11,RESULT,,,,LaMP_HP_b,lamp_wholewafer,,,,,,,2026-09-23 17:24:56,fourth,measure,A,64-33,4,10.0,9.99523,2A05_2B06,SMU,-11,3,
64-44,current,6.59838e-11,RESULT,,,,LaMP_HP_b,lamp_wholewafer,,,,,,,2026-09-23 17:25:03,first,measure,A,64-44,1,10.0,9.99529,4A06_4B05,SMU,-12,4,
64-34,current,4.30009e-10,RESULT,,,,LaMP_HP_b,lamp_wholewafer,,,,,,,2026-09-23 17:25:03,second,measure,A,64-34,2,10.0,9.995275,4A08_4B07,SMU,-11,4,
65-40,current,5.99926e-11,RESULT,,,,LaMP_HP_b,lamp_wholewafer,,,,,,,2026-09-23 17:25:03,third,measure,A,65-40,3,10.0,9.995297,2A07_2B08,SMU,-12,5,
65-30,current,5.85715e-11,RESULT,,,,LaMP_HP_b,lamp_wholewafer,,,,,,,2026-09-23 17:25:03,fourth,measure,A,65-30,4,10.0,9.995304,2A05_2B06,SMU,-11,5,
65-41,current,6.47844e-11,RESULT,,,,LaMP_HP_b,lamp_wholewafer,,,,,,,2026-09-23 17:25:09,first,measure,A,65-41,1,10.0,9.995334,4A06_4B05,SMU,-12,6,
65-31,current,6.19082e-11,RESULT,,,,LaMP_HP_b,lamp_wholewafer,,,,,,,2026-09-23 17:25:09,second,measure,A,65-31,2,10.0,9.995352,4A08_4B07,SMU,-11,6,
65-42,current,5.94412e-11,RESULT,,,,LaMP_HP_b,lamp_wholewafer,,,,,,,2026-09-23 17:25:09,third,measure,A,65-42,3,10.0,9.995266,2A07_2B08,SMU,-12,7,
65-32,current,5.89523e-11,RESULT,,,,LaMP_HP_b,lamp_wholewafer,,,,,,,2026-09-23 17:25:09,fourth,measure,A,65-32,4,10.0,9.995333,2A05_2B06,SMU,-11,7,
65-43,current,6.24766e-11,RESULT,,,,LaMP_HP_b,lamp_wholewafer,,,,,,,2026-09-23 17:25:16,first,measure,A,65-43,1,10.0,9.995221,4A06_4B05,SMU,-12,8,
65-33,current,5.74175e-11,RESULT,,,,LaMP_HP_b,lamp_wholewafer,,,,,,,2026-09-23 17:25:16,second,measure,A,65-33,2,10.0,9.99523,4A08_4B07,SMU,-11,8,
65-44,current,5.80087e-11,RESULT,,,,LaMP_HP_b,lamp_wholewafer,,,,,,,2026-09-23 17:25:16,third,measure,A,65-44,3,10.0,9.995281,2A07_2B08,SMU,-12,9,
65-34,current,5.86454e-11,RESULT,,,,LaMP_HP_b,lamp_wholewafer,,,,,,,2026-09-23 17:25:16,fourth,measure,A,65-34,4,10.0,9.995329,2A05_2B06,SMU,-11,9,
66-40,current,6.65409e-11,RESULT,,,,LaMP_HP_b,lamp_wholewafer,,,,,,,2026-09-23 17:25:23,first,measure,A,66-40,1,10.0,9.995368,4A06_4B05,SMU,-12,10,
66-30,current,6.32724e-11,RESULT,,,,LaMP_HP_b,lamp_wholewafer,,,,,,,2026-09-23 17:25:23,second,measure,A,66-30,2,10.0,9.995307,4A08_4B07,SMU,-11,10,
66-41,current,5.90262e-11,RESULT,,,,LaMP_HP_b,lamp_wholewafer,,,,,,,2026-09-23 17:25:23,third,measure,A,66-41,3,10.0,9.995322,2A07_2B08,SMU,-12,11,
66-31,current,6.0021e-11,RESULT,,,,LaMP_HP_b,lamp_wholewafer,,,,,,,2026-09-23 17:25:23,fourth,measure,A,66-31,4,10.0,9.995301,2A05_2B06,SMU,-11,11,
66-42,current,6.26528e-11,RESULT,,,,LaMP_HP_b,lamp_wholewafer,,,,,,,2026-09-23 17:25:29,first,measure,A,66-42,1,10.0,9.99535,4A06_4B05,SMU,-12,12,
66-32,current,5.99869e-11,RESULT,,,,LaMP_HP_b,lamp_wholewafer,,,,,,,2026-09-23 17:25:29,second,measure,A,66-32,2,10.0,9.995258,4A08_4B07,SMU,-11,12,
66-43,current,5.71845e-11,RESULT,,,,LaMP_HP_b,lamp_wholewafer,,,,,,,2026-09-23 17:25:29,third,measure,A,66-43,3,10.0,9.99524,2A07_2B08,SMU,-12,13,
66-33,current,5.8202e-11,RESULT,,,,LaMP_HP_b,lamp_wholewafer,,,,,,,2026-09-23 17:25:29,fourth,measure,A,66-33,4,10.0,9.995249,2A05_2B06,SMU,-11,13,
66-44,current,6.15557e-11,RESULT,,,,LaMP_HP_b,lamp_wholewafer,,,,,,,2026-09-23 17:25:36,first,measure,A,66-44,1,10.0,9.995325,4A06_4B05,SMU,-12,14,
66-34,current,5.82077e-11,RESULT,,,,LaMP_HP_b,lamp_wholewafer,,,,,,,2026-09-23 17:25:36,second,measure,A,66-34,2,10.0,9.995281,4A08_4B07,SMU,-11,14,
67-40,current,5.16366e-11,RESULT,,,,LaMP_HP_b,lamp_wholewafer,,,,,,,2026-09-23 17:25:36,third,measure,A,67-40,3,10.0,9.99531,2A07_2B08,SMU,-12,15,
67-30,current,5.21141e-11,RESULT,,,,LaMP_HP_b,lamp_wholewafer,,,,,,,2026-09-23 17:25:36,fourth,measure,A,67-30,4,10.0,9.995273,2A05_2B06,SMU,-11,15,
67-41,current,5.40467e-11,RESULT,,,,LaMP_HP_b,lamp_wholewafer,,,,,,,2026-09-23 17:25:42,first,measure,A,67-41,1,10.0,9.995275,4A06_4B05,SMU,-12,16,
67-31,current,5.1881e-11,RESULT,,,,LaMP_HP_b,lamp_wholewafer,,,,,,,2026-09-23 17:25:42,second,measure,A,67-31,2,10.0,9.995197,4A08_4B07,SMU,-11,16,
67-42,current,6.36078e-11,RESULT,,,,LaMP_HP_b,lamp_wholewafer,,,,,,,2026-09-23 17:25:42,third,measure,A,67-42,3,10.0,9.995215,2A07_2B08,SMU,-12,17,
67-32,current,8.71978e-11,RESULT,,,,LaMP_HP_b,lamp_wholewafer,,,,,,,2026-09-23 17:25:42,fourth,measure,A,67-32,4,10.0,9.995193,2A05_2B06,SMU,-11,17,
60-22,current,2.5023e-10,RESULT,,,,LaMP_HP_b,lamp_wholewafer,,,,,,,2026-09-23 17:25:49,first,measure,A,60-22,1,10.0,9.995174,4A06_4B05,SMU,-10,-18,
60-12,current,5.44048e-11,RESULT,,,,LaMP_HP_b,lamp_wholewafer,,,,,,,2026-09-23 17:25:49,second,measure,A,60-12,2,10.0,9.995213,4A08_4B07,SMU,-9,-18,
60-23,current,5.6184e-11,RESULT,,,,LaMP_HP_b,lamp_wholewafer,,,,,,,2026-09-23 17:25:49,third,measure,A,60-23,3,10.0,9.995253,2A07_2B08,SMU,-10,-17,
60-13,current,5.3609e-11,RESULT,,,,LaMP_HP_b,lamp_wholewafer,,,,,,,2026-09-23 17:25:49,fourth,measure,A,60-13,4,10.0,9.99532,2A05_2B06,SMU,-9,-17,
60-24,current,6.18684e-11,RESULT,,,,LaMP_HP_b,lamp_wholewafer,,,,,,,2026-09-23 17:25:56,first,measure,A,60-24,1,10.0,9.995205,4A06_4B05,SMU,-10,-16,
60-14,current,5.92649e-11,RESULT,,,,LaMP_HP_b,lamp_wholewafer,,,,,,,2026-09-23 17:25:56,second,measure,A,60-14,2,10.0,9.995234,4A08_4B07,SMU,-9,-16,
61-20,current,5.96628e-11,RESULT,,,,LaMP_HP_b,lamp_wholewafer,,,,,,,2026-09-23 17:25:56,third,measure,A,61-20,3,10.0,9.995211,2A07_2B08,SMU,-10,-15,
61-10,current,5.79064e-11,RESULT,,,,LaMP_HP_b,lamp_wholewafer,,,,,,,2026-09-23 17:25:56,fourth,measure,A,61-10,4,10.0,9.995343,2A05_2B06,SMU,-9,-15,
61-21,current,6.62851e-11,RESULT,,,,LaMP_HP_b,lamp_wholewafer,,,,,,,2026-09-23 17:26:03,first,measure,A,61-21,1,10.0,9.995306,4A06_4B05,SMU,-10,-14,
61-11,current,6.31076e-11,RESULT,,,,LaMP_HP_b,lamp_wholewafer,,,,,,,2026-09-23 17:26:03,second,measure,A,61-11,2,10.0,9.995339,4A08_4B07,SMU,-9,-14,
61-22,current,6.05212e-11,RESULT,,,,LaMP_HP_b,lamp_wholewafer,,,,,,,2026-09-23 17:26:03,third,measure,A,61-22,3,10.0,9.995356,2A07_2B08,SMU,-10,-13,
61-12,current,6.0902e-11,RESULT,,,,LaMP_HP_b,lamp_wholewafer,,,,,,,2026-09-23 17:26:03,fourth,measure,A,61-12,4,10.0,9.995337,2A05_2B06,SMU,-9,-13,
61-23,current,6.51141e-11,RESULT,,,,LaMP_HP_b,lamp_wholewafer,,,,,,,2026-09-23 17:26:09,first,measure,A,61-23,1,10.0,9.99536,4A06_4B05,SMU,-10,-12,
61-13,current,6.40512e-11,RESULT,,,,LaMP_HP_b,lamp_wholewafer,,,,,,,2026-09-23 17:26:09,second,measure,A,61-13,2,10.0,9.995375,4A08_4B07,SMU,-9,-12,
61-24,current,6.2164e-11,RESULT,,,,LaMP_HP_b,lamp_wholewafer,,,,,,,2026-09-23 17:26:09,third,measure,A,61-24,3,10.0,9.995361,2A07_2B08,SMU,-10,-11,
61-14,current,6.12829e-11,RESULT,,,,LaMP_HP_b,lamp_wholewafer,,,,,,,2026-09-23 17:26:09,fourth,measure,A,61-14,4,10.0,9.995307,2A05_2B06,SMU,-9,-11,
62-20,current,6.75357e-11,RESULT,,,,LaMP_HP_b,lamp_wholewafer,,,,,,,2026-09-23 17:26:16,first,measure,A,62-20,1,10.0,9.995245,4A06_4B05,SMU,-10,-10,
62-10,current,6.58531e-11,RESULT,,,,LaMP_HP_b,lamp_wholewafer,,,,,,,2026-09-23 17:26:16,second,measure,A,62-10,2,10.0,9.995173,4A08_4B07,SMU,-9,-10,
62-21,current,6.21981e-11,RESULT,,,,LaMP_HP_b,lamp_wholewafer,,,,,,,2026-09-23 17:26:16,third,measure,A,62-21,3,10.0,9.995213,2A07_2B08,SMU,-10,-9,
62-11,current,6.08509e-11,RESULT,,,,LaMP_HP_b,lamp_wholewafer,,,,,,,2026-09-23 17:26:16,fourth,measure,A,62-11,4,10.0,9.995256,2A05_2B06,SMU,-9,-9,
62-22,current,6.40057e-11,RESULT,,,,LaMP_HP_b,lamp_wholewafer,,,,,,,2026-09-23 17:26:22,first,measure,A,62-22,1,10.0,9.995247,4A06_4B05,SMU,-10,-8,
62-12,current,6.13454e-11,RESULT,,,,LaMP_HP_b,lamp_wholewafer,,,,,,,2026-09-23 17:26:22,second,measure,A,62-12,2,10.0,9.995234,4A08_4B07,SMU,-9,-8,
62-23,current,6.18343e-11,RESULT,,,,LaMP_HP_b,lamp_wholewafer,,,,,,,2026-09-23 17:26:22,third,measure,A,62-23,3,10.0,9.995243,2A07_2B08,SMU,-10,-7,
62-13,current,6.07656e-11,RESULT,,,,LaMP_HP_b,lamp_wholewafer,,,,,,,2026-09-23 17:26:22,fourth,measure,A,62-13,4,10.0,9.995284,2A05_2B06,SMU,-9,-7,
62-24,current,6.67285e-11,RESULT,,,,LaMP_HP_b,lamp_wholewafer,,,,,,,2026-09-23 17:26:29,first,measure,A,62-24,1,10.0,9.99526,4A06_4B05,SMU,-10,-6,
62-14,current,6.19707e-11,RESULT,,,,LaMP_HP_b,lamp_wholewafer,,,,,,,2026-09-23 17:26:29,second,measure,A,62-14,2,10.0,9.995323,4A08_4B07,SMU,-9,-6,
63-20,current,5.64682e-11,RESULT,,,,LaMP_HP_b,lamp_wholewafer,,,,,,,2026-09-23 17:26:29,third,measure,A,63-20,3,10.0,9.995356,2A07_2B08,SMU,-10,-5,
63-10,current,6.13113e-11,RESULT,,,,LaMP_HP_b,lamp_wholewafer,,,,,,,2026-09-23 17:26:29,fourth,measure,A,63-10,4,10.0,9.995307,2A05_2B06,SMU,-9,-5,
63-21,current,6.28518e-11,RESULT,,,,LaMP_HP_b,lamp_wholewafer,,,,,,,2026-09-23 17:26:36,first,measure,A,63-21,1,10.0,9.995235,4A06_4B05,SMU,-10,-4,
63-11,current,6.07088e-11,RESULT,,,,LaMP_HP_b,lamp_wholewafer,,,,,,,2026-09-23 17:26:36,second,measure,A,63-11,2,10.0,9.995287,4A08_4B07,SMU,-9,-4,
63-22,current,6.02995e-11,RESULT,,,,LaMP_HP_b,lamp_wholewafer,,,,,,,2026-09-23 17:26:36,third,measure,A,63-22,3,10.0,9.9953,2A07_2B08,SMU,-10,-3,
63-12,current,5.98902e-11,RESULT,,,,LaMP_HP_b,lamp_wholewafer,,,,,,,2026-09-23 17:26:36,fourth,measure,A,63-12,4,10.0,9.995225,2A05_2B06,SMU,-9,-3,
63-23,current,6.7331e-11,RESULT,,,,LaMP_HP_b,lamp_wholewafer,,,,,,,2026-09-23 17:26:42,first,measure,A,63-23,1,10.0,9.995241,4A06_4B05,SMU,-10,-2,
63-13,current,5.9481e-11,RESULT,,,,LaMP_HP_b,lamp_wholewafer,,,,,,,2026-09-23 17:26:42,second,measure,A,63-13,2,10.0,9.995188,4A08_4B07,SMU,-9,-2,
63-24,current,6.0561e-11,RESULT,,,,LaMP_HP_b,lamp_wholewafer,,,,,,,2026-09-23 17:26:42,third,measure,A,63-24,3,10.0,9.995168,2A07_2B08,SMU,-10,-1,
63-14,current,5.9714e-11,RESULT,,,,LaMP_HP_b,lamp_wholewafer,,,,,,,2026-09-23 17:26:42,fourth,measure,A,63-14,4,10.0,9.995189,2A05_2B06,SMU,-9,-1,
64-20,current,6.48299e-11,RESULT,,,,LaMP_HP_b,lamp_wholewafer,,,,,,,2026-09-23 17:26:49,first,measure,A,64-20,1,10.0,9.995275,4A06_4B05,SMU,-10,0,
64-10,current,5.94298e-11,RESULT,,,,LaMP_HP_b,lamp_wholewafer,,,,,,,2026-09-23 17:26:49,second,measure,A,64-10,2,10.0,9.995296,4A08_4B07,SMU,-9,0,
64-21,current,6.14989e-11,RESULT,,,,LaMP_HP_b,lamp_wholewafer,,,,,,,2026-09-23 17:26:49,third,measure,A,64-21,3,10.0,9.99526,2A07_2B08,SMU,-10,1,
64-11,current,5.91399e-11,RESULT,,,,LaMP_HP_b,lamp_wholewafer,,,,,,,2026-09-23 17:26:49,fourth,measure,A,64-11,4,10.0,9.995325,2A05_2B06,SMU,-9,1,
64-22,current,6.36817e-11,RESULT,,,,LaMP_HP_b,lamp_wholewafer,,,,,,,2026-09-23 17:26:55,first,measure,A,64-22,1,10.0,9.995262,4A06_4B05,SMU,-10,2,
64-12,current,6.1408e-11,RESULT,,,,LaMP_HP_b,lamp_wholewafer,,,,,,,2026-09-23 17:26:55,second,measure,A,64-12,2,10.0,9.99521,4A08_4B07,SMU,-9,2,
64-23,current,6.02711e-11,RESULT,,,,LaMP_HP_b,lamp_wholewafer,,,,,,,2026-09-23 17:26:55,third,measure,A,64-23,3,10.0,9.995236,2A07_2B08,SMU,-10,3,
64-13,current,6.16069e-11,RESULT,,,,LaMP_HP_b,lamp_wholewafer,,,,,,,2026-09-23 17:26:55,fourth,measure,A,64-13,4,10.0,9.995263,2A05_2B06,SMU,-9,3,
64-24,current,6.66375e-11,RESULT,,,,LaMP_HP_b,lamp_wholewafer,,,,,,,2026-09-23 17:27:02,first,measure,A,64-24,1,10.0,9.995312,4A06_4B05,SMU,-10,4,
64-14,current,6.35566e-11,RESULT,,,,LaMP_HP_b,lamp_wholewafer,,,,,,,2026-09-23 17:27:02,second,measure,A,64-14,2,10.0,9.995325,4A08_4B07,SMU,-9,4,
65-20,current,5.86397e-11,RESULT,,,,LaMP_HP_b,lamp_wholewafer,,,,,,,2026-09-23 17:27:02,third,measure,A,65-20,3,10.0,9.995329,2A07_2B08,SMU,-10,5,
65-10,current,5.90433e-11,RESULT,,,,LaMP_HP_b,lamp_wholewafer,,,,,,,2026-09-23 17:27:02,fourth,measure,A,65-10,4,10.0,9.995259,2A05_2B06,SMU,-9,5,
65-21,current,6.32781e-11,RESULT,,,,LaMP_HP_b,lamp_wholewafer,,,,,,,2026-09-23 17:27:09,first,measure,A,65-21,1,10.0,9.995308,4A06_4B05,SMU,-10,6,
65-11,current,6.0237e-11,RESULT,,,,LaMP_HP_b,lamp_wholewafer,,,,,,,2026-09-23 17:27:09,second,measure,A,65-11,2,10.0,9.995312,4A08_4B07,SMU,-9,6,
65-22,current,6.0561e-11,RESULT,,,,LaMP_HP_b,lamp_wholewafer,,,,,,,2026-09-23 17:27:09,third,measure,A,65-22,3,10.0,9.995312,2A07_2B08,SMU,-10,7,
65-12,current,6.1101e-11,RESULT,,,,LaMP_HP_b,lamp_wholewafer,,,,,,,2026-09-23 17:27:09,fourth,measure,A,65-12,4,10.0,9.995275,2A05_2B06,SMU,-9,7,
65-23,current,6.59327e-11,RESULT,,,,LaMP_HP_b,lamp_wholewafer,,,,,,,2026-09-23 17:27:15,first,measure,A,65-23,1,10.0,9.995284,4A06_4B05,SMU,-10,8,
65-13,current,6.10839e-11,RESULT,,,,LaMP_HP_b,lamp_wholewafer,,,,,,,2026-09-23 17:27:15,second,measure,A,65-13,2,10.0,9.995275,4A08_4B07,SMU,-9,8,
65-24,current,5.99527e-11,RESULT,,,,LaMP_HP_b,lamp_wholewafer,,,,,,,2026-09-23 17:27:15,third,measure,A,65-24,3,10.0,9.99526,2A07_2B08,SMU,-10,9,
65-14,current,5.91456e-11,RESULT,,,,LaMP_HP_b,lamp_wholewafer,,,,,,,2026-09-23 17:27:15,fourth,measure,A,65-14,4,10.0,9.99525,2A05_2B06,SMU,-9,9,
66-20,current,6.63306e-11,RESULT,,,,LaMP_HP_b,lamp_wholewafer,,,,,,,2026-09-23 17:27:22,first,measure,A,66-20,1,10.0,9.995199,4A06_4B05,SMU,-10,10,
66-10,current,6.24368e-11,RESULT,,,,LaMP_HP_b,lamp_wholewafer,,,,,,,2026-09-23 17:27:22,second,measure,A,66-10,2,10.0,9.995261,4A08_4B07,SMU,-9,10,
66-21,current,6.06519e-11,RESULT,,,,LaMP_HP_b,lamp_wholewafer,,,,,,,2026-09-23 17:27:22,third,measure,A,66-21,3,10.0,9.995302,2A07_2B08,SMU,-10,11,
66-11,current,5.97652e-11,RESULT,,,,LaMP_HP_b,lamp_wholewafer,,,,,,,2026-09-23 17:27:22,fourth,measure,A,66-11,4,10.0,9.995321,2A05_2B06,SMU,-9,11,
66-22,current,6.37044e-11,RESULT,,,,LaMP_HP_b,lamp_wholewafer,,,,,,,2026-09-23 17:27:28,first,measure,A,66-22,1,10.0,9.995245,4A06_4B05,SMU,-10,12,
66-12,current,5.86681e-11,RESULT,,,,LaMP_HP_b,lamp_wholewafer,,,,,,,2026-09-23 17:27:28,second,measure,A,66-12,2,10.0,9.995203,4A08_4B07,SMU,-9,12,
66-23,current,5.8418e-11,RESULT,,,,LaMP_HP_b,lamp_wholewafer,,,,,,,2026-09-23 17:27:28,third,measure,A,66-23,3,10.0,9.995245,2A07_2B08,SMU,-10,13,
66-13,current,5.87875e-11,RESULT,,,,LaMP_HP_b,lamp_wholewafer,,,,,,,2026-09-23 17:27:28,fourth,measure,A,66-13,4,10.0,9.995251,2A05_2B06,SMU,-9,13,
66-24,current,6.29541e-11,RESULT,,,,LaMP_HP_b,lamp_wholewafer,,,,,,,2026-09-23 17:27:35,first,measure,A,66-24,1,10.0,9.995358,4A06_4B05,SMU,-10,14,
66-14,current,5.93843e-11,RESULT,,,,LaMP_HP_b,lamp_wholewafer,,,,,,,2026-09-23 17:27:35,second,measure,A,66-14,2,10.0,9.995283,4A08_4B07,SMU,-9,14,
67-20,current,5.24096e-11,RESULT,,,,LaMP_HP_b,lamp_wholewafer,,,,,,,2026-09-23 17:27:35,third,measure,A,67-20,3,10.0,9.995291,2A07_2B08,SMU,-10,15,
67-10,current,5.38876e-11,RESULT,,,,LaMP_HP_b,lamp_wholewafer,,,,,,,2026-09-23 17:27:35,fourth,measure,A,67-10,4,10.0,9.995347,2A05_2B06,SMU,-9,15,
67-21,current,5.31202e-11,RESULT,,,,LaMP_HP_b,lamp_wholewafer,,,,,,,2026-09-23 17:27:42,first,measure,A,67-21,1,10.0,9.995278,4A06_4B05,SMU,-10,16,
67-11,current,5.1682e-11,RESULT,,,,LaMP_HP_b,lamp_wholewafer,,,,,,,2026-09-23 17:27:42,second,measure,A,67-11,2,10.0,9.995295,4A08_4B07,SMU,-9,16,
67-22,current,4.52189e-11,RESULT,,,,LaMP_HP_b,lamp_wholewafer,,,,,,,2026-09-23 17:27:42,third,measure,A,67-22,3,10.0,9.995264,2A07_2B08,SMU,-10,17,
67-12,current,1.27255e-10,RESULT,,,,LaMP_HP_b,lamp_wholewafer,,,,,,,2026-09-23 17:27:42,fourth,measure,A,67-12,4,10.0,9.995222,2A05_2B06,SMU,-9,17,
NA,current,6.32383e-11,RESULT,,,,LaMP_HP_b,lamp_wholewafer,,,,,,,2026-09-23 17:27:49,first,measure,A,NA,1,10.0,9.995238,4A06_4B05,SMU,-8,-20,
NA,current,5.45754e-11,RESULT,,,,LaMP_HP_b,lamp_wholewafer,,,,,,,2026-09-23 17:27:49,second,measure,A,NA,2,10.0,9.995263,4A08_4B07,SMU,-7,-20,
NA,current,8.86075e-11,RESULT,,,,LaMP_HP_b,lamp_wholewafer,,,,,,,2026-09-23 17:27:49,third,measure,A,NA,3,10.0,9.995287,2A07_2B08,SMU,-8,-19,
50-71,current,7.73184e-11,RESULT,,,,LaMP_HP_b,lamp_wholewafer,,,,,,,2026-09-23 17:27:49,fourth,measure,A,50-71,4,10.0,9.99524,2A05_2B06,SMU,-7,-19,
60-02,current,5.13865e-11,RESULT,,,,LaMP_HP_b,lamp_wholewafer,,,,,,,2026-09-23 17:27:55,first,measure,A,60-02,1,10.0,9.995219,4A06_4B05,SMU,-8,-18,
50-72,current,4.74699e-11,RESULT,,,,LaMP_HP_b,lamp_wholewafer,,,,,,,2026-09-23 17:27:55,second,measure,A,50-72,2,10.0,9.99517,4A08_4B07,SMU,-7,-18,
60-03,current,4.92207e-11,RESULT,,,,LaMP_HP_b,lamp_wholewafer,,,,,,,2026-09-23 17:27:55,third,measure,A,60-03,3,10.0,9.995192,2A07_2B08,SMU,-8,-17,
50-73,current,4.88058e-11,RESULT,,,,LaMP_HP_b,lamp_wholewafer,,,,,,,2026-09-23 17:27:55,fourth,measure,A,50-73,4,10.0,9.995245,2A05_2B06,SMU,-7,-17,
60-04,current,5.92877e-11,RESULT,,,,LaMP_HP_b,lamp_wholewafer,,,,,,,2026-09-23 17:28:02,first,measure,A,60-04,1,10.0,9.995279,4A06_4B05,SMU,-8,-16,
50-74,current,5.42059e-11,RESULT,,,,LaMP_HP_b,lamp_wholewafer,,,,,,,2026-09-23 17:28:02,second,measure,A,50-74,2,10.0,9.995298,4A08_4B07,SMU,-7,-16,
61-00,current,5.56952e-11,RESULT,,,,LaMP_HP_b,lamp_wholewafer,,,,,,,2026-09-23 17:28:02,third,measure,A,61-00,3,10.0,9.995264,2A07_2B08,SMU,-8,-15,
51-70,current,5.62181e-11,RESULT,,,,LaMP_HP_b,lamp_wholewafer,,,,,,,2026-09-23 17:28:02,fourth,measure,A,51-70,4,10.0,9.995317,2A05_2B06,SMU,-7,-15,
61-01,current,6.37101e-11,RESULT,,,,LaMP_HP_b,lamp_wholewafer,,,,,,,2026-09-23 17:28:08,first,measure,A,61-01,1,10.0,9.995203,4A06_4B05,SMU,-8,-14,
51-71,current,6.14307e-11,RESULT,,,,LaMP_HP_b,lamp_wholewafer,,,,,,,2026-09-23 17:28:08,second,measure,A,51-71,2,10.0,9.995146,4A08_4B07,SMU,-7,-14,
61-02,current,5.88614e-11,RESULT,,,,LaMP_HP_b,lamp_wholewafer,,,,,,,2026-09-23 17:28:08,third,measure,A,61-02,3,10.0,9.995241,2A07_2B08,SMU,-8,-13,
51-72,current,6.0254e-11,RESULT,,,,LaMP_HP_b,lamp_wholewafer,,,,,,,2026-09-23 17:28:08,fourth,measure,A,51-72,4,10.0,9.995204,2A05_2B06,SMU,-7,-13,
61-03,current,6.41819e-11,RESULT,,,,LaMP_HP_b,lamp_wholewafer,,,,,,,2026-09-23 17:28:15,first,measure,A,61-03,1,10.0,9.995206,4A06_4B05,SMU,-8,-12,
51-73,current,5.90546e-11,RESULT,,,,LaMP_HP_b,lamp_wholewafer,,,,,,,2026-09-23 17:28:15,second,measure,A,51-73,2,10.0,9.995195,4A08_4B07,SMU,-7,-12,
61-04,current,6.21696e-11,RESULT,,,,LaMP_HP_b,lamp_wholewafer,,,,,,,2026-09-23 17:28:15,third,measure,A,61-04,3,10.0,9.995162,2A07_2B08,SMU,-8,-11,
51-74,current,6.20503e-11,RESULT,,,,LaMP_HP_b,lamp_wholewafer,,,,,,,2026-09-23 17:28:15,fourth,measure,A,51-74,4,10.0,9.995173,2A05_2B06,SMU,-7,-11,
62-00,current,6.50402e-11,RESULT,,,,LaMP_HP_b,lamp_wholewafer,,,,,,,2026-09-23 17:28:21,first,measure,A,62-00,1,10.0,9.995183,4A06_4B05,SMU,-8,-10,
52-70,current,6.05269e-11,RESULT,,,,LaMP_HP_b,lamp_wholewafer,,,,,,,2026-09-23 17:28:21,second,measure,A,52-70,2,10.0,9.995196,4A08_4B07,SMU,-7,-10,
62-01,current,5.88329e-11,RESULT,,,,LaMP_HP_b,lamp_wholewafer,,,,,,,2026-09-23 17:28:21,third,measure,A,62-01,3,10.0,9.995196,2A07_2B08,SMU,-8,-9,
52-71,current,6.00778e-11,RESULT,,,,LaMP_HP_b,lamp_wholewafer,,,,,,,2026-09-23 17:28:21,fourth,measure,A,52-71,4,10.0,9.995275,2A05_2B06,SMU,-7,-9,
62-02,current,6.36191e-11,RESULT,,,,LaMP_HP_b,lamp_wholewafer,,,,,,,2026-09-23 17:28:28,first,measure,A,62-02,1,10.0,9.995236,4A06_4B05,SMU,-8,-8,
52-72,current,6.04871e-11,RESULT,,,,LaMP_HP_b,lamp_wholewafer,,,,,,,2026-09-23 17:28:28,second,measure,A,52-72,2,10.0,9.995204,4A08_4B07,SMU,-7,-8,
62-03,current,6.14818e-11,RESULT,,,,LaMP_HP_b,lamp_wholewafer,,,,,,,2026-09-23 17:28:28,third,measure,A,62-03,3,10.0,9.995215,2A07_2B08,SMU,-8,-7,
52-73,current,6.05155e-11,RESULT,,,,LaMP_HP_b,lamp_wholewafer,,,,,,,2026-09-23 17:28:28,fourth,measure,A,52-73,4,10.0,9.995243,2A05_2B06,SMU,-7,-7,
62-04,current,6.53643e-11,RESULT,,,,LaMP_HP_b,lamp_wholewafer,,,,,,,2026-09-23 17:28:35,first,measure,A,62-04,1,10.0,9.995231,4A06_4B05,SMU,-8,-6,
52-74,current,6.01688e-11,RESULT,,,,LaMP_HP_b,lamp_wholewafer,,,,,,,2026-09-23 17:28:35,second,measure,A,52-74,2,10.0,9.99526,4A08_4B07,SMU,-7,-6,
63-00,current,5.8219e-11,RESULT,,,,LaMP_HP_b,lamp_wholewafer,,,,,,,2026-09-23 17:28:35,third,measure,A,63-00,3,10.0,9.995237,2A07_2B08,SMU,-8,-5,
53-70,current,5.86283e-11,RESULT,,,,LaMP_HP_b,lamp_wholewafer,,,,,,,2026-09-23 17:28:35,fourth,measure,A,53-70,4,10.0,9.995142,2A05_2B06,SMU,-7,-5,
63-01,current,6.3136e-11,RESULT,,,,LaMP_HP_b,lamp_wholewafer,,,,,,,2026-09-23 17:28:41,first,measure,A,63-01,1,10.0,9.995181,4A06_4B05,SMU,-8,-4,
53-71,current,5.69855e-11,RESULT,,,,LaMP_HP_b,lamp_wholewafer,,,,,,,2026-09-23 17:28:41,second,measure,A,53-71,2,10.0,9.995207,4A08_4B07,SMU,-7,-4,
63-02,current,5.90148e-11,RESULT,,,,LaMP_HP_b,lamp_wholewafer,,,,,,,2026-09-23 17:28:41,third,measure,A,63-02,3,10.0,9.995207,2A07_2B08,SMU,-8,-3,
53-72,current,5.62977e-11,RESULT,,,,LaMP_HP_b,lamp_wholewafer,,,,,,,2026-09-23 17:28:41,fourth,measure,A,53-72,4,10.0,9.995202,2A05_2B06,SMU,-7,-3,
63-03,current,6.23459e-11,RESULT,,,,LaMP_HP_b,lamp_wholewafer,,,,,,,2026-09-23 17:28:48,first,measure,A,63-03,1,10.0,9.99523,4A06_4B05,SMU,-8,-2,
53-73,current,5.93332e-11,RESULT,,,,LaMP_HP_b,lamp_wholewafer,,,,,,,2026-09-23 17:28:48,second,measure,A,53-73,2,10.0,9.995286,4A08_4B07,SMU,-7,-2,
63-04,current,5.7355e-11,RESULT,,,,LaMP_HP_b,lamp_wholewafer,,,,,,,2026-09-23 17:28:48,third,measure,A,63-04,3,10.0,9.995218,2A07_2B08,SMU,-8,-1,
53-74,current,5.97538e-11,RESULT,,,,LaMP_HP_b,lamp_wholewafer,,,,,,,2026-09-23 17:28:48,fourth,measure,A,53-74,4,10.0,9.995196,2A05_2B06,SMU,-7,-1,
64-00,current,6.346e-11,RESULT,,,,LaMP_HP_b,lamp_wholewafer,,,,,,,2026-09-23 17:28:54,first,measure,A,64-00,1,10.0,9.995135,4A06_4B05,SMU,-8,0,
54-70,current,5.90717e-11,RESULT,,,,LaMP_HP_b,lamp_wholewafer,,,,,,,2026-09-23 17:28:54,second,measure,A,54-70,2,10.0,9.995115,4A08_4B07,SMU,-7,0,
64-01,current,6.45173e-11,RESULT,,,,LaMP_HP_b,lamp_wholewafer,,,,,,,2026-09-23 17:28:54,third,measure,A,64-01,3,10.0,9.995123,2A07_2B08,SMU,-8,1,
54-71,current,5.25915e-11,RESULT,,,,LaMP_HP_b,lamp_wholewafer,,,,,,,2026-09-23 17:28:54,fourth,measure,A,54-71,4,10.0,9.995205,2A05_2B06,SMU,-7,1,
64-02,current,6.22606e-11,RESULT,,,,LaMP_HP_b,lamp_wholewafer,,,,,,,2026-09-23 17:29:01,first,measure,A,64-02,1,10.0,9.995192,4A06_4B05,SMU,-8,2,
54-72,current,5.8975e-11,RESULT,,,,LaMP_HP_b,lamp_wholewafer,,,,,,,2026-09-23 17:29:01,second,measure,A,54-72,2,10.0,9.995233,4A08_4B07,SMU,-7,2,
64-03,current,6.06406e-11,RESULT,,,,LaMP_HP_b,lamp_wholewafer,,,,,,,2026-09-23 17:29:01,third,measure,A,64-03,3,10.0,9.995264,2A07_2B08,SMU,-8,3,
54-73,current,6.30507e-11,RESULT,,,,LaMP_HP_b,lamp_wholewafer,,,,,,,2026-09-23 17:29:01,fourth,measure,A,54-73,4,10.0,9.99522,2A05_2B06,SMU,-7,3,
64-04,current,6.41194e-11,RESULT,,,,LaMP_HP_b,lamp_wholewafer,,,,,,,2026-09-23 17:29:08,first,measure,A,64-04,1,10.0,9.995192,4A06_4B05,SMU,-8,4,
54-74,current,6.29143e-11,RESULT,,,,LaMP_HP_b,lamp_wholewafer,,,,,,,2026-09-23 17:29:08,second,measure,A,54-74,2,10.0,9.995172,4A08_4B07,SMU,-7,4,
65-00,current,5.70992e-11,RESULT,,,,LaMP_HP_b,lamp_wholewafer,,,,,,,2026-09-23 17:29:08,third,measure,A,65-00,3,10.0,9.995181,2A07_2B08,SMU,-8,5,
55-70,current,5.63091e-11,RESULT,,,,LaMP_HP_b,lamp_wholewafer,,,,,,,2026-09-23 17:29:08,fourth,measure,A,55-70,4,10.0,9.995133,2A05_2B06,SMU,-7,5,
65-01,current,6.26528e-11,RESULT,,,,LaMP_HP_b,lamp_wholewafer,,,,,,,2026-09-23 17:29:14,first,measure,A,65-01,1,10.0,9.995192,4A06_4B05,SMU,-8,6,
55-71,current,6.68365e-11,RESULT,,,,LaMP_HP_b,lamp_wholewafer,,,,,,,2026-09-23 17:29:14,second,measure,A,55-71,2,10.0,9.995139,4A08_4B07,SMU,-7,6,
65-02,current,5.96344e-11,RESULT,,,,LaMP_HP_b,lamp_wholewafer,,,,,,,2026-09-23 17:29:14,third,measure,A,65-02,3,10.0,9.995154,2A07_2B08,SMU,-8,7,
55-72,current,5.22107e-11,RESULT,,,,LaMP_HP_b,lamp_wholewafer,,,,,,,2026-09-23 17:29:14,fourth,measure,A,55-72,4,10.0,9.995192,2A05_2B06,SMU,-7,7,
65-03,current,6.19252e-11,RESULT,,,,LaMP_HP_b,lamp_wholewafer,,,,,,,2026-09-23 17:29:21,first,measure,A,65-03,1,10.0,9.995104,4A06_4B05,SMU,-8,8,
55-73,current,6.01574e-11,RESULT,,,,LaMP_HP_b,lamp_wholewafer,,,,,,,2026-09-23 17:29:21,second,measure,A,55-73,2,10.0,9.995118,4A08_4B07,SMU,-7,8,
65-04,current,5.9822e-11,RESULT,,,,LaMP_HP_b,lamp_wholewafer,,,,,,,2026-09-23 17:29:21,third,measure,A,65-04,3,10.0,9.995183,2A07_2B08,SMU,-8,9,
55-74,current,5.91285e-11,RESULT,,,,LaMP_HP_b,lamp_wholewafer,,,,,,,2026-09-23 17:29:21,fourth,measure,A,55-74,4,10.0,9.995234,2A05_2B06,SMU,-7,9,
66-00,current,6.38124e-11,RESULT,,,,LaMP_HP_b,lamp_wholewafer,,,,,,,2026-09-23 17:29:27,first,measure,A,66-00,1,10.0,9.995231,4A06_4B05,SMU,-8,10,
56-70,current,6.13113e-11,RESULT,,,,LaMP_HP_b,lamp_wholewafer,,,,,,,2026-09-23 17:29:27,second,measure,A,56-70,2,10.0,9.995252,4A08_4B07,SMU,-7,10,
66-01,current,5.94696e-11,RESULT,,,,LaMP_HP_b,lamp_wholewafer,,,,,,,2026-09-23 17:29:27,third,measure,A,66-01,3,10.0,9.99523,2A07_2B08,SMU,-8,11,
56-71,current,5.885e-11,RESULT,,,,LaMP_HP_b,lamp_wholewafer,,,,,,,2026-09-23 17:29:27,fourth,measure,A,56-71,4,10.0,9.995237,2A05_2B06,SMU,-7,11,
66-02,current,6.00664e-11,RESULT,,,,LaMP_HP_b,lamp_wholewafer,,,,,,,2026-09-23 17:29:34,first,measure,A,66-02,1,10.0,9.99531,4A06_4B05,SMU,-8,12,
56-72,current,5.65706e-11,RESULT,,,,LaMP_HP_b,lamp_wholewafer,,,,,,,2026-09-23 17:29:34,second,measure,A,56-72,2,10.0,9.995275,4A08_4B07,SMU,-7,12,
66-03,current,5.83782e-11,RESULT,,,,LaMP_HP_b,lamp_wholewafer,,,,,,,2026-09-23 17:29:34,third,measure,A,66-03,3,10.0,9.99524,2A07_2B08,SMU,-8,13,
56-73,current,5.52063e-11,RESULT,,,,LaMP_HP_b,lamp_wholewafer,,,,,,,2026-09-23 17:29:34,fourth,measure,A,56-73,4,10.0,9.995208,2A05_2B06,SMU,-7,13,
66-04,current,6.10555e-11,RESULT,,,,LaMP_HP_b,lamp_wholewafer,,,,,,,2026-09-23 17:29:40,first,measure,A,66-04,1,10.0,9.995156,4A06_4B05,SMU,-8,14,
56-74,current,5.95151e-11,RESULT,,,,LaMP_HP_b,lamp_wholewafer,,,,,,,2026-09-23 17:29:40,second,measure,A,56-74,2,10.0,9.995182,4A08_4B07,SMU,-7,14,
67-00,current,5.32111e-11,RESULT,,,,LaMP_HP_b,lamp_wholewafer,,,,,,,2026-09-23 17:29:40,third,measure,A,67-00,3,10.0,9.995217,2A07_2B08,SMU,-8,15,
57-70,current,5.22505e-11,RESULT,,,,LaMP_HP_b,lamp_wholewafer,,,,,,,2026-09-23 17:29:40,fourth,measure,A,57-70,4,10.0,9.995177,2A05_2B06,SMU,-7,15,
67-01,current,5.33362e-11,RESULT,,,,LaMP_HP_b,lamp_wholewafer,,,,,,,2026-09-23 17:29:47,first,measure,A,67-01,1,10.0,9.995176,4A06_4B05,SMU,-8,16,
57-71,current,5.18867e-11,RESULT,,,,LaMP_HP_b,lamp_wholewafer,,,,,,,2026-09-23 17:29:47,second,measure,A,57-71,2,10.0,9.995164,4A08_4B07,SMU,-7,16,
67-02,current,4.52417e-11,RESULT,,,,LaMP_HP_b,lamp_wholewafer,,,,,,,2026-09-23 17:29:47,third,measure,A,67-02,3,10.0,9.995214,2A07_2B08,SMU,-8,17,
57-72,current,4.37353e-11,RESULT,,,,LaMP_HP_b,lamp_wholewafer,,,,,,,2026-09-23 17:29:47,fourth,measure,A,57-72,4,10.0,9.995225,2A05_2B06,SMU,-7,17,
NA,current,4.65718e-11,RESULT,,,,LaMP_HP_b,lamp_wholewafer,,,,,,,2026-09-23 17:29:54,first,measure,A,NA,1,10.0,9.995218,4A06_4B05,SMU,-8,18,
57-73,current,4.59352e-11,RESULT,,,,LaMP_HP_b,lamp_wholewafer,,,,,,,2026-09-23 17:29:54,second,measure,A,57-73,2,10.0,9.995247,4A08_4B07,SMU,-7,18,
NA,current,9.99995e-07,RESULT,,,,LaMP_HP_b,lamp_wholewafer,,,,,,,2026-09-23 17:29:54,third,measure,A,NA,3,10.0,0.002256012,2A07_2B08,SMU,-8,19,
NA,current,9.99995e-07,RESULT,,,,LaMP_HP_b,lamp_wholewafer,,,,,,,2026-09-23 17:29:54,fourth,measure,A,NA,4,10.0,0.002233887,2A05_2B06,SMU,-7,19,
NA,current,5.84862e-11,RESULT,,,,LaMP_HP_b,lamp_wholewafer,,,,,,,2026-09-23 17:30:01,first,measure,A,NA,1,10.0,9.995193,4A06_4B05,SMU,-6,-20,
NA,current,2.95421e-10,RESULT,,,,LaMP_HP_b,lamp_wholewafer,,,,,,,2026-09-23 17:30:01,second,measure,A,NA,2,10.0,9.995244,4A08_4B07,SMU,-5,-20,
50-61,current,4.64183e-11,RESULT,,,,LaMP_HP_b,lamp_wholewafer,,,,,,,2026-09-23 17:30:01,third,measure,A,50-61,3,10.0,9.995257,2A07_2B08,SMU,-6,-19,
50-51,current,2.1829e-10,RESULT,,,,LaMP_HP_b,lamp_wholewafer,,,,,,,2026-09-23 17:30:01,fourth,measure,A,50-51,4,10.0,9.995248,2A05_2B06,SMU,-5,-19,
50-62,current,5.58146e-11,RESULT,,,,LaMP_HP_b,lamp_wholewafer,,,,,,,2026-09-23 17:30:07,first,measure,A,50-62,1,10.0,9.995241,4A06_4B05,SMU,-6,-18,
50-52,current,2.0068e-10,RESULT,,,,LaMP_HP_b,lamp_wholewafer,,,,,,,2026-09-23 17:30:07,second,measure,A,50-52,2,10.0,9.995296,4A08_4B07,SMU,-5,-18,
50-63,current,5.56554e-11,RESULT,,,,LaMP_HP_b,lamp_wholewafer,,,,,,,2026-09-23 17:30:07,third,measure,A,50-63,3,10.0,9.995255,2A07_2B08,SMU,-6,-17,
50-53,current,5.15001e-11,RESULT,,,,LaMP_HP_b,lamp_wholewafer,,,,,,,2026-09-23 17:30:07,fourth,measure,A,50-53,4,10.0,9.995265,2A05_2B06,SMU,-5,-17,
50-64,current,6.26926e-11,RESULT,,,,LaMP_HP_b,lamp_wholewafer,,,,,,,2026-09-23 17:30:14,first,measure,A,50-64,1,10.0,9.995145,4A06_4B05,SMU,-6,-16,
50-54,current,5.50926e-11,RESULT,,,,LaMP_HP_b,lamp_wholewafer,,,,,,,2026-09-23 17:30:14,second,measure,A,50-54,2,10.0,9.9952,4A08_4B07,SMU,-5,-16,
51-60,current,5.88329e-11,RESULT,,,,LaMP_HP_b,lamp_wholewafer,,,,,,,2026-09-23 17:30:14,third,measure,A,51-60,3,10.0,9.995321,2A07_2B08,SMU,-6,-15,
51-50,current,5.86851e-11,RESULT,,,,LaMP_HP_b,lamp_wholewafer,,,,,,,2026-09-23 17:30:14,fourth,measure,A,51-50,4,10.0,9.995339,2A05_2B06,SMU,-5,-15,
51-61,current,6.63079e-11,RESULT,,,,LaMP_HP_b,lamp_wholewafer,,,,,,,2026-09-23 17:30:21,first,measure,A,51-61,1,10.0,9.995242,4A06_4B05,SMU,-6,-14,
51-51,current,6.09077e-11,RESULT,,,,LaMP_HP_b,lamp_wholewafer,,,,,,,2026-09-23 17:30:21,second,measure,A,51-51,2,10.0,9.995251,4A08_4B07,SMU,-5,-14,
51-62,current,5.98447e-11,RESULT,,,,LaMP_HP_b,lamp_wholewafer,,,,,,,2026-09-23 17:30:21,third,measure,A,51-62,3,10.0,9.995252,2A07_2B08,SMU,-6,-13,
51-52,current,6.07031e-11,RESULT,,,,LaMP_HP_b,lamp_wholewafer,,,,,,,2026-09-23 17:30:21,fourth,measure,A,51-52,4,10.0,9.995263,2A05_2B06,SMU,-5,-13,
51-63,current,6.70639e-11,RESULT,,,,LaMP_HP_b,lamp_wholewafer,,,,,,,2026-09-23 17:30:27,first,measure,A,51-63,1,10.0,9.995168,4A06_4B05,SMU,-6,-12,
51-53,current,6.23174e-11,RESULT,,,,LaMP_HP_b,lamp_wholewafer,,,,,,,2026-09-23 17:30:27,second,measure,A,51-53,2,10.0,9.995208,4A08_4B07,SMU,-5,-12,
51-64,current,6.22833e-11,RESULT,,,,LaMP_HP_b,lamp_wholewafer,,,,,,,2026-09-23 17:30:27,third,measure,A,51-64,3,10.0,9.995203,2A07_2B08,SMU,-6,-11,
51-54,current,5.87192e-11,RESULT,,,,LaMP_HP_b,lamp_wholewafer,,,,,,,2026-09-23 17:30:27,fourth,measure,A,51-54,4,10.0,9.995165,2A05_2B06,SMU,-5,-11,
52-60,current,6.60521e-11,RESULT,,,,LaMP_HP_b,lamp_wholewafer,,,,,,,2026-09-23 17:30:34,first,measure,A,52-60,1,10.0,9.995247,4A06_4B05,SMU,-6,-10,
52-50,current,6.07144e-11,RESULT,,,,LaMP_HP_b,lamp_wholewafer,,,,,,,2026-09-23 17:30:34,second,measure,A,52-50,2,10.0,9.995245,4A08_4B07,SMU,-5,-10,
52-61,current,6.12545e-11,RESULT,,,,LaMP_HP_b,lamp_wholewafer,,,,,,,2026-09-23 17:30:34,third,measure,A,52-61,3,10.0,9.995178,2A07_2B08,SMU,-6,-9,
52-51,current,6.19423e-11,RESULT,,,,LaMP_HP_b,lamp_wholewafer,,,,,,,2026-09-23 17:30:34,fourth,measure,A,52-51,4,10.0,9.995206,2A05_2B06,SMU,-5,-9,
52-62,current,6.51937e-11,RESULT,,,,LaMP_HP_b,lamp_wholewafer,,,,,,,2026-09-23 17:30:40,first,measure,A,52-62,1,10.0,9.995172,4A06_4B05,SMU,-6,-8,
52-52,current,6.22038e-11,RESULT,,,,LaMP_HP_b,lamp_wholewafer,,,,,,,2026-09-23 17:30:40,second,measure,A,52-52,2,10.0,9.995226,4A08_4B07,SMU,-5,-8,
52-63,current,6.25676e-11,RESULT,,,,LaMP_HP_b,lamp_wholewafer,,,,,,,2026-09-23 17:30:40,third,measure,A,52-63,3,10.0,9.995235,2A07_2B08,SMU,-6,-7,
52-53,current,6.05667e-11,RESULT,,,,LaMP_HP_b,lamp_wholewafer,,,,,,,2026-09-23 17:30:40,fourth,measure,A,52-53,4,10.0,9.995218,2A05_2B06,SMU,-5,-7,
52-64,current,6.46423e-11,RESULT,,,,LaMP_HP_b,lamp_wholewafer,,,,,,,2026-09-23 17:30:47,first,measure,A,52-64,1,10.0,9.995264,4A06_4B05,SMU,-6,-6,
52-54,current,6.19082e-11,RESULT,,,,LaMP_HP_b,lamp_wholewafer,,,,,,,2026-09-23 17:30:47,second,measure,A,52-54,2,10.0,9.995348,4A08_4B07,SMU,-5,-6,
53-60,current,5.94696e-11,RESULT,,,,LaMP_HP_b,lamp_wholewafer,,,,,,,2026-09-23 17:30:47,third,measure,A,53-60,3,10.0,9.995315,2A07_2B08,SMU,-6,-5,
53-50,current,5.75028e-11,RESULT,,,,LaMP_HP_b,lamp_wholewafer,,,,,,,2026-09-23 17:30:47,fourth,measure,A,53-50,4,10.0,9.995328,2A05_2B06,SMU,-5,-5,
53-61,current,6.38408e-11,RESULT,,,,LaMP_HP_b,lamp_wholewafer,,,,,,,2026-09-23 17:30:54,first,measure,A,53-61,1,10.0,9.995246,4A06_4B05,SMU,-6,-4,
53-51,current,5.82474e-11,RESULT,,,,LaMP_HP_b,lamp_wholewafer,,,,,,,2026-09-23 17:30:54,second,measure,A,53-51,2,10.0,9.995203,4A08_4B07,SMU,-5,-4,
53-62,current,5.79405e-11,RESULT,,,,LaMP_HP_b,lamp_wholewafer,,,,,,,2026-09-23 17:30:54,third,measure,A,53-62,3,10.0,9.995308,2A07_2B08,SMU,-6,-3,
53-52,current,5.72754e-11,RESULT,,,,LaMP_HP_b,lamp_wholewafer,,,,,,,2026-09-23 17:30:54,fourth,measure,A,53-52,4,10.0,9.995316,2A05_2B06,SMU,-5,-3,
53-63,current,6.28575e-11,RESULT,,,,LaMP_HP_b,lamp_wholewafer,,,,,,,2026-09-23 17:31:00,first,measure,A,53-63,1,10.0,9.995268,4A06_4B05,SMU,-6,-2,
53-53,current,6.04018e-11,RESULT,,,,LaMP_HP_b,lamp_wholewafer,,,,,,,2026-09-23 17:31:00,second,measure,A,53-53,2,10.0,9.995268,4A08_4B07,SMU,-5,-2,
53-64,current,5.8759e-11,RESULT,,,,LaMP_HP_b,lamp_wholewafer,,,,,,,2026-09-23 17:31:00,third,measure,A,53-64,3,10.0,9.995311,2A07_2B08,SMU,-6,-1,
53-54,current,5.77757e-11,RESULT,,,,LaMP_HP_b,lamp_wholewafer,,,,,,,2026-09-23 17:31:00,fourth,measure,A,53-54,4,10.0,9.995303,2A05_2B06,SMU,-5,-1,
54-60,current,6.3045e-11,RESULT,,,,LaMP_HP_b,lamp_wholewafer,,,,,,,2026-09-23 17:31:07,first,measure,A,54-60,1,10.0,9.995328,4A06_4B05,SMU,-6,0,
54-50,current,5.88557e-11,RESULT,,,,LaMP_HP_b,lamp_wholewafer,,,,,,,2026-09-23 17:31:07,second,measure,A,54-50,2,10.0,9.995218,4A08_4B07,SMU,-5,0,
54-61,current,5.69571e-11,RESULT,,,,LaMP_HP_b,lamp_wholewafer,,,,,,,2026-09-23 17:31:07,third,measure,A,54-61,3,10.0,9.995161,2A07_2B08,SMU,-6,1,
54-51,current,5.68093e-11,RESULT,,,,LaMP_HP_b,lamp_wholewafer,,,,,,,2026-09-23 17:31:07,fourth,measure,A,54-51,4,10.0,9.995266,2A05_2B06,SMU,-5,1,
54-62,current,6.54893e-11,RESULT,,,,LaMP_HP_b,lamp_wholewafer,,,,,,,2026-09-23 17:31:13,first,measure,A,54-62,1,10.0,9.995277,4A06_4B05,SMU,-6,2,
54-52,current,5.79803e-11,RESULT,,,,LaMP_HP_b,lamp_wholewafer,,,,,,,2026-09-23 17:31:13,second,measure,A,54-52,2,10.0,9.99531,4A08_4B07,SMU,-5,2,
54-63,current,6.01574e-11,RESULT,,,,LaMP_HP_b,lamp_wholewafer,,,,,,,2026-09-23 17:31:13,third,measure,A,54-63,3,10.0,9.995352,2A07_2B08,SMU,-6,3,
54-53,current,5.92536e-11,RESULT,,,,LaMP_HP_b,lamp_wholewafer,,,,,,,2026-09-23 17:31:13,fourth,measure,A,54-53,4,10.0,9.995336,2A05_2B06,SMU,-5,3,
54-64,current,6.43127e-11,RESULT,,,,LaMP_HP_b,lamp_wholewafer,,,,,,,2026-09-23 17:31:20,first,measure,A,54-64,1,10.0,9.99523,4A06_4B05,SMU,-6,4,
54-54,current,6.01744e-11,RESULT,,,,LaMP_HP_b,lamp_wholewafer,,,,,,,2026-09-23 17:31:20,second,measure,A,54-54,2,10.0,9.995234,4A08_4B07,SMU,-5,4,
55-60,current,5.68605e-11,RESULT,,,,LaMP_HP_b,lamp_wholewafer,,,,,,,2026-09-23 17:31:20,third,measure,A,55-60,3,10.0,9.995273,2A07_2B08,SMU,-6,5,
55-50,current,5.78382e-11,RESULT,,,,LaMP_HP_b,lamp_wholewafer,,,,,,,2026-09-23 17:31:20,fourth,measure,A,55-50,4,10.0,9.995227,2A05_2B06,SMU,-5,5,
55-61,current,6.24539e-11,RESULT,,,,LaMP_HP_b,lamp_wholewafer,,,,,,,2026-09-23 17:31:27,first,measure,A,55-61,1,10.0,9.995256,4A06_4B05,SMU,-6,6,
55-51,current,6.1334e-11,RESULT,,,,LaMP_HP_b,lamp_wholewafer,,,,,,,2026-09-23 17:31:27,second,measure,A,55-51,2,10.0,9.995279,4A08_4B07,SMU,-5,6,
55-62,current,5.90148e-11,RESULT,,,,LaMP_HP_b,lamp_wholewafer,,,,,,,2026-09-23 17:31:27,third,measure,A,55-62,3,10.0,9.995279,2A07_2B08,SMU,-6,7,
55-52,current,5.885e-11,RESULT,,,,LaMP_HP_b,lamp_wholewafer,,,,,,,2026-09-23 17:31:27,fourth,measure,A,55-52,4,10.0,9.99526,2A05_2B06,SMU,-5,7,
55-63,current,6.26528e-11,RESULT,,,,LaMP_HP_b,lamp_wholewafer,,,,,,,2026-09-23 17:31:33,first,measure,A,55-63,1,10.0,9.99522,4A06_4B05,SMU,-6,8,
55-53,current,6.11522e-11,RESULT,,,,LaMP_HP_b,lamp_wholewafer,,,,,,,2026-09-23 17:31:33,second,measure,A,55-53,2,10.0,9.995165,4A08_4B07,SMU,-5,8,
55-64,current,5.84123e-11,RESULT,,,,LaMP_HP_b,lamp_wholewafer,,,,,,,2026-09-23 17:31:33,third,measure,A,55-64,3,10.0,9.995215,2A07_2B08,SMU,-6,9,
55-54,current,6.09759e-11,RESULT,,,,LaMP_HP_b,lamp_wholewafer,,,,,,,2026-09-23 17:31:33,fourth,measure,A,55-54,4,10.0,9.995225,2A05_2B06,SMU,-5,9,
56-60,current,6.34884e-11,RESULT,,,,LaMP_HP_b,lamp_wholewafer,,,,,,,2026-09-23 17:31:40,first,measure,A,56-60,1,10.0,9.995259,4A06_4B05,SMU,-6,10,
56-50,current,6.14875e-11,RESULT,,,,LaMP_HP_b,lamp_wholewafer,,,,,,,2026-09-23 17:31:40,second,measure,A,56-50,2,10.0,9.995246,4A08_4B07,SMU,-5,10,
56-61,current,6.10328e-11,RESULT,,,,LaMP_HP_b,lamp_wholewafer,,,,,,,2026-09-23 17:31:40,third,measure,A,56-61,3,10.0,9.995272,2A07_2B08,SMU,-6,11,
56-51,current,5.6832e-11,RESULT,,,,LaMP_HP_b,lamp_wholewafer,,,,,,,2026-09-23 17:31:40,fourth,measure,A,56-51,4,10.0,9.995269,2A05_2B06,SMU,-5,11,
56-62,current,2.15721e-10,RESULT,,,,LaMP_HP_b,lamp_wholewafer,,,,,,,2026-09-23 17:31:46,first,measure,A,56-62,1,10.0,9.995275,4A06_4B05,SMU,-6,12,
56-52,current,6.66944e-11,RESULT,,,,LaMP_HP_b,lamp_wholewafer,,,,,,,2026-09-23 17:31:46,second,measure,A,56-52,2,10.0,9.99527,4A08_4B07,SMU,-5,12,
56-63,current,6.24993e-11,RESULT,,,,LaMP_HP_b,lamp_wholewafer,,,,,,,2026-09-23 17:31:46,third,measure,A,56-63,3,10.0,9.99526,2A07_2B08,SMU,-6,13,
56-53,current,5.90319e-11,RESULT,,,,LaMP_HP_b,lamp_wholewafer,,,,,,,2026-09-23 17:31:46,fourth,measure,A,56-53,4,10.0,9.995215,2A05_2B06,SMU,-5,13,
56-64,current,5.93559e-11,RESULT,,,,LaMP_HP_b,lamp_wholewafer,,,,,,,2026-09-23 17:31:53,first,measure,A,56-64,1,10.0,9.995237,4A06_4B05,SMU,-6,14,
56-54,current,5.76392e-11,RESULT,,,,LaMP_HP_b,lamp_wholewafer,,,,,,,2026-09-23 17:31:53,second,measure,A,56-54,2,10.0,9.995288,4A08_4B07,SMU,-5,14,
57-60,current,5.37909e-11,RESULT,,,,LaMP_HP_b,lamp_wholewafer,,,,,,,2026-09-23 17:31:53,third,measure,A,57-60,3,10.0,9.995335,2A07_2B08,SMU,-6,15,
57-50,current,5.5843e-11,RESULT,,,,LaMP_HP_b,lamp_wholewafer,,,,,,,2026-09-23 17:31:53,fourth,measure,A,57-50,4,10.0,9.99531,2A05_2B06,SMU,-5,15,
57-61,current,5.54792e-11,RESULT,,,,LaMP_HP_b,lamp_wholewafer,,,,,,,2026-09-23 17:32:00,first,measure,A,57-61,1,10.0,9.99523,4A06_4B05,SMU,-6,16,
57-51,current,5.26711e-11,RESULT,,,,LaMP_HP_b,lamp_wholewafer,,,,,,,2026-09-23 17:32:00,second,measure,A,57-51,2,10.0,9.995216,4A08_4B07,SMU,-5,16,
57-62,current,4.62364e-11,RESULT,,,,LaMP_HP_b,lamp_wholewafer,,,,,,,2026-09-23 17:32:00,third,measure,A,57-62,3,10.0,9.995244,2A07_2B08,SMU,-6,17,
57-52,current,2.37765e-10,RESULT,,,,LaMP_HP_b,lamp_wholewafer,,,,,,,2026-09-23 17:32:00,fourth,measure,A,57-52,4,10.0,9.995222,2A05_2B06,SMU,-5,17,
57-63,current,7.10145e-11,RESULT,,,,LaMP_HP_b,lamp_wholewafer,,,,,,,2026-09-23 17:32:06,first,measure,A,57-63,1,10.0,9.995256,4A06_4B05,SMU,-6,18,
57-53,current,4.29395e-11,RESULT,,,,LaMP_HP_b,lamp_wholewafer,,,,,,,2026-09-23 17:32:06,second,measure,A,57-53,2,10.0,9.995214,4A08_4B07,SMU,-5,18,
NA,current,9.99995e-07,RESULT,,,,LaMP_HP_b,lamp_wholewafer,,,,,,,2026-09-23 17:32:06,third,measure,A,NA,3,10.0,0.002240753,2A07_2B08,SMU,-6,19,
NA,current,9.99995e-07,RESULT,,,,LaMP_HP_b,lamp_wholewafer,,,,,,,2026-09-23 17:32:06,fourth,measure,A,NA,4,10.0,0.2248314,2A05_2B06,SMU,-5,19,
NA,current,2.54687e-10,RESULT,,,,LaMP_HP_b,lamp_wholewafer,,,,,,,2026-09-23 17:32:13,first,measure,A,NA,1,10.0,9.995263,4A06_4B05,SMU,-4,-20,
NA,current,2.1717e-10,RESULT,,,,LaMP_HP_b,lamp_wholewafer,,,,,,,2026-09-23 17:32:13,second,measure,A,NA,2,10.0,9.995184,4A08_4B07,SMU,-3,-20,
50-41,current,3.93072e-11,RESULT,,,,LaMP_HP_b,lamp_wholewafer,,,,,,,2026-09-23 17:32:13,third,measure,A,50-41,3,10.0,9.995261,2A07_2B08,SMU,-4,-19,
50-31,current,2.0832e-10,RESULT,,,,LaMP_HP_b,lamp_wholewafer,,,,,,,2026-09-23 17:32:13,fourth,measure,A,50-31,4,10.0,9.995251,2A05_2B06,SMU,-3,-19,
50-42,current,2.06757e-10,RESULT,,,,LaMP_HP_b,lamp_wholewafer,,,,,,,2026-09-23 17:32:20,first,measure,A,50-42,1,10.0,9.995301,4A06_4B05,SMU,-4,-18,
50-32,current,3.90571e-11,RESULT,,,,LaMP_HP_b,lamp_wholewafer,,,,,,,2026-09-23 17:32:20,second,measure,A,50-32,2,10.0,9.995226,4A08_4B07,SMU,-3,-18,
50-43,current,4.32067e-11,RESULT,,,,LaMP_HP_b,lamp_wholewafer,,,,,,,2026-09-23 17:32:20,third,measure,A,50-43,3,10.0,9.995241,2A07_2B08,SMU,-4,-17,
50-33,current,4.33999e-11,RESULT,,,,LaMP_HP_b,lamp_wholewafer,,,,,,,2026-09-23 17:32:20,fourth,measure,A,50-33,4,10.0,9.995228,2A05_2B06,SMU,-3,-17,
50-44,current,5.38648e-11,RESULT,,,,LaMP_HP_b,lamp_wholewafer,,,,,,,2026-09-23 17:32:26,first,measure,A,50-44,1,10.0,9.995296,4A06_4B05,SMU,-4,-16,
50-34,current,5.08805e-11,RESULT,,,,LaMP_HP_b,lamp_wholewafer,,,,,,,2026-09-23 17:32:26,second,measure,A,50-34,2,10.0,9.995316,4A08_4B07,SMU,-3,-16,
51-40,current,4.99256e-11,RESULT,,,,LaMP_HP_b,lamp_wholewafer,,,,,,,2026-09-23 17:32:26,third,measure,A,51-40,3,10.0,9.995295,2A07_2B08,SMU,-4,-15,
51-30,current,5.4149e-11,RESULT,,,,LaMP_HP_b,lamp_wholewafer,,,,,,,2026-09-23 17:32:26,fourth,measure,A,51-30,4,10.0,9.995314,2A05_2B06,SMU,-3,-15,
51-41,current,6.05724e-11,RESULT,,,,LaMP_HP_b,lamp_wholewafer,,,,,,,2026-09-23 17:32:33,first,measure,A,51-41,1,10.0,9.995256,4A06_4B05,SMU,-4,-14,
51-31,current,5.92877e-11,RESULT,,,,LaMP_HP_b,lamp_wholewafer,,,,,,,2026-09-23 17:32:33,second,measure,A,51-31,2,10.0,9.99521,4A08_4B07,SMU,-3,-14,
51-42,current,5.9589e-11,RESULT,,,,LaMP_HP_b,lamp_wholewafer,,,,,,,2026-09-23 17:32:33,third,measure,A,51-42,3,10.0,9.995238,2A07_2B08,SMU,-4,-13,
51-32,current,5.95946e-11,RESULT,,,,LaMP_HP_b,lamp_wholewafer,,,,,,,2026-09-23 17:32:33,fourth,measure,A,51-32,4,10.0,9.995214,2A05_2B06,SMU,-3,-13,
51-43,current,6.23004e-11,RESULT,,,,LaMP_HP_b,lamp_wholewafer,,,,,,,2026-09-23 17:32:40,first,measure,A,51-43,1,10.0,9.995199,4A06_4B05,SMU,-4,-12,
51-33,current,2.37566e-10,RESULT,,,,LaMP_HP_b,lamp_wholewafer,,,,,,,2026-09-23 17:32:40,second,measure,A,51-33,2,10.0,9.995228,4A08_4B07,SMU,-3,-12,
51-44,current,5.35181e-11,RESULT,,,,LaMP_HP_b,lamp_wholewafer,,,,,,,2026-09-23 17:32:40,third,measure,A,51-44,3,10.0,9.995137,2A07_2B08,SMU,-4,-11,
51-34,current,5.35977e-11,RESULT,,,,LaMP_HP_b,lamp_wholewafer,,,,,,,2026-09-23 17:32:40,fourth,measure,A,51-34,4,10.0,9.995185,2A05_2B06,SMU,-3,-11,
52-40,current,6.07883e-11,RESULT,,,,LaMP_HP_b,lamp_wholewafer,,,,,,,2026-09-23 17:32:46,first,measure,A,52-40,1,10.0,9.995126,4A06_4B05,SMU,-4,-10,
52-30,current,5.62068e-11,RESULT,,,,LaMP_HP_b,lamp_wholewafer,,,,,,,2026-09-23 17:32:46,second,measure,A,52-30,2,10.0,9.995149,4A08_4B07,SMU,-3,-10,
52-41,current,5.59794e-11,RESULT,,,,LaMP_HP_b,lamp_wholewafer,,,,,,,2026-09-23 17:32:46,third,measure,A,52-41,3,10.0,9.995169,2A07_2B08,SMU,-4,-9,
52-31,current,5.52006e-11,RESULT,,,,LaMP_HP_b,lamp_wholewafer,,,,,,,2026-09-23 17:32:46,fourth,measure,A,52-31,4,10.0,9.995197,2A05_2B06,SMU,-3,-9,
52-42,current,6.60066e-11,RESULT,,,,LaMP_HP_b,lamp_wholewafer,,,,,,,2026-09-23 17:32:53,first,measure,A,52-42,1,10.0,9.995199,4A06_4B05,SMU,-4,-8,
52-32,current,5.63887e-11,RESULT,,,,LaMP_HP_b,lamp_wholewafer,,,,,,,2026-09-23 17:32:53,second,measure,A,52-32,2,10.0,9.995135,4A08_4B07,SMU,-3,-8,
52-43,current,5.4024e-11,RESULT,,,,LaMP_HP_b,lamp_wholewafer,,,,,,,2026-09-23 17:32:53,third,measure,A,52-43,3,10.0,9.995199,2A07_2B08,SMU,-4,-7,
52-33,current,5.29667e-11,RESULT,,,,LaMP_HP_b,lamp_wholewafer,,,,,,,2026-09-23 17:32:53,fourth,measure,A,52-33,4,10.0,9.995245,2A05_2B06,SMU,-3,-7,
52-44,current,6.84565e-11,RESULT,,,,LaMP_HP_b,lamp_wholewafer,,,,,,,2026-09-23 17:32:59,first,measure,A,52-44,1,10.0,9.995245,4A06_4B05,SMU,-4,-6,
52-34,current,6.33918e-11,RESULT,,,,LaMP_HP_b,lamp_wholewafer,,,,,,,2026-09-23 17:32:59,second,measure,A,52-34,2,10.0,9.995279,4A08_4B07,SMU,-3,-6,
53-40,current,5.56383e-11,RESULT,,,,LaMP_HP_b,lamp_wholewafer,,,,,,,2026-09-23 17:32:59,third,measure,A,53-40,3,10.0,9.995255,2A07_2B08,SMU,-4,-5,
53-30,current,5.73777e-11,RESULT,,,,LaMP_HP_b,lamp_wholewafer,,,,,,,2026-09-23 17:32:59,fourth,measure,A,53-30,4,10.0,9.995238,2A05_2B06,SMU,-3,-5,
53-41,current,5.99471e-11,RESULT,,,,LaMP_HP_b,lamp_wholewafer,,,,,,,2026-09-23 17:33:06,first,measure,A,53-41,1,10.0,9.995241,4A06_4B05,SMU,-4,-4,
53-31,current,5.51722e-11,RESULT,,,,LaMP_HP_b,lamp_wholewafer,,,,,,,2026-09-23 17:33:06,second,measure,A,53-31,2,10.0,9.995272,4A08_4B07,SMU,-3,-4,
53-42,current,5.53427e-11,RESULT,,,,LaMP_HP_b,lamp_wholewafer,,,,,,,2026-09-23 17:33:06,third,measure,A,53-42,3,10.0,9.995245,2A07_2B08,SMU,-4,-3,
53-32,current,5.61897e-11,RESULT,,,,LaMP_HP_b,lamp_wholewafer,,,,,,,2026-09-23 17:33:06,fourth,measure,A,53-32,4,10.0,9.995111,2A05_2B06,SMU,-3,-3,
53-43,current,6.01346e-11,RESULT,,,,LaMP_HP_b,lamp_wholewafer,,,,,,,2026-09-23 17:33:13,first,measure,A,53-43,1,10.0,9.995239,4A06_4B05,SMU,-4,-2,
53-33,current,5.59964e-11,RESULT,,,,LaMP_HP_b,lamp_wholewafer,,,,,,,2026-09-23 17:33:13,second,measure,A,53-33,2,10.0,9.99515,4A08_4B07,SMU,-3,-2,
53-44,current,5.53427e-11,RESULT,,,,LaMP_HP_b,lamp_wholewafer,,,,,,,2026-09-23 17:33:13,third,measure,A,53-44,3,10.0,9.995154,2A07_2B08,SMU,-4,-1,
53-34,current,5.47857e-11,RESULT,,,,LaMP_HP_b,lamp_wholewafer,,,,,,,2026-09-23 17:33:13,fourth,measure,A,53-34,4,10.0,9.995219,2A05_2B06,SMU,-3,-1,
54-40,current,6.03279e-11,RESULT,,,,LaMP_HP_b,lamp_wholewafer,,,,,,,2026-09-23 17:33:19,first,measure,A,54-40,1,10.0,9.995143,4A06_4B05,SMU,-4,0,
54-30,current,6.0453e-11,RESULT,,,,LaMP_HP_b,lamp_wholewafer,,,,,,,2026-09-23 17:33:19,second,measure,A,54-30,2,10.0,9.995181,4A08_4B07,SMU,-3,0,
54-41,current,1.70229e-10,RESULT,,,,LaMP_HP_b,lamp_wholewafer,,,,,,,2026-09-23 17:33:19,third,measure,A,54-41,3,10.0,9.995209,2A07_2B08,SMU,-4,1,
54-31,current,6.80706e-10,RESULT,,,,LaMP_HP_b,lamp_wholewafer,,,,,,,2026-09-23 17:33:19,fourth,measure,A,54-31,4,10.0,9.995215,2A05_2B06,SMU,-3,1,
54-42,current,6.69104e-11,RESULT,,,,LaMP_HP_b,lamp_wholewafer,,,,,,,2026-09-23 17:33:26,first,measure,A,54-42,1,10.0,9.995213,4A06_4B05,SMU,-4,2,
54-32,current,6.20219e-11,RESULT,,,,LaMP_HP_b,lamp_wholewafer,,,,,,,2026-09-23 17:33:26,second,measure,A,54-32,2,10.0,9.995211,4A08_4B07,SMU,-3,2,
54-43,current,6.13681e-11,RESULT,,,,LaMP_HP_b,lamp_wholewafer,,,,,,,2026-09-23 17:33:26,third,measure,A,54-43,3,10.0,9.995259,2A07_2B08,SMU,-4,3,
54-33,current,5.48084e-11,RESULT,,,,LaMP_HP_b,lamp_wholewafer,,,,,,,2026-09-23 17:33:26,fourth,measure,A,54-33,4,10.0,9.995213,2A05_2B06,SMU,-3,3,
54-44,current,6.28575e-11,RESULT,,,,LaMP_HP_b,lamp_wholewafer,,,,,,,2026-09-23 17:33:32,first,measure,A,54-44,1,10.0,9.995276,4A06_4B05,SMU,-4,4,
54-34,current,6.07883e-11,RESULT,,,,LaMP_HP_b,lamp_wholewafer,,,,,,,2026-09-23 17:33:32,second,measure,A,54-34,2,10.0,9.995259,4A08_4B07,SMU,-3,4,
55-40,current,5.82304e-11,RESULT,,,,LaMP_HP_b,lamp_wholewafer,,,,,,,2026-09-23 17:33:32,third,measure,A,55-40,3,10.0,9.995231,2A07_2B08,SMU,-4,5,
55-30,current,5.54962e-11,RESULT,,,,LaMP_HP_b,lamp_wholewafer,,,,,,,2026-09-23 17:33:32,fourth,measure,A,55-30,4,10.0,9.995258,2A05_2B06,SMU,-3,5,
55-41,current,6.24595e-11,RESULT,,,,LaMP_HP_b,lamp_wholewafer,,,,,,,2026-09-23 17:33:39,first,measure,A,55-41,1,10.0,9.99526,4A06_4B05,SMU,-4,6,
55-31,current,5.8418e-11,RESULT,,,,LaMP_HP_b,lamp_wholewafer,,,,,,,2026-09-23 17:33:39,second,measure,A,55-31,2,10.0,9.995219,4A08_4B07,SMU,-3,6,
55-42,current,5.53882e-11,RESULT,,,,LaMP_HP_b,lamp_wholewafer,,,,,,,2026-09-23 17:33:39,third,measure,A,55-42,3,10.0,9.995134,2A07_2B08,SMU,-4,7,
55-32,current,5.45242e-11,RESULT,,,,LaMP_HP_b,lamp_wholewafer,,,,,,,2026-09-23 17:33:39,fourth,measure,A,55-32,4,10.0,9.995126,2A05_2B06,SMU,-3,7,
55-43,current,6.34884e-11,RESULT,,,,LaMP_HP_b,lamp_wholewafer,,,,,,,2026-09-23 17:33:46,first,measure,A,55-43,1,10.0,9.995128,4A06_4B05,SMU,-4,8,
55-33,current,5.91569e-11,RESULT,,,,LaMP_HP_b,lamp_wholewafer,,,,,,,2026-09-23 17:33:46,second,measure,A,55-33,2,10.0,9.995145,4A08_4B07,SMU,-3,8,
55-44,current,5.81394e-11,RESULT,,,,LaMP_HP_b,lamp_wholewafer,,,,,,,2026-09-23 17:33:46,third,measure,A,55-44,3,10.0,9.995205,2A07_2B08,SMU,-4,9,
55-34,current,5.61442e-11,RESULT,,,,LaMP_HP_b,lamp_wholewafer,,,,,,,2026-09-23 17:33:46,fourth,measure,A,55-34,4,10.0,9.99522,2A05_2B06,SMU,-3,9,
56-40,current,6.05155e-11,RESULT,,,,LaMP_HP_b,lamp_wholewafer,,,,,,,2026-09-23 17:33:52,first,measure,A,56-40,1,10.0,9.995196,4A06_4B05,SMU,-4,10,
56-30,current,5.58202e-11,RESULT,,,,LaMP_HP_b,lamp_wholewafer,,,,,,,2026-09-23 17:33:52,second,measure,A,56-30,2,10.0,9.995163,4A08_4B07,SMU,-3,10,
56-41,current,5.88898e-11,RESULT,,,,LaMP_HP_b,lamp_wholewafer,,,,,,,2026-09-23 17:33:52,third,measure,A,56-41,3,10.0,9.995221,2A07_2B08,SMU,-4,11,
56-31,current,5.79234e-11,RESULT,,,,LaMP_HP_b,lamp_wholewafer,,,,,,,2026-09-23 17:33:52,fourth,measure,A,56-31,4,10.0,9.995234,2A05_2B06,SMU,-3,11,
56-42,current,6.06519e-11,RESULT,,,,LaMP_HP_b,lamp_wholewafer,,,,,,,2026-09-23 17:33:59,first,measure,A,56-42,1,10.0,9.995142,4A06_4B05,SMU,-4,12,
56-32,current,5.28644e-11,RESULT,,,,LaMP_HP_b,lamp_wholewafer,,,,,,,2026-09-23 17:33:59,second,measure,A,56-32,2,10.0,9.995096,4A08_4B07,SMU,-3,12,
56-43,current,5.5411e-11,RESULT,,,,LaMP_HP_b,lamp_wholewafer,,,,,,,2026-09-23 17:33:59,third,measure,A,56-43,3,10.0,9.995148,2A07_2B08,SMU,-4,13,
56-33,current,5.81792e-11,RESULT,,,,LaMP_HP_b,lamp_wholewafer,,,,,,,2026-09-23 17:33:59,fourth,measure,A,56-33,4,10.0,9.995207,2A05_2B06,SMU,-3,13,
56-44,current,5.77472e-11,RESULT,,,,LaMP_HP_b,lamp_wholewafer,,,,,,,2026-09-23 17:34:05,first,measure,A,56-44,1,10.0,9.995308,4A06_4B05,SMU,-4,14,
56-34,current,5.70651e-11,RESULT,,,,LaMP_HP_b,lamp_wholewafer,,,,,,,2026-09-23 17:34:05,second,measure,A,56-34,2,10.0,9.995241,4A08_4B07,SMU,-3,14,
57-40,current,5.51609e-11,RESULT,,,,LaMP_HP_b,lamp_wholewafer,,,,,,,2026-09-23 17:34:05,third,measure,A,57-40,3,10.0,9.99531,2A07_2B08,SMU,-4,15,
57-30,current,5.10966e-11,RESULT,,,,LaMP_HP_b,lamp_wholewafer,,,,,,,2026-09-23 17:34:05,fourth,measure,A,57-30,4,10.0,9.995272,2A05_2B06,SMU,-3,15,
57-41,current,5.43878e-11,RESULT,,,,LaMP_HP_b,lamp_wholewafer,,,,,,,2026-09-23 17:34:12,first,measure,A,57-41,1,10.0,9.995317,4A06_4B05,SMU,-4,16,
57-31,current,5.04997e-11,RESULT,,,,LaMP_HP_b,lamp_wholewafer,,,,,,,2026-09-23 17:34:12,second,measure,A,57-31,2,10.0,9.995337,4A08_4B07,SMU,-3,16,
57-42,current,9.4667e-11,RESULT,,,,LaMP_HP_b,lamp_wholewafer,,,,,,,2026-09-23 17:34:12,third,measure,A,57-42,3,10.0,9.995297,2A07_2B08,SMU,-4,17,
57-32,current,5.08408e-11,RESULT,,,,LaMP_HP_b,lamp_wholewafer,,,,,,,2026-09-23 17:34:12,fourth,measure,A,57-32,4,10.0,9.995282,2A05_2B06,SMU,-3,17,
57-43,current,5.58714e-11,RESULT,,,,LaMP_HP_b,lamp_wholewafer,,,,,,,2026-09-23 17:34:19,first,measure,A,57-43,1,10.0,9.99525,4A06_4B05,SMU,-4,18,
57-33,current,4.85613e-11,RESULT,,,,LaMP_HP_b,lamp_wholewafer,,,,,,,2026-09-23 17:34:19,second,measure,A,57-33,2,10.0,9.995214,4A08_4B07,SMU,-3,18,
NA,current,1.48208e-10,RESULT,,,,LaMP_HP_b,lamp_wholewafer,,,,,,,2026-09-23 17:34:19,third,measure,A,NA,3,10.0,9.995214,2A07_2B08,SMU,-4,19,
NA,current,9.99995e-07,RESULT,,,,LaMP_HP_b,lamp_wholewafer,,,,,,,2026-09-23 17:34:19,fourth,measure,A,NA,4,10.0,0.9114631,2A05_2B06,SMU,-3,19,
NA,current,6.45457e-11,RESULT,,,,LaMP_HP_b,lamp_wholewafer,,,,,,,2026-09-23 17:34:26,first,measure,A,NA,1,10.0,9.995301,4A06_4B05,SMU,-2,-20,
NA,current,6.69559e-11,RESULT,,,,LaMP_HP_b,lamp_wholewafer,,,,,,,2026-09-23 17:34:26,second,measure,A,NA,2,10.0,9.995245,4A08_4B07,SMU,-1,-20,
50-21,current,4.54691e-11,RESULT,,,,LaMP_HP_b,lamp_wholewafer,,,,,,,2026-09-23 17:34:26,third,measure,A,50-21,3,10.0,9.995316,2A07_2B08,SMU,-2,-19,
50-11,current,1.88601e-10,RESULT,,,,LaMP_HP_b,lamp_wholewafer,,,,,,,2026-09-23 17:34:26,fourth,measure,A,50-11,4,10.0,9.995242,2A05_2B06,SMU,-1,-19,
50-22,current,5.55019e-11,RESULT,,,,LaMP_HP_b,lamp_wholewafer,,,,,,,2026-09-23 17:34:32,first,measure,A,50-22,1,10.0,9.995245,4A06_4B05,SMU,-2,-18,
50-12,current,4.92719e-11,RESULT,,,,LaMP_HP_b,lamp_wholewafer,,,,,,,2026-09-23 17:34:32,second,measure,A,50-12,2,10.0,9.995222,4A08_4B07,SMU,-1,-18,
50-23,current,4.99881e-11,RESULT,,,,LaMP_HP_b,lamp_wholewafer,,,,,,,2026-09-23 17:34:32,third,measure,A,50-23,3,10.0,9.99516,2A07_2B08,SMU,-2,-17,
50-13,current,4.49859e-11,RESULT,,,,LaMP_HP_b,lamp_wholewafer,,,,,,,2026-09-23 17:34:32,fourth,measure,A,50-13,4,10.0,9.995209,2A05_2B06,SMU,-1,-17,
50-24,current,5.66672e-11,RESULT,,,,LaMP_HP_b,lamp_wholewafer,,,,,,,2026-09-23 17:34:39,first,measure,A,50-24,1,10.0,9.995111,4A06_4B05,SMU,-2,-16,
50-14,current,5.14149e-11,RESULT,,,,LaMP_HP_b,lamp_wholewafer,,,,,,,2026-09-23 17:34:39,second,measure,A,50-14,2,10.0,9.995118,4A08_4B07,SMU,-1,-16,
51-20,current,5.57293e-11,RESULT,,,,LaMP_HP_b,lamp_wholewafer,,,,,,,2026-09-23 17:34:39,third,measure,A,51-20,3,10.0,9.995173,2A07_2B08,SMU,-2,-15,
51-10,current,5.43594e-11,RESULT,,,,LaMP_HP_b,lamp_wholewafer,,,,,,,2026-09-23 17:34:39,fourth,measure,A,51-10,4,10.0,9.995195,2A05_2B06,SMU,-1,-15,
51-21,current,6.19025e-11,RESULT,,,,LaMP_HP_b,lamp_wholewafer,,,,,,,2026-09-23 17:34:45,first,measure,A,51-21,1,10.0,9.995294,4A06_4B05,SMU,-2,-14,
51-11,current,5.80883e-11,RESULT,,,,LaMP_HP_b,lamp_wholewafer,,,,,,,2026-09-23 17:34:45,second,measure,A,51-11,2,10.0,9.995218,4A08_4B07,SMU,-1,-14,
PCM,current,2.50338e-11,RESULT,,,,LaMP_HP_b,lamp_wholewafer,,,,,,,2026-09-23 17:34:45,third,measure,A,PCM,3,10.0,9.995245,2A07_2B08,SMU,-2,-13,
51-12,current,5.74914e-11,RESULT,,,,LaMP_HP_b,lamp_wholewafer,,,,,,,2026-09-23 17:34:45,fourth,measure,A,51-12,4,10.0,9.995222,2A05_2B06,SMU,-1,-13,
51-23,current,6.59213e-11,RESULT,,,,LaMP_HP_b,lamp_wholewafer,,,,,,,2026-09-23 17:34:52,first,measure,A,51-23,1,10.0,9.995206,4A06_4B05,SMU,-2,-12,
51-13,current,5.95605e-11,RESULT,,,,LaMP_HP_b,lamp_wholewafer,,,,,,,2026-09-23 17:34:52,second,measure,A,51-13,2,10.0,9.995245,4A08_4B07,SMU,-1,-12,
51-24,current,5.77813e-11,RESULT,,,,LaMP_HP_b,lamp_wholewafer,,,,,,,2026-09-23 17:34:52,third,measure,A,51-24,3,10.0,9.995155,2A07_2B08,SMU,-2,-11,
51-14,current,5.59851e-11,RESULT,,,,LaMP_HP_b,lamp_wholewafer,,,,,,,2026-09-23 17:34:52,fourth,measure,A,51-14,4,10.0,9.995169,2A05_2B06,SMU,-1,-11,
52-20,current,6.32213e-11,RESULT,,,,LaMP_HP_b,lamp_wholewafer,,,,,,,2026-09-23 17:34:59,first,measure,A,52-20,1,10.0,9.995171,4A06_4B05,SMU,-2,-10,
52-10,current,5.85374e-11,RESULT,,,,LaMP_HP_b,lamp_wholewafer,,,,,,,2026-09-23 17:34:59,second,measure,A,52-10,2,10.0,9.995192,4A08_4B07,SMU,-1,-10,
52-21,current,6.14989e-11,RESULT,,,,LaMP_HP_b,lamp_wholewafer,,,,,,,2026-09-23 17:34:59,third,measure,A,52-21,3,10.0,9.995169,2A07_2B08,SMU,-2,-9,
52-11,current,5.7355e-11,RESULT,,,,LaMP_HP_b,lamp_wholewafer,,,,,,,2026-09-23 17:34:59,fourth,measure,A,52-11,4,10.0,9.995214,2A05_2B06,SMU,-1,-9,
52-22,current,6.26812e-11,RESULT,,,,LaMP_HP_b,lamp_wholewafer,,,,,,,2026-09-23 17:35:05,first,measure,A,52-22,1,10.0,9.99526,4A06_4B05,SMU,-2,-8,
52-12,current,5.98902e-11,RESULT,,,,LaMP_HP_b,lamp_wholewafer,,,,,,,2026-09-23 17:35:05,second,measure,A,52-12,2,10.0,9.995294,4A08_4B07,SMU,-1,-8,
52-23,current,5.80656e-11,RESULT,,,,LaMP_HP_b,lamp_wholewafer,,,,,,,2026-09-23 17:35:05,third,measure,A,52-23,3,10.0,9.995237,2A07_2B08,SMU,-2,-7,
52-13,current,5.71731e-11,RESULT,,,,LaMP_HP_b,lamp_wholewafer,,,,,,,2026-09-23 17:35:05,fourth,measure,A,52-13,4,10.0,9.995187,2A05_2B06,SMU,-1,-7,
52-24,current,6.20616e-11,RESULT,,,,LaMP_HP_b,lamp_wholewafer,,,,,,,2026-09-23 17:35:12,first,measure,A,52-24,1,10.0,9.995144,4A06_4B05,SMU,-2,-6,
52-14,current,6.00721e-11,RESULT,,,,LaMP_HP_b,lamp_wholewafer,,,,,,,2026-09-23 17:35:12,second,measure,A,52-14,2,10.0,9.995156,4A08_4B07,SMU,-1,-6,
53-20,current,5.66956e-11,RESULT,,,,LaMP_HP_b,lamp_wholewafer,,,,,,,2026-09-23 17:35:12,third,measure,A,53-20,3,10.0,9.995183,2A07_2B08,SMU,-2,-5,
53-10,current,5.83214e-11,RESULT,,,,LaMP_HP_b,lamp_wholewafer,,,,,,,2026-09-23 17:35:12,fourth,measure,A,53-10,4,10.0,9.99523,2A05_2B06,SMU,-1,-5,
53-21,current,6.23459e-11,RESULT,,,,LaMP_HP_b,lamp_wholewafer,,,,,,,2026-09-23 17:35:18,first,measure,A,53-21,1,10.0,9.995247,4A06_4B05,SMU,-2,-4,
53-11,current,5.89182e-11,RESULT,,,,LaMP_HP_b,lamp_wholewafer,,,,,,,2026-09-23 17:35:18,second,measure,A,53-11,2,10.0,9.995246,4A08_4B07,SMU,-1,-4,
PCM,current,2.46246e-11,RESULT,,,,LaMP_HP_b,lamp_wholewafer,,,,,,,2026-09-23 17:35:18,third,measure,A,PCM,3,10.0,9.995319,2A07_2B08,SMU,-2,-3,
53-12,current,5.61442e-11,RESULT,,,,LaMP_HP_b,lamp_wholewafer,,,,,,,2026-09-23 17:35:18,fourth,measure,A,53-12,4,10.0,9.995317,2A05_2B06,SMU,-1,-3,
53-23,current,6.35339e-11,RESULT,,,,LaMP_HP_b,lamp_wholewafer,,,,,,,2026-09-23 17:35:25,first,measure,A,53-23,1,10.0,9.995333,4A06_4B05,SMU,-2,-2,
53-13,current,5.87136e-11,RESULT,,,,LaMP_HP_b,lamp_wholewafer,,,,,,,2026-09-23 17:35:25,second,measure,A,53-13,2,10.0,9.995356,4A08_4B07,SMU,-1,-2,
53-24,current,5.51267e-11,RESULT,,,,LaMP_HP_b,lamp_wholewafer,,,,,,,2026-09-23 17:35:25,third,measure,A,53-24,3,10.0,9.99541,2A07_2B08,SMU,-2,-1,
53-14,current,5.53371e-11,RESULT,,,,LaMP_HP_b,lamp_wholewafer,,,,,,,2026-09-23 17:35:25,fourth,measure,A,53-14,4,10.0,9.995368,2A05_2B06,SMU,-1,-1,
54-20,current,6.03166e-11,RESULT,,,,LaMP_HP_b,lamp_wholewafer,,,,,,,2026-09-23 17:35:31,first,measure,A,54-20,1,10.0,9.995381,4A06_4B05,SMU,-2,0,
54-10,current,6.02256e-11,RESULT,,,,LaMP_HP_b,lamp_wholewafer,,,,,,,2026-09-23 17:35:31,second,measure,A,54-10,2,10.0,9.995404,4A08_4B07,SMU,-1,0,
54-21,current,5.83498e-11,RESULT,,,,LaMP_HP_b,lamp_wholewafer,,,,,,,2026-09-23 17:35:31,third,measure,A,54-21,3,10.0,9.995317,2A07_2B08,SMU,-2,1,
54-11,current,5.39956e-11,RESULT,,,,LaMP_HP_b,lamp_wholewafer,,,,,,,2026-09-23 17:35:31,fourth,measure,A,54-11,4,10.0,9.995261,2A05_2B06,SMU,-1,1,
54-22,current,6.16694e-11,RESULT,,,,LaMP_HP_b,lamp_wholewafer,,,,,,,2026-09-23 17:35:38,first,measure,A,54-22,1,10.0,9.995311,4A06_4B05,SMU,-2,2,
54-12,current,5.85715e-11,RESULT,,,,LaMP_HP_b,lamp_wholewafer,,,,,,,2026-09-23 17:35:38,second,measure,A,54-12,2,10.0,9.995321,4A08_4B07,SMU,-1,2,
54-23,current,5.86454e-11,RESULT,,,,LaMP_HP_b,lamp_wholewafer,,,,,,,2026-09-23 17:35:38,third,measure,A,54-23,3,10.0,9.995315,2A07_2B08,SMU,-2,3,
54-13,current,5.76733e-11,RESULT,,,,LaMP_HP_b,lamp_wholewafer,,,,,,,2026-09-23 17:35:38,fourth,measure,A,54-13,4,10.0,9.995327,2A05_2B06,SMU,-1,3,
54-24,current,6.26812e-11,RESULT,,,,LaMP_HP_b,lamp_wholewafer,,,,,,,2026-09-23 17:35:45,first,measure,A,54-24,1,10.0,9.995279,4A06_4B05,SMU,-2,4,
54-14,current,5.98561e-11,RESULT,,,,LaMP_HP_b,lamp_wholewafer,,,,,,,2026-09-23 17:35:45,second,measure,A,54-14,2,10.0,9.995358,4A08_4B07,SMU,-1,4,
55-20,current,5.63205e-11,RESULT,,,,LaMP_HP_b,lamp_wholewafer,,,,,,,2026-09-23 17:35:45,third,measure,A,55-20,3,10.0,9.995303,2A07_2B08,SMU,-2,5,
55-10,current,5.43025e-11,RESULT,,,,LaMP_HP_b,lamp_wholewafer,,,,,,,2026-09-23 17:35:45,fourth,measure,A,55-10,4,10.0,9.995268,2A05_2B06,SMU,-1,5,
55-21,current,6.24027e-11,RESULT,,,,LaMP_HP_b,lamp_wholewafer,,,,,,,2026-09-23 17:35:51,first,measure,A,55-21,1,10.0,9.995273,4A06_4B05,SMU,-2,6,
55-11,current,5.6491e-11,RESULT,,,,LaMP_HP_b,lamp_wholewafer,,,,,,,2026-09-23 17:35:51,second,measure,A,55-11,2,10.0,9.995235,4A08_4B07,SMU,-1,6,
PCM,current,2.53578e-11,RESULT,,,,LaMP_HP_b,lamp_wholewafer,,,,,,,2026-09-23 17:35:51,third,measure,A,PCM,3,10.0,9.995256,2A07_2B08,SMU,-2,7,
55-12,current,5.91228e-11,RESULT,,,,LaMP_HP_b,lamp_wholewafer,,,,,,,2026-09-23 17:35:51,fourth,measure,A,55-12,4,10.0,9.995252,2A05_2B06,SMU,-1,7,
55-23,current,6.31133e-11,RESULT,,,,LaMP_HP_b,lamp_wholewafer,,,,,,,2026-09-23 17:35:58,first,measure,A,55-23,1,10.0,9.995272,4A06_4B05,SMU,-2,8,
55-13,current,5.75596e-11,RESULT,,,,LaMP_HP_b,lamp_wholewafer,,,,,,,2026-09-23 17:35:58,second,measure,A,55-13,2,10.0,9.995296,4A08_4B07,SMU,-1,8,
55-24,current,5.77757e-11,RESULT,,,,LaMP_HP_b,lamp_wholewafer,,,,,,,2026-09-23 17:35:58,third,measure,A,55-24,3,10.0,9.995311,2A07_2B08,SMU,-2,9,
55-14,current,5.71447e-11,RESULT,,,,LaMP_HP_b,lamp_wholewafer,,,,,,,2026-09-23 17:35:58,fourth,measure,A,55-14,4,10.0,9.995338,2A05_2B06,SMU,-1,9,
56-20,current,6.34543e-11,RESULT,,,,LaMP_HP_b,lamp_wholewafer,,,,,,,2026-09-23 17:36:04,first,measure,A,56-20,1,10.0,9.995296,4A06_4B05,SMU,-2,10,
56-10,current,6.03279e-11,RESULT,,,,LaMP_HP_b,lamp_wholewafer,,,,,,,2026-09-23 17:36:04,second,measure,A,56-10,2,10.0,9.995264,4A08_4B07,SMU,-1,10,
56-21,current,5.83839e-11,RESULT,,,,LaMP_HP_b,lamp_wholewafer,,,,,,,2026-09-23 17:36:04,third,measure,A,56-21,3,10.0,9.995228,2A07_2B08,SMU,-2,11,
56-11,current,5.97368e-11,RESULT,,,,LaMP_HP_b,lamp_wholewafer,,,,,,,2026-09-23 17:36:04,fourth,measure,A,56-11,4,10.0,9.995231,2A05_2B06,SMU,-1,11,
56-22,current,6.31644e-11,RESULT,,,,LaMP_HP_b,lamp_wholewafer,,,,,,,2026-09-23 17:36:11,first,measure,A,56-22,1,10.0,9.995154,4A06_4B05,SMU,-2,12,
56-12,current,5.94469e-11,RESULT,,,,LaMP_HP_b,lamp_wholewafer,,,,,,,2026-09-23 17:36:11,second,measure,A,56-12,2,10.0,9.995199,4A08_4B07,SMU,-1,12,
56-23,current,5.71617e-11,RESULT,,,,LaMP_HP_b,lamp_wholewafer,,,,,,,2026-09-23 17:36:11,third,measure,A,56-23,3,10.0,9.995196,2A07_2B08,SMU,-2,13,
56-13,current,5.70367e-11,RESULT,,,,LaMP_HP_b,lamp_wholewafer,,,,,,,2026-09-23 17:36:11,fourth,measure,A,56-13,4,10.0,9.995158,2A05_2B06,SMU,-1,13,
56-24,current,6.2073e-11,RESULT,,,,LaMP_HP_b,lamp_wholewafer,,,,,,,2026-09-23 17:36:18,first,measure,A,56-24,1,10.0,9.99524,4A06_4B05,SMU,-2,14,
56-14,current,5.86965e-11,RESULT,,,,LaMP_HP_b,lamp_wholewafer,,,,,,,2026-09-23 17:36:18,second,measure,A,56-14,2,10.0,9.995253,4A08_4B07,SMU,-1,14,
57-20,current,5.26256e-11,RESULT,,,,LaMP_HP_b,lamp_wholewafer,,,,,,,2026-09-23 17:36:18,third,measure,A,57-20,3,10.0,9.995253,2A07_2B08,SMU,-2,15,
57-10,current,5.83725e-11,RESULT,,,,LaMP_HP_b,lamp_wholewafer,,,,,,,2026-09-23 17:36:18,fourth,measure,A,57-10,4,10.0,9.995286,2A05_2B06,SMU,-1,15,
57-21,current,5.68889e-11,RESULT,,,,LaMP_HP_b,lamp_wholewafer,,,,,,,2026-09-23 17:36:24,first,measure,A,57-21,1,10.0,9.995295,4A06_4B05,SMU,-2,16,
57-11,current,8.33722e-11,RESULT,,,,LaMP_HP_b,lamp_wholewafer,,,,,,,2026-09-23 17:36:24,second,measure,A,57-11,2,10.0,9.995169,4A08_4B07,SMU,-1,16,
PCM,current,2.67562e-11,RESULT,,,,LaMP_HP_b,lamp_wholewafer,,,,,,,2026-09-23 17:36:24,third,measure,A,PCM,3,10.0,9.995259,2A07_2B08,SMU,-2,17,
57-12,current,3.35103e-10,RESULT,,,,LaMP_HP_b,lamp_wholewafer,,,,,,,2026-09-23 17:36:24,fourth,measure,A,57-12,4,10.0,9.995255,2A05_2B06,SMU,-1,17,
57-23,current,5.30974e-11,RESULT,,,,LaMP_HP_b,lamp_wholewafer,,,,,,,2026-09-23 17:36:31,first,measure,A,57-23,1,10.0,9.995235,4A06_4B05,SMU,-2,18,
57-13,current,5.04599e-11,RESULT,,,,LaMP_HP_b,lamp_wholewafer,,,,,,,2026-09-23 17:36:31,second,measure,A,57-13,2,10.0,9.995294,4A08_4B07,SMU,-1,18,
NA,current,9.99995e-07,RESULT,,,,LaMP_HP_b,lamp_wholewafer,,,,,,,2026-09-23 17:36:31,third,measure,A,NA,3,10.0,1.169635,2A07_2B08,SMU,-2,19,
NA,current,9.99995e-07,RESULT,,,,LaMP_HP_b,lamp_wholewafer,,,,,,,2026-09-23 17:36:31,fourth,measure,A,NA,4,10.0,0.7291893,2A05_2B06,SMU,-1,19,
NA,current,7.16455e-11,RESULT,,,,LaMP_HP_b,lamp_wholewafer,,,,,,,2026-09-23 17:36:38,first,measure,A,NA,1,10.0,9.995238,4A06_4B05,SMU,0,-20,
NA,current,9.99995e-07,RESULT,,,,LaMP_HP_b,lamp_wholewafer,,,,,,,2026-09-23 17:36:38,second,measure,A,NA,2,10.0,1.033142,4A08_4B07,SMU,1,-20,
50-01,current,5.29269e-11,RESULT,,,,LaMP_HP_b,lamp_wholewafer,,,,,,,2026-09-23 17:36:38,third,measure,A,50-01,3,10.0,9.995203,2A07_2B08,SMU,0,-19,
40-71,current,4.9738e-11,RESULT,,,,LaMP_HP_b,lamp_wholewafer,,,,,,,2026-09-23 17:36:38,fourth,measure,A,40-71,4,10.0,9.995184,2A05_2B06,SMU,1,-19,
50-02,current,5.03803e-11,RESULT,,,,LaMP_HP_b,lamp_wholewafer,,,,,,,2026-09-23 17:36:44,first,measure,A,50-02,1,10.0,9.995209,4A06_4B05,SMU,0,-18,
40-72,current,4.82828e-11,RESULT,,,,LaMP_HP_b,lamp_wholewafer,,,,,,,2026-09-23 17:36:44,second,measure,A,40-72,2,10.0,9.995291,4A08_4B07,SMU,1,-18,
50-03,current,4.82999e-11,RESULT,,,,LaMP_HP_b,lamp_wholewafer,,,,,,,2026-09-23 17:36:44,third,measure,A,50-03,3,10.0,9.99525,2A07_2B08,SMU,0,-17,
40-73,current,4.68447e-11,RESULT,,,,LaMP_HP_b,lamp_wholewafer,,,,,,,2026-09-23 17:36:44,fourth,measure,A,40-73,4,10.0,9.995219,2A05_2B06,SMU,1,-17,
50-04,current,5.87477e-11,RESULT,,,,LaMP_HP_b,lamp_wholewafer,,,,,,,2026-09-23 17:36:51,first,measure,A,50-04,1,10.0,9.995268,4A06_4B05,SMU,0,-16,
40-74,current,5.34953e-11,RESULT,,,,LaMP_HP_b,lamp_wholewafer,,,,,,,2026-09-23 17:36:51,second,measure,A,40-74,2,10.0,9.99531,4A08_4B07,SMU,1,-16,
51-00,current,5.38478e-11,RESULT,,,,LaMP_HP_b,lamp_wholewafer,,,,,,,2026-09-23 17:36:51,third,measure,A,51-00,3,10.0,9.995314,2A07_2B08,SMU,0,-15,
41-70,current,5.47402e-11,RESULT,,,,LaMP_HP_b,lamp_wholewafer,,,,,,,2026-09-23 17:36:51,fourth,measure,A,41-70,4,10.0,9.995293,2A05_2B06,SMU,1,-15,
TARGET,current,9.99996e-07,RESULT,,,,LaMP_HP_b,lamp_wholewafer,,,,,,,2026-09-23 17:36:58,first,measure,A,TARGET,1,10.0,0.07198028,4A06_4B05,SMU,0,-14,
41-71,current,6.37044e-11,RESULT,,,,LaMP_HP_b,lamp_wholewafer,,,,,,,2026-09-23 17:36:58,second,measure,A,41-71,2,10.0,9.995322,4A08_4B07,SMU,1,-14,
TARGET,current,9.99996e-07,RESULT,,,,LaMP_HP_b,lamp_wholewafer,,,,,,,2026-09-23 17:36:58,third,measure,A,TARGET,3,10.0,0.07453537,2A07_2B08,SMU,0,-13,
41-72,current,6.98549e-11,RESULT,,,,LaMP_HP_b,lamp_wholewafer,,,,,,,2026-09-23 17:36:58,fourth,measure,A,41-72,4,10.0,9.995337,2A05_2B06,SMU,1,-13,
TARGET,current,9.99996e-07,RESULT,,,,LaMP_HP_b,lamp_wholewafer,,,,,,,2026-09-23 17:37:04,first,measure,A,TARGET,1,10.0,0.07871933,4A06_4B05,SMU,0,-12,
41-73,current,7.16455e-11,RESULT,,,,LaMP_HP_b,lamp_wholewafer,,,,,,,2026-09-23 17:37:04,second,measure,A,41-73,2,10.0,9.995366,4A08_4B07,SMU,1,-12,
51-04,current,6.58645e-11,RESULT,,,,LaMP_HP_b,lamp_wholewafer,,,,,,,2026-09-23 17:37:04,third,measure,A,51-04,3,10.0,9.995338,2A07_2B08,SMU,0,-11,
41-74,current,6.16353e-11,RESULT,,,,LaMP_HP_b,lamp_wholewafer,,,,,,,2026-09-23 17:37:04,fourth,measure,A,41-74,4,10.0,9.99533,2A05_2B06,SMU,1,-11,
52-00,current,6.58929e-11,RESULT,,,,LaMP_HP_b,lamp_wholewafer,,,,,,,2026-09-23 17:37:11,first,measure,A,52-00,1,10.0,9.995285,4A06_4B05,SMU,0,-10,
42-70,current,5.86056e-11,RESULT,,,,LaMP_HP_b,lamp_wholewafer,,,,,,,2026-09-23 17:37:11,second,measure,A,42-70,2,10.0,9.995269,4A08_4B07,SMU,1,-10,
52-01,current,5.96287e-11,RESULT,,,,LaMP_HP_b,lamp_wholewafer,,,,,,,2026-09-23 17:37:11,third,measure,A,52-01,3,10.0,9.995259,2A07_2B08,SMU,0,-9,
42-71,current,5.88273e-11,RESULT,,,,LaMP_HP_b,lamp_wholewafer,,,,,,,2026-09-23 17:37:11,fourth,measure,A,42-71,4,10.0,9.995249,2A05_2B06,SMU,1,-9,
52-02,current,5.93957e-11,RESULT,,,,LaMP_HP_b,lamp_wholewafer,,,,,,,2026-09-23 17:37:17,first,measure,A,52-02,1,10.0,9.995231,4A06_4B05,SMU,0,-8,
42-72,current,6.09987e-11,RESULT,,,,LaMP_HP_b,lamp_wholewafer,,,,,,,2026-09-23 17:37:17,second,measure,A,42-72,2,10.0,9.995211,4A08_4B07,SMU,1,-8,
52-03,current,5.9083e-11,RESULT,,,,LaMP_HP_b,lamp_wholewafer,,,,,,,2026-09-23 17:37:17,third,measure,A,52-03,3,10.0,9.995292,2A07_2B08,SMU,0,-7,
42-73,current,5.55758e-11,RESULT,,,,LaMP_HP_b,lamp_wholewafer,,,,,,,2026-09-23 17:37:17,fourth,measure,A,42-73,4,10.0,9.995314,2A05_2B06,SMU,1,-7,
52-04,current,6.17547e-11,RESULT,,,,LaMP_HP_b,lamp_wholewafer,,,,,,,2026-09-23 17:37:24,first,measure,A,52-04,1,10.0,9.995233,4A06_4B05,SMU,0,-6,
42-74,current,5.9066e-11,RESULT,,,,LaMP_HP_b,lamp_wholewafer,,,,,,,2026-09-23 17:37:24,second,measure,A,42-74,2,10.0,9.995197,4A08_4B07,SMU,1,-6,
53-00,current,5.59225e-11,RESULT,,,,LaMP_HP_b,lamp_wholewafer,,,,,,,2026-09-23 17:37:24,third,measure,A,53-00,3,10.0,9.995234,2A07_2B08,SMU,0,-5,
43-70,current,5.90887e-11,RESULT,,,,LaMP_HP_b,lamp_wholewafer,,,,,,,2026-09-23 17:37:24,fourth,measure,A,43-70,4,10.0,9.99535,2A05_2B06,SMU,1,-5,
53-01,current,6.28802e-11,RESULT,,,,LaMP_HP_b,lamp_wholewafer,,,,,,,2026-09-23 17:37:31,first,measure,A,53-01,1,10.0,9.995241,4A06_4B05,SMU,0,-4,
43-71,current,6.0794e-11,RESULT,,,,LaMP_HP_b,lamp_wholewafer,,,,,,,2026-09-23 17:37:31,second,measure,A,43-71,2,10.0,9.995233,4A08_4B07,SMU,1,-4,
53-02,current,5.74289e-11,RESULT,,,,LaMP_HP_b,lamp_wholewafer,,,,,,,2026-09-23 17:37:31,third,measure,A,53-02,3,10.0,9.995178,2A07_2B08,SMU,0,-3,
43-72,current,5.76733e-11,RESULT,,,,LaMP_HP_b,lamp_wholewafer,,,,,,,2026-09-23 17:37:31,fourth,measure,A,43-72,4,10.0,9.995224,2A05_2B06,SMU,1,-3,
53-03,current,6.32554e-11,RESULT,,,,LaMP_HP_b,lamp_wholewafer,,,,,,,2026-09-23 17:37:37,first,measure,A,53-03,1,10.0,9.995192,4A06_4B05,SMU,0,-2,
43-73,current,5.88784e-11,RESULT,,,,LaMP_HP_b,lamp_wholewafer,,,,,,,2026-09-23 17:37:37,second,measure,A,43-73,2,10.0,9.995193,4A08_4B07,SMU,1,-2,
53-04,current,5.59453e-11,RESULT,,,,LaMP_HP_b,lamp_wholewafer,,,,,,,2026-09-23 17:37:37,third,measure,A,53-04,3,10.0,9.995275,2A07_2B08,SMU,0,-1,
43-74,current,5.56213e-11,RESULT,,,,LaMP_HP_b,lamp_wholewafer,,,,,,,2026-09-23 17:37:37,fourth,measure,A,43-74,4,10.0,9.995275,2A05_2B06,SMU,1,-1,
54-00,current,6.04587e-11,RESULT,,,,LaMP_HP_b,lamp_wholewafer,,,,,,,2026-09-23 17:37:44,first,measure,A,54-00,1,10.0,9.995221,4A06_4B05,SMU,0,0,
44-70,current,5.88159e-11,RESULT,,,,LaMP_HP_b,lamp_wholewafer,,,,,,,2026-09-23 17:37:44,second,measure,A,44-70,2,10.0,9.995271,4A08_4B07,SMU,1,0,
54-01,current,5.94582e-11,RESULT,,,,LaMP_HP_b,lamp_wholewafer,,,,,,,2026-09-23 17:37:44,third,measure,A,54-01,3,10.0,9.995284,2A07_2B08,SMU,0,1,
44-71,current,5.91285e-11,RESULT,,,,LaMP_HP_b,lamp_wholewafer,,,,,,,2026-09-23 17:37:44,fourth,measure,A,44-71,4,10.0,9.995271,2A05_2B06,SMU,1,1,
54-02,current,6.1857e-11,RESULT,,,,LaMP_HP_b,lamp_wholewafer,,,,,,,2026-09-23 17:37:51,first,measure,A,54-02,1,10.0,9.995413,4A06_4B05,SMU,0,2,
44-72,current,6.25789e-11,RESULT,,,,LaMP_HP_b,lamp_wholewafer,,,,,,,2026-09-23 17:37:51,second,measure,A,44-72,2,10.0,9.995367,4A08_4B07,SMU,1,2,
54-03,current,6.16694e-11,RESULT,,,,LaMP_HP_b,lamp_wholewafer,,,,,,,2026-09-23 17:37:51,third,measure,A,54-03,3,10.0,9.995249,2A07_2B08,SMU,0,3,
44-73,current,5.85146e-11,RESULT,,,,LaMP_HP_b,lamp_wholewafer,,,,,,,2026-09-23 17:37:51,fourth,measure,A,44-73,4,10.0,9.995298,2A05_2B06,SMU,1,3,
54-04,current,5.84635e-11,RESULT,,,,LaMP_HP_b,lamp_wholewafer,,,,,,,2026-09-23 17:37:57,first,measure,A,54-04,1,10.0,9.995216,4A06_4B05,SMU,0,4,
44-74,current,5.9282e-11,RESULT,,,,LaMP_HP_b,lamp_wholewafer,,,,,,,2026-09-23 17:37:57,second,measure,A,44-74,2,10.0,9.995228,4A08_4B07,SMU,1,4,
55-00,current,5.31998e-11,RESULT,,,,LaMP_HP_b,lamp_wholewafer,,,,,,,2026-09-23 17:37:57,third,measure,A,55-00,3,10.0,9.995249,2A07_2B08,SMU,0,5,
45-70,current,5.44503e-11,RESULT,,,,LaMP_HP_b,lamp_wholewafer,,,,,,,2026-09-23 17:37:57,fourth,measure,A,45-70,4,10.0,9.995336,2A05_2B06,SMU,1,5,
55-01,current,6.70355e-11,RESULT,,,,LaMP_HP_b,lamp_wholewafer,,,,,,,2026-09-23 17:38:04,first,measure,A,55-01,1,10.0,9.995313,4A06_4B05,SMU,0,6,
45-71,current,5.84748e-11,RESULT,,,,LaMP_HP_b,lamp_wholewafer,,,,,,,2026-09-23 17:38:04,second,measure,A,45-71,2,10.0,9.995276,4A08_4B07,SMU,1,6,
55-02,current,5.87136e-11,RESULT,,,,LaMP_HP_b,lamp_wholewafer,,,,,,,2026-09-23 17:38:04,third,measure,A,55-02,3,10.0,9.995302,2A07_2B08,SMU,0,7,
45-72,current,5.57634e-11,RESULT,,,,LaMP_HP_b,lamp_wholewafer,,,,,,,2026-09-23 17:38:04,fourth,measure,A,45-72,4,10.0,9.995282,2A05_2B06,SMU,1,7,
55-03,current,6.32724e-11,RESULT,,,,LaMP_HP_b,lamp_wholewafer,,,,,,,2026-09-23 17:38:10,first,measure,A,55-03,1,10.0,9.995304,4A06_4B05,SMU,0,8,
45-73,current,6.03848e-11,RESULT,,,,LaMP_HP_b,lamp_wholewafer,,,,,,,2026-09-23 17:38:10,second,measure,A,45-73,2,10.0,9.995271,4A08_4B07,SMU,1,8,
55-04,current,5.88614e-11,RESULT,,,,LaMP_HP_b,lamp_wholewafer,,,,,,,2026-09-23 17:38:10,third,measure,A,55-04,3,10.0,9.995283,2A07_2B08,SMU,0,9,
45-74,current,5.67297e-11,RESULT,,,,LaMP_HP_b,lamp_wholewafer,,,,,,,2026-09-23 17:38:10,fourth,measure,A,45-74,4,10.0,9.995244,2A05_2B06,SMU,1,9,
56-00,current,6.3153e-11,RESULT,,,,LaMP_HP_b,lamp_wholewafer,,,,,,,2026-09-23 17:38:17,first,measure,A,56-00,1,10.0,9.995267,4A06_4B05,SMU,0,10,
46-70,current,5.92877e-11,RESULT,,,,LaMP_HP_b,lamp_wholewafer,,,,,,,2026-09-23 17:38:17,second,measure,A,46-70,2,10.0,9.995252,4A08_4B07,SMU,1,10,
TARGET,current,9.99996e-07,RESULT,,,,LaMP_HP_b,lamp_wholewafer,,,,,,,2026-09-23 17:38:17,third,measure,A,TARGET,3,10.0,0.0738533,2A07_2B08,SMU,0,11,
46-71,current,6.71491e-11,RESULT,,,,LaMP_HP_b,lamp_wholewafer,,,,,,,2026-09-23 17:38:17,fourth,measure,A,46-71,4,10.0,9.995317,2A05_2B06,SMU,1,11,
TARGET,current,9.99995e-07,RESULT,,,,LaMP_HP_b,lamp_wholewafer,,,,,,,2026-09-23 17:38:24,first,measure,A,TARGET,1,10.0,0.06865463,4A06_4B05,SMU,0,12,
46-72,current,7.07246e-11,RESULT,,,,LaMP_HP_b,lamp_wholewafer,,,,,,,2026-09-23 17:38:24,second,measure,A,46-72,2,10.0,9.995243,4A08_4B07,SMU,1,12,
TARGET,current,9.99995e-07,RESULT,,,,LaMP_HP_b,lamp_wholewafer,,,,,,,2026-09-23 17:38:24,third,measure,A,TARGET,3,10.0,0.05172348,2A07_2B08,SMU,0,13,
46-73,current,6.64841e-11,RESULT,,,,LaMP_HP_b,lamp_wholewafer,,,,,,,2026-09-23 17:38:24,fourth,measure,A,46-73,4,10.0,9.995292,2A05_2B06,SMU,1,13,
56-04,current,6.57735e-11,RESULT,,,,LaMP_HP_b,lamp_wholewafer,,,,,,,2026-09-23 17:38:30,first,measure,A,56-04,1,10.0,9.995304,4A06_4B05,SMU,0,14,
46-74,current,5.97254e-11,RESULT,,,,LaMP_HP_b,lamp_wholewafer,,,,,,,2026-09-23 17:38:30,second,measure,A,46-74,2,10.0,9.99523,4A08_4B07,SMU,1,14,
57-00,current,5.58202e-11,RESULT,,,,LaMP_HP_b,lamp_wholewafer,,,,,,,2026-09-23 17:38:30,third,measure,A,57-00,3,10.0,9.995316,2A07_2B08,SMU,0,15,
47-70,current,5.29838e-11,RESULT,,,,LaMP_HP_b,lamp_wholewafer,,,,,,,2026-09-23 17:38:30,fourth,measure,A,47-70,4,10.0,9.99526,2A05_2B06,SMU,1,15,
57-01,current,2.38657e-10,RESULT,,,,LaMP_HP_b,lamp_wholewafer,,,,,,,2026-09-23 17:38:37,first,measure,A,57-01,1,10.0,9.995275,4A06_4B05,SMU,0,16,
47-71,current,4.60773e-11,RESULT,,,,LaMP_HP_b,lamp_wholewafer,,,,,,,2026-09-23 17:38:37,second,measure,A,47-71,2,10.0,9.995233,4A08_4B07,SMU,1,16,
57-02,current,6.07656e-11,RESULT,,,,LaMP_HP_b,lamp_wholewafer,,,,,,,2026-09-23 17:38:37,third,measure,A,57-02,3,10.0,9.995241,2A07_2B08,SMU,0,17,
47-72,current,3.25588e-10,RESULT,,,,LaMP_HP_b,lamp_wholewafer,,,,,,,2026-09-23 17:38:37,fourth,measure,A,47-72,4,10.0,9.995182,2A05_2B06,SMU,1,17,
57-03,current,5.12557e-11,RESULT,,,,LaMP_HP_b,lamp_wholewafer,,,,,,,2026-09-23 17:38:44,first,measure,A,57-03,1,10.0,9.995254,4A06_4B05,SMU,0,18,
47-73,current,4.77428e-11,RESULT,,,,LaMP_HP_b,lamp_wholewafer,,,,,,,2026-09-23 17:38:44,second,measure,A,47-73,2,10.0,9.995252,4A08_4B07,SMU,1,18,
NA,current,9.99995e-07,RESULT,,,,LaMP_HP_b,lamp_wholewafer,,,,,,,2026-09-23 17:38:44,third,measure,A,NA,3,10.0,1.313026,2A07_2B08,SMU,0,19,
NA,current,2.77674e-10,RESULT,,,,LaMP_HP_b,lamp_wholewafer,,,,,,,2026-09-23 17:38:44,fourth,measure,A,NA,4,10.0,9.995306,2A05_2B06,SMU,1,19,
NA,current,9.99995e-07,RESULT,,,,LaMP_HP_b,lamp_wholewafer,,,,,,,2026-09-23 17:38:51,first,measure,A,NA,1,10.0,1.83634,4A06_4B05,SMU,2,-20,
NA,current,7.93079e-11,RESULT,,,,LaMP_HP_b,lamp_wholewafer,,,,,,,2026-09-23 17:38:51,second,measure,A,NA,2,10.0,9.995176,4A08_4B07,SMU,3,-20,
40-61,current,4.95675e-11,RESULT,,,,LaMP_HP_b,lamp_wholewafer,,,,,,,2026-09-23 17:38:51,third,measure,A,40-61,3,10.0,9.995253,2A07_2B08,SMU,2,-19,
40-51,current,4.82601e-11,RESULT,,,,LaMP_HP_b,lamp_wholewafer,,,,,,,2026-09-23 17:38:51,fourth,measure,A,40-51,4,10.0,9.995317,2A05_2B06,SMU,3,-19,
40-62,current,5.09146e-11,RESULT,,,,LaMP_HP_b,lamp_wholewafer,,,,,,,2026-09-23 17:38:57,first,measure,A,40-62,1,10.0,9.995343,4A06_4B05,SMU,2,-18,
40-52,current,4.81634e-11,RESULT,,,,LaMP_HP_b,lamp_wholewafer,,,,,,,2026-09-23 17:38:57,second,measure,A,40-52,2,10.0,9.99534,4A08_4B07,SMU,3,-18,
40-63,current,4.59636e-11,RESULT,,,,LaMP_HP_b,lamp_wholewafer,,,,,,,2026-09-23 17:38:57,third,measure,A,40-63,3,10.0,9.995367,2A07_2B08,SMU,2,-17,
40-53,current,4.75325e-11,RESULT,,,,LaMP_HP_b,lamp_wholewafer,,,,,,,2026-09-23 17:38:57,fourth,measure,A,40-53,4,10.0,9.995259,2A05_2B06,SMU,3,-17,
40-64,current,5.27734e-11,RESULT,,,,LaMP_HP_b,lamp_wholewafer,,,,,,,2026-09-23 17:39:04,first,measure,A,40-64,1,10.0,9.995204,4A06_4B05,SMU,2,-16,
40-54,current,5.20288e-11,RESULT,,,,LaMP_HP_b,lamp_wholewafer,,,,,,,2026-09-23 17:39:04,second,measure,A,40-54,2,10.0,9.995295,4A08_4B07,SMU,3,-16,
41-60,current,4.9107e-11,RESULT,,,,LaMP_HP_b,lamp_wholewafer,,,,,,,2026-09-23 17:39:04,third,measure,A,41-60,3,10.0,9.995242,2A07_2B08,SMU,2,-15,
41-50,current,5.14376e-11,RESULT,,,,LaMP_HP_b,lamp_wholewafer,,,,,,,2026-09-23 17:39:04,fourth,measure,A,41-50,4,10.0,9.995193,2A05_2B06,SMU,3,-15,
41-61,current,6.28518e-11,RESULT,,,,LaMP_HP_b,lamp_wholewafer,,,,,,,2026-09-23 17:39:10,first,measure,A,41-61,1,10.0,9.995091,4A06_4B05,SMU,2,-14,
41-51,current,5.78098e-11,RESULT,,,,LaMP_HP_b,lamp_wholewafer,,,,,,,2026-09-23 17:39:10,second,measure,A,41-51,2,10.0,9.995189,4A08_4B07,SMU,3,-14,
41-62,current,5.87704e-11,RESULT,,,,LaMP_HP_b,lamp_wholewafer,,,,,,,2026-09-23 17:39:10,third,measure,A,41-62,3,10.0,9.995209,2A07_2B08,SMU,2,-13,
41-52,current,5.65763e-11,RESULT,,,,LaMP_HP_b,lamp_wholewafer,,,,,,,2026-09-23 17:39:10,fourth,measure,A,41-52,4,10.0,9.995307,2A05_2B06,SMU,3,-13,
41-63,current,2.48281e-10,RESULT,,,,LaMP_HP_b,lamp_wholewafer,,,,,,,2026-09-23 17:39:17,first,measure,A,41-63,1,10.0,9.995308,4A06_4B05,SMU,2,-12,
41-53,current,5.75142e-11,RESULT,,,,LaMP_HP_b,lamp_wholewafer,,,,,,,2026-09-23 17:39:17,second,measure,A,41-53,2,10.0,9.995306,4A08_4B07,SMU,3,-12,
41-64,current,5.74858e-11,RESULT,,,,LaMP_HP_b,lamp_wholewafer,,,,,,,2026-09-23 17:39:17,third,measure,A,41-64,3,10.0,9.995265,2A07_2B08,SMU,2,-11,
41-54,current,5.72186e-11,RESULT,,,,LaMP_HP_b,lamp_wholewafer,,,,,,,2026-09-23 17:39:17,fourth,measure,A,41-54,4,10.0,9.995263,2A05_2B06,SMU,3,-11,
42-60,current,6.3028e-11,RESULT,,,,LaMP_HP_b,lamp_wholewafer,,,,,,,2026-09-23 17:39:24,first,measure,A,42-60,1,10.0,9.995282,4A06_4B05,SMU,2,-10,
42-50,current,5.91911e-11,RESULT,,,,LaMP_HP_b,lamp_wholewafer,,,,,,,2026-09-23 17:39:24,second,measure,A,42-50,2,10.0,9.995343,4A08_4B07,SMU,3,-10,
42-61,current,5.80883e-11,RESULT,,,,LaMP_HP_b,lamp_wholewafer,,,,,,,2026-09-23 17:39:24,third,measure,A,42-61,3,10.0,9.995308,2A07_2B08,SMU,2,-9,
42-51,current,5.56156e-11,RESULT,,,,LaMP_HP_b,lamp_wholewafer,,,,,,,2026-09-23 17:39:24,fourth,measure,A,42-51,4,10.0,9.995204,2A05_2B06,SMU,3,-9,
42-62,current,6.31019e-11,RESULT,,,,LaMP_HP_b,lamp_wholewafer,,,,,,,2026-09-23 17:39:30,first,measure,A,42-62,1,10.0,9.995256,4A06_4B05,SMU,2,-8,
42-52,current,6.15557e-11,RESULT,,,,LaMP_HP_b,lamp_wholewafer,,,,,,,2026-09-23 17:39:30,second,measure,A,42-52,2,10.0,9.99522,4A08_4B07,SMU,3,-8,
42-63,current,6.04302e-11,RESULT,,,,LaMP_HP_b,lamp_wholewafer,,,,,,,2026-09-23 17:39:30,third,measure,A,42-63,3,10.0,9.995289,2A07_2B08,SMU,2,-7,
42-53,current,5.99186e-11,RESULT,,,,LaMP_HP_b,lamp_wholewafer,,,,,,,2026-09-23 17:39:30,fourth,measure,A,42-53,4,10.0,9.995285,2A05_2B06,SMU,3,-7,
42-64,current,2.45427e-10,RESULT,,,,LaMP_HP_b,lamp_wholewafer,,,,,,,2026-09-23 17:39:37,first,measure,A,42-64,1,10.0,9.995314,4A06_4B05,SMU,2,-6,
42-54,current,5.23926e-11,RESULT,,,,LaMP_HP_b,lamp_wholewafer,,,,,,,2026-09-23 17:39:37,second,measure,A,42-54,2,10.0,9.995252,4A08_4B07,SMU,3,-6,
43-60,current,5.18696e-11,RESULT,,,,LaMP_HP_b,lamp_wholewafer,,,,,,,2026-09-23 17:39:37,third,measure,A,43-60,3,10.0,9.995254,2A07_2B08,SMU,2,-5,
43-50,current,5.44333e-11,RESULT,,,,LaMP_HP_b,lamp_wholewafer,,,,,,,2026-09-23 17:39:37,fourth,measure,A,43-50,4,10.0,9.995293,2A05_2B06,SMU,3,-5,
43-61,current,6.0578e-11,RESULT,,,,LaMP_HP_b,lamp_wholewafer,,,,,,,2026-09-23 17:39:43,first,measure,A,43-61,1,10.0,9.995325,4A06_4B05,SMU,2,-4,
43-51,current,6.34145e-11,RESULT,,,,LaMP_HP_b,lamp_wholewafer,,,,,,,2026-09-23 17:39:43,second,measure,A,43-51,2,10.0,9.995321,4A08_4B07,SMU,3,-4,
43-62,current,5.58998e-11,RESULT,,,,LaMP_HP_b,lamp_wholewafer,,,,,,,2026-09-23 17:39:43,third,measure,A,43-62,3,10.0,9.995298,2A07_2B08,SMU,2,-3,
43-52,current,5.79973e-11,RESULT,,,,LaMP_HP_b,lamp_wholewafer,,,,,,,2026-09-23 17:39:43,fourth,measure,A,43-52,4,10.0,9.995292,2A05_2B06,SMU,3,-3,
43-63,current,6.32554e-11,RESULT,,,,LaMP_HP_b,lamp_wholewafer,,,,,,,2026-09-23 17:39:50,first,measure,A,43-63,1,10.0,9.995321,4A06_4B05,SMU,2,-2,
43-53,current,5.72868e-11,RESULT,,,,LaMP_HP_b,lamp_wholewafer,,,,,,,2026-09-23 17:39:50,second,measure,A,43-53,2,10.0,9.995284,4A08_4B07,SMU,3,-2,
43-64,current,5.66729e-11,RESULT,,,,LaMP_HP_b,lamp_wholewafer,,,,,,,2026-09-23 17:39:50,third,measure,A,43-64,3,10.0,9.995296,2A07_2B08,SMU,2,-1,
43-54,current,5.53939e-11,RESULT,,,,LaMP_HP_b,lamp_wholewafer,,,,,,,2026-09-23 17:39:50,fourth,measure,A,43-54,4,10.0,9.995268,2A05_2B06,SMU,3,-1,
44-60,current,6.21867e-11,RESULT,,,,LaMP_HP_b,lamp_wholewafer,,,,,,,2026-09-23 17:39:57,first,measure,A,44-60,1,10.0,9.995224,4A06_4B05,SMU,2,0,
44-50,current,5.75994e-11,RESULT,,,,LaMP_HP_b,lamp_wholewafer,,,,,,,2026-09-23 17:39:57,second,measure,A,44-50,2,10.0,9.995215,4A08_4B07,SMU,3,0,
44-61,current,5.46265e-11,RESULT,,,,LaMP_HP_b,lamp_wholewafer,,,,,,,2026-09-23 17:39:57,third,measure,A,44-61,3,10.0,9.99519,2A07_2B08,SMU,2,1,
44-51,current,5.66843e-11,RESULT,,,,LaMP_HP_b,lamp_wholewafer,,,,,,,2026-09-23 17:39:57,fourth,measure,A,44-51,4,10.0,9.995234,2A05_2B06,SMU,3,1,
44-62,current,6.23174e-11,RESULT,,,,LaMP_HP_b,lamp_wholewafer,,,,,,,2026-09-23 17:40:03,first,measure,A,44-62,1,10.0,9.995294,4A06_4B05,SMU,2,2,
44-52,current,6.02313e-11,RESULT,,,,LaMP_HP_b,lamp_wholewafer,,,,,,,2026-09-23 17:40:03,second,measure,A,44-52,2,10.0,9.995344,4A08_4B07,SMU,3,2,
44-63,current,5.98447e-11,RESULT,,,,LaMP_HP_b,lamp_wholewafer,,,,,,,2026-09-23 17:40:03,third,measure,A,44-63,3,10.0,9.995264,2A07_2B08,SMU,2,3,
44-53,current,5.96856e-11,RESULT,,,,LaMP_HP_b,lamp_wholewafer,,,,,,,2026-09-23 17:40:03,fourth,measure,A,44-53,4,10.0,9.995272,2A05_2B06,SMU,3,3,
44-64,current,6.08509e-11,RESULT,,,,LaMP_HP_b,lamp_wholewafer,,,,,,,2026-09-23 17:40:10,first,measure,A,44-64,1,10.0,9.995362,4A06_4B05,SMU,2,4,
44-54,current,5.73266e-11,RESULT,,,,LaMP_HP_b,lamp_wholewafer,,,,,,,2026-09-23 17:40:10,second,measure,A,44-54,2,10.0,9.995375,4A08_4B07,SMU,3,4,
45-60,current,5.61954e-11,RESULT,,,,LaMP_HP_b,lamp_wholewafer,,,,,,,2026-09-23 17:40:10,third,measure,A,45-60,3,10.0,9.995344,2A07_2B08,SMU,2,5,
45-50,current,5.53427e-11,RESULT,,,,LaMP_HP_b,lamp_wholewafer,,,,,,,2026-09-23 17:40:10,fourth,measure,A,45-50,4,10.0,9.9953,2A05_2B06,SMU,3,5,
45-61,current,6.13511e-11,RESULT,,,,LaMP_HP_b,lamp_wholewafer,,,,,,,2026-09-23 17:40:16,first,measure,A,45-61,1,10.0,9.995204,4A06_4B05,SMU,2,6,
45-51,current,5.87704e-11,RESULT,,,,LaMP_HP_b,lamp_wholewafer,,,,,,,2026-09-23 17:40:16,second,measure,A,45-51,2,10.0,9.99525,4A08_4B07,SMU,3,6,
45-62,current,5.81394e-11,RESULT,,,,LaMP_HP_b,lamp_wholewafer,,,,,,,2026-09-23 17:40:16,third,measure,A,45-62,3,10.0,9.995279,2A07_2B08,SMU,2,7,
45-52,current,5.61329e-11,RESULT,,,,LaMP_HP_b,lamp_wholewafer,,,,,,,2026-09-23 17:40:16,fourth,measure,A,45-52,4,10.0,9.995282,2A05_2B06,SMU,3,7,
45-63,current,6.18286e-11,RESULT,,,,LaMP_HP_b,lamp_wholewafer,,,,,,,2026-09-23 17:40:23,first,measure,A,45-63,1,10.0,9.995214,4A06_4B05,SMU,2,8,
45-53,current,5.60476e-11,RESULT,,,,LaMP_HP_b,lamp_wholewafer,,,,,,,2026-09-23 17:40:23,second,measure,A,45-53,2,10.0,9.995271,4A08_4B07,SMU,3,8,
45-64,current,5.6167e-11,RESULT,,,,LaMP_HP_b,lamp_wholewafer,,,,,,,2026-09-23 17:40:23,third,measure,A,45-64,3,10.0,9.995297,2A07_2B08,SMU,2,9,
45-54,current,5.63375e-11,RESULT,,,,LaMP_HP_b,lamp_wholewafer,,,,,,,2026-09-23 17:40:23,fourth,measure,A,45-54,4,10.0,9.995237,2A05_2B06,SMU,3,9,
46-60,current,6.03507e-11,RESULT,,,,LaMP_HP_b,lamp_wholewafer,,,,,,,2026-09-23 17:40:30,first,measure,A,46-60,1,10.0,9.995243,4A06_4B05,SMU,2,10,
46-50,current,5.91342e-11,RESULT,,,,LaMP_HP_b,lamp_wholewafer,,,,,,,2026-09-23 17:40:30,second,measure,A,46-50,2,10.0,9.995251,4A08_4B07,SMU,3,10,
46-61,current,5.94241e-11,RESULT,,,,LaMP_HP_b,lamp_wholewafer,,,,,,,2026-09-23 17:40:30,third,measure,A,46-61,3,10.0,9.995279,2A07_2B08,SMU,2,11,
46-51,current,5.59055e-11,RESULT,,,,LaMP_HP_b,lamp_wholewafer,,,,,,,2026-09-23 17:40:30,fourth,measure,A,46-51,4,10.0,9.995255,2A05_2B06,SMU,3,11,
46-62,current,6.21753e-11,RESULT,,,,LaMP_HP_b,lamp_wholewafer,,,,,,,2026-09-23 17:40:36,first,measure,A,46-62,1,10.0,9.995285,4A06_4B05,SMU,2,12,
46-52,current,5.77302e-11,RESULT,,,,LaMP_HP_b,lamp_wholewafer,,,,,,,2026-09-23 17:40:36,second,measure,A,46-52,2,10.0,9.995228,4A08_4B07,SMU,3,12,
46-63,current,5.59908e-11,RESULT,,,,LaMP_HP_b,lamp_wholewafer,,,,,,,2026-09-23 17:40:36,third,measure,A,46-63,3,10.0,9.995264,2A07_2B08,SMU,2,13,
46-53,current,5.65933e-11,RESULT,,,,LaMP_HP_b,lamp_wholewafer,,,,,,,2026-09-23 17:40:36,fourth,measure,A,46-53,4,10.0,9.995279,2A05_2B06,SMU,3,13,
46-64,current,6.09134e-11,RESULT,,,,LaMP_HP_b,lamp_wholewafer,,,,,,,2026-09-23 17:40:43,first,measure,A,46-64,1,10.0,9.99531,4A06_4B05,SMU,2,14,
46-54,current,6.95422e-11,RESULT,,,,LaMP_HP_b,lamp_wholewafer,,,,,,,2026-09-23 17:40:43,second,measure,A,46-54,2,10.0,9.99523,4A08_4B07,SMU,3,14,
47-60,current,5.89182e-11,RESULT,,,,LaMP_HP_b,lamp_wholewafer,,,,,,,2026-09-23 17:40:43,third,measure,A,47-60,3,10.0,9.995214,2A07_2B08,SMU,2,15,
47-50,current,5.16138e-11,RESULT,,,,LaMP_HP_b,lamp_wholewafer,,,,,,,2026-09-23 17:40:43,fourth,measure,A,47-50,4,10.0,9.995169,2A05_2B06,SMU,3,15,
47-61,current,5.2745e-11,RESULT,,,,LaMP_HP_b,lamp_wholewafer,,,,,,,2026-09-23 17:40:50,first,measure,A,47-61,1,10.0,9.99515,4A06_4B05,SMU,2,16,
47-51,current,4.95788e-11,RESULT,,,,LaMP_HP_b,lamp_wholewafer,,,,,,,2026-09-23 17:40:50,second,measure,A,47-51,2,10.0,9.995187,4A08_4B07,SMU,3,16,
47-62,current,4.72255e-11,RESULT,,,,LaMP_HP_b,lamp_wholewafer,,,,,,,2026-09-23 17:40:50,third,measure,A,47-62,3,10.0,9.995214,2A07_2B08,SMU,2,17,
47-52,current,4.7288e-11,RESULT,,,,LaMP_HP_b,lamp_wholewafer,,,,,,,2026-09-23 17:40:50,fourth,measure,A,47-52,4,10.0,9.995277,2A05_2B06,SMU,3,17,
47-63,current,2.21752e-10,RESULT,,,,LaMP_HP_b,lamp_wholewafer,,,,,,,2026-09-23 17:40:57,first,measure,A,47-63,1,10.0,9.995321,4A06_4B05,SMU,2,18,
47-53,current,5.20572e-11,RESULT,,,,LaMP_HP_b,lamp_wholewafer,,,,,,,2026-09-23 17:40:57,second,measure,A,47-53,2,10.0,9.995306,4A08_4B07,SMU,3,18,
NA,current,1.80836e-10,RESULT,,,,LaMP_HP_b,lamp_wholewafer,,,,,,,2026-09-23 17:40:57,third,measure,A,NA,3,10.0,9.995271,2A07_2B08,SMU,2,19,
NA,current,2.39009e-10,RESULT,,,,LaMP_HP_b,lamp_wholewafer,,,,,,,2026-09-23 17:40:57,fourth,measure,A,NA,4,10.0,9.995273,2A05_2B06,SMU,3,19,
NA,current,7.17932e-11,RESULT,,,,LaMP_HP_b,lamp_wholewafer,,,,,,,2026-09-23 17:41:04,first,measure,A,NA,1,10.0,9.995321,4A06_4B05,SMU,4,-20,
NA,current,5.9629e-08,RESULT,,,,LaMP_HP_b,lamp_wholewafer,,,,,,,2026-09-23 17:41:04,second,measure,A,NA,2,10.0,9.995282,4A08_4B07,SMU,5,-20,
40-41,current,5.33362e-11,RESULT,,,,LaMP_HP_b,lamp_wholewafer,,,,,,,2026-09-23 17:41:04,third,measure,A,40-41,3,10.0,9.995275,2A07_2B08,SMU,4,-19,
40-31,current,2.30648e-10,RESULT,,,,LaMP_HP_b,lamp_wholewafer,,,,,,,2026-09-23 17:41:04,fourth,measure,A,40-31,4,10.0,9.995254,2A05_2B06,SMU,5,-19,
40-42,current,6.15955e-11,RESULT,,,,LaMP_HP_b,lamp_wholewafer,,,,,,,2026-09-23 17:41:10,first,measure,A,40-42,1,10.0,9.995248,4A06_4B05,SMU,4,-18,
40-32,current,2.68375e-10,RESULT,,,,LaMP_HP_b,lamp_wholewafer,,,,,,,2026-09-23 17:41:10,second,measure,A,40-32,2,10.0,9.995279,4A08_4B07,SMU,5,-18,
40-43,current,4.61739e-11,RESULT,,,,LaMP_HP_b,lamp_wholewafer,,,,,,,2026-09-23 17:41:10,third,measure,A,40-43,3,10.0,9.995244,2A07_2B08,SMU,4,-17,
40-33,current,4.28486e-11,RESULT,,,,LaMP_HP_b,lamp_wholewafer,,,,,,,2026-09-23 17:41:10,fourth,measure,A,40-33,4,10.0,9.995239,2A05_2B06,SMU,5,-17,
40-44,current,5.16025e-11,RESULT,,,,LaMP_HP_b,lamp_wholewafer,,,,,,,2026-09-23 17:41:17,first,measure,A,40-44,1,10.0,9.995283,4A06_4B05,SMU,4,-16,
40-34,current,4.89081e-11,RESULT,,,,LaMP_HP_b,lamp_wholewafer,,,,,,,2026-09-23 17:41:17,second,measure,A,40-34,2,10.0,9.995268,4A08_4B07,SMU,5,-16,
41-40,current,5.233e-11,RESULT,,,,LaMP_HP_b,lamp_wholewafer,,,,,,,2026-09-23 17:41:17,third,measure,A,41-40,3,10.0,9.995328,2A07_2B08,SMU,4,-15,
41-30,current,5.28189e-11,RESULT,,,,LaMP_HP_b,lamp_wholewafer,,,,,,,2026-09-23 17:41:17,fourth,measure,A,41-30,4,10.0,9.995325,2A05_2B06,SMU,5,-15,
41-41,current,1.25095e-10,RESULT,,,,LaMP_HP_b,lamp_wholewafer,,,,,,,2026-09-23 17:41:24,first,measure,A,41-41,1,10.0,9.995285,4A06_4B05,SMU,4,-14,
41-31,current,6.01915e-11,RESULT,,,,LaMP_HP_b,lamp_wholewafer,,,,,,,2026-09-23 17:41:24,second,measure,A,41-31,2,10.0,9.995314,4A08_4B07,SMU,5,-14,
41-42,current,6.03791e-11,RESULT,,,,LaMP_HP_b,lamp_wholewafer,,,,,,,2026-09-23 17:41:24,third,measure,A,41-42,3,10.0,9.995344,2A07_2B08,SMU,4,-13,
41-32,current,5.95548e-11,RESULT,,,,LaMP_HP_b,lamp_wholewafer,,,,,,,2026-09-23 17:41:24,fourth,measure,A,41-32,4,10.0,9.995264,2A05_2B06,SMU,5,-13,
41-43,current,6.42956e-11,RESULT,,,,LaMP_HP_b,lamp_wholewafer,,,,,,,2026-09-23 17:41:30,first,measure,A,41-43,1,10.0,9.995216,4A06_4B05,SMU,4,-12,
41-33,current,5.7446e-11,RESULT,,,,LaMP_HP_b,lamp_wholewafer,,,,,,,2026-09-23 17:41:30,second,measure,A,41-33,2,10.0,9.995203,4A08_4B07,SMU,5,-12,
41-44,current,6.05439e-11,RESULT,,,,LaMP_HP_b,lamp_wholewafer,,,,,,,2026-09-23 17:41:30,third,measure,A,41-44,3,10.0,9.995258,2A07_2B08,SMU,4,-11,
41-34,current,6.15216e-11,RESULT,,,,LaMP_HP_b,lamp_wholewafer,,,,,,,2026-09-23 17:41:30,fourth,measure,A,41-34,4,10.0,9.995283,2A05_2B06,SMU,5,-11,
42-40,current,6.28347e-11,RESULT,,,,LaMP_HP_b,lamp_wholewafer,,,,,,,2026-09-23 17:41:37,first,measure,A,42-40,1,10.0,9.995314,4A06_4B05,SMU,4,-10,
42-30,current,6.16922e-11,RESULT,,,,LaMP_HP_b,lamp_wholewafer,,,,,,,2026-09-23 17:41:37,second,measure,A,42-30,2,10.0,9.995292,4A08_4B07,SMU,5,-10,
42-41,current,5.82474e-11,RESULT,,,,LaMP_HP_b,lamp_wholewafer,,,,,,,2026-09-23 17:41:37,third,measure,A,42-41,3,10.0,9.995337,2A07_2B08,SMU,4,-9,
42-31,current,6.12033e-11,RESULT,,,,LaMP_HP_b,lamp_wholewafer,,,,,,,2026-09-23 17:41:37,fourth,measure,A,42-31,4,10.0,9.995278,2A05_2B06,SMU,5,-9,
42-42,current,6.58758e-11,RESULT,,,,LaMP_HP_b,lamp_wholewafer,,,,,,,2026-09-23 17:41:43,first,measure,A,42-42,1,10.0,9.99536,4A06_4B05,SMU,4,-8,
42-32,current,6.02313e-11,RESULT,,,,LaMP_HP_b,lamp_wholewafer,,,,,,,2026-09-23 17:41:43,second,measure,A,42-32,2,10.0,9.995285,4A08_4B07,SMU,5,-8,
42-43,current,6.03677e-11,RESULT,,,,LaMP_HP_b,lamp_wholewafer,,,,,,,2026-09-23 17:41:43,third,measure,A,42-43,3,10.0,9.99534,2A07_2B08,SMU,4,-7,
42-33,current,6.04302e-11,RESULT,,,,LaMP_HP_b,lamp_wholewafer,,,,,,,2026-09-23 17:41:43,fourth,measure,A,42-33,4,10.0,9.995306,2A05_2B06,SMU,5,-7,
42-44,current,6.28575e-11,RESULT,,,,LaMP_HP_b,lamp_wholewafer,,,,,,,2026-09-23 17:41:50,first,measure,A,42-44,1,10.0,9.995334,4A06_4B05,SMU,4,-6,
42-34,current,5.90603e-11,RESULT,,,,LaMP_HP_b,lamp_wholewafer,,,,,,,2026-09-23 17:41:50,second,measure,A,42-34,2,10.0,9.995234,4A08_4B07,SMU,5,-6,
43-40,current,5.81394e-11,RESULT,,,,LaMP_HP_b,lamp_wholewafer,,,,,,,2026-09-23 17:41:50,third,measure,A,43-40,3,10.0,9.995217,2A07_2B08,SMU,4,-5,
43-30,current,6.16751e-11,RESULT,,,,LaMP_HP_b,lamp_wholewafer,,,,,,,2026-09-23 17:41:50,fourth,measure,A,43-30,4,10.0,9.995234,2A05_2B06,SMU,5,-5,
43-41,current,6.63647e-11,RESULT,,,,LaMP_HP_b,lamp_wholewafer,,,,,,,2026-09-23 17:41:57,first,measure,A,43-41,1,10.0,9.99526,4A06_4B05,SMU,4,-4,
43-31,current,5.89864e-11,RESULT,,,,LaMP_HP_b,lamp_wholewafer,,,,,,,2026-09-23 17:41:57,second,measure,A,43-31,2,10.0,9.99519,4A08_4B07,SMU,5,-4,
43-42,current,6.02995e-11,RESULT,,,,LaMP_HP_b,lamp_wholewafer,,,,,,,2026-09-23 17:41:57,third,measure,A,43-42,3,10.0,9.995214,2A07_2B08,SMU,4,-3,
43-32,current,5.66274e-11,RESULT,,,,LaMP_HP_b,lamp_wholewafer,,,,,,,2026-09-23 17:41:57,fourth,measure,A,43-32,4,10.0,9.995249,2A05_2B06,SMU,5,-3,
43-43,current,6.2829e-11,RESULT,,,,LaMP_HP_b,lamp_wholewafer,,,,,,,2026-09-23 17:42:03,first,measure,A,43-43,1,10.0,9.995312,4A06_4B05,SMU,4,-2,
43-33,current,5.85032e-11,RESULT,,,,LaMP_HP_b,lamp_wholewafer,,,,,,,2026-09-23 17:42:03,second,measure,A,43-33,2,10.0,9.995302,4A08_4B07,SMU,5,-2,
43-44,current,5.80201e-11,RESULT,,,,LaMP_HP_b,lamp_wholewafer,,,,,,,2026-09-23 17:42:03,third,measure,A,43-44,3,10.0,9.995334,2A07_2B08,SMU,4,-1,
43-34,current,5.64682e-11,RESULT,,,,LaMP_HP_b,lamp_wholewafer,,,,,,,2026-09-23 17:42:03,fourth,measure,A,43-34,4,10.0,9.99531,2A05_2B06,SMU,5,-1,
44-40,current,6.27381e-11,RESULT,,,,LaMP_HP_b,lamp_wholewafer,,,,,,,2026-09-23 17:42:10,first,measure,A,44-40,1,10.0,9.995228,4A06_4B05,SMU,4,0,
44-30,current,5.95094e-11,RESULT,,,,LaMP_HP_b,lamp_wholewafer,,,,,,,2026-09-23 17:42:10,second,measure,A,44-30,2,10.0,9.995229,4A08_4B07,SMU,5,0,
44-41,current,5.71333e-11,RESULT,,,,LaMP_HP_b,lamp_wholewafer,,,,,,,2026-09-23 17:42:10,third,measure,A,44-41,3,10.0,9.995222,2A07_2B08,SMU,4,1,
44-31,current,5.76677e-11,RESULT,,,,LaMP_HP_b,lamp_wholewafer,,,,,,,2026-09-23 17:42:10,fourth,measure,A,44-31,4,10.0,9.995264,2A05_2B06,SMU,5,1,
44-42,current,6.97185e-11,RESULT,,,,LaMP_HP_b,lamp_wholewafer,,,,,,,2026-09-23 17:42:16,first,measure,A,44-42,1,10.0,9.995214,4A06_4B05,SMU,4,2,
44-32,current,5.58771e-11,RESULT,,,,LaMP_HP_b,lamp_wholewafer,,,,,,,2026-09-23 17:42:16,second,measure,A,44-32,2,10.0,9.995236,4A08_4B07,SMU,5,2,
44-43,current,5.80542e-11,RESULT,,,,LaMP_HP_b,lamp_wholewafer,,,,,,,2026-09-23 17:42:16,third,measure,A,44-43,3,10.0,9.995211,2A07_2B08,SMU,4,3,
44-33,current,5.50756e-11,RESULT,,,,LaMP_HP_b,lamp_wholewafer,,,,,,,2026-09-23 17:42:16,fourth,measure,A,44-33,4,10.0,9.995283,2A05_2B06,SMU,5,3,
44-44,current,6.15501e-11,RESULT,,,,LaMP_HP_b,lamp_wholewafer,,,,,,,2026-09-23 17:42:23,first,measure,A,44-44,1,10.0,9.995262,4A06_4B05,SMU,4,4,
44-34,current,5.82247e-11,RESULT,,,,LaMP_HP_b,lamp_wholewafer,,,,,,,2026-09-23 17:42:23,second,measure,A,44-34,2,10.0,9.995246,4A08_4B07,SMU,5,4,
45-40,current,5.44617e-11,RESULT,,,,LaMP_HP_b,lamp_wholewafer,,,,,,,2026-09-23 17:42:23,third,measure,A,45-40,3,10.0,9.9952,2A07_2B08,SMU,4,5,
45-30,current,5.26597e-11,RESULT,,,,LaMP_HP_b,lamp_wholewafer,,,,,,,2026-09-23 17:42:23,fourth,measure,A,45-30,4,10.0,9.995286,2A05_2B06,SMU,5,5,
45-41,current,6.19082e-11,RESULT,,,,LaMP_HP_b,lamp_wholewafer,,,,,,,2026-09-23 17:42:30,first,measure,A,45-41,1,10.0,9.995358,4A06_4B05,SMU,4,6,
45-31,current,5.71845e-11,RESULT,,,,LaMP_HP_b,lamp_wholewafer,,,,,,,2026-09-23 17:42:30,second,measure,A,45-31,2,10.0,9.995315,4A08_4B07,SMU,5,6,
45-42,current,5.52177e-11,RESULT,,,,LaMP_HP_b,lamp_wholewafer,,,,,,,2026-09-23 17:42:30,third,measure,A,45-42,3,10.0,9.995308,2A07_2B08,SMU,4,7,
45-32,current,5.51097e-11,RESULT,,,,LaMP_HP_b,lamp_wholewafer,,,,,,,2026-09-23 17:42:30,fourth,measure,A,45-32,4,10.0,9.995254,2A05_2B06,SMU,5,7,
45-43,current,6.38806e-11,RESULT,,,,LaMP_HP_b,lamp_wholewafer,,,,,,,2026-09-23 17:42:36,first,measure,A,45-43,1,10.0,9.995316,4A06_4B05,SMU,4,8,
45-33,current,5.79917e-11,RESULT,,,,LaMP_HP_b,lamp_wholewafer,,,,,,,2026-09-23 17:42:36,second,measure,A,45-33,2,10.0,9.995325,4A08_4B07,SMU,5,8,
45-44,current,5.75426e-11,RESULT,,,,LaMP_HP_b,lamp_wholewafer,,,,,,,2026-09-23 17:42:36,third,measure,A,45-44,3,10.0,9.995367,2A07_2B08,SMU,4,9,
45-34,current,5.76961e-11,RESULT,,,,LaMP_HP_b,lamp_wholewafer,,,,,,,2026-09-23 17:42:36,fourth,measure,A,45-34,4,10.0,9.995298,2A05_2B06,SMU,5,9,
46-40,current,6.39034e-11,RESULT,,,,LaMP_HP_b,lamp_wholewafer,,,,,,,2026-09-23 17:42:43,first,measure,A,46-40,1,10.0,9.995317,4A06_4B05,SMU,4,10,
46-30,current,5.75596e-11,RESULT,,,,LaMP_HP_b,lamp_wholewafer,,,,,,,2026-09-23 17:42:43,second,measure,A,46-30,2,10.0,9.995352,4A08_4B07,SMU,5,10,
46-41,current,5.77415e-11,RESULT,,,,LaMP_HP_b,lamp_wholewafer,,,,,,,2026-09-23 17:42:43,third,measure,A,46-41,3,10.0,9.995283,2A07_2B08,SMU,4,11,
46-31,current,5.82077e-11,RESULT,,,,LaMP_HP_b,lamp_wholewafer,,,,,,,2026-09-23 17:42:43,fourth,measure,A,46-31,4,10.0,9.995382,2A05_2B06,SMU,5,11,
46-42,current,6.46139e-11,RESULT,,,,LaMP_HP_b,lamp_wholewafer,,,,,,,2026-09-23 17:42:49,first,measure,A,46-42,1,10.0,9.995234,4A06_4B05,SMU,4,12,
46-32,current,5.77131e-11,RESULT,,,,LaMP_HP_b,lamp_wholewafer,,,,,,,2026-09-23 17:42:49,second,measure,A,46-32,2,10.0,9.995225,4A08_4B07,SMU,5,12,
46-43,current,5.87704e-11,RESULT,,,,LaMP_HP_b,lamp_wholewafer,,,,,,,2026-09-23 17:42:49,third,measure,A,46-43,3,10.0,9.995202,2A07_2B08,SMU,4,13,
46-33,current,8.81414e-11,RESULT,,,,LaMP_HP_b,lamp_wholewafer,,,,,,,2026-09-23 17:42:49,fourth,measure,A,46-33,4,10.0,9.995278,2A05_2B06,SMU,5,13,
46-44,current,6.13568e-11,RESULT,,,,LaMP_HP_b,lamp_wholewafer,,,,,,,2026-09-23 17:42:56,first,measure,A,46-44,1,10.0,9.99533,4A06_4B05,SMU,4,14,
46-34,current,9.31436e-11,RESULT,,,,LaMP_HP_b,lamp_wholewafer,,,,,,,2026-09-23 17:42:56,second,measure,A,46-34,2,10.0,9.995291,4A08_4B07,SMU,5,14,
47-40,current,5.33021e-11,RESULT,,,,LaMP_HP_b,lamp_wholewafer,,,,,,,2026-09-23 17:42:56,third,measure,A,47-40,3,10.0,9.995278,2A07_2B08,SMU,4,15,
47-30,current,5.05168e-11,RESULT,,,,LaMP_HP_b,lamp_wholewafer,,,,,,,2026-09-23 17:42:56,fourth,measure,A,47-30,4,10.0,9.995263,2A05_2B06,SMU,5,15,
47-41,current,5.23244e-11,RESULT,,,,LaMP_HP_b,lamp_wholewafer,,,,,,,2026-09-23 17:43:03,first,measure,A,47-41,1,10.0,9.995319,4A06_4B05,SMU,4,16,
47-31,current,4.8243e-11,RESULT,,,,LaMP_HP_b,lamp_wholewafer,,,,,,,2026-09-23 17:43:03,second,measure,A,47-31,2,10.0,9.995287,4A08_4B07,SMU,5,16,
47-42,current,3.86819e-11,RESULT,,,,LaMP_HP_b,lamp_wholewafer,,,,,,,2026-09-23 17:43:03,third,measure,A,47-42,3,10.0,9.995258,2A07_2B08,SMU,4,17,
47-32,current,4.56964e-11,RESULT,,,,LaMP_HP_b,lamp_wholewafer,,,,,,,2026-09-23 17:43:03,fourth,measure,A,47-32,4,10.0,9.99533,2A05_2B06,SMU,5,17,
47-43,current,4.73392e-11,RESULT,,,,LaMP_HP_b,lamp_wholewafer,,,,,,,2026-09-23 17:43:09,first,measure,A,47-43,1,10.0,9.995348,4A06_4B05,SMU,4,18,
47-33,current,4.36103e-11,RESULT,,,,LaMP_HP_b,lamp_wholewafer,,,,,,,2026-09-23 17:43:09,second,measure,A,47-33,2,10.0,9.995298,4A08_4B07,SMU,5,18,
NA,current,9.99995e-07,RESULT,,,,LaMP_HP_b,lamp_wholewafer,,,,,,,2026-09-23 17:43:09,third,measure,A,NA,3,10.0,2.20118,2A07_2B08,SMU,4,19,
NA,current,1.45747e-10,RESULT,,,,LaMP_HP_b,lamp_wholewafer,,,,,,,2026-09-23 17:43:09,fourth,measure,A,NA,4,10.0,9.995409,2A05_2B06,SMU,5,19,
NA,current,9.99995e-07,RESULT,,,,LaMP_HP_b,lamp_wholewafer,,,,,,,2026-09-23 17:43:16,first,measure,A,NA,1,10.0,3.831005,4A06_4B05,SMU,6,-20,
NA,current,8.49696e-11,RESULT,,,,LaMP_HP_b,lamp_wholewafer,,,,,,,2026-09-23 17:43:16,second,measure,A,NA,2,10.0,9.995336,4A08_4B07,SMU,7,-20,
40-21,current,5.62181e-11,RESULT,,,,LaMP_HP_b,lamp_wholewafer,,,,,,,2026-09-23 17:43:16,third,measure,A,40-21,3,10.0,9.995275,2A07_2B08,SMU,6,-19,
40-11,current,5.77927e-11,RESULT,,,,LaMP_HP_b,lamp_wholewafer,,,,,,,2026-09-23 17:43:16,fourth,measure,A,40-11,4,10.0,9.99534,2A05_2B06,SMU,7,-19,
40-22,current,5.54678e-11,RESULT,,,,LaMP_HP_b,lamp_wholewafer,,,,,,,2026-09-23 17:43:23,first,measure,A,40-22,1,10.0,9.995293,4A06_4B05,SMU,6,-18,
40-12,current,5.233e-11,RESULT,,,,LaMP_HP_b,lamp_wholewafer,,,,,,,2026-09-23 17:43:23,second,measure,A,40-12,2,10.0,9.995376,4A08_4B07,SMU,7,-18,
40-23,current,4.96755e-11,RESULT,,,,LaMP_HP_b,lamp_wholewafer,,,,,,,2026-09-23 17:43:23,third,measure,A,40-23,3,10.0,9.9953,2A07_2B08,SMU,6,-17,
40-13,current,5.00108e-11,RESULT,,,,LaMP_HP_b,lamp_wholewafer,,,,,,,2026-09-23 17:43:23,fourth,measure,A,40-13,4,10.0,9.995292,2A05_2B06,SMU,7,-17,
40-24,current,4.97494e-11,RESULT,,,,LaMP_HP_b,lamp_wholewafer,,,,,,,2026-09-23 17:43:29,first,measure,A,40-24,1,10.0,9.995358,4A06_4B05,SMU,6,-16,
40-14,current,5.03519e-11,RESULT,,,,LaMP_HP_b,lamp_wholewafer,,,,,,,2026-09-23 17:43:29,second,measure,A,40-14,2,10.0,9.995317,4A08_4B07,SMU,7,-16,
41-20,current,5.05452e-11,RESULT,,,,LaMP_HP_b,lamp_wholewafer,,,,,,,2026-09-23 17:43:29,third,measure,A,41-20,3,10.0,9.995272,2A07_2B08,SMU,6,-15,
41-10,current,5.70196e-11,RESULT,,,,LaMP_HP_b,lamp_wholewafer,,,,,,,2026-09-23 17:43:29,fourth,measure,A,41-10,4,10.0,9.995278,2A05_2B06,SMU,7,-15,
41-21,current,5.97936e-11,RESULT,,,,LaMP_HP_b,lamp_wholewafer,,,,,,,2026-09-23 17:43:36,first,measure,A,41-21,1,10.0,9.995221,4A06_4B05,SMU,6,-14,
41-11,current,5.18867e-11,RESULT,,,,LaMP_HP_b,lamp_wholewafer,,,,,,,2026-09-23 17:43:36,second,measure,A,41-11,2,10.0,9.995237,4A08_4B07,SMU,7,-14,
41-22,current,5.63034e-11,RESULT,,,,LaMP_HP_b,lamp_wholewafer,,,,,,,2026-09-23 17:43:36,third,measure,A,41-22,3,10.0,9.995247,2A07_2B08,SMU,6,-13,
41-12,current,5.33191e-11,RESULT,,,,LaMP_HP_b,lamp_wholewafer,,,,,,,2026-09-23 17:43:36,fourth,measure,A,41-12,4,10.0,9.995248,2A05_2B06,SMU,7,-13,
41-23,current,6.22606e-11,RESULT,,,,LaMP_HP_b,lamp_wholewafer,,,,,,,2026-09-23 17:43:43,first,measure,A,41-23,1,10.0,9.995235,4A06_4B05,SMU,6,-12,
41-13,current,5.885e-11,RESULT,,,,LaMP_HP_b,lamp_wholewafer,,,,,,,2026-09-23 17:43:43,second,measure,A,41-13,2,10.0,9.995194,4A08_4B07,SMU,7,-12,
41-24,current,5.85032e-11,RESULT,,,,LaMP_HP_b,lamp_wholewafer,,,,,,,2026-09-23 17:43:43,third,measure,A,41-24,3,10.0,9.995211,2A07_2B08,SMU,6,-11,
41-14,current,5.57463e-11,RESULT,,,,LaMP_HP_b,lamp_wholewafer,,,,,,,2026-09-23 17:43:43,fourth,measure,A,41-14,4,10.0,9.995301,2A05_2B06,SMU,7,-11,
42-20,current,6.28688e-11,RESULT,,,,LaMP_HP_b,lamp_wholewafer,,,,,,,2026-09-23 17:43:49,first,measure,A,42-20,1,10.0,9.995343,4A06_4B05,SMU,6,-10,
42-10,current,6.0146e-11,RESULT,,,,LaMP_HP_b,lamp_wholewafer,,,,,,,2026-09-23 17:43:49,second,measure,A,42-10,2,10.0,9.995253,4A08_4B07,SMU,7,-10,
42-21,current,5.95264e-11,RESULT,,,,LaMP_HP_b,lamp_wholewafer,,,,,,,2026-09-23 17:43:49,third,measure,A,42-21,3,10.0,9.995289,2A07_2B08,SMU,6,-9,
42-11,current,5.92593e-11,RESULT,,,,LaMP_HP_b,lamp_wholewafer,,,,,,,2026-09-23 17:43:49,fourth,measure,A,42-11,4,10.0,9.99517,2A05_2B06,SMU,7,-9,
42-22,current,6.14364e-11,RESULT,,,,LaMP_HP_b,lamp_wholewafer,,,,,,,2026-09-23 17:43:56,first,measure,A,42-22,1,10.0,9.995195,4A06_4B05,SMU,6,-8,
42-12,current,6.38295e-11,RESULT,,,,LaMP_HP_b,lamp_wholewafer,,,,,,,2026-09-23 17:43:56,second,measure,A,42-12,2,10.0,9.99527,4A08_4B07,SMU,7,-8,
42-23,current,6.20844e-11,RESULT,,,,LaMP_HP_b,lamp_wholewafer,,,,,,,2026-09-23 17:43:56,third,measure,A,42-23,3,10.0,9.995228,2A07_2B08,SMU,6,-7,
42-13,current,6.21071e-11,RESULT,,,,LaMP_HP_b,lamp_wholewafer,,,,,,,2026-09-23 17:43:56,fourth,measure,A,42-13,4,10.0,9.99525,2A05_2B06,SMU,7,-7,
42-24,current,6.41478e-11,RESULT,,,,LaMP_HP_b,lamp_wholewafer,,,,,,,2026-09-23 17:44:02,first,measure,A,42-24,1,10.0,9.99526,4A06_4B05,SMU,6,-6,
42-14,current,6.38181e-11,RESULT,,,,LaMP_HP_b,lamp_wholewafer,,,,,,,2026-09-23 17:44:02,second,measure,A,42-14,2,10.0,9.995335,4A08_4B07,SMU,7,-6,
43-20,current,5.939e-11,RESULT,,,,LaMP_HP_b,lamp_wholewafer,,,,,,,2026-09-23 17:44:02,third,measure,A,43-20,3,10.0,9.995263,2A07_2B08,SMU,6,-5,
43-10,current,5.62409e-11,RESULT,,,,LaMP_HP_b,lamp_wholewafer,,,,,,,2026-09-23 17:44:02,fourth,measure,A,43-10,4,10.0,9.995309,2A05_2B06,SMU,7,-5,
43-21,current,6.07656e-11,RESULT,,,,LaMP_HP_b,lamp_wholewafer,,,,,,,2026-09-23 17:44:09,first,measure,A,43-21,1,10.0,9.995247,4A06_4B05,SMU,6,-4,
43-11,current,5.91058e-11,RESULT,,,,LaMP_HP_b,lamp_wholewafer,,,,,,,2026-09-23 17:44:09,second,measure,A,43-11,2,10.0,9.995301,4A08_4B07,SMU,7,-4,
43-22,current,5.61954e-11,RESULT,,,,LaMP_HP_b,lamp_wholewafer,,,,,,,2026-09-23 17:44:09,third,measure,A,43-22,3,10.0,9.995243,2A07_2B08,SMU,6,-3,
43-12,current,2.646e-10,RESULT,,,,LaMP_HP_b,lamp_wholewafer,,,,,,,2026-09-23 17:44:09,fourth,measure,A,43-12,4,10.0,9.995283,2A05_2B06,SMU,7,-3,
43-23,current,6.6899e-11,RESULT,,,,LaMP_HP_b,lamp_wholewafer,,,,,,,2026-09-23 17:44:15,first,measure,A,43-23,1,10.0,9.995276,4A06_4B05,SMU,6,-2,
43-13,current,6.02825e-11,RESULT,,,,LaMP_HP_b,lamp_wholewafer,,,,,,,2026-09-23 17:44:15,second,measure,A,43-13,2,10.0,9.995277,4A08_4B07,SMU,7,-2,
43-24,current,5.88784e-11,RESULT,,,,LaMP_HP_b,lamp_wholewafer,,,,,,,2026-09-23 17:44:15,third,measure,A,43-24,3,10.0,9.995237,2A07_2B08,SMU,6,-1,
43-14,current,5.30292e-11,RESULT,,,,LaMP_HP_b,lamp_wholewafer,,,,,,,2026-09-23 17:44:15,fourth,measure,A,43-14,4,10.0,9.995257,2A05_2B06,SMU,7,-1,
44-20,current,6.13909e-11,RESULT,,,,LaMP_HP_b,lamp_wholewafer,,,,,,,2026-09-23 17:44:22,first,measure,A,44-20,1,10.0,9.995219,4A06_4B05,SMU,6,0,
44-10,current,6.06121e-11,RESULT,,,,LaMP_HP_b,lamp_wholewafer,,,,,,,2026-09-23 17:44:22,second,measure,A,44-10,2,10.0,9.995168,4A08_4B07,SMU,7,0,
44-21,current,5.75937e-11,RESULT,,,,LaMP_HP_b,lamp_wholewafer,,,,,,,2026-09-23 17:44:22,third,measure,A,44-21,3,10.0,9.995214,2A07_2B08,SMU,6,1,
44-11,current,5.70424e-11,RESULT,,,,LaMP_HP_b,lamp_wholewafer,,,,,,,2026-09-23 17:44:22,fourth,measure,A,44-11,4,10.0,9.995142,2A05_2B06,SMU,7,1,
44-22,current,6.16296e-11,RESULT,,,,LaMP_HP_b,lamp_wholewafer,,,,,,,2026-09-23 17:44:29,first,measure,A,44-22,1,10.0,9.995214,4A06_4B05,SMU,6,2,
44-12,current,5.95605e-11,RESULT,,,,LaMP_HP_b,lamp_wholewafer,,,,,,,2026-09-23 17:44:29,second,measure,A,44-12,2,10.0,9.995236,4A08_4B07,SMU,7,2,
44-23,current,5.7446e-11,RESULT,,,,LaMP_HP_b,lamp_wholewafer,,,,,,,2026-09-23 17:44:29,third,measure,A,44-23,3,10.0,9.995254,2A07_2B08,SMU,6,3,
44-13,current,5.3717e-11,RESULT,,,,LaMP_HP_b,lamp_wholewafer,,,,,,,2026-09-23 17:44:29,fourth,measure,A,44-13,4,10.0,9.995251,2A05_2B06,SMU,7,3,
44-24,current,6.19082e-11,RESULT,,,,LaMP_HP_b,lamp_wholewafer,,,,,,,2026-09-23 17:44:35,first,measure,A,44-24,1,10.0,9.99534,4A06_4B05,SMU,6,4,
44-14,current,5.5212e-11,RESULT,,,,LaMP_HP_b,lamp_wholewafer,,,,,,,2026-09-23 17:44:35,second,measure,A,44-14,2,10.0,9.995205,4A08_4B07,SMU,7,4,
45-20,current,5.31088e-11,RESULT,,,,LaMP_HP_b,lamp_wholewafer,,,,,,,2026-09-23 17:44:35,third,measure,A,45-20,3,10.0,9.995183,2A07_2B08,SMU,6,5,
45-10,current,5.64739e-11,RESULT,,,,LaMP_HP_b,lamp_wholewafer,,,,,,,2026-09-23 17:44:35,fourth,measure,A,45-10,4,10.0,9.995172,2A05_2B06,SMU,7,5,
45-21,current,2.54721e-10,RESULT,,,,LaMP_HP_b,lamp_wholewafer,,,,,,,2026-09-23 17:44:42,first,measure,A,45-21,1,10.0,9.99517,4A06_4B05,SMU,6,6,
45-11,current,5.39217e-11,RESULT,,,,LaMP_HP_b,lamp_wholewafer,,,,,,,2026-09-23 17:44:42,second,measure,A,45-11,2,10.0,9.99518,4A08_4B07,SMU,7,6,
45-22,current,5.33021e-11,RESULT,,,,LaMP_HP_b,lamp_wholewafer,,,,,,,2026-09-23 17:44:42,third,measure,A,45-22,3,10.0,9.995178,2A07_2B08,SMU,6,7,
45-12,current,5.51552e-11,RESULT,,,,LaMP_HP_b,lamp_wholewafer,,,,,,,2026-09-23 17:44:42,fourth,measure,A,45-12,4,10.0,9.995111,2A05_2B06,SMU,7,7,
45-23,current,6.02938e-11,RESULT,,,,LaMP_HP_b,lamp_wholewafer,,,,,,,2026-09-23 17:44:48,first,measure,A,45-23,1,10.0,9.995182,4A06_4B05,SMU,6,8,
45-13,current,5.60874e-11,RESULT,,,,LaMP_HP_b,lamp_wholewafer,,,,,,,2026-09-23 17:44:48,second,measure,A,45-13,2,10.0,9.995112,4A08_4B07,SMU,7,8,
45-24,current,5.43366e-11,RESULT,,,,LaMP_HP_b,lamp_wholewafer,,,,,,,2026-09-23 17:44:48,third,measure,A,45-24,3,10.0,9.995145,2A07_2B08,SMU,6,9,
45-14,current,5.33873e-11,RESULT,,,,LaMP_HP_b,lamp_wholewafer,,,,,,,2026-09-23 17:44:48,fourth,measure,A,45-14,4,10.0,9.995125,2A05_2B06,SMU,7,9,
46-20,current,6.04757e-11,RESULT,,,,LaMP_HP_b,lamp_wholewafer,,,,,,,2026-09-23 17:44:55,first,measure,A,46-20,1,10.0,9.995169,4A06_4B05,SMU,6,10,
46-10,current,5.58202e-11,RESULT,,,,LaMP_HP_b,lamp_wholewafer,,,,,,,2026-09-23 17:44:55,second,measure,A,46-10,2,10.0,9.995199,4A08_4B07,SMU,7,10,
46-21,current,5.58487e-11,RESULT,,,,LaMP_HP_b,lamp_wholewafer,,,,,,,2026-09-23 17:44:55,third,measure,A,46-21,3,10.0,9.995199,2A07_2B08,SMU,6,11,
46-11,current,5.45072e-11,RESULT,,,,LaMP_HP_b,lamp_wholewafer,,,,,,,2026-09-23 17:44:55,fourth,measure,A,46-11,4,10.0,9.995214,2A05_2B06,SMU,7,11,
46-22,current,5.91172e-11,RESULT,,,,LaMP_HP_b,lamp_wholewafer,,,,,,,2026-09-23 17:45:02,first,measure,A,46-22,1,10.0,9.99513,4A06_4B05,SMU,6,12,
46-12,current,5.61272e-11,RESULT,,,,LaMP_HP_b,lamp_wholewafer,,,,,,,2026-09-23 17:45:02,second,measure,A,46-12,2,10.0,9.99521,4A08_4B07,SMU,7,12,
46-23,current,5.75199e-11,RESULT,,,,LaMP_HP_b,lamp_wholewafer,,,,,,,2026-09-23 17:45:02,third,measure,A,46-23,3,10.0,9.995148,2A07_2B08,SMU,6,13,
46-13,current,5.03292e-11,RESULT,,,,LaMP_HP_b,lamp_wholewafer,,,,,,,2026-09-23 17:45:02,fourth,measure,A,46-13,4,10.0,9.995217,2A05_2B06,SMU,7,13,
46-24,current,5.74119e-11,RESULT,,,,LaMP_HP_b,lamp_wholewafer,,,,,,,2026-09-23 17:45:08,first,measure,A,46-24,1,10.0,9.995178,4A06_4B05,SMU,6,14,
46-14,current,5.49449e-11,RESULT,,,,LaMP_HP_b,lamp_wholewafer,,,,,,,2026-09-23 17:45:08,second,measure,A,46-14,2,10.0,9.995247,4A08_4B07,SMU,7,14,
47-20,current,4.9323e-11,RESULT,,,,LaMP_HP_b,lamp_wholewafer,,,,,,,2026-09-23 17:45:08,third,measure,A,47-20,3,10.0,9.995289,2A07_2B08,SMU,6,15,
47-10,current,5.05395e-11,RESULT,,,,LaMP_HP_b,lamp_wholewafer,,,,,,,2026-09-23 17:45:08,fourth,measure,A,47-10,4,10.0,9.995321,2A05_2B06,SMU,7,15,
47-21,current,5.08294e-11,RESULT,,,,LaMP_HP_b,lamp_wholewafer,,,,,,,2026-09-23 17:45:15,first,measure,A,47-21,1,10.0,9.995223,4A06_4B05,SMU,6,16,
47-11,current,4.69413e-11,RESULT,,,,LaMP_HP_b,lamp_wholewafer,,,,,,,2026-09-23 17:45:15,second,measure,A,47-11,2,10.0,9.995215,4A08_4B07,SMU,7,16,
47-22,current,4.50427e-11,RESULT,,,,LaMP_HP_b,lamp_wholewafer,,,,,,,2026-09-23 17:45:15,third,measure,A,47-22,3,10.0,9.99518,2A07_2B08,SMU,6,17,
47-12,current,4.28031e-11,RESULT,,,,LaMP_HP_b,lamp_wholewafer,,,,,,,2026-09-23 17:45:15,fourth,measure,A,47-12,4,10.0,9.995206,2A05_2B06,SMU,7,17,
47-23,current,4.64468e-11,RESULT,,,,LaMP_HP_b,lamp_wholewafer,,,,,,,2026-09-23 17:45:21,first,measure,A,47-23,1,10.0,9.995222,4A06_4B05,SMU,6,18,
47-13,current,4.31157e-11,RESULT,,,,LaMP_HP_b,lamp_wholewafer,,,,,,,2026-09-23 17:45:21,second,measure,A,47-13,2,10.0,9.99528,4A08_4B07,SMU,7,18,
NA,current,9.99995e-07,RESULT,,,,LaMP_HP_b,lamp_wholewafer,,,,,,,2026-09-23 17:45:21,third,measure,A,NA,3,10.0,0.00236969,2A07_2B08,SMU,6,19,
NA,current,9.99995e-07,RESULT,,,,LaMP_HP_b,lamp_wholewafer,,,,,,,2026-09-23 17:45:21,fourth,measure,A,NA,4,10.0,0.002372742,2A05_2B06,SMU,7,19,
40-02,current,6.5495e-11,RESULT,,,,LaMP_HP_b,lamp_wholewafer,,,,,,,2026-09-23 17:45:28,first,measure,A,40-02,1,10.0,9.995212,4A06_4B05,SMU,8,-18,
30-72,current,5.94923e-11,RESULT,,,,LaMP_HP_b,lamp_wholewafer,,,,,,,2026-09-23 17:45:28,second,measure,A,30-72,2,10.0,9.995298,4A08_4B07,SMU,9,-18,
40-03,current,6.07997e-11,RESULT,,,,LaMP_HP_b,lamp_wholewafer,,,,,,,2026-09-23 17:45:28,third,measure,A,40-03,3,10.0,9.995321,2A07_2B08,SMU,8,-17,
30-73,current,5.63318e-11,RESULT,,,,LaMP_HP_b,lamp_wholewafer,,,,,,,2026-09-23 17:45:28,fourth,measure,A,30-73,4,10.0,9.995263,2A05_2B06,SMU,9,-17,
40-04,current,5.53939e-11,RESULT,,,,LaMP_HP_b,lamp_wholewafer,,,,,,,2026-09-23 17:45:35,first,measure,A,40-04,1,10.0,9.995206,4A06_4B05,SMU,8,-16,
30-74,current,5.34555e-11,RESULT,,,,LaMP_HP_b,lamp_wholewafer,,,,,,,2026-09-23 17:45:35,second,measure,A,30-74,2,10.0,9.995291,4A08_4B07,SMU,9,-16,
41-00,current,4.92776e-11,RESULT,,,,LaMP_HP_b,lamp_wholewafer,,,,,,,2026-09-23 17:45:35,third,measure,A,41-00,3,10.0,9.99527,2A07_2B08,SMU,8,-15,
31-70,current,5.16991e-11,RESULT,,,,LaMP_HP_b,lamp_wholewafer,,,,,,,2026-09-23 17:45:35,fourth,measure,A,31-70,4,10.0,9.995323,2A05_2B06,SMU,9,-15,
41-01,current,5.61215e-11,RESULT,,,,LaMP_HP_b,lamp_wholewafer,,,,,,,2026-09-23 17:45:42,first,measure,A,41-01,1,10.0,9.995233,4A06_4B05,SMU,8,-14,
31-71,current,5.24722e-11,RESULT,,,,LaMP_HP_b,lamp_wholewafer,,,,,,,2026-09-23 17:45:42,second,measure,A,31-71,2,10.0,9.995147,4A08_4B07,SMU,9,-14,
41-02,current,5.33362e-11,RESULT,,,,LaMP_HP_b,lamp_wholewafer,,,,,,,2026-09-23 17:45:42,third,measure,A,41-02,3,10.0,9.995087,2A07_2B08,SMU,8,-13,
31-72,current,2.13692e-10,RESULT,,,,LaMP_HP_b,lamp_wholewafer,,,,,,,2026-09-23 17:45:42,fourth,measure,A,31-72,4,10.0,9.995213,2A05_2B06,SMU,9,-13,
41-03,current,6.81951e-11,RESULT,,,,LaMP_HP_b,lamp_wholewafer,,,,,,,2026-09-23 17:45:48,first,measure,A,41-03,1,10.0,9.995195,4A06_4B05,SMU,8,-12,
31-73,current,6.32781e-11,RESULT,,,,LaMP_HP_b,lamp_wholewafer,,,,,,,2026-09-23 17:45:48,second,measure,A,31-73,2,10.0,9.995156,4A08_4B07,SMU,9,-12,
41-04,current,6.18286e-11,RESULT,,,,LaMP_HP_b,lamp_wholewafer,,,,,,,2026-09-23 17:45:48,third,measure,A,41-04,3,10.0,9.99517,2A07_2B08,SMU,8,-11,
31-74,current,5.51552e-11,RESULT,,,,LaMP_HP_b,lamp_wholewafer,,,,,,,2026-09-23 17:45:48,fourth,measure,A,31-74,4,10.0,9.995177,2A05_2B06,SMU,9,-11,
42-00,current,6.44547e-11,RESULT,,,,LaMP_HP_b,lamp_wholewafer,,,,,,,2026-09-23 17:45:55,first,measure,A,42-00,1,10.0,9.995221,4A06_4B05,SMU,8,-10,
32-70,current,6.09759e-11,RESULT,,,,LaMP_HP_b,lamp_wholewafer,,,,,,,2026-09-23 17:45:55,second,measure,A,32-70,2,10.0,9.995118,4A08_4B07,SMU,9,-10,
42-01,current,5.91342e-11,RESULT,,,,LaMP_HP_b,lamp_wholewafer,,,,,,,2026-09-23 17:45:55,third,measure,A,42-01,3,10.0,9.99514,2A07_2B08,SMU,8,-9,
32-71,current,5.68718e-11,RESULT,,,,LaMP_HP_b,lamp_wholewafer,,,,,,,2026-09-23 17:45:55,fourth,measure,A,32-71,4,10.0,9.995212,2A05_2B06,SMU,9,-9,
42-02,current,6.64045e-11,RESULT,,,,LaMP_HP_b,lamp_wholewafer,,,,,,,2026-09-23 17:46:01,first,measure,A,42-02,1,10.0,9.995227,4A06_4B05,SMU,8,-8,
32-72,current,6.31758e-11,RESULT,,,,LaMP_HP_b,lamp_wholewafer,,,,,,,2026-09-23 17:46:01,second,measure,A,32-72,2,10.0,9.995258,4A08_4B07,SMU,9,-8,
42-03,current,6.10896e-11,RESULT,,,,LaMP_HP_b,lamp_wholewafer,,,,,,,2026-09-23 17:46:01,third,measure,A,42-03,3,10.0,9.995212,2A07_2B08,SMU,8,-7,
32-73,current,6.0146e-11,RESULT,,,,LaMP_HP_b,lamp_wholewafer,,,,,,,2026-09-23 17:46:01,fourth,measure,A,32-73,4,10.0,9.995206,2A05_2B06,SMU,9,-7,
42-04,current,6.25846e-11,RESULT,,,,LaMP_HP_b,lamp_wholewafer,,,,,,,2026-09-23 17:46:08,first,measure,A,42-04,1,10.0,9.995177,4A06_4B05,SMU,8,-6,
32-74,current,5.81053e-11,RESULT,,,,LaMP_HP_b,lamp_wholewafer,,,,,,,2026-09-23 17:46:08,second,measure,A,32-74,2,10.0,9.99519,4A08_4B07,SMU,9,-6,
43-00,current,5.56383e-11,RESULT,,,,LaMP_HP_b,lamp_wholewafer,,,,,,,2026-09-23 17:46:08,third,measure,A,43-00,3,10.0,9.995199,2A07_2B08,SMU,8,-5,
33-70,current,5.67184e-11,RESULT,,,,LaMP_HP_b,lamp_wholewafer,,,,,,,2026-09-23 17:46:08,fourth,measure,A,33-70,4,10.0,9.995212,2A05_2B06,SMU,9,-5,
43-01,current,6.31644e-11,RESULT,,,,LaMP_HP_b,lamp_wholewafer,,,,,,,2026-09-23 17:46:15,first,measure,A,43-01,1,10.0,9.995189,4A06_4B05,SMU,8,-4,
33-71,current,5.88386e-11,RESULT,,,,LaMP_HP_b,lamp_wholewafer,,,,,,,2026-09-23 17:46:15,second,measure,A,33-71,2,10.0,9.995175,4A08_4B07,SMU,9,-4,
43-02,current,5.7986e-11,RESULT,,,,LaMP_HP_b,lamp_wholewafer,,,,,,,2026-09-23 17:46:15,third,measure,A,43-02,3,10.0,9.995184,2A07_2B08,SMU,8,-3,
33-72,current,5.70196e-11,RESULT,,,,LaMP_HP_b,lamp_wholewafer,,,,,,,2026-09-23 17:46:15,fourth,measure,A,33-72,4,10.0,9.995146,2A05_2B06,SMU,9,-3,
43-03,current,6.17774e-11,RESULT,,,,LaMP_HP_b,lamp_wholewafer,,,,,,,2026-09-23 17:46:21,first,measure,A,43-03,1,10.0,9.99526,4A06_4B05,SMU,8,-2,
33-73,current,5.94639e-11,RESULT,,,,LaMP_HP_b,lamp_wholewafer,,,,,,,2026-09-23 17:46:21,second,measure,A,33-73,2,10.0,9.995185,4A08_4B07,SMU,9,-2,
43-04,current,5.82588e-11,RESULT,,,,LaMP_HP_b,lamp_wholewafer,,,,,,,2026-09-23 17:46:21,third,measure,A,43-04,3,10.0,9.995184,2A07_2B08,SMU,8,-1,
33-74,current,5.84009e-11,RESULT,,,,LaMP_HP_b,lamp_wholewafer,,,,,,,2026-09-23 17:46:21,fourth,measure,A,33-74,4,10.0,9.995207,2A05_2B06,SMU,9,-1,
44-00,current,6.05724e-11,RESULT,,,,LaMP_HP_b,lamp_wholewafer,,,,,,,2026-09-23 17:46:28,first,measure,A,44-00,1,10.0,9.995243,4A06_4B05,SMU,8,0,
34-70,current,5.75255e-11,RESULT,,,,LaMP_HP_b,lamp_wholewafer,,,,,,,2026-09-23 17:46:28,second,measure,A,34-70,2,10.0,9.995272,4A08_4B07,SMU,9,0,
44-01,current,5.67809e-11,RESULT,,,,LaMP_HP_b,lamp_wholewafer,,,,,,,2026-09-23 17:46:28,third,measure,A,44-01,3,10.0,9.995236,2A07_2B08,SMU,8,1,
34-71,current,5.50642e-11,RESULT,,,,LaMP_HP_b,lamp_wholewafer,,,,,,,2026-09-23 17:46:28,fourth,measure,A,34-71,4,10.0,9.995192,2A05_2B06,SMU,9,1,
44-02,current,6.10839e-11,RESULT,,,,LaMP_HP_b,lamp_wholewafer,,,,,,,2026-09-23 17:46:34,first,measure,A,44-02,1,10.0,9.995184,4A06_4B05,SMU,8,2,
34-72,current,5.48198e-11,RESULT,,,,LaMP_HP_b,lamp_wholewafer,,,,,,,2026-09-23 17:46:34,second,measure,A,34-72,2,10.0,9.995188,4A08_4B07,SMU,9,2,
44-03,current,5.75881e-11,RESULT,,,,LaMP_HP_b,lamp_wholewafer,,,,,,,2026-09-23 17:46:34,third,measure,A,44-03,3,10.0,9.995235,2A07_2B08,SMU,8,3,
34-73,current,5.7031e-11,RESULT,,,,LaMP_HP_b,lamp_wholewafer,,,,,,,2026-09-23 17:46:34,fourth,measure,A,34-73,4,10.0,9.995214,2A05_2B06,SMU,9,3,
44-04,current,6.2596e-11,RESULT,,,,LaMP_HP_b,lamp_wholewafer,,,,,,,2026-09-23 17:46:41,first,measure,A,44-04,1,10.0,9.995184,4A06_4B05,SMU,8,4,
34-74,current,5.3825e-11,RESULT,,,,LaMP_HP_b,lamp_wholewafer,,,,,,,2026-09-23 17:46:41,second,measure,A,34-74,2,10.0,9.995234,4A08_4B07,SMU,9,4,
45-00,current,5.3285e-11,RESULT,,,,LaMP_HP_b,lamp_wholewafer,,,,,,,2026-09-23 17:46:41,third,measure,A,45-00,3,10.0,9.995216,2A07_2B08,SMU,8,5,
35-70,current,5.30065e-11,RESULT,,,,LaMP_HP_b,lamp_wholewafer,,,,,,,2026-09-23 17:46:41,fourth,measure,A,35-70,4,10.0,9.995231,2A05_2B06,SMU,9,5,
45-01,current,6.2056e-11,RESULT,,,,LaMP_HP_b,lamp_wholewafer,,,,,,,2026-09-23 17:46:48,first,measure,A,45-01,1,10.0,9.995325,4A06_4B05,SMU,8,6,
35-71,current,6.00778e-11,RESULT,,,,LaMP_HP_b,lamp_wholewafer,,,,,,,2026-09-23 17:46:48,second,measure,A,35-71,2,10.0,9.995322,4A08_4B07,SMU,9,6,
45-02,current,5.48823e-11,RESULT,,,,LaMP_HP_b,lamp_wholewafer,,,,,,,2026-09-23 17:46:48,third,measure,A,45-02,3,10.0,9.995318,2A07_2B08,SMU,8,7,
35-72,current,5.36716e-11,RESULT,,,,LaMP_HP_b,lamp_wholewafer,,,,,,,2026-09-23 17:46:48,fourth,measure,A,35-72,4,10.0,9.995372,2A05_2B06,SMU,9,7,
45-03,current,6.38408e-11,RESULT,,,,LaMP_HP_b,lamp_wholewafer,,,,,,,2026-09-23 17:46:54,first,measure,A,45-03,1,10.0,9.995378,4A06_4B05,SMU,8,8,
35-73,current,5.51779e-11,RESULT,,,,LaMP_HP_b,lamp_wholewafer,,,,,,,2026-09-23 17:46:54,second,measure,A,35-73,2,10.0,9.995404,4A08_4B07,SMU,9,8,
45-04,current,5.41945e-11,RESULT,,,,LaMP_HP_b,lamp_wholewafer,,,,,,,2026-09-23 17:46:54,third,measure,A,45-04,3,10.0,9.995385,2A07_2B08,SMU,8,9,
35-74,current,5.31486e-11,RESULT,,,,LaMP_HP_b,lamp_wholewafer,,,,,,,2026-09-23 17:46:54,fourth,measure,A,35-74,4,10.0,9.995264,2A05_2B06,SMU,9,9,
46-00,current,6.00551e-11,RESULT,,,,LaMP_HP_b,lamp_wholewafer,,,,,,,2026-09-23 17:47:01,first,measure,A,46-00,1,10.0,9.995236,4A06_4B05,SMU,8,10,
36-70,current,5.59112e-11,RESULT,,,,LaMP_HP_b,lamp_wholewafer,,,,,,,2026-09-23 17:47:01,second,measure,A,36-70,2,10.0,9.995291,4A08_4B07,SMU,9,10,
46-01,current,5.7463e-11,RESULT,,,,LaMP_HP_b,lamp_wholewafer,,,,,,,2026-09-23 17:47:01,third,measure,A,46-01,3,10.0,9.995302,2A07_2B08,SMU,8,11,
36-71,current,5.35579e-11,RESULT,,,,LaMP_HP_b,lamp_wholewafer,,,,,,,2026-09-23 17:47:01,fourth,measure,A,36-71,4,10.0,9.995316,2A05_2B06,SMU,9,11,
46-02,current,5.73891e-11,RESULT,,,,LaMP_HP_b,lamp_wholewafer,,,,,,,2026-09-23 17:47:07,first,measure,A,46-02,1,10.0,9.995371,4A06_4B05,SMU,8,12,
36-72,current,5.25802e-11,RESULT,,,,LaMP_HP_b,lamp_wholewafer,,,,,,,2026-09-23 17:47:07,second,measure,A,36-72,2,10.0,9.995277,4A08_4B07,SMU,9,12,
46-03,current,5.86567e-11,RESULT,,,,LaMP_HP_b,lamp_wholewafer,,,,,,,2026-09-23 17:47:07,third,measure,A,46-03,3,10.0,9.995279,2A07_2B08,SMU,8,13,
36-73,current,5.5752e-11,RESULT,,,,LaMP_HP_b,lamp_wholewafer,,,,,,,2026-09-23 17:47:07,fourth,measure,A,36-73,4,10.0,9.995211,2A05_2B06,SMU,9,13,
46-04,current,8.71069e-11,RESULT,,,,LaMP_HP_b,lamp_wholewafer,,,,,,,2026-09-23 17:47:14,first,measure,A,46-04,1,10.0,9.995272,4A06_4B05,SMU,8,14,
36-74,current,5.49164e-11,RESULT,,,,LaMP_HP_b,lamp_wholewafer,,,,,,,2026-09-23 17:47:14,second,measure,A,36-74,2,10.0,9.995177,4A08_4B07,SMU,9,14,
47-00,current,4.92264e-11,RESULT,,,,LaMP_HP_b,lamp_wholewafer,,,,,,,2026-09-23 17:47:14,third,measure,A,47-00,3,10.0,9.995177,2A07_2B08,SMU,8,15,
37-70,current,4.58385e-11,RESULT,,,,LaMP_HP_b,lamp_wholewafer,,,,,,,2026-09-23 17:47:14,fourth,measure,A,37-70,4,10.0,9.995249,2A05_2B06,SMU,9,15,
47-01,current,5.125e-11,RESULT,,,,LaMP_HP_b,lamp_wholewafer,,,,,,,2026-09-23 17:47:20,first,measure,A,47-01,1,10.0,9.995231,4A06_4B05,SMU,8,16,
37-71,current,7.40954e-11,RESULT,,,,LaMP_HP_b,lamp_wholewafer,,,,,,,2026-09-23 17:47:20,second,measure,A,37-71,2,10.0,9.995245,4A08_4B07,SMU,9,16,
47-02,current,4.69868e-11,RESULT,,,,LaMP_HP_b,lamp_wholewafer,,,,,,,2026-09-23 17:47:20,third,measure,A,47-02,3,10.0,9.99523,2A07_2B08,SMU,8,17,
37-72,current,2.60184e-10,RESULT,,,,LaMP_HP_b,lamp_wholewafer,,,,,,,2026-09-23 17:47:20,fourth,measure,A,37-72,4,10.0,9.995262,2A05_2B06,SMU,9,17,
30-62,current,5.31202e-11,RESULT,,,,LaMP_HP_b,lamp_wholewafer,,,,,,,2026-09-23 17:47:28,first,measure,A,30-62,1,10.0,9.995197,4A06_4B05,SMU,10,-18,
30-52,current,4.93742e-11,RESULT,,,,LaMP_HP_b,lamp_wholewafer,,,,,,,2026-09-23 17:47:28,second,measure,A,30-52,2,10.0,9.995128,4A08_4B07,SMU,11,-18,
30-63,current,4.83738e-11,RESULT,,,,LaMP_HP_b,lamp_wholewafer,,,,,,,2026-09-23 17:47:28,third,measure,A,30-63,3,10.0,9.995127,2A07_2B08,SMU,10,-17,
30-53,current,5.34158e-11,RESULT,,,,LaMP_HP_b,lamp_wholewafer,,,,,,,2026-09-23 17:47:28,fourth,measure,A,30-53,4,10.0,9.99518,2A05_2B06,SMU,11,-17,
30-64,current,5.41775e-11,RESULT,,,,LaMP_HP_b,lamp_wholewafer,,,,,,,2026-09-23 17:47:34,first,measure,A,30-64,1,10.0,9.995178,4A06_4B05,SMU,10,-16,
30-54,current,5.01302e-11,RESULT,,,,LaMP_HP_b,lamp_wholewafer,,,,,,,2026-09-23 17:47:34,second,measure,A,30-54,2,10.0,9.995168,4A08_4B07,SMU,11,-16,
31-60,current,5.1125e-11,RESULT,,,,LaMP_HP_b,lamp_wholewafer,,,,,,,2026-09-23 17:47:34,third,measure,A,31-60,3,10.0,9.995203,2A07_2B08,SMU,10,-15,
31-50,current,5.10966e-11,RESULT,,,,LaMP_HP_b,lamp_wholewafer,,,,,,,2026-09-23 17:47:34,fourth,measure,A,31-50,4,10.0,9.99528,2A05_2B06,SMU,11,-15,
31-61,current,5.74403e-11,RESULT,,,,LaMP_HP_b,lamp_wholewafer,,,,,,,2026-09-23 17:47:41,first,measure,A,31-61,1,10.0,9.995242,4A06_4B05,SMU,10,-14,
31-51,current,5.27848e-11,RESULT,,,,LaMP_HP_b,lamp_wholewafer,,,,,,,2026-09-23 17:47:41,second,measure,A,31-51,2,10.0,9.995283,4A08_4B07,SMU,11,-14,
PCM,current,2.55739e-11,RESULT,,,,LaMP_HP_b,lamp_wholewafer,,,,,,,2026-09-23 17:47:41,third,measure,A,PCM,3,10.0,9.995229,2A07_2B08,SMU,10,-13,
31-52,current,5.18753e-11,RESULT,,,,LaMP_HP_b,lamp_wholewafer,,,,,,,2026-09-23 17:47:41,fourth,measure,A,31-52,4,10.0,9.995252,2A05_2B06,SMU,11,-13,
31-63,current,5.96685e-11,RESULT,,,,LaMP_HP_b,lamp_wholewafer,,,,,,,2026-09-23 17:47:47,first,measure,A,31-63,1,10.0,9.995195,4A06_4B05,SMU,10,-12,
31-53,current,5.60931e-11,RESULT,,,,LaMP_HP_b,lamp_wholewafer,,,,,,,2026-09-23 17:47:47,second,measure,A,31-53,2,10.0,9.995153,4A08_4B07,SMU,11,-12,
31-64,current,5.57918e-11,RESULT,,,,LaMP_HP_b,lamp_wholewafer,,,,,,,2026-09-23 17:47:47,third,measure,A,31-64,3,10.0,9.995171,2A07_2B08,SMU,10,-11,
31-54,current,5.77643e-11,RESULT,,,,LaMP_HP_b,lamp_wholewafer,,,,,,,2026-09-23 17:47:47,fourth,measure,A,31-54,4,10.0,9.995224,2A05_2B06,SMU,11,-11,
32-60,current,6.23913e-11,RESULT,,,,LaMP_HP_b,lamp_wholewafer,,,,,,,2026-09-23 17:47:54,first,measure,A,32-60,1,10.0,9.995322,4A06_4B05,SMU,10,-10,
32-50,current,5.76733e-11,RESULT,,,,LaMP_HP_b,lamp_wholewafer,,,,,,,2026-09-23 17:47:54,second,measure,A,32-50,2,10.0,9.995341,4A08_4B07,SMU,11,-10,
32-61,current,2.43159e-10,RESULT,,,,LaMP_HP_b,lamp_wholewafer,,,,,,,2026-09-23 17:47:54,third,measure,A,32-61,3,10.0,9.995352,2A07_2B08,SMU,10,-9,
32-51,current,5.42911e-11,RESULT,,,,LaMP_HP_b,lamp_wholewafer,,,,,,,2026-09-23 17:47:54,fourth,measure,A,32-51,4,10.0,9.995306,2A05_2B06,SMU,11,-9,
32-62,current,5.88045e-11,RESULT,,,,LaMP_HP_b,lamp_wholewafer,,,,,,,2026-09-23 17:48:00,first,measure,A,32-62,1,10.0,9.995253,4A06_4B05,SMU,10,-8,
32-52,current,5.67866e-11,RESULT,,,,LaMP_HP_b,lamp_wholewafer,,,,,,,2026-09-23 17:48:00,second,measure,A,32-52,2,10.0,9.995283,4A08_4B07,SMU,11,-8,
32-63,current,5.66899e-11,RESULT,,,,LaMP_HP_b,lamp_wholewafer,,,,,,,2026-09-23 17:48:00,third,measure,A,32-63,3,10.0,9.995281,2A07_2B08,SMU,10,-7,
32-53,current,5.53427e-11,RESULT,,,,LaMP_HP_b,lamp_wholewafer,,,,,,,2026-09-23 17:48:00,fourth,measure,A,32-53,4,10.0,9.995295,2A05_2B06,SMU,11,-7,
32-64,current,5.95662e-11,RESULT,,,,LaMP_HP_b,lamp_wholewafer,,,,,,,2026-09-23 17:48:07,first,measure,A,32-64,1,10.0,9.99526,4A06_4B05,SMU,10,-6,
32-54,current,5.66615e-11,RESULT,,,,LaMP_HP_b,lamp_wholewafer,,,,,,,2026-09-23 17:48:07,second,measure,A,32-54,2,10.0,9.995295,4A08_4B07,SMU,11,-6,
33-60,current,5.45469e-11,RESULT,,,,LaMP_HP_b,lamp_wholewafer,,,,,,,2026-09-23 17:48:07,third,measure,A,33-60,3,10.0,9.99515,2A07_2B08,SMU,10,-5,
33-50,current,5.30292e-11,RESULT,,,,LaMP_HP_b,lamp_wholewafer,,,,,,,2026-09-23 17:48:07,fourth,measure,A,33-50,4,10.0,9.995287,2A05_2B06,SMU,11,-5,
33-61,current,5.73607e-11,RESULT,,,,LaMP_HP_b,lamp_wholewafer,,,,,,,2026-09-23 17:48:14,first,measure,A,33-61,1,10.0,9.995163,4A06_4B05,SMU,10,-4,
33-51,current,5.29724e-11,RESULT,,,,LaMP_HP_b,lamp_wholewafer,,,,,,,2026-09-23 17:48:14,second,measure,A,33-51,2,10.0,9.995214,4A08_4B07,SMU,11,-4,
PCM,current,2.29761e-11,RESULT,,,,LaMP_HP_b,lamp_wholewafer,,,,,,,2026-09-23 17:48:14,third,measure,A,PCM,3,10.0,9.995181,2A07_2B08,SMU,10,-3,
33-52,current,5.68036e-11,RESULT,,,,LaMP_HP_b,lamp_wholewafer,,,,,,,2026-09-23 17:48:14,fourth,measure,A,33-52,4,10.0,9.995221,2A05_2B06,SMU,11,-3,
33-63,current,5.87534e-11,RESULT,,,,LaMP_HP_b,lamp_wholewafer,,,,,,,2026-09-23 17:48:20,first,measure,A,33-63,1,10.0,9.995157,4A06_4B05,SMU,10,-2,
33-53,current,5.51779e-11,RESULT,,,,LaMP_HP_b,lamp_wholewafer,,,,,,,2026-09-23 17:48:20,second,measure,A,33-53,2,10.0,9.995204,4A08_4B07,SMU,11,-2,
33-64,current,5.29098e-11,RESULT,,,,LaMP_HP_b,lamp_wholewafer,,,,,,,2026-09-23 17:48:20,third,measure,A,33-64,3,10.0,9.995212,2A07_2B08,SMU,10,-1,
33-54,current,2.24776e-10,RESULT,,,,LaMP_HP_b,lamp_wholewafer,,,,,,,2026-09-23 17:48:20,fourth,measure,A,33-54,4,10.0,9.99523,2A05_2B06,SMU,11,-1,
34-60,current,5.68775e-11,RESULT,,,,LaMP_HP_b,lamp_wholewafer,,,,,,,2026-09-23 17:48:27,first,measure,A,34-60,1,10.0,9.995296,4A06_4B05,SMU,10,0,
34-50,current,5.25745e-11,RESULT,,,,LaMP_HP_b,lamp_wholewafer,,,,,,,2026-09-23 17:48:27,second,measure,A,34-50,2,10.0,9.995262,4A08_4B07,SMU,11,0,
34-61,current,5.34783e-11,RESULT,,,,LaMP_HP_b,lamp_wholewafer,,,,,,,2026-09-23 17:48:27,third,measure,A,34-61,3,10.0,9.99529,2A07_2B08,SMU,10,1,
34-51,current,5.07384e-11,RESULT,,,,LaMP_HP_b,lamp_wholewafer,,,,,,,2026-09-23 17:48:27,fourth,measure,A,34-51,4,10.0,9.995287,2A05_2B06,SMU,11,1,
34-62,current,5.9282e-11,RESULT,,,,LaMP_HP_b,lamp_wholewafer,,,,,,,2026-09-23 17:48:33,first,measure,A,34-62,1,10.0,9.995254,4A06_4B05,SMU,10,2,
34-52,current,5.55758e-11,RESULT,,,,LaMP_HP_b,lamp_wholewafer,,,,,,,2026-09-23 17:48:33,second,measure,A,34-52,2,10.0,9.995255,4A08_4B07,SMU,11,2,
34-63,current,5.4996e-11,RESULT,,,,LaMP_HP_b,lamp_wholewafer,,,,,,,2026-09-23 17:48:33,third,measure,A,34-63,3,10.0,9.995295,2A07_2B08,SMU,10,3,
34-53,current,5.33476e-11,RESULT,,,,LaMP_HP_b,lamp_wholewafer,,,,,,,2026-09-23 17:48:33,fourth,measure,A,34-53,4,10.0,9.99527,2A05_2B06,SMU,11,3,
34-64,current,5.88443e-11,RESULT,,,,LaMP_HP_b,lamp_wholewafer,,,,,,,2026-09-23 17:48:40,first,measure,A,34-64,1,10.0,9.995228,4A06_4B05,SMU,10,4,
34-54,current,5.35863e-11,RESULT,,,,LaMP_HP_b,lamp_wholewafer,,,,,,,2026-09-23 17:48:40,second,measure,A,34-54,2,10.0,9.99518,4A08_4B07,SMU,11,4,
35-60,current,5.2637e-11,RESULT,,,,LaMP_HP_b,lamp_wholewafer,,,,,,,2026-09-23 17:48:40,third,measure,A,35-60,3,10.0,9.995262,2A07_2B08,SMU,10,5,
35-50,current,5.3933e-11,RESULT,,,,LaMP_HP_b,lamp_wholewafer,,,,,,,2026-09-23 17:48:40,fourth,measure,A,35-50,4,10.0,9.995244,2A05_2B06,SMU,11,5,
35-61,current,6.02029e-11,RESULT,,,,LaMP_HP_b,lamp_wholewafer,,,,,,,2026-09-23 17:48:47,first,measure,A,35-61,1,10.0,9.995408,4A06_4B05,SMU,10,6,
35-51,current,5.53541e-11,RESULT,,,,LaMP_HP_b,lamp_wholewafer,,,,,,,2026-09-23 17:48:47,second,measure,A,35-51,2,10.0,9.995302,4A08_4B07,SMU,11,6,
PCM,current,2.58467e-11,RESULT,,,,LaMP_HP_b,lamp_wholewafer,,,,,,,2026-09-23 17:48:47,third,measure,A,PCM,3,10.0,9.995263,2A07_2B08,SMU,10,7,
35-52,current,5.24153e-11,RESULT,,,,LaMP_HP_b,lamp_wholewafer,,,,,,,2026-09-23 17:48:47,fourth,measure,A,35-52,4,10.0,9.995305,2A05_2B06,SMU,11,7,
35-63,current,2.33177e-10,RESULT,,,,LaMP_HP_b,lamp_wholewafer,,,,,,,2026-09-23 17:48:53,first,measure,A,35-63,1,10.0,9.995259,4A06_4B05,SMU,10,8,
35-53,current,6.15557e-11,RESULT,,,,LaMP_HP_b,lamp_wholewafer,,,,,,,2026-09-23 17:48:53,second,measure,A,35-53,2,10.0,9.995271,4A08_4B07,SMU,11,8,
35-64,current,6.06519e-11,RESULT,,,,LaMP_HP_b,lamp_wholewafer,,,,,,,2026-09-23 17:48:53,third,measure,A,35-64,3,10.0,9.995367,2A07_2B08,SMU,10,9,
35-54,current,5.78211e-11,RESULT,,,,LaMP_HP_b,lamp_wholewafer,,,,,,,2026-09-23 17:48:53,fourth,measure,A,35-54,4,10.0,9.995321,2A05_2B06,SMU,11,9,
36-60,current,6.14477e-11,RESULT,,,,LaMP_HP_b,lamp_wholewafer,,,,,,,2026-09-23 17:49:00,first,measure,A,36-60,1,10.0,9.995254,4A06_4B05,SMU,10,10,
36-50,current,5.54564e-11,RESULT,,,,LaMP_HP_b,lamp_wholewafer,,,,,,,2026-09-23 17:49:00,second,measure,A,36-50,2,10.0,9.995267,4A08_4B07,SMU,11,10,
36-61,current,5.87249e-11,RESULT,,,,LaMP_HP_b,lamp_wholewafer,,,,,,,2026-09-23 17:49:00,third,measure,A,36-61,3,10.0,9.995266,2A07_2B08,SMU,10,11,
36-51,current,5.54223e-11,RESULT,,,,LaMP_HP_b,lamp_wholewafer,,,,,,,2026-09-23 17:49:00,fourth,measure,A,36-51,4,10.0,9.995306,2A05_2B06,SMU,11,11,
36-62,current,5.82929e-11,RESULT,,,,LaMP_HP_b,lamp_wholewafer,,,,,,,2026-09-23 17:49:06,first,measure,A,36-62,1,10.0,9.995322,4A06_4B05,SMU,10,12,
36-52,current,5.68207e-11,RESULT,,,,LaMP_HP_b,lamp_wholewafer,,,,,,,2026-09-23 17:49:06,second,measure,A,36-52,2,10.0,9.995287,4A08_4B07,SMU,11,12,
36-63,current,5.56668e-11,RESULT,,,,LaMP_HP_b,lamp_wholewafer,,,,,,,2026-09-23 17:49:06,third,measure,A,36-63,3,10.0,9.995268,2A07_2B08,SMU,10,13,
36-53,current,5.48823e-11,RESULT,,,,LaMP_HP_b,lamp_wholewafer,,,,,,,2026-09-23 17:49:06,fourth,measure,A,36-53,4,10.0,9.995268,2A05_2B06,SMU,11,13,
36-64,current,5.63262e-11,RESULT,,,,LaMP_HP_b,lamp_wholewafer,,,,,,,2026-09-23 17:49:13,first,measure,A,36-64,1,10.0,9.995249,4A06_4B05,SMU,10,14,
36-54,current,5.43423e-11,RESULT,,,,LaMP_HP_b,lamp_wholewafer,,,,,,,2026-09-23 17:49:13,second,measure,A,36-54,2,10.0,9.995241,4A08_4B07,SMU,11,14,
37-60,current,4.85727e-11,RESULT,,,,LaMP_HP_b,lamp_wholewafer,,,,,,,2026-09-23 17:49:13,third,measure,A,37-60,3,10.0,9.99526,2A07_2B08,SMU,10,15,
37-50,current,4.88797e-11,RESULT,,,,LaMP_HP_b,lamp_wholewafer,,,,,,,2026-09-23 17:49:13,fourth,measure,A,37-50,4,10.0,9.995287,2A05_2B06,SMU,11,15,
37-61,current,5.04656e-11,RESULT,,,,LaMP_HP_b,lamp_wholewafer,,,,,,,2026-09-23 17:49:20,first,measure,A,37-61,1,10.0,9.995352,4A06_4B05,SMU,10,16,
37-51,current,4.73506e-11,RESULT,,,,LaMP_HP_b,lamp_wholewafer,,,,,,,2026-09-23 17:49:20,second,measure,A,37-51,2,10.0,9.995307,4A08_4B07,SMU,11,16,
PCM,current,2.50282e-11,RESULT,,,,LaMP_HP_b,lamp_wholewafer,,,,,,,2026-09-23 17:49:20,third,measure,A,PCM,3,10.0,9.995295,2A07_2B08,SMU,10,17,
37-52,current,4.3525e-11,RESULT,,,,LaMP_HP_b,lamp_wholewafer,,,,,,,2026-09-23 17:49:20,fourth,measure,A,37-52,4,10.0,9.995263,2A05_2B06,SMU,11,17,
30-42,current,1.22753e-10,RESULT,,,,LaMP_HP_b,lamp_wholewafer,,,,,,,2026-09-23 17:49:26,first,measure,A,30-42,1,10.0,9.995299,4A06_4B05,SMU,12,-18,
30-32,current,6.31701e-11,RESULT,,,,LaMP_HP_b,lamp_wholewafer,,,,,,,2026-09-23 17:49:26,second,measure,A,30-32,2,10.0,9.995322,4A08_4B07,SMU,13,-18,
30-43,current,5.79291e-11,RESULT,,,,LaMP_HP_b,lamp_wholewafer,,,,,,,2026-09-23 17:49:26,third,measure,A,30-43,3,10.0,9.995306,2A07_2B08,SMU,12,-17,
30-33,current,5.48823e-11,RESULT,,,,LaMP_HP_b,lamp_wholewafer,,,,,,,2026-09-23 17:49:26,fourth,measure,A,30-33,4,10.0,9.995333,2A05_2B06,SMU,13,-17,
30-44,current,5.76392e-11,RESULT,,,,LaMP_HP_b,lamp_wholewafer,,,,,,,2026-09-23 17:49:33,first,measure,A,30-44,1,10.0,9.995207,4A06_4B05,SMU,12,-16,
30-34,current,5.73891e-11,RESULT,,,,LaMP_HP_b,lamp_wholewafer,,,,,,,2026-09-23 17:49:33,second,measure,A,30-34,2,10.0,9.995173,4A08_4B07,SMU,13,-16,
31-40,current,5.23755e-11,RESULT,,,,LaMP_HP_b,lamp_wholewafer,,,,,,,2026-09-23 17:49:33,third,measure,A,31-40,3,10.0,9.995218,2A07_2B08,SMU,12,-15,
31-30,current,6.02142e-11,RESULT,,,,LaMP_HP_b,lamp_wholewafer,,,,,,,2026-09-23 17:49:33,fourth,measure,A,31-30,4,10.0,9.995238,2A05_2B06,SMU,13,-15,
31-41,current,5.69969e-11,RESULT,,,,LaMP_HP_b,lamp_wholewafer,,,,,,,2026-09-23 17:49:40,first,measure,A,31-41,1,10.0,9.995235,4A06_4B05,SMU,12,-14,
31-31,current,4.97437e-11,RESULT,,,,LaMP_HP_b,lamp_wholewafer,,,,,,,2026-09-23 17:49:40,second,measure,A,31-31,2,10.0,9.995314,4A08_4B07,SMU,13,-14,
31-42,current,1.12203e-10,RESULT,,,,LaMP_HP_b,lamp_wholewafer,,,,,,,2026-09-23 17:49:40,third,measure,A,31-42,3,10.0,9.995253,2A07_2B08,SMU,12,-13,
31-32,current,6.49607e-11,RESULT,,,,LaMP_HP_b,lamp_wholewafer,,,,,,,2026-09-23 17:49:40,fourth,measure,A,31-32,4,10.0,9.99522,2A05_2B06,SMU,13,-13,
31-43,current,6.22492e-11,RESULT,,,,LaMP_HP_b,lamp_wholewafer,,,,,,,2026-09-23 17:49:46,first,measure,A,31-43,1,10.0,9.995274,4A06_4B05,SMU,12,-12,
31-33,current,5.79746e-11,RESULT,,,,LaMP_HP_b,lamp_wholewafer,,,,,,,2026-09-23 17:49:46,second,measure,A,31-33,2,10.0,9.995244,4A08_4B07,SMU,13,-12,
31-44,current,1.09588e-10,RESULT,,,,LaMP_HP_b,lamp_wholewafer,,,,,,,2026-09-23 17:49:46,third,measure,A,31-44,3,10.0,9.995249,2A07_2B08,SMU,12,-11,
31-34,current,6.62283e-11,RESULT,,,,LaMP_HP_b,lamp_wholewafer,,,,,,,2026-09-23 17:49:46,fourth,measure,A,31-34,4,10.0,9.995283,2A05_2B06,SMU,13,-11,
32-40,current,6.70241e-11,RESULT,,,,LaMP_HP_b,lamp_wholewafer,,,,,,,2026-09-23 17:49:53,first,measure,A,32-40,1,10.0,9.995207,4A06_4B05,SMU,12,-10,
32-30,current,6.06974e-11,RESULT,,,,LaMP_HP_b,lamp_wholewafer,,,,,,,2026-09-23 17:49:53,second,measure,A,32-30,2,10.0,9.995172,4A08_4B07,SMU,13,-10,
32-41,current,5.85032e-11,RESULT,,,,LaMP_HP_b,lamp_wholewafer,,,,,,,2026-09-23 17:49:53,third,measure,A,32-41,3,10.0,9.995149,2A07_2B08,SMU,12,-9,
32-31,current,5.91285e-11,RESULT,,,,LaMP_HP_b,lamp_wholewafer,,,,,,,2026-09-23 17:49:53,fourth,measure,A,32-31,4,10.0,9.995226,2A05_2B06,SMU,13,-9,
32-42,current,6.93149e-11,RESULT,,,,LaMP_HP_b,lamp_wholewafer,,,,,,,2026-09-23 17:49:59,first,measure,A,32-42,1,10.0,9.995275,4A06_4B05,SMU,12,-8,
32-32,current,6.26869e-11,RESULT,,,,LaMP_HP_b,lamp_wholewafer,,,,,,,2026-09-23 17:49:59,second,measure,A,32-32,2,10.0,9.995287,4A08_4B07,SMU,13,-8,
32-43,current,5.55076e-11,RESULT,,,,LaMP_HP_b,lamp_wholewafer,,,,,,,2026-09-23 17:49:59,third,measure,A,32-43,3,10.0,9.995288,2A07_2B08,SMU,12,-7,
32-33,current,5.65535e-11,RESULT,,,,LaMP_HP_b,lamp_wholewafer,,,,,,,2026-09-23 17:49:59,fourth,measure,A,32-33,4,10.0,9.995274,2A05_2B06,SMU,13,-7,
32-44,current,6.39886e-11,RESULT,,,,LaMP_HP_b,lamp_wholewafer,,,,,,,2026-09-23 17:50:06,first,measure,A,32-44,1,10.0,9.995317,4A06_4B05,SMU,12,-6,
32-34,current,6.26301e-11,RESULT,,,,LaMP_HP_b,lamp_wholewafer,,,,,,,2026-09-23 17:50:06,second,measure,A,32-34,2,10.0,9.995256,4A08_4B07,SMU,13,-6,
33-40,current,5.60078e-11,RESULT,,,,LaMP_HP_b,lamp_wholewafer,,,,,,,2026-09-23 17:50:06,third,measure,A,33-40,3,10.0,9.995199,2A07_2B08,SMU,12,-5,
33-30,current,5.62352e-11,RESULT,,,,LaMP_HP_b,lamp_wholewafer,,,,,,,2026-09-23 17:50:06,fourth,measure,A,33-30,4,10.0,9.99527,2A05_2B06,SMU,13,-5,
33-41,current,5.98163e-11,RESULT,,,,LaMP_HP_b,lamp_wholewafer,,,,,,,2026-09-23 17:50:13,first,measure,A,33-41,1,10.0,9.995272,4A06_4B05,SMU,12,-4,
33-31,current,5.77927e-11,RESULT,,,,LaMP_HP_b,lamp_wholewafer,,,,,,,2026-09-23 17:50:13,second,measure,A,33-31,2,10.0,9.995257,4A08_4B07,SMU,13,-4,
33-42,current,5.53371e-11,RESULT,,,,LaMP_HP_b,lamp_wholewafer,,,,,,,2026-09-23 17:50:13,third,measure,A,33-42,3,10.0,9.995267,2A07_2B08,SMU,12,-3,
33-32,current,5.44674e-11,RESULT,,,,LaMP_HP_b,lamp_wholewafer,,,,,,,2026-09-23 17:50:13,fourth,measure,A,33-32,4,10.0,9.995242,2A05_2B06,SMU,13,-3,
33-43,current,5.98277e-11,RESULT,,,,LaMP_HP_b,lamp_wholewafer,,,,,,,2026-09-23 17:50:19,first,measure,A,33-43,1,10.0,9.995306,4A06_4B05,SMU,12,-2,
33-33,current,5.63148e-11,RESULT,,,,LaMP_HP_b,lamp_wholewafer,,,,,,,2026-09-23 17:50:19,second,measure,A,33-33,2,10.0,9.995295,4A08_4B07,SMU,13,-2,
33-44,current,5.04883e-11,RESULT,,,,LaMP_HP_b,lamp_wholewafer,,,,,,,2026-09-23 17:50:19,third,measure,A,33-44,3,10.0,9.995243,2A07_2B08,SMU,12,-1,
33-34,current,5.34214e-11,RESULT,,,,LaMP_HP_b,lamp_wholewafer,,,,,,,2026-09-23 17:50:19,fourth,measure,A,33-34,4,10.0,9.99525,2A05_2B06,SMU,13,-1,
34-40,current,5.64285e-11,RESULT,,,,LaMP_HP_b,lamp_wholewafer,,,,,,,2026-09-23 17:50:26,first,measure,A,34-40,1,10.0,9.995222,4A06_4B05,SMU,12,0,
34-30,current,5.57805e-11,RESULT,,,,LaMP_HP_b,lamp_wholewafer,,,,,,,2026-09-23 17:50:26,second,measure,A,34-30,2,10.0,9.99526,4A08_4B07,SMU,13,0,
34-41,current,5.50699e-11,RESULT,,,,LaMP_HP_b,lamp_wholewafer,,,,,,,2026-09-23 17:50:26,third,measure,A,34-41,3,10.0,9.995305,2A07_2B08,SMU,12,1,
34-31,current,5.13978e-11,RESULT,,,,LaMP_HP_b,lamp_wholewafer,,,,,,,2026-09-23 17:50:26,fourth,measure,A,34-31,4,10.0,9.995327,2A05_2B06,SMU,13,1,
34-42,current,5.63489e-11,RESULT,,,,LaMP_HP_b,lamp_wholewafer,,,,,,,2026-09-23 17:50:32,first,measure,A,34-42,1,10.0,9.995221,4A06_4B05,SMU,12,2,
34-32,current,5.46891e-11,RESULT,,,,LaMP_HP_b,lamp_wholewafer,,,,,,,2026-09-23 17:50:32,second,measure,A,34-32,2,10.0,9.995228,4A08_4B07,SMU,13,2,
34-43,current,5.44333e-11,RESULT,,,,LaMP_HP_b,lamp_wholewafer,,,,,,,2026-09-23 17:50:32,third,measure,A,34-43,3,10.0,9.995279,2A07_2B08,SMU,12,3,
34-33,current,5.35351e-11,RESULT,,,,LaMP_HP_b,lamp_wholewafer,,,,,,,2026-09-23 17:50:32,fourth,measure,A,34-33,4,10.0,9.995309,2A05_2B06,SMU,13,3,
34-44,current,6.05724e-11,RESULT,,,,LaMP_HP_b,lamp_wholewafer,,,,,,,2026-09-23 17:50:39,first,measure,A,34-44,1,10.0,9.995328,4A06_4B05,SMU,12,4,
34-34,current,5.27109e-11,RESULT,,,,LaMP_HP_b,lamp_wholewafer,,,,,,,2026-09-23 17:50:39,second,measure,A,34-34,2,10.0,9.995284,4A08_4B07,SMU,13,4,
35-40,current,5.07896e-11,RESULT,,,,LaMP_HP_b,lamp_wholewafer,,,,,,,2026-09-23 17:50:39,third,measure,A,35-40,3,10.0,9.995317,2A07_2B08,SMU,12,5,
35-30,current,5.6832e-11,RESULT,,,,LaMP_HP_b,lamp_wholewafer,,,,,,,2026-09-23 17:50:39,fourth,measure,A,35-30,4,10.0,9.995291,2A05_2B06,SMU,13,5,
35-41,current,6.12488e-11,RESULT,,,,LaMP_HP_b,lamp_wholewafer,,,,,,,2026-09-23 17:50:46,first,measure,A,35-41,1,10.0,9.995337,4A06_4B05,SMU,12,6,
35-31,current,5.66558e-11,RESULT,,,,LaMP_HP_b,lamp_wholewafer,,,,,,,2026-09-23 17:50:46,second,measure,A,35-31,2,10.0,9.995298,4A08_4B07,SMU,13,6,
35-42,current,5.60021e-11,RESULT,,,,LaMP_HP_b,lamp_wholewafer,,,,,,,2026-09-23 17:50:46,third,measure,A,35-42,3,10.0,9.995306,2A07_2B08,SMU,12,7,
35-32,current,5.11363e-11,RESULT,,,,LaMP_HP_b,lamp_wholewafer,,,,,,,2026-09-23 17:50:46,fourth,measure,A,35-32,4,10.0,9.995301,2A05_2B06,SMU,13,7,
35-43,current,5.74005e-11,RESULT,,,,LaMP_HP_b,lamp_wholewafer,,,,,,,2026-09-23 17:50:52,first,measure,A,35-43,1,10.0,9.995191,4A06_4B05,SMU,12,8,
35-33,current,5.48539e-11,RESULT,,,,LaMP_HP_b,lamp_wholewafer,,,,,,,2026-09-23 17:50:52,second,measure,A,35-33,2,10.0,9.995211,4A08_4B07,SMU,13,8,
35-44,current,5.52404e-11,RESULT,,,,LaMP_HP_b,lamp_wholewafer,,,,,,,2026-09-23 17:50:52,third,measure,A,35-44,3,10.0,9.99523,2A07_2B08,SMU,12,9,
35-34,current,5.19833e-11,RESULT,,,,LaMP_HP_b,lamp_wholewafer,,,,,,,2026-09-23 17:50:52,fourth,measure,A,35-34,4,10.0,9.995282,2A05_2B06,SMU,13,9,
36-40,current,5.78609e-11,RESULT,,,,LaMP_HP_b,lamp_wholewafer,,,,,,,2026-09-23 17:50:59,first,measure,A,36-40,1,10.0,9.99534,4A06_4B05,SMU,12,10,
36-30,current,5.4655e-11,RESULT,,,,LaMP_HP_b,lamp_wholewafer,,,,,,,2026-09-23 17:50:59,second,measure,A,36-30,2,10.0,9.995298,4A08_4B07,SMU,13,10,
36-41,current,5.11932e-11,RESULT,,,,LaMP_HP_b,lamp_wholewafer,,,,,,,2026-09-23 17:50:59,third,measure,A,36-41,3,10.0,9.995363,2A07_2B08,SMU,12,11,
36-31,current,5.39444e-11,RESULT,,,,LaMP_HP_b,lamp_wholewafer,,,,,,,2026-09-23 17:50:59,fourth,measure,A,36-31,4,10.0,9.995371,2A05_2B06,SMU,13,11,
36-42,current,5.59567e-11,RESULT,,,,LaMP_HP_b,lamp_wholewafer,,,,,,,2026-09-23 17:51:05,first,measure,A,36-42,1,10.0,9.995317,4A06_4B05,SMU,12,12,
36-32,current,5.23244e-11,RESULT,,,,LaMP_HP_b,lamp_wholewafer,,,,,,,2026-09-23 17:51:05,second,measure,A,36-32,2,10.0,9.995395,4A08_4B07,SMU,13,12,
36-43,current,5.32566e-11,RESULT,,,,LaMP_HP_b,lamp_wholewafer,,,,,,,2026-09-23 17:51:05,third,measure,A,36-43,3,10.0,9.995346,2A07_2B08,SMU,12,13,
36-33,current,4.93401e-11,RESULT,,,,LaMP_HP_b,lamp_wholewafer,,,,,,,2026-09-23 17:51:05,fourth,measure,A,36-33,4,10.0,9.995393,2A05_2B06,SMU,13,13,
36-44,current,5.56156e-11,RESULT,,,,LaMP_HP_b,lamp_wholewafer,,,,,,,2026-09-23 17:51:12,first,measure,A,36-44,1,10.0,9.995375,4A06_4B05,SMU,12,14,
36-34,current,5.08976e-11,RESULT,,,,LaMP_HP_b,lamp_wholewafer,,,,,,,2026-09-23 17:51:12,second,measure,A,36-34,2,10.0,9.99531,4A08_4B07,SMU,13,14,
37-40,current,4.76973e-11,RESULT,,,,LaMP_HP_b,lamp_wholewafer,,,,,,,2026-09-23 17:51:12,third,measure,A,37-40,3,10.0,9.995385,2A07_2B08,SMU,12,15,
37-30,current,4.4065e-11,RESULT,,,,LaMP_HP_b,lamp_wholewafer,,,,,,,2026-09-23 17:51:12,fourth,measure,A,37-30,4,10.0,9.995356,2A05_2B06,SMU,13,15,
37-41,current,5.18924e-11,RESULT,,,,LaMP_HP_b,lamp_wholewafer,,,,,,,2026-09-23 17:51:19,first,measure,A,37-41,1,10.0,9.995378,4A06_4B05,SMU,12,16,
37-31,current,4.55032e-11,RESULT,,,,LaMP_HP_b,lamp_wholewafer,,,,,,,2026-09-23 17:51:19,second,measure,A,37-31,2,10.0,9.995371,4A08_4B07,SMU,13,16,
37-42,current,4.28372e-11,RESULT,,,,LaMP_HP_b,lamp_wholewafer,,,,,,,2026-09-23 17:51:19,third,measure,A,37-42,3,10.0,9.99532,2A07_2B08,SMU,12,17,
37-32,current,4.58897e-11,RESULT,,,,LaMP_HP_b,lamp_wholewafer,,,,,,,2026-09-23 17:51:19,fourth,measure,A,37-32,4,10.0,9.99527,2A05_2B06,SMU,13,17,
30-22,current,5.24437e-11,RESULT,,,,LaMP_HP_b,lamp_wholewafer,,,,,,,2026-09-23 17:51:26,first,measure,A,30-22,1,10.0,9.995195,4A06_4B05,SMU,14,-18,
30-12,current,4.08591e-11,RESULT,,,,LaMP_HP_b,lamp_wholewafer,,,,,,,2026-09-23 17:51:26,second,measure,A,30-12,2,10.0,9.995255,4A08_4B07,SMU,15,-18,
30-23,current,5.62636e-11,RESULT,,,,LaMP_HP_b,lamp_wholewafer,,,,,,,2026-09-23 17:51:26,third,measure,A,30-23,3,10.0,9.995246,2A07_2B08,SMU,14,-17,
30-13,current,5.19606e-11,RESULT,,,,LaMP_HP_b,lamp_wholewafer,,,,,,,2026-09-23 17:51:26,fourth,measure,A,30-13,4,10.0,9.995284,2A05_2B06,SMU,15,-17,
30-24,current,6.53188e-11,RESULT,,,,LaMP_HP_b,lamp_wholewafer,,,,,,,2026-09-23 17:51:32,first,measure,A,30-24,1,10.0,9.995238,4A06_4B05,SMU,14,-16,
30-14,current,5.00108e-11,RESULT,,,,LaMP_HP_b,lamp_wholewafer,,,,,,,2026-09-23 17:51:32,second,measure,A,30-14,2,10.0,9.995236,4A08_4B07,SMU,15,-16,
31-20,current,5.39273e-11,RESULT,,,,LaMP_HP_b,lamp_wholewafer,,,,,,,2026-09-23 17:51:32,third,measure,A,31-20,3,10.0,9.995313,2A07_2B08,SMU,14,-15,
31-10,current,6.15159e-11,RESULT,,,,LaMP_HP_b,lamp_wholewafer,,,,,,,2026-09-23 17:51:32,fourth,measure,A,31-10,4,10.0,9.995296,2A05_2B06,SMU,15,-15,
31-21,current,5.68718e-11,RESULT,,,,LaMP_HP_b,lamp_wholewafer,,,,,,,2026-09-23 17:51:39,first,measure,A,31-21,1,10.0,9.995226,4A06_4B05,SMU,14,-14,
31-11,current,5.02268e-11,RESULT,,,,LaMP_HP_b,lamp_wholewafer,,,,,,,2026-09-23 17:51:39,second,measure,A,31-11,2,10.0,9.995207,4A08_4B07,SMU,15,-14,
31-22,current,5.03178e-11,RESULT,,,,LaMP_HP_b,lamp_wholewafer,,,,,,,2026-09-23 17:51:39,third,measure,A,31-22,3,10.0,9.99521,2A07_2B08,SMU,14,-13,
31-12,current,5.43196e-11,RESULT,,,,LaMP_HP_b,lamp_wholewafer,,,,,,,2026-09-23 17:51:39,fourth,measure,A,31-12,4,10.0,9.99526,2A05_2B06,SMU,15,-13,
31-23,current,5.83043e-11,RESULT,,,,LaMP_HP_b,lamp_wholewafer,,,,,,,2026-09-23 17:51:45,first,measure,A,31-23,1,10.0,9.995268,4A06_4B05,SMU,14,-12,
31-13,current,5.65763e-11,RESULT,,,,LaMP_HP_b,lamp_wholewafer,,,,,,,2026-09-23 17:51:45,second,measure,A,31-13,2,10.0,9.995234,4A08_4B07,SMU,15,-12,
31-24,current,5.38023e-11,RESULT,,,,LaMP_HP_b,lamp_wholewafer,,,,,,,2026-09-23 17:51:45,third,measure,A,31-24,3,10.0,9.995161,2A07_2B08,SMU,14,-11,
31-14,current,5.10056e-11,RESULT,,,,LaMP_HP_b,lamp_wholewafer,,,,,,,2026-09-23 17:51:45,fourth,measure,A,31-14,4,10.0,9.995123,2A05_2B06,SMU,15,-11,
32-20,current,5.84237e-11,RESULT,,,,LaMP_HP_b,lamp_wholewafer,,,,,,,2026-09-23 17:51:52,first,measure,A,32-20,1,10.0,9.995188,4A06_4B05,SMU,14,-10,
32-10,current,5.50642e-11,RESULT,,,,LaMP_HP_b,lamp_wholewafer,,,,,,,2026-09-23 17:51:52,second,measure,A,32-10,2,10.0,9.995148,4A08_4B07,SMU,15,-10,
32-21,current,5.66161e-11,RESULT,,,,LaMP_HP_b,lamp_wholewafer,,,,,,,2026-09-23 17:51:52,third,measure,A,32-21,3,10.0,9.995252,2A07_2B08,SMU,14,-9,
32-11,current,5.16195e-11,RESULT,,,,LaMP_HP_b,lamp_wholewafer,,,,,,,2026-09-23 17:51:52,fourth,measure,A,32-11,4,10.0,9.995239,2A05_2B06,SMU,15,-9,
32-22,current,6.54438e-11,RESULT,,,,LaMP_HP_b,lamp_wholewafer,,,,,,,2026-09-23 17:51:58,first,measure,A,32-22,1,10.0,9.995243,4A06_4B05,SMU,14,-8,
32-12,current,5.67866e-11,RESULT,,,,LaMP_HP_b,lamp_wholewafer,,,,,,,2026-09-23 17:51:58,second,measure,A,32-12,2,10.0,9.995204,4A08_4B07,SMU,15,-8,
32-23,current,5.12898e-11,RESULT,,,,LaMP_HP_b,lamp_wholewafer,,,,,,,2026-09-23 17:51:58,third,measure,A,32-23,3,10.0,9.995208,2A07_2B08,SMU,14,-7,
32-13,current,5.6059e-11,RESULT,,,,LaMP_HP_b,lamp_wholewafer,,,,,,,2026-09-23 17:51:58,fourth,measure,A,32-13,4,10.0,9.995253,2A05_2B06,SMU,15,-7,
32-24,current,6.14705e-11,RESULT,,,,LaMP_HP_b,lamp_wholewafer,,,,,,,2026-09-23 17:52:05,first,measure,A,32-24,1,10.0,9.99524,4A06_4B05,SMU,14,-6,
32-14,current,5.76961e-11,RESULT,,,,LaMP_HP_b,lamp_wholewafer,,,,,,,2026-09-23 17:52:05,second,measure,A,32-14,2,10.0,9.995218,4A08_4B07,SMU,15,-6,
33-20,current,5.41888e-11,RESULT,,,,LaMP_HP_b,lamp_wholewafer,,,,,,,2026-09-23 17:52:05,third,measure,A,33-20,3,10.0,9.995224,2A07_2B08,SMU,14,-5,
33-10,current,5.39501e-11,RESULT,,,,LaMP_HP_b,lamp_wholewafer,,,,,,,2026-09-23 17:52:05,fourth,measure,A,33-10,4,10.0,9.995158,2A05_2B06,SMU,15,-5,
33-21,current,5.87647e-11,RESULT,,,,LaMP_HP_b,lamp_wholewafer,,,,,,,2026-09-23 17:52:12,first,measure,A,33-21,1,10.0,9.995192,4A06_4B05,SMU,14,-4,
33-11,current,5.37796e-11,RESULT,,,,LaMP_HP_b,lamp_wholewafer,,,,,,,2026-09-23 17:52:12,second,measure,A,33-11,2,10.0,9.995202,4A08_4B07,SMU,15,-4,
33-22,current,5.37227e-11,RESULT,,,,LaMP_HP_b,lamp_wholewafer,,,,,,,2026-09-23 17:52:12,third,measure,A,33-22,3,10.0,9.99516,2A07_2B08,SMU,14,-3,
33-12,current,5.2313e-11,RESULT,,,,LaMP_HP_b,lamp_wholewafer,,,,,,,2026-09-23 17:52:12,fourth,measure,A,33-12,4,10.0,9.995171,2A05_2B06,SMU,15,-3,
33-23,current,5.56724e-11,RESULT,,,,LaMP_HP_b,lamp_wholewafer,,,,,,,2026-09-23 17:52:18,first,measure,A,33-23,1,10.0,9.99522,4A06_4B05,SMU,14,-2,
33-13,current,5.6292e-11,RESULT,,,,LaMP_HP_b,lamp_wholewafer,,,,,,,2026-09-23 17:52:18,second,measure,A,33-13,2,10.0,9.995333,4A08_4B07,SMU,15,-2,
33-24,current,5.31827e-11,RESULT,,,,LaMP_HP_b,lamp_wholewafer,,,,,,,2026-09-23 17:52:18,third,measure,A,33-24,3,10.0,9.995353,2A07_2B08,SMU,14,-1,
33-14,current,5.38023e-11,RESULT,,,,LaMP_HP_b,lamp_wholewafer,,,,,,,2026-09-23 17:52:18,fourth,measure,A,33-14,4,10.0,9.995401,2A05_2B06,SMU,15,-1,
34-20,current,5.86226e-11,RESULT,,,,LaMP_HP_b,lamp_wholewafer,,,,,,,2026-09-23 17:52:25,first,measure,A,34-20,1,10.0,9.995337,4A06_4B05,SMU,14,0,
34-10,current,5.71276e-11,RESULT,,,,LaMP_HP_b,lamp_wholewafer,,,,,,,2026-09-23 17:52:25,second,measure,A,34-10,2,10.0,9.995358,4A08_4B07,SMU,15,0,
34-21,current,5.52234e-11,RESULT,,,,LaMP_HP_b,lamp_wholewafer,,,,,,,2026-09-23 17:52:25,third,measure,A,34-21,3,10.0,9.995376,2A07_2B08,SMU,14,1,
34-11,current,5.42798e-11,RESULT,,,,LaMP_HP_b,lamp_wholewafer,,,,,,,2026-09-23 17:52:25,fourth,measure,A,34-11,4,10.0,9.995432,2A05_2B06,SMU,15,1,
34-22,current,5.68036e-11,RESULT,,,,LaMP_HP_b,lamp_wholewafer,,,,,,,2026-09-23 17:52:31,first,measure,A,34-22,1,10.0,9.995356,4A06_4B05,SMU,14,2,
34-12,current,5.38421e-11,RESULT,,,,LaMP_HP_b,lamp_wholewafer,,,,,,,2026-09-23 17:52:31,second,measure,A,34-12,2,10.0,9.995325,4A08_4B07,SMU,15,2,
34-23,current,5.48425e-11,RESULT,,,,LaMP_HP_b,lamp_wholewafer,,,,,,,2026-09-23 17:52:31,third,measure,A,34-23,3,10.0,9.99526,2A07_2B08,SMU,14,3,
34-13,current,5.26768e-11,RESULT,,,,LaMP_HP_b,lamp_wholewafer,,,,,,,2026-09-23 17:52:31,fourth,measure,A,34-13,4,10.0,9.995275,2A05_2B06,SMU,15,3,
34-24,current,6.1408e-11,RESULT,,,,LaMP_HP_b,lamp_wholewafer,,,,,,,2026-09-23 17:52:38,first,measure,A,34-24,1,10.0,9.995329,4A06_4B05,SMU,14,4,
34-14,current,5.39956e-11,RESULT,,,,LaMP_HP_b,lamp_wholewafer,,,,,,,2026-09-23 17:52:38,second,measure,A,34-14,2,10.0,9.995322,4A08_4B07,SMU,15,4,
35-20,current,5.53769e-11,RESULT,,,,LaMP_HP_b,lamp_wholewafer,,,,,,,2026-09-23 17:52:38,third,measure,A,35-20,3,10.0,9.995316,2A07_2B08,SMU,14,5,
35-10,current,4.93571e-11,RESULT,,,,LaMP_HP_b,lamp_wholewafer,,,,,,,2026-09-23 17:52:38,fourth,measure,A,35-10,4,10.0,9.995343,2A05_2B06,SMU,15,5,
35-21,current,5.94923e-11,RESULT,,,,LaMP_HP_b,lamp_wholewafer,,,,,,,2026-09-23 17:52:45,first,measure,A,35-21,1,10.0,9.995444,4A06_4B05,SMU,14,6,
35-11,current,5.43196e-11,RESULT,,,,LaMP_HP_b,lamp_wholewafer,,,,,,,2026-09-23 17:52:45,second,measure,A,35-11,2,10.0,9.995397,4A08_4B07,SMU,15,6,
35-22,current,5.30292e-11,RESULT,,,,LaMP_HP_b,lamp_wholewafer,,,,,,,2026-09-23 17:52:45,third,measure,A,35-22,3,10.0,9.995329,2A07_2B08,SMU,14,7,
35-12,current,5.16536e-11,RESULT,,,,LaMP_HP_b,lamp_wholewafer,,,,,,,2026-09-23 17:52:45,fourth,measure,A,35-12,4,10.0,9.995417,2A05_2B06,SMU,15,7,
35-23,current,5.95946e-11,RESULT,,,,LaMP_HP_b,lamp_wholewafer,,,,,,,2026-09-23 17:52:51,first,measure,A,35-23,1,10.0,9.99538,4A06_4B05,SMU,14,8,
35-13,current,5.33362e-11,RESULT,,,,LaMP_HP_b,lamp_wholewafer,,,,,,,2026-09-23 17:52:51,second,measure,A,35-13,2,10.0,9.995398,4A08_4B07,SMU,15,8,
35-24,current,5.30349e-11,RESULT,,,,LaMP_HP_b,lamp_wholewafer,,,,,,,2026-09-23 17:52:51,third,measure,A,35-24,3,10.0,9.995417,2A07_2B08,SMU,14,9,
35-14,current,5.35465e-11,RESULT,,,,LaMP_HP_b,lamp_wholewafer,,,,,,,2026-09-23 17:52:51,fourth,measure,A,35-14,4,10.0,9.995323,2A05_2B06,SMU,15,9,
36-20,current,5.6832e-11,RESULT,,,,LaMP_HP_b,lamp_wholewafer,,,,,,,2026-09-23 17:52:58,first,measure,A,36-20,1,10.0,9.995297,4A06_4B05,SMU,14,10,
36-10,current,5.24778e-11,RESULT,,,,LaMP_HP_b,lamp_wholewafer,,,,,,,2026-09-23 17:52:58,second,measure,A,36-10,2,10.0,9.995262,4A08_4B07,SMU,15,10,
36-21,current,5.47118e-11,RESULT,,,,LaMP_HP_b,lamp_wholewafer,,,,,,,2026-09-23 17:52:58,third,measure,A,36-21,3,10.0,9.995321,2A07_2B08,SMU,14,11,
36-11,current,4.98346e-11,RESULT,,,,LaMP_HP_b,lamp_wholewafer,,,,,,,2026-09-23 17:52:58,fourth,measure,A,36-11,4,10.0,9.995277,2A05_2B06,SMU,15,11,
36-22,current,5.37454e-11,RESULT,,,,LaMP_HP_b,lamp_wholewafer,,,,,,,2026-09-23 17:53:04,first,measure,A,36-22,1,10.0,9.995264,4A06_4B05,SMU,14,12,
36-12,current,5.49051e-11,RESULT,,,,LaMP_HP_b,lamp_wholewafer,,,,,,,2026-09-23 17:53:04,second,measure,A,36-12,2,10.0,9.995289,4A08_4B07,SMU,15,12,
36-23,current,5.25631e-11,RESULT,,,,LaMP_HP_b,lamp_wholewafer,,,,,,,2026-09-23 17:53:04,third,measure,A,36-23,3,10.0,9.995245,2A07_2B08,SMU,14,13,
36-13,current,5.39728e-11,RESULT,,,,LaMP_HP_b,lamp_wholewafer,,,,,,,2026-09-23 17:53:04,fourth,measure,A,36-13,4,10.0,9.995218,2A05_2B06,SMU,15,13,
36-24,current,5.63546e-11,RESULT,,,,LaMP_HP_b,lamp_wholewafer,,,,,,,2026-09-23 17:53:11,first,measure,A,36-24,1,10.0,9.995363,4A06_4B05,SMU,14,14,
36-14,current,5.03974e-11,RESULT,,,,LaMP_HP_b,lamp_wholewafer,,,,,,,2026-09-23 17:53:11,second,measure,A,36-14,2,10.0,9.995327,4A08_4B07,SMU,15,14,
37-20,current,6.71594e-10,RESULT,,,,LaMP_HP_b,lamp_wholewafer,,,,,,,2026-09-23 17:53:11,third,measure,A,37-20,3,10.0,9.99533,2A07_2B08,SMU,14,15,
37-10,current,4.5037e-11,RESULT,,,,LaMP_HP_b,lamp_wholewafer,,,,,,,2026-09-23 17:53:11,fourth,measure,A,37-10,4,10.0,9.995245,2A05_2B06,SMU,15,15,
37-21,current,5.03292e-11,RESULT,,,,LaMP_HP_b,lamp_wholewafer,,,,,,,2026-09-23 17:53:17,first,measure,A,37-21,1,10.0,9.995332,4A06_4B05,SMU,14,16,
37-11,current,4.58272e-11,RESULT,,,,LaMP_HP_b,lamp_wholewafer,,,,,,,2026-09-23 17:53:17,second,measure,A,37-11,2,10.0,9.995297,4A08_4B07,SMU,15,16,
37-22,current,4.35591e-11,RESULT,,,,LaMP_HP_b,lamp_wholewafer,,,,,,,2026-09-23 17:53:17,third,measure,A,37-22,3,10.0,9.995251,2A07_2B08,SMU,14,17,
37-12,current,4.25075e-11,RESULT,,,,LaMP_HP_b,lamp_wholewafer,,,,,,,2026-09-23 17:53:17,fourth,measure,A,37-12,4,10.0,9.995284,2A05_2B06,SMU,15,17,
NA,current,4.7811e-11,RESULT,,,,LaMP_HP_b,lamp_wholewafer,,,,,,,2026-09-23 17:53:24,first,measure,A,NA,1,10.0,9.995322,4A06_4B05,SMU,16,-18,
NA,current,4.26382e-11,RESULT,,,,LaMP_HP_b,lamp_wholewafer,,,,,,,2026-09-23 17:53:24,second,measure,A,NA,2,10.0,9.995356,4A08_4B07,SMU,17,-18,
30-03,current,4.74245e-11,RESULT,,,,LaMP_HP_b,lamp_wholewafer,,,,,,,2026-09-23 17:53:24,third,measure,A,30-03,3,10.0,9.995345,2A07_2B08,SMU,16,-17,
20-73,current,4.6083e-11,RESULT,,,,LaMP_HP_b,lamp_wholewafer,,,,,,,2026-09-23 17:53:24,fourth,measure,A,20-73,4,10.0,9.995344,2A05_2B06,SMU,17,-17,
30-04,current,5.47118e-11,RESULT,,,,LaMP_HP_b,lamp_wholewafer,,,,,,,2026-09-23 17:53:31,first,measure,A,30-04,1,10.0,9.995319,4A06_4B05,SMU,16,-16,
20-74,current,5.05793e-11,RESULT,,,,LaMP_HP_b,lamp_wholewafer,,,,,,,2026-09-23 17:53:31,second,measure,A,20-74,2,10.0,9.995269,4A08_4B07,SMU,17,-16,
31-00,current,4.98858e-11,RESULT,,,,LaMP_HP_b,lamp_wholewafer,,,,,,,2026-09-23 17:53:31,third,measure,A,31-00,3,10.0,9.995312,2A07_2B08,SMU,16,-15,
21-70,current,4.81293e-11,RESULT,,,,LaMP_HP_b,lamp_wholewafer,,,,,,,2026-09-23 17:53:31,fourth,measure,A,21-70,4,10.0,9.995345,2A05_2B06,SMU,17,-15,
31-01,current,5.56213e-11,RESULT,,,,LaMP_HP_b,lamp_wholewafer,,,,,,,2026-09-23 17:53:38,first,measure,A,31-01,1,10.0,9.995251,4A06_4B05,SMU,16,-14,
21-71,current,5.28303e-11,RESULT,,,,LaMP_HP_b,lamp_wholewafer,,,,,,,2026-09-23 17:53:38,second,measure,A,21-71,2,10.0,9.995268,4A08_4B07,SMU,17,-14,
31-02,current,5.03235e-11,RESULT,,,,LaMP_HP_b,lamp_wholewafer,,,,,,,2026-09-23 17:53:38,third,measure,A,31-02,3,10.0,9.995279,2A07_2B08,SMU,16,-13,
21-72,current,4.83738e-11,RESULT,,,,LaMP_HP_b,lamp_wholewafer,,,,,,,2026-09-23 17:53:38,fourth,measure,A,21-72,4,10.0,9.995262,2A05_2B06,SMU,17,-13,
31-03,current,5.57065e-11,RESULT,,,,LaMP_HP_b,lamp_wholewafer,,,,,,,2026-09-23 17:53:44,first,measure,A,31-03,1,10.0,9.995258,4A06_4B05,SMU,16,-12,
21-73,current,5.26768e-11,RESULT,,,,LaMP_HP_b,lamp_wholewafer,,,,,,,2026-09-23 17:53:44,second,measure,A,21-73,2,10.0,9.995214,4A08_4B07,SMU,17,-12,
31-04,current,5.48539e-11,RESULT,,,,LaMP_HP_b,lamp_wholewafer,,,,,,,2026-09-23 17:53:44,third,measure,A,31-04,3,10.0,9.99523,2A07_2B08,SMU,16,-11,
21-74,current,4.96925e-11,RESULT,,,,LaMP_HP_b,lamp_wholewafer,,,,,,,2026-09-23 17:53:44,fourth,measure,A,21-74,4,10.0,9.995202,2A05_2B06,SMU,17,-11,
32-00,current,5.92479e-11,RESULT,,,,LaMP_HP_b,lamp_wholewafer,,,,,,,2026-09-23 17:53:51,first,measure,A,32-00,1,10.0,9.995201,4A06_4B05,SMU,16,-10,
22-70,current,5.23414e-11,RESULT,,,,LaMP_HP_b,lamp_wholewafer,,,,,,,2026-09-23 17:53:51,second,measure,A,22-70,2,10.0,9.995183,4A08_4B07,SMU,17,-10,
32-01,current,5.20174e-11,RESULT,,,,LaMP_HP_b,lamp_wholewafer,,,,,,,2026-09-23 17:53:51,third,measure,A,32-01,3,10.0,9.995165,2A07_2B08,SMU,16,-9,
22-71,current,5.31202e-11,RESULT,,,,LaMP_HP_b,lamp_wholewafer,,,,,,,2026-09-23 17:53:51,fourth,measure,A,22-71,4,10.0,9.995196,2A05_2B06,SMU,17,-9,
32-02,current,5.52859e-11,RESULT,,,,LaMP_HP_b,lamp_wholewafer,,,,,,,2026-09-23 17:53:57,first,measure,A,32-02,1,10.0,9.995217,4A06_4B05,SMU,16,-8,
22-72,current,5.92308e-11,RESULT,,,,LaMP_HP_b,lamp_wholewafer,,,,,,,2026-09-23 17:53:57,second,measure,A,22-72,2,10.0,9.995274,4A08_4B07,SMU,17,-8,
32-03,current,5.92479e-11,RESULT,,,,LaMP_HP_b,lamp_wholewafer,,,,,,,2026-09-23 17:53:57,third,measure,A,32-03,3,10.0,9.995198,2A07_2B08,SMU,16,-7,
22-73,current,5.17161e-11,RESULT,,,,LaMP_HP_b,lamp_wholewafer,,,,,,,2026-09-23 17:53:57,fourth,measure,A,22-73,4,10.0,9.995268,2A05_2B06,SMU,17,-7,
32-04,current,6.10953e-11,RESULT,,,,LaMP_HP_b,lamp_wholewafer,,,,,,,2026-09-23 17:54:04,first,measure,A,32-04,1,10.0,9.995272,4A06_4B05,SMU,16,-6,
22-74,current,5.8634e-11,RESULT,,,,LaMP_HP_b,lamp_wholewafer,,,,,,,2026-09-23 17:54:04,second,measure,A,22-74,2,10.0,9.995201,4A08_4B07,SMU,17,-6,
33-00,current,5.61897e-11,RESULT,,,,LaMP_HP_b,lamp_wholewafer,,,,,,,2026-09-23 17:54:04,third,measure,A,33-00,3,10.0,9.995283,2A07_2B08,SMU,16,-5,
23-70,current,4.93571e-11,RESULT,,,,LaMP_HP_b,lamp_wholewafer,,,,,,,2026-09-23 17:54:04,fourth,measure,A,23-70,4,10.0,9.995297,2A05_2B06,SMU,17,-5,
33-01,current,5.89978e-11,RESULT,,,,LaMP_HP_b,lamp_wholewafer,,,,,,,2026-09-23 17:54:11,first,measure,A,33-01,1,10.0,9.995172,4A06_4B05,SMU,16,-4,
23-71,current,5.50415e-11,RESULT,,,,LaMP_HP_b,lamp_wholewafer,,,,,,,2026-09-23 17:54:11,second,measure,A,23-71,2,10.0,9.995225,4A08_4B07,SMU,17,-4,
33-02,current,5.21482e-11,RESULT,,,,LaMP_HP_b,lamp_wholewafer,,,,,,,2026-09-23 17:54:11,third,measure,A,33-02,3,10.0,9.995199,2A07_2B08,SMU,16,-3,
23-72,current,4.98915e-11,RESULT,,,,LaMP_HP_b,lamp_wholewafer,,,,,,,2026-09-23 17:54:11,fourth,measure,A,23-72,4,10.0,9.995176,2A05_2B06,SMU,17,-3,
33-03,current,5.53825e-11,RESULT,,,,LaMP_HP_b,lamp_wholewafer,,,,,,,2026-09-23 17:54:17,first,measure,A,33-03,1,10.0,9.99527,4A06_4B05,SMU,16,-2,
23-73,current,5.12216e-11,RESULT,,,,LaMP_HP_b,lamp_wholewafer,,,,,,,2026-09-23 17:54:17,second,measure,A,23-73,2,10.0,9.995286,4A08_4B07,SMU,17,-2,
33-04,current,4.79133e-11,RESULT,,,,LaMP_HP_b,lamp_wholewafer,,,,,,,2026-09-23 17:54:17,third,measure,A,33-04,3,10.0,9.995268,2A07_2B08,SMU,16,-1,
23-74,current,4.78963e-11,RESULT,,,,LaMP_HP_b,lamp_wholewafer,,,,,,,2026-09-23 17:54:17,fourth,measure,A,23-74,4,10.0,9.995245,2A05_2B06,SMU,17,-1,
34-00,current,5.81338e-11,RESULT,,,,LaMP_HP_b,lamp_wholewafer,,,,,,,2026-09-23 17:54:24,first,measure,A,34-00,1,10.0,9.995287,4A06_4B05,SMU,16,0,
24-70,current,5.06304e-11,RESULT,,,,LaMP_HP_b,lamp_wholewafer,,,,,,,2026-09-23 17:54:24,second,measure,A,24-70,2,10.0,9.995172,4A08_4B07,SMU,17,0,
34-01,current,4.92207e-11,RESULT,,,,LaMP_HP_b,lamp_wholewafer,,,,,,,2026-09-23 17:54:24,third,measure,A,34-01,3,10.0,9.995296,2A07_2B08,SMU,16,1,
24-71,current,4.99938e-11,RESULT,,,,LaMP_HP_b,lamp_wholewafer,,,,,,,2026-09-23 17:54:24,fourth,measure,A,24-71,4,10.0,9.995264,2A05_2B06,SMU,17,1,
34-02,current,5.59908e-11,RESULT,,,,LaMP_HP_b,lamp_wholewafer,,,,,,,2026-09-23 17:54:30,first,measure,A,34-02,1,10.0,9.995213,4A06_4B05,SMU,16,2,
24-72,current,4.99028e-11,RESULT,,,,LaMP_HP_b,lamp_wholewafer,,,,,,,2026-09-23 17:54:30,second,measure,A,24-72,2,10.0,9.995152,4A08_4B07,SMU,17,2,
34-03,current,4.94367e-11,RESULT,,,,LaMP_HP_b,lamp_wholewafer,,,,,,,2026-09-23 17:54:30,third,measure,A,34-03,3,10.0,9.995125,2A07_2B08,SMU,16,3,
24-73,current,4.83851e-11,RESULT,,,,LaMP_HP_b,lamp_wholewafer,,,,,,,2026-09-23 17:54:30,fourth,measure,A,24-73,4,10.0,9.995148,2A05_2B06,SMU,17,3,
34-04,current,5.82759e-11,RESULT,,,,LaMP_HP_b,lamp_wholewafer,,,,,,,2026-09-23 17:54:37,first,measure,A,34-04,1,10.0,9.995214,4A06_4B05,SMU,16,4,
24-74,current,5.48539e-11,RESULT,,,,LaMP_HP_b,lamp_wholewafer,,,,,,,2026-09-23 17:54:37,second,measure,A,24-74,2,10.0,9.995234,4A08_4B07,SMU,17,4,
35-00,current,5.35749e-11,RESULT,,,,LaMP_HP_b,lamp_wholewafer,,,,,,,2026-09-23 17:54:37,third,measure,A,35-00,3,10.0,9.995169,2A07_2B08,SMU,16,5,
25-70,current,5.19492e-11,RESULT,,,,LaMP_HP_b,lamp_wholewafer,,,,,,,2026-09-23 17:54:37,fourth,measure,A,25-70,4,10.0,9.995172,2A05_2B06,SMU,17,5,
35-01,current,2.2452e-10,RESULT,,,,LaMP_HP_b,lamp_wholewafer,,,,,,,2026-09-23 17:54:44,first,measure,A,35-01,1,10.0,9.995171,4A06_4B05,SMU,16,6,
25-71,current,4.8442e-11,RESULT,,,,LaMP_HP_b,lamp_wholewafer,,,,,,,2026-09-23 17:54:44,second,measure,A,25-71,2,10.0,9.995161,4A08_4B07,SMU,17,6,
35-02,current,4.7072e-11,RESULT,,,,LaMP_HP_b,lamp_wholewafer,,,,,,,2026-09-23 17:54:44,third,measure,A,35-02,3,10.0,9.995198,2A07_2B08,SMU,16,7,
25-72,current,4.79929e-11,RESULT,,,,LaMP_HP_b,lamp_wholewafer,,,,,,,2026-09-23 17:54:44,fourth,measure,A,25-72,4,10.0,9.995226,2A05_2B06,SMU,17,7,
35-03,current,5.75028e-11,RESULT,,,,LaMP_HP_b,lamp_wholewafer,,,,,,,2026-09-23 17:54:50,first,measure,A,35-03,1,10.0,9.995224,4A06_4B05,SMU,16,8,
25-73,current,5.21709e-11,RESULT,,,,LaMP_HP_b,lamp_wholewafer,,,,,,,2026-09-23 17:54:50,second,measure,A,25-73,2,10.0,9.995254,4A08_4B07,SMU,17,8,
35-04,current,5.00279e-11,RESULT,,,,LaMP_HP_b,lamp_wholewafer,,,,,,,2026-09-23 17:54:50,third,measure,A,35-04,3,10.0,9.99523,2A07_2B08,SMU,16,9,
25-74,current,4.65207e-11,RESULT,,,,LaMP_HP_b,lamp_wholewafer,,,,,,,2026-09-23 17:54:50,fourth,measure,A,25-74,4,10.0,9.995259,2A05_2B06,SMU,17,9,
36-00,current,5.53314e-11,RESULT,,,,LaMP_HP_b,lamp_wholewafer,,,,,,,2026-09-23 17:54:57,first,measure,A,36-00,1,10.0,9.995236,4A06_4B05,SMU,16,10,
26-70,current,5.41434e-11,RESULT,,,,LaMP_HP_b,lamp_wholewafer,,,,,,,2026-09-23 17:54:57,second,measure,A,26-70,2,10.0,9.99527,4A08_4B07,SMU,17,10,
36-01,current,5.39899e-11,RESULT,,,,LaMP_HP_b,lamp_wholewafer,,,,,,,2026-09-23 17:54:57,third,measure,A,36-01,3,10.0,9.995288,2A07_2B08,SMU,16,11,
26-71,current,4.88626e-11,RESULT,,,,LaMP_HP_b,lamp_wholewafer,,,,,,,2026-09-23 17:54:57,fourth,measure,A,26-71,4,10.0,9.995281,2A05_2B06,SMU,17,11,
36-02,current,5.586e-11,RESULT,,,,LaMP_HP_b,lamp_wholewafer,,,,,,,2026-09-23 17:55:03,first,measure,A,36-02,1,10.0,9.995146,4A06_4B05,SMU,16,12,
26-72,current,2.2024e-10,RESULT,,,,LaMP_HP_b,lamp_wholewafer,,,,,,,2026-09-23 17:55:03,second,measure,A,26-72,2,10.0,9.995195,4A08_4B07,SMU,17,12,
36-03,current,5.42457e-11,RESULT,,,,LaMP_HP_b,lamp_wholewafer,,,,,,,2026-09-23 17:55:03,third,measure,A,36-03,3,10.0,9.995214,2A07_2B08,SMU,16,13,
26-73,current,5.45697e-11,RESULT,,,,LaMP_HP_b,lamp_wholewafer,,,,,,,2026-09-23 17:55:03,fourth,measure,A,26-73,4,10.0,9.995226,2A05_2B06,SMU,17,13,
36-04,current,2.61036e-10,RESULT,,,,LaMP_HP_b,lamp_wholewafer,,,,,,,2026-09-23 17:55:10,first,measure,A,36-04,1,10.0,9.995172,4A06_4B05,SMU,16,14,
26-74,current,4.19846e-11,RESULT,,,,LaMP_HP_b,lamp_wholewafer,,,,,,,2026-09-23 17:55:10,second,measure,A,26-74,2,10.0,9.99509,4A08_4B07,SMU,17,14,
37-00,current,4.00803e-11,RESULT,,,,LaMP_HP_b,lamp_wholewafer,,,,,,,2026-09-23 17:55:10,third,measure,A,37-00,3,10.0,9.995131,2A07_2B08,SMU,16,15,
27-70,current,4.15639e-11,RESULT,,,,LaMP_HP_b,lamp_wholewafer,,,,,,,2026-09-23 17:55:10,fourth,measure,A,27-70,4,10.0,9.995173,2A05_2B06,SMU,17,15,
37-01,current,2.11969e-10,RESULT,,,,LaMP_HP_b,lamp_wholewafer,,,,,,,2026-09-23 17:55:17,first,measure,A,37-01,1,10.0,9.995169,4A06_4B05,SMU,16,16,
27-71,current,4.88342e-11,RESULT,,,,LaMP_HP_b,lamp_wholewafer,,,,,,,2026-09-23 17:55:17,second,measure,A,27-71,2,10.0,9.995229,4A08_4B07,SMU,17,16,
NA,current,1.63953e-10,RESULT,,,,LaMP_HP_b,lamp_wholewafer,,,,,,,2026-09-23 17:55:17,third,measure,A,NA,3,10.0,9.995278,2A07_2B08,SMU,16,17,
NA,current,3.44699e-11,RESULT,,,,LaMP_HP_b,lamp_wholewafer,,,,,,,2026-09-23 17:55:17,fourth,measure,A,NA,4,10.0,9.995305,2A05_2B06,SMU,17,17,
NA,current,6.80927e-11,RESULT,,,,LaMP_HP_b,lamp_wholewafer,,,,,,,2026-09-23 17:55:24,first,measure,A,NA,1,10.0,9.995246,4A06_4B05,SMU,18,-18,
NA,current,3.83182e-11,RESULT,,,,LaMP_HP_b,lamp_wholewafer,,,,,,,2026-09-23 17:55:24,second,measure,A,NA,2,10.0,9.995234,4A08_4B07,SMU,19,-18,
20-63,current,4.33261e-11,RESULT,,,,LaMP_HP_b,lamp_wholewafer,,,,,,,2026-09-23 17:55:24,third,measure,A,20-63,3,10.0,9.995254,2A07_2B08,SMU,18,-17,
20-53,current,3.65674e-11,RESULT,,,,LaMP_HP_b,lamp_wholewafer,,,,,,,2026-09-23 17:55:24,fourth,measure,A,20-53,4,10.0,9.995245,2A05_2B06,SMU,19,-17,
20-64,current,5.41149e-11,RESULT,,,,LaMP_HP_b,lamp_wholewafer,,,,,,,2026-09-23 17:55:30,first,measure,A,20-64,1,10.0,9.995262,4A06_4B05,SMU,18,-16,
20-54,current,5.08635e-11,RESULT,,,,LaMP_HP_b,lamp_wholewafer,,,,,,,2026-09-23 17:55:30,second,measure,A,20-54,2,10.0,9.995241,4A08_4B07,SMU,19,-16,
21-60,current,4.85386e-11,RESULT,,,,LaMP_HP_b,lamp_wholewafer,,,,,,,2026-09-23 17:55:30,third,measure,A,21-60,3,10.0,9.995249,2A07_2B08,SMU,18,-15,
21-50,current,4.84761e-11,RESULT,,,,LaMP_HP_b,lamp_wholewafer,,,,,,,2026-09-23 17:55:30,fourth,measure,A,21-50,4,10.0,9.995263,2A05_2B06,SMU,19,-15,
21-61,current,4.87773e-11,RESULT,,,,LaMP_HP_b,lamp_wholewafer,,,,,,,2026-09-23 17:55:37,first,measure,A,21-61,1,10.0,9.995225,4A06_4B05,SMU,18,-14,
21-51,current,5.10283e-11,RESULT,,,,LaMP_HP_b,lamp_wholewafer,,,,,,,2026-09-23 17:55:37,second,measure,A,21-51,2,10.0,9.995287,4A08_4B07,SMU,19,-14,
21-62,current,4.77769e-11,RESULT,,,,LaMP_HP_b,lamp_wholewafer,,,,,,,2026-09-23 17:55:37,third,measure,A,21-62,3,10.0,9.995261,2A07_2B08,SMU,18,-13,
21-52,current,4.9306e-11,RESULT,,,,LaMP_HP_b,lamp_wholewafer,,,,,,,2026-09-23 17:55:37,fourth,measure,A,21-52,4,10.0,9.995213,2A05_2B06,SMU,19,-13,
21-63,current,5.57236e-11,RESULT,,,,LaMP_HP_b,lamp_wholewafer,,,,,,,2026-09-23 17:55:43,first,measure,A,21-63,1,10.0,9.995315,4A06_4B05,SMU,18,-12,
21-53,current,5.24835e-11,RESULT,,,,LaMP_HP_b,lamp_wholewafer,,,,,,,2026-09-23 17:55:43,second,measure,A,21-53,2,10.0,9.995268,4A08_4B07,SMU,19,-12,
21-64,current,5.34897e-11,RESULT,,,,LaMP_HP_b,lamp_wholewafer,,,,,,,2026-09-23 17:55:43,third,measure,A,21-64,3,10.0,9.995272,2A07_2B08,SMU,18,-11,
21-54,current,4.77485e-11,RESULT,,,,LaMP_HP_b,lamp_wholewafer,,,,,,,2026-09-23 17:55:43,fourth,measure,A,21-54,4,10.0,9.995275,2A05_2B06,SMU,19,-11,
22-60,current,5.76563e-11,RESULT,,,,LaMP_HP_b,lamp_wholewafer,,,,,,,2026-09-23 17:55:50,first,measure,A,22-60,1,10.0,9.995284,4A06_4B05,SMU,18,-10,
22-50,current,5.11363e-11,RESULT,,,,LaMP_HP_b,lamp_wholewafer,,,,,,,2026-09-23 17:55:50,second,measure,A,22-50,2,10.0,9.99526,4A08_4B07,SMU,19,-10,
22-61,current,5.50187e-11,RESULT,,,,LaMP_HP_b,lamp_wholewafer,,,,,,,2026-09-23 17:55:50,third,measure,A,22-61,3,10.0,9.995218,2A07_2B08,SMU,18,-9,
22-51,current,4.98346e-11,RESULT,,,,LaMP_HP_b,lamp_wholewafer,,,,,,,2026-09-23 17:55:50,fourth,measure,A,22-51,4,10.0,9.995299,2A05_2B06,SMU,19,-9,
22-62,current,5.82133e-11,RESULT,,,,LaMP_HP_b,lamp_wholewafer,,,,,,,2026-09-23 17:55:57,first,measure,A,22-62,1,10.0,9.995288,4A06_4B05,SMU,18,-8,
22-52,current,5.47004e-11,RESULT,,,,LaMP_HP_b,lamp_wholewafer,,,,,,,2026-09-23 17:55:57,second,measure,A,22-52,2,10.0,9.995287,4A08_4B07,SMU,19,-8,
22-63,current,5.15513e-11,RESULT,,,,LaMP_HP_b,lamp_wholewafer,,,,,,,2026-09-23 17:55:57,third,measure,A,22-63,3,10.0,9.99529,2A07_2B08,SMU,18,-7,
22-53,current,5.31031e-11,RESULT,,,,LaMP_HP_b,lamp_wholewafer,,,,,,,2026-09-23 17:55:57,fourth,measure,A,22-53,4,10.0,9.995306,2A05_2B06,SMU,19,-7,
22-64,current,5.73436e-11,RESULT,,,,LaMP_HP_b,lamp_wholewafer,,,,,,,2026-09-23 17:56:03,first,measure,A,22-64,1,10.0,9.995286,4A06_4B05,SMU,18,-6,
22-54,current,5.28416e-11,RESULT,,,,LaMP_HP_b,lamp_wholewafer,,,,,,,2026-09-23 17:56:03,second,measure,A,22-54,2,10.0,9.995266,4A08_4B07,SMU,19,-6,
23-60,current,4.96868e-11,RESULT,,,,LaMP_HP_b,lamp_wholewafer,,,,,,,2026-09-23 17:56:03,third,measure,A,23-60,3,10.0,9.995331,2A07_2B08,SMU,18,-5,
23-50,current,4.79759e-11,RESULT,,,,LaMP_HP_b,lamp_wholewafer,,,,,,,2026-09-23 17:56:03,fourth,measure,A,23-50,4,10.0,9.995365,2A05_2B06,SMU,19,-5,
23-61,current,5.48823e-11,RESULT,,,,LaMP_HP_b,lamp_wholewafer,,,,,,,2026-09-23 17:56:10,first,measure,A,23-61,1,10.0,9.995296,4A06_4B05,SMU,18,-4,
23-51,current,4.78508e-11,RESULT,,,,LaMP_HP_b,lamp_wholewafer,,,,,,,2026-09-23 17:56:10,second,measure,A,23-51,2,10.0,9.99532,4A08_4B07,SMU,19,-4,
23-62,current,5.30292e-11,RESULT,,,,LaMP_HP_b,lamp_wholewafer,,,,,,,2026-09-23 17:56:10,third,measure,A,23-62,3,10.0,9.995378,2A07_2B08,SMU,18,-3,
23-52,current,5.21709e-11,RESULT,,,,LaMP_HP_b,lamp_wholewafer,,,,,,,2026-09-23 17:56:10,fourth,measure,A,23-52,4,10.0,9.995279,2A05_2B06,SMU,19,-3,
23-63,current,5.27052e-11,RESULT,,,,LaMP_HP_b,lamp_wholewafer,,,,,,,2026-09-23 17:56:16,first,measure,A,23-63,1,10.0,9.995337,4A06_4B05,SMU,18,-2,
23-53,current,5.17161e-11,RESULT,,,,LaMP_HP_b,lamp_wholewafer,,,,,,,2026-09-23 17:56:16,second,measure,A,23-53,2,10.0,9.995347,4A08_4B07,SMU,19,-2,
23-64,current,5.11932e-11,RESULT,,,,LaMP_HP_b,lamp_wholewafer,,,,,,,2026-09-23 17:56:16,third,measure,A,23-64,3,10.0,9.995327,2A07_2B08,SMU,18,-1,
23-54,current,4.98289e-11,RESULT,,,,LaMP_HP_b,lamp_wholewafer,,,,,,,2026-09-23 17:56:16,fourth,measure,A,23-54,4,10.0,9.995344,2A05_2B06,SMU,19,-1,
24-60,current,5.65478e-11,RESULT,,,,LaMP_HP_b,lamp_wholewafer,,,,,,,2026-09-23 17:56:23,first,measure,A,24-60,1,10.0,9.995354,4A06_4B05,SMU,18,0,
24-50,current,5.28757e-11,RESULT,,,,LaMP_HP_b,lamp_wholewafer,,,,,,,2026-09-23 17:56:23,second,measure,A,24-50,2,10.0,9.995383,4A08_4B07,SMU,19,0,
24-61,current,5.29553e-11,RESULT,,,,LaMP_HP_b,lamp_wholewafer,,,,,,,2026-09-23 17:56:23,third,measure,A,24-61,3,10.0,9.99534,2A07_2B08,SMU,18,1,
24-51,current,5.27564e-11,RESULT,,,,LaMP_HP_b,lamp_wholewafer,,,,,,,2026-09-23 17:56:23,fourth,measure,A,24-51,4,10.0,9.995388,2A05_2B06,SMU,19,1,
24-62,current,5.6275e-11,RESULT,,,,LaMP_HP_b,lamp_wholewafer,,,,,,,2026-09-23 17:56:29,first,measure,A,24-62,1,10.0,9.995333,4A06_4B05,SMU,18,2,
24-52,current,5.12614e-11,RESULT,,,,LaMP_HP_b,lamp_wholewafer,,,,,,,2026-09-23 17:56:29,second,measure,A,24-52,2,10.0,9.995299,4A08_4B07,SMU,19,2,
24-63,current,5.16252e-11,RESULT,,,,LaMP_HP_b,lamp_wholewafer,,,,,,,2026-09-23 17:56:29,third,measure,A,24-63,3,10.0,9.995242,2A07_2B08,SMU,18,3,
24-53,current,5.00336e-11,RESULT,,,,LaMP_HP_b,lamp_wholewafer,,,,,,,2026-09-23 17:56:29,fourth,measure,A,24-53,4,10.0,9.995226,2A05_2B06,SMU,19,3,
24-64,current,5.6491e-11,RESULT,,,,LaMP_HP_b,lamp_wholewafer,,,,,,,2026-09-23 17:56:36,first,measure,A,24-64,1,10.0,9.995236,4A06_4B05,SMU,18,4,
24-54,current,5.21197e-11,RESULT,,,,LaMP_HP_b,lamp_wholewafer,,,,,,,2026-09-23 17:56:36,second,measure,A,24-54,2,10.0,9.995242,4A08_4B07,SMU,19,4,
25-60,current,5.2421e-11,RESULT,,,,LaMP_HP_b,lamp_wholewafer,,,,,,,2026-09-23 17:56:36,third,measure,A,25-60,3,10.0,9.995255,2A07_2B08,SMU,18,5,
25-50,current,4.84817e-11,RESULT,,,,LaMP_HP_b,lamp_wholewafer,,,,,,,2026-09-23 17:56:36,fourth,measure,A,25-50,4,10.0,9.995234,2A05_2B06,SMU,19,5,
25-61,current,5.97481e-11,RESULT,,,,LaMP_HP_b,lamp_wholewafer,,,,,,,2026-09-23 17:56:43,first,measure,A,25-61,1,10.0,9.995178,4A06_4B05,SMU,18,6,
25-51,current,5.21027e-11,RESULT,,,,LaMP_HP_b,lamp_wholewafer,,,,,,,2026-09-23 17:56:43,second,measure,A,25-51,2,10.0,9.995267,4A08_4B07,SMU,19,6,
25-62,current,5.12841e-11,RESULT,,,,LaMP_HP_b,lamp_wholewafer,,,,,,,2026-09-23 17:56:43,third,measure,A,25-62,3,10.0,9.995271,2A07_2B08,SMU,18,7,
25-52,current,4.98687e-11,RESULT,,,,LaMP_HP_b,lamp_wholewafer,,,,,,,2026-09-23 17:56:43,fourth,measure,A,25-52,4,10.0,9.995295,2A05_2B06,SMU,19,7,
25-63,current,6.01517e-11,RESULT,,,,LaMP_HP_b,lamp_wholewafer,,,,,,,2026-09-23 17:56:49,first,measure,A,25-63,1,10.0,9.995266,4A06_4B05,SMU,18,8,
25-53,current,5.22732e-11,RESULT,,,,LaMP_HP_b,lamp_wholewafer,,,,,,,2026-09-23 17:56:49,second,measure,A,25-53,2,10.0,9.995292,4A08_4B07,SMU,19,8,
25-64,current,1.81211e-10,RESULT,,,,LaMP_HP_b,lamp_wholewafer,,,,,,,2026-09-23 17:56:49,third,measure,A,25-64,3,10.0,9.995259,2A07_2B08,SMU,18,9,
25-54,current,4.38206e-11,RESULT,,,,LaMP_HP_b,lamp_wholewafer,,,,,,,2026-09-23 17:56:49,fourth,measure,A,25-54,4,10.0,9.995255,2A05_2B06,SMU,19,9,
26-60,current,1.47452e-10,RESULT,,,,LaMP_HP_b,lamp_wholewafer,,,,,,,2026-09-23 17:56:56,first,measure,A,26-60,1,10.0,9.995218,4A06_4B05,SMU,18,10,
26-50,current,4.48836e-11,RESULT,,,,LaMP_HP_b,lamp_wholewafer,,,,,,,2026-09-23 17:56:56,second,measure,A,26-50,2,10.0,9.995197,4A08_4B07,SMU,19,10,
26-61,current,4.92946e-11,RESULT,,,,LaMP_HP_b,lamp_wholewafer,,,,,,,2026-09-23 17:56:56,third,measure,A,26-61,3,10.0,9.995218,2A07_2B08,SMU,18,11,
26-51,current,4.94254e-11,RESULT,,,,LaMP_HP_b,lamp_wholewafer,,,,,,,2026-09-23 17:56:56,fourth,measure,A,26-51,4,10.0,9.995253,2A05_2B06,SMU,19,11,
26-62,current,5.15172e-11,RESULT,,,,LaMP_HP_b,lamp_wholewafer,,,,,,,2026-09-23 17:57:02,first,measure,A,26-62,1,10.0,9.995207,4A06_4B05,SMU,18,12,
26-52,current,2.26805e-10,RESULT,,,,LaMP_HP_b,lamp_wholewafer,,,,,,,2026-09-23 17:57:02,second,measure,A,26-52,2,10.0,9.995183,4A08_4B07,SMU,19,12,
26-63,current,4.33715e-11,RESULT,,,,LaMP_HP_b,lamp_wholewafer,,,,,,,2026-09-23 17:57:02,third,measure,A,26-63,3,10.0,9.995245,2A07_2B08,SMU,18,13,
26-53,current,4.52644e-11,RESULT,,,,LaMP_HP_b,lamp_wholewafer,,,,,,,2026-09-23 17:57:02,fourth,measure,A,26-53,4,10.0,9.995256,2A05_2B06,SMU,19,13,
26-64,current,5.03064e-11,RESULT,,,,LaMP_HP_b,lamp_wholewafer,,,,,,,2026-09-23 17:57:09,first,measure,A,26-64,1,10.0,9.995212,4A06_4B05,SMU,18,14,
26-54,current,4.72141e-11,RESULT,,,,LaMP_HP_b,lamp_wholewafer,,,,,,,2026-09-23 17:57:09,second,measure,A,26-54,2,10.0,9.995265,4A08_4B07,SMU,19,14,
27-60,current,4.41901e-11,RESULT,,,,LaMP_HP_b,lamp_wholewafer,,,,,,,2026-09-23 17:57:09,third,measure,A,27-60,3,10.0,9.995272,2A07_2B08,SMU,18,15,
27-50,current,3.99837e-11,RESULT,,,,LaMP_HP_b,lamp_wholewafer,,,,,,,2026-09-23 17:57:09,fourth,measure,A,27-50,4,10.0,9.995351,2A05_2B06,SMU,19,15,
27-61,current,4.57646e-11,RESULT,,,,LaMP_HP_b,lamp_wholewafer,,,,,,,2026-09-23 17:57:16,first,measure,A,27-61,1,10.0,9.99533,4A06_4B05,SMU,18,16,
27-51,current,4.53951e-11,RESULT,,,,LaMP_HP_b,lamp_wholewafer,,,,,,,2026-09-23 17:57:16,second,measure,A,27-51,2,10.0,9.995314,4A08_4B07,SMU,19,16,
NA,current,3.82442e-11,RESULT,,,,LaMP_HP_b,lamp_wholewafer,,,,,,,2026-09-23 17:57:16,third,measure,A,NA,3,10.0,9.995214,2A07_2B08,SMU,18,17,
NA,current,3.9978e-11,RESULT,,,,LaMP_HP_b,lamp_wholewafer,,,,,,,2026-09-23 17:57:16,fourth,measure,A,NA,4,10.0,9.995261,2A05_2B06,SMU,19,17,
20-44,current,4.9846e-11,RESULT,,,,LaMP_HP_b,lamp_wholewafer,,,,,,,2026-09-23 17:57:23,first,measure,A,20-44,1,10.0,9.99527,4A06_4B05,SMU,20,-16,
20-34,current,4.80895e-11,RESULT,,,,LaMP_HP_b,lamp_wholewafer,,,,,,,2026-09-23 17:57:23,second,measure,A,20-34,2,10.0,9.995309,4A08_4B07,SMU,21,-16,
21-40,current,5.03689e-11,RESULT,,,,LaMP_HP_b,lamp_wholewafer,,,,,,,2026-09-23 17:57:23,third,measure,A,21-40,3,10.0,9.995328,2A07_2B08,SMU,20,-15,
21-30,current,4.75325e-11,RESULT,,,,LaMP_HP_b,lamp_wholewafer,,,,,,,2026-09-23 17:57:23,fourth,measure,A,21-30,4,10.0,9.995249,2A05_2B06,SMU,21,-15,
21-41,current,5.29894e-11,RESULT,,,,LaMP_HP_b,lamp_wholewafer,,,,,,,2026-09-23 17:57:29,first,measure,A,21-41,1,10.0,9.995199,4A06_4B05,SMU,20,-14,
21-31,current,4.66571e-11,RESULT,,,,LaMP_HP_b,lamp_wholewafer,,,,,,,2026-09-23 17:57:29,second,measure,A,21-31,2,10.0,9.995223,4A08_4B07,SMU,21,-14,
21-42,current,5.03121e-11,RESULT,,,,LaMP_HP_b,lamp_wholewafer,,,,,,,2026-09-23 17:57:29,third,measure,A,21-42,3,10.0,9.995244,2A07_2B08,SMU,20,-13,
21-32,current,4.69868e-11,RESULT,,,,LaMP_HP_b,lamp_wholewafer,,,,,,,2026-09-23 17:57:29,fourth,measure,A,21-32,4,10.0,9.995333,2A05_2B06,SMU,21,-13,
21-43,current,5.87534e-11,RESULT,,,,LaMP_HP_b,lamp_wholewafer,,,,,,,2026-09-23 17:57:36,first,measure,A,21-43,1,10.0,9.995325,4A06_4B05,SMU,20,-12,
21-33,current,5.10795e-11,RESULT,,,,LaMP_HP_b,lamp_wholewafer,,,,,,,2026-09-23 17:57:36,second,measure,A,21-33,2,10.0,9.995294,4A08_4B07,SMU,21,-12,
21-44,current,5.08749e-11,RESULT,,,,LaMP_HP_b,lamp_wholewafer,,,,,,,2026-09-23 17:57:36,third,measure,A,21-44,3,10.0,9.995236,2A07_2B08,SMU,20,-11,
21-34,current,5.00449e-11,RESULT,,,,LaMP_HP_b,lamp_wholewafer,,,,,,,2026-09-23 17:57:36,fourth,measure,A,21-34,4,10.0,9.995234,2A05_2B06,SMU,21,-11,
22-40,current,5.15968e-11,RESULT,,,,LaMP_HP_b,lamp_wholewafer,,,,,,,2026-09-23 17:57:42,first,measure,A,22-40,1,10.0,9.995198,4A06_4B05,SMU,20,-10,
22-30,current,5.6815e-11,RESULT,,,,LaMP_HP_b,lamp_wholewafer,,,,,,,2026-09-23 17:57:42,second,measure,A,22-30,2,10.0,9.99526,4A08_4B07,SMU,21,-10,
22-41,current,4.94936e-11,RESULT,,,,LaMP_HP_b,lamp_wholewafer,,,,,,,2026-09-23 17:57:42,third,measure,A,22-41,3,10.0,9.995246,2A07_2B08,SMU,20,-9,
22-31,current,5.32054e-11,RESULT,,,,LaMP_HP_b,lamp_wholewafer,,,,,,,2026-09-23 17:57:42,fourth,measure,A,22-31,4,10.0,9.995242,2A05_2B06,SMU,21,-9,
22-42,current,5.43537e-11,RESULT,,,,LaMP_HP_b,lamp_wholewafer,,,,,,,2026-09-23 17:57:49,first,measure,A,22-42,1,10.0,9.995264,4A06_4B05,SMU,20,-8,
22-32,current,5.36716e-11,RESULT,,,,LaMP_HP_b,lamp_wholewafer,,,,,,,2026-09-23 17:57:49,second,measure,A,22-32,2,10.0,9.995218,4A08_4B07,SMU,21,-8,
22-43,current,5.37341e-11,RESULT,,,,LaMP_HP_b,lamp_wholewafer,,,,,,,2026-09-23 17:57:49,third,measure,A,22-43,3,10.0,9.995207,2A07_2B08,SMU,20,-7,
22-33,current,5.30179e-11,RESULT,,,,LaMP_HP_b,lamp_wholewafer,,,,,,,2026-09-23 17:57:49,fourth,measure,A,22-33,4,10.0,9.99523,2A05_2B06,SMU,21,-7,
22-44,current,5.61386e-11,RESULT,,,,LaMP_HP_b,lamp_wholewafer,,,,,,,2026-09-23 17:57:56,first,measure,A,22-44,1,10.0,9.995249,4A06_4B05,SMU,20,-6,
22-34,current,5.13978e-11,RESULT,,,,LaMP_HP_b,lamp_wholewafer,,,,,,,2026-09-23 17:57:56,second,measure,A,22-34,2,10.0,9.995253,4A08_4B07,SMU,21,-6,
23-40,current,4.80895e-11,RESULT,,,,LaMP_HP_b,lamp_wholewafer,,,,,,,2026-09-23 17:57:56,third,measure,A,23-40,3,10.0,9.995297,2A07_2B08,SMU,20,-5,
23-30,current,4.85727e-11,RESULT,,,,LaMP_HP_b,lamp_wholewafer,,,,,,,2026-09-23 17:57:56,fourth,measure,A,23-30,4,10.0,9.995291,2A05_2B06,SMU,21,-5,
23-41,current,5.54564e-11,RESULT,,,,LaMP_HP_b,lamp_wholewafer,,,,,,,2026-09-23 17:58:02,first,measure,A,23-41,1,10.0,9.995237,4A06_4B05,SMU,20,-4,
23-31,current,5.05906e-11,RESULT,,,,LaMP_HP_b,lamp_wholewafer,,,,,,,2026-09-23 17:58:02,second,measure,A,23-31,2,10.0,9.995253,4A08_4B07,SMU,21,-4,
23-42,current,4.90161e-11,RESULT,,,,LaMP_HP_b,lamp_wholewafer,,,,,,,2026-09-23 17:58:02,third,measure,A,23-42,3,10.0,9.995253,2A07_2B08,SMU,20,-3,
23-32,current,4.95788e-11,RESULT,,,,LaMP_HP_b,lamp_wholewafer,,,,,,,2026-09-23 17:58:02,fourth,measure,A,23-32,4,10.0,9.995247,2A05_2B06,SMU,21,-3,
23-43,current,5.77813e-11,RESULT,,,,LaMP_HP_b,lamp_wholewafer,,,,,,,2026-09-23 17:58:09,first,measure,A,23-43,1,10.0,9.995241,4A06_4B05,SMU,20,-2,
23-33,current,4.80497e-11,RESULT,,,,LaMP_HP_b,lamp_wholewafer,,,,,,,2026-09-23 17:58:09,second,measure,A,23-33,2,10.0,9.995255,4A08_4B07,SMU,21,-2,
23-44,current,5.18241e-11,RESULT,,,,LaMP_HP_b,lamp_wholewafer,,,,,,,2026-09-23 17:58:09,third,measure,A,23-44,3,10.0,9.995298,2A07_2B08,SMU,20,-1,
23-34,current,1.58769e-10,RESULT,,,,LaMP_HP_b,lamp_wholewafer,,,,,,,2026-09-23 17:58:09,fourth,measure,A,23-34,4,10.0,9.995344,2A05_2B06,SMU,21,-1,
24-40,current,4.8766e-11,RESULT,,,,LaMP_HP_b,lamp_wholewafer,,,,,,,2026-09-23 17:58:15,first,measure,A,24-40,1,10.0,9.99531,4A06_4B05,SMU,20,0,
24-30,current,4.62762e-11,RESULT,,,,LaMP_HP_b,lamp_wholewafer,,,,,,,2026-09-23 17:58:15,second,measure,A,24-30,2,10.0,9.995202,4A08_4B07,SMU,21,0,
24-41,current,4.68788e-11,RESULT,,,,LaMP_HP_b,lamp_wholewafer,,,,,,,2026-09-23 17:58:15,third,measure,A,24-41,3,10.0,9.995272,2A07_2B08,SMU,20,1,
24-31,current,4.59352e-11,RESULT,,,,LaMP_HP_b,lamp_wholewafer,,,,,,,2026-09-23 17:58:15,fourth,measure,A,24-31,4,10.0,9.995289,2A05_2B06,SMU,21,1,
24-42,current,5.35295e-11,RESULT,,,,LaMP_HP_b,lamp_wholewafer,,,,,,,2026-09-23 17:58:22,first,measure,A,24-42,1,10.0,9.995254,4A06_4B05,SMU,20,2,
24-32,current,4.96129e-11,RESULT,,,,LaMP_HP_b,lamp_wholewafer,,,,,,,2026-09-23 17:58:22,second,measure,A,24-32,2,10.0,9.995239,4A08_4B07,SMU,21,2,
24-43,current,4.9431e-11,RESULT,,,,LaMP_HP_b,lamp_wholewafer,,,,,,,2026-09-23 17:58:22,third,measure,A,24-43,3,10.0,9.995264,2A07_2B08,SMU,20,3,
24-33,current,4.66741e-11,RESULT,,,,LaMP_HP_b,lamp_wholewafer,,,,,,,2026-09-23 17:58:22,fourth,measure,A,24-33,4,10.0,9.995295,2A05_2B06,SMU,21,3,
24-44,current,5.5195e-11,RESULT,,,,LaMP_HP_b,lamp_wholewafer,,,,,,,2026-09-23 17:58:29,first,measure,A,24-44,1,10.0,9.995282,4A06_4B05,SMU,20,4,
24-34,current,2.49378e-10,RESULT,,,,LaMP_HP_b,lamp_wholewafer,,,,,,,2026-09-23 17:58:29,second,measure,A,24-34,2,10.0,9.995291,4A08_4B07,SMU,21,4,
25-40,current,5.58373e-11,RESULT,,,,LaMP_HP_b,lamp_wholewafer,,,,,,,2026-09-23 17:58:29,third,measure,A,25-40,3,10.0,9.995296,2A07_2B08,SMU,20,5,
25-30,current,5.10738e-11,RESULT,,,,LaMP_HP_b,lamp_wholewafer,,,,,,,2026-09-23 17:58:29,fourth,measure,A,25-30,4,10.0,9.995291,2A05_2B06,SMU,21,5,
25-41,current,5.98618e-11,RESULT,,,,LaMP_HP_b,lamp_wholewafer,,,,,,,2026-09-23 17:58:35,first,measure,A,25-41,1,10.0,9.995366,4A06_4B05,SMU,20,6,
25-31,current,4.99256e-11,RESULT,,,,LaMP_HP_b,lamp_wholewafer,,,,,,,2026-09-23 17:58:35,second,measure,A,25-31,2,10.0,9.995348,4A08_4B07,SMU,21,6,
25-42,current,5.46038e-11,RESULT,,,,LaMP_HP_b,lamp_wholewafer,,,,,,,2026-09-23 17:58:35,third,measure,A,25-42,3,10.0,9.995287,2A07_2B08,SMU,20,7,
25-32,current,5.12443e-11,RESULT,,,,LaMP_HP_b,lamp_wholewafer,,,,,,,2026-09-23 17:58:35,fourth,measure,A,25-32,4,10.0,9.995281,2A05_2B06,SMU,21,7,
25-43,current,5.58828e-11,RESULT,,,,LaMP_HP_b,lamp_wholewafer,,,,,,,2026-09-23 17:58:42,first,measure,A,25-43,1,10.0,9.995276,4A06_4B05,SMU,20,8,
25-33,current,5.0079e-11,RESULT,,,,LaMP_HP_b,lamp_wholewafer,,,,,,,2026-09-23 17:58:42,second,measure,A,25-33,2,10.0,9.995205,4A08_4B07,SMU,21,8,
25-44,current,4.81407e-11,RESULT,,,,LaMP_HP_b,lamp_wholewafer,,,,,,,2026-09-23 17:58:42,third,measure,A,25-44,3,10.0,9.995243,2A07_2B08,SMU,20,9,
25-34,current,4.8891e-11,RESULT,,,,LaMP_HP_b,lamp_wholewafer,,,,,,,2026-09-23 17:58:42,fourth,measure,A,25-34,4,10.0,9.995306,2A05_2B06,SMU,21,9,
26-40,current,5.32111e-11,RESULT,,,,LaMP_HP_b,lamp_wholewafer,,,,,,,2026-09-23 17:58:48,first,measure,A,26-40,1,10.0,9.995251,4A06_4B05,SMU,20,10,
26-30,current,5.43537e-11,RESULT,,,,LaMP_HP_b,lamp_wholewafer,,,,,,,2026-09-23 17:58:48,second,measure,A,26-30,2,10.0,9.995181,4A08_4B07,SMU,21,10,
26-41,current,5.09374e-11,RESULT,,,,LaMP_HP_b,lamp_wholewafer,,,,,,,2026-09-23 17:58:48,third,measure,A,26-41,3,10.0,9.995182,2A07_2B08,SMU,20,11,
26-31,current,4.91923e-11,RESULT,,,,LaMP_HP_b,lamp_wholewafer,,,,,,,2026-09-23 17:58:48,fourth,measure,A,26-31,4,10.0,9.995159,2A05_2B06,SMU,21,11,
26-42,current,5.54508e-11,RESULT,,,,LaMP_HP_b,lamp_wholewafer,,,,,,,2026-09-23 17:58:55,first,measure,A,26-42,1,10.0,9.995247,4A06_4B05,SMU,20,12,
26-32,current,5.09885e-11,RESULT,,,,LaMP_HP_b,lamp_wholewafer,,,,,,,2026-09-23 17:58:55,second,measure,A,26-32,2,10.0,9.995236,4A08_4B07,SMU,21,12,
26-43,current,4.65832e-11,RESULT,,,,LaMP_HP_b,lamp_wholewafer,,,,,,,2026-09-23 17:58:55,third,measure,A,26-43,3,10.0,9.995255,2A07_2B08,SMU,20,13,
26-33,current,4.45311e-11,RESULT,,,,LaMP_HP_b,lamp_wholewafer,,,,,,,2026-09-23 17:58:55,fourth,measure,A,26-33,4,10.0,9.995193,2A05_2B06,SMU,21,13,
26-44,current,5.00904e-11,RESULT,,,,LaMP_HP_b,lamp_wholewafer,,,,,,,2026-09-23 17:59:02,first,measure,A,26-44,1,10.0,9.995314,4A06_4B05,SMU,20,14,
26-34,current,4.68617e-11,RESULT,,,,LaMP_HP_b,lamp_wholewafer,,,,,,,2026-09-23 17:59:02,second,measure,A,26-34,2,10.0,9.995233,4A08_4B07,SMU,21,14,
27-40,current,4.54577e-11,RESULT,,,,LaMP_HP_b,lamp_wholewafer,,,,,,,2026-09-23 17:59:02,third,measure,A,27-40,3,10.0,9.995235,2A07_2B08,SMU,20,15,
27-30,current,4.4389e-11,RESULT,,,,LaMP_HP_b,lamp_wholewafer,,,,,,,2026-09-23 17:59:02,fourth,measure,A,27-30,4,10.0,9.995232,2A05_2B06,SMU,21,15,
20-24,current,5.9174e-11,RESULT,,,,LaMP_HP_b,lamp_wholewafer,,,,,,,2026-09-23 17:59:08,first,measure,A,20-24,1,10.0,9.995247,4A06_4B05,SMU,22,-16,
20-14,current,5.49676e-11,RESULT,,,,LaMP_HP_b,lamp_wholewafer,,,,,,,2026-09-23 17:59:08,second,measure,A,20-14,2,10.0,9.995235,4A08_4B07,SMU,23,-16,
21-20,current,5.25631e-11,RESULT,,,,LaMP_HP_b,lamp_wholewafer,,,,,,,2026-09-23 17:59:08,third,measure,A,21-20,3,10.0,9.995174,2A07_2B08,SMU,22,-15,
21-10,current,5.42627e-11,RESULT,,,,LaMP_HP_b,lamp_wholewafer,,,,,,,2026-09-23 17:59:08,fourth,measure,A,21-10,4,10.0,9.995189,2A05_2B06,SMU,23,-15,
21-21,current,5.4041e-11,RESULT,,,,LaMP_HP_b,lamp_wholewafer,,,,,,,2026-09-23 17:59:15,first,measure,A,21-21,1,10.0,9.995268,4A06_4B05,SMU,22,-14,
21-11,current,4.6316e-11,RESULT,,,,LaMP_HP_b,lamp_wholewafer,,,,,,,2026-09-23 17:59:15,second,measure,A,21-11,2,10.0,9.995256,4A08_4B07,SMU,23,-14,
PCM,current,2.40959e-11,RESULT,,,,LaMP_HP_b,lamp_wholewafer,,,,,,,2026-09-23 17:59:15,third,measure,A,PCM,3,10.0,9.995266,2A07_2B08,SMU,22,-13,
21-12,current,4.69299e-11,RESULT,,,,LaMP_HP_b,lamp_wholewafer,,,,,,,2026-09-23 17:59:15,fourth,measure,A,21-12,4,10.0,9.995228,2A05_2B06,SMU,23,-13,
21-23,current,5.43935e-11,RESULT,,,,LaMP_HP_b,lamp_wholewafer,,,,,,,2026-09-23 17:59:22,first,measure,A,21-23,1,10.0,9.995241,4A06_4B05,SMU,22,-12,
21-13,current,2.32973e-10,RESULT,,,,LaMP_HP_b,lamp_wholewafer,,,,,,,2026-09-23 17:59:22,second,measure,A,21-13,2,10.0,9.995255,4A08_4B07,SMU,23,-12,
21-24,current,4.81123e-11,RESULT,,,,LaMP_HP_b,lamp_wholewafer,,,,,,,2026-09-23 17:59:22,third,measure,A,21-24,3,10.0,9.995368,2A07_2B08,SMU,22,-11,
21-14,current,4.70663e-11,RESULT,,,,LaMP_HP_b,lamp_wholewafer,,,,,,,2026-09-23 17:59:22,fourth,measure,A,21-14,4,10.0,9.995302,2A05_2B06,SMU,23,-11,
22-20,current,5.64739e-11,RESULT,,,,LaMP_HP_b,lamp_wholewafer,,,,,,,2026-09-23 17:59:28,first,measure,A,22-20,1,10.0,9.995296,4A06_4B05,SMU,22,-10,
22-10,current,5.06304e-11,RESULT,,,,LaMP_HP_b,lamp_wholewafer,,,,,,,2026-09-23 17:59:28,second,measure,A,22-10,2,10.0,9.995329,4A08_4B07,SMU,23,-10,
22-21,current,5.017e-11,RESULT,,,,LaMP_HP_b,lamp_wholewafer,,,,,,,2026-09-23 17:59:28,third,measure,A,22-21,3,10.0,9.995297,2A07_2B08,SMU,22,-9,
22-11,current,2.19222e-10,RESULT,,,,LaMP_HP_b,lamp_wholewafer,,,,,,,2026-09-23 17:59:28,fourth,measure,A,22-11,4,10.0,9.995268,2A05_2B06,SMU,23,-9,
22-22,current,6.51482e-11,RESULT,,,,LaMP_HP_b,lamp_wholewafer,,,,,,,2026-09-23 17:59:35,first,measure,A,22-22,1,10.0,9.995279,4A06_4B05,SMU,22,-8,
22-12,current,6.10043e-11,RESULT,,,,LaMP_HP_b,lamp_wholewafer,,,,,,,2026-09-23 17:59:35,second,measure,A,22-12,2,10.0,9.995301,4A08_4B07,SMU,23,-8,
22-23,current,5.44617e-11,RESULT,,,,LaMP_HP_b,lamp_wholewafer,,,,,,,2026-09-23 17:59:35,third,measure,A,22-23,3,10.0,9.995363,2A07_2B08,SMU,22,-7,
22-13,current,4.89877e-11,RESULT,,,,LaMP_HP_b,lamp_wholewafer,,,,,,,2026-09-23 17:59:35,fourth,measure,A,22-13,4,10.0,9.995324,2A05_2B06,SMU,23,-7,
22-24,current,5.21141e-11,RESULT,,,,LaMP_HP_b,lamp_wholewafer,,,,,,,2026-09-23 17:59:41,first,measure,A,22-24,1,10.0,9.995266,4A06_4B05,SMU,22,-6,
22-14,current,5.38705e-11,RESULT,,,,LaMP_HP_b,lamp_wholewafer,,,,,,,2026-09-23 17:59:41,second,measure,A,22-14,2,10.0,9.995278,4A08_4B07,SMU,23,-6,
23-20,current,5.11079e-11,RESULT,,,,LaMP_HP_b,lamp_wholewafer,,,,,,,2026-09-23 17:59:41,third,measure,A,23-20,3,10.0,9.995236,2A07_2B08,SMU,22,-5,
23-10,current,4.7271e-11,RESULT,,,,LaMP_HP_b,lamp_wholewafer,,,,,,,2026-09-23 17:59:41,fourth,measure,A,23-10,4,10.0,9.99525,2A05_2B06,SMU,23,-5,
23-21,current,5.28587e-11,RESULT,,,,LaMP_HP_b,lamp_wholewafer,,,,,,,2026-09-23 17:59:48,first,measure,A,23-21,1,10.0,9.995335,4A06_4B05,SMU,22,-4,
23-11,current,4.77598e-11,RESULT,,,,LaMP_HP_b,lamp_wholewafer,,,,,,,2026-09-23 17:59:48,second,measure,A,23-11,2,10.0,9.995308,4A08_4B07,SMU,23,-4,
PCM,current,2.28795e-11,RESULT,,,,LaMP_HP_b,lamp_wholewafer,,,,,,,2026-09-23 17:59:48,third,measure,A,PCM,3,10.0,9.995283,2A07_2B08,SMU,22,-3,
23-12,current,5.46947e-11,RESULT,,,,LaMP_HP_b,lamp_wholewafer,,,,,,,2026-09-23 17:59:48,fourth,measure,A,23-12,4,10.0,9.99527,2A05_2B06,SMU,23,-3,
23-23,current,5.65308e-11,RESULT,,,,LaMP_HP_b,lamp_wholewafer,,,,,,,2026-09-23 17:59:57,first,measure,A,23-23,1,10.0,9.99531,4A06_4B05,SMU,22,-2,
23-13,current,4.83681e-11,RESULT,,,,LaMP_HP_b,lamp_wholewafer,,,,,,,2026-09-23 17:59:57,second,measure,A,23-13,2,10.0,9.995315,4A08_4B07,SMU,23,-2,
23-24,current,5.11307e-11,RESULT,,,,LaMP_HP_b,lamp_wholewafer,,,,,,,2026-09-23 17:59:57,third,measure,A,23-24,3,10.0,9.995335,2A07_2B08,SMU,22,-1,
23-14,current,4.68447e-11,RESULT,,,,LaMP_HP_b,lamp_wholewafer,,,,,,,2026-09-23 17:59:57,fourth,measure,A,23-14,4,10.0,9.995235,2A05_2B06,SMU,23,-1,
24-20,current,5.50301e-11,RESULT,,,,LaMP_HP_b,lamp_wholewafer,,,,,,,2026-09-23 18:00:03,first,measure,A,24-20,1,10.0,9.995253,4A06_4B05,SMU,22,0,
24-10,current,5.13467e-11,RESULT,,,,LaMP_HP_b,lamp_wholewafer,,,,,,,2026-09-23 18:00:03,second,measure,A,24-10,2,10.0,9.995249,4A08_4B07,SMU,23,0,
24-21,current,5.14206e-11,RESULT,,,,LaMP_HP_b,lamp_wholewafer,,,,,,,2026-09-23 18:00:03,third,measure,A,24-21,3,10.0,9.995291,2A07_2B08,SMU,22,1,
24-11,current,4.81123e-11,RESULT,,,,LaMP_HP_b,lamp_wholewafer,,,,,,,2026-09-23 18:00:03,fourth,measure,A,24-11,4,10.0,9.995271,2A05_2B06,SMU,23,1,
24-22,current,5.56611e-11,RESULT,,,,LaMP_HP_b,lamp_wholewafer,,,,,,,2026-09-23 18:00:10,first,measure,A,24-22,1,10.0,9.995185,4A06_4B05,SMU,22,2,
24-12,current,5.23528e-11,RESULT,,,,LaMP_HP_b,lamp_wholewafer,,,,,,,2026-09-23 18:00:10,second,measure,A,24-12,2,10.0,9.995227,4A08_4B07,SMU,23,2,
24-23,current,4.80554e-11,RESULT,,,,LaMP_HP_b,lamp_wholewafer,,,,,,,2026-09-23 18:00:10,third,measure,A,24-23,3,10.0,9.995275,2A07_2B08,SMU,22,3,
24-13,current,4.77712e-11,RESULT,,,,LaMP_HP_b,lamp_wholewafer,,,,,,,2026-09-23 18:00:10,fourth,measure,A,24-13,4,10.0,9.995286,2A05_2B06,SMU,23,3,
24-24,current,5.68946e-11,RESULT,,,,LaMP_HP_b,lamp_wholewafer,,,,,,,2026-09-23 18:00:16,first,measure,A,24-24,1,10.0,9.995312,4A06_4B05,SMU,22,4,
24-14,current,5.36943e-11,RESULT,,,,LaMP_HP_b,lamp_wholewafer,,,,,,,2026-09-23 18:00:16,second,measure,A,24-14,2,10.0,9.995346,4A08_4B07,SMU,23,4,
25-20,current,4.89933e-11,RESULT,,,,LaMP_HP_b,lamp_wholewafer,,,,,,,2026-09-23 18:00:16,third,measure,A,25-20,3,10.0,9.995318,2A07_2B08,SMU,22,5,
25-10,current,4.80441e-11,RESULT,,,,LaMP_HP_b,lamp_wholewafer,,,,,,,2026-09-23 18:00:16,fourth,measure,A,25-10,4,10.0,9.995353,2A05_2B06,SMU,23,5,
25-21,current,5.20004e-11,RESULT,,,,LaMP_HP_b,lamp_wholewafer,,,,,,,2026-09-23 18:00:23,first,measure,A,25-21,1,10.0,9.995325,4A06_4B05,SMU,22,6,
25-11,current,5.09601e-11,RESULT,,,,LaMP_HP_b,lamp_wholewafer,,,,,,,2026-09-23 18:00:23,second,measure,A,25-11,2,10.0,9.995321,4A08_4B07,SMU,23,6,
PCM,current,2.70063e-11,RESULT,,,,LaMP_HP_b,lamp_wholewafer,,,,,,,2026-09-23 18:00:23,third,measure,A,PCM,3,10.0,9.995304,2A07_2B08,SMU,22,7,
25-12,current,4.81862e-11,RESULT,,,,LaMP_HP_b,lamp_wholewafer,,,,,,,2026-09-23 18:00:23,fourth,measure,A,25-12,4,10.0,9.995327,2A05_2B06,SMU,23,7,
25-23,current,5.47288e-11,RESULT,,,,LaMP_HP_b,lamp_wholewafer,,,,,,,2026-09-23 18:00:30,first,measure,A,25-23,1,10.0,9.995401,4A06_4B05,SMU,22,8,
25-13,current,4.84931e-11,RESULT,,,,LaMP_HP_b,lamp_wholewafer,,,,,,,2026-09-23 18:00:30,second,measure,A,25-13,2,10.0,9.99539,4A08_4B07,SMU,23,8,
25-24,current,4.91639e-11,RESULT,,,,LaMP_HP_b,lamp_wholewafer,,,,,,,2026-09-23 18:00:30,third,measure,A,25-24,3,10.0,9.995399,2A07_2B08,SMU,22,9,
25-14,current,4.86352e-11,RESULT,,,,LaMP_HP_b,lamp_wholewafer,,,,,,,2026-09-23 18:00:30,fourth,measure,A,25-14,4,10.0,9.995321,2A05_2B06,SMU,23,9,
26-20,current,2.33905e-10,RESULT,,,,LaMP_HP_b,lamp_wholewafer,,,,,,,2026-09-23 18:00:36,first,measure,A,26-20,1,10.0,9.995204,4A06_4B05,SMU,22,10,
26-10,current,4.3417e-11,RESULT,,,,LaMP_HP_b,lamp_wholewafer,,,,,,,2026-09-23 18:00:36,second,measure,A,26-10,2,10.0,9.995245,4A08_4B07,SMU,23,10,
26-21,current,4.4588e-11,RESULT,,,,LaMP_HP_b,lamp_wholewafer,,,,,,,2026-09-23 18:00:36,third,measure,A,26-21,3,10.0,9.995268,2A07_2B08,SMU,22,11,
26-11,current,4.48153e-11,RESULT,,,,LaMP_HP_b,lamp_wholewafer,,,,,,,2026-09-23 18:00:36,fourth,measure,A,26-11,4,10.0,9.995322,2A05_2B06,SMU,23,11,
26-22,current,5.1881e-11,RESULT,,,,LaMP_HP_b,lamp_wholewafer,,,,,,,2026-09-23 18:00:43,first,measure,A,26-22,1,10.0,9.995317,4A06_4B05,SMU,22,12,
26-12,current,5.05509e-11,RESULT,,,,LaMP_HP_b,lamp_wholewafer,,,,,,,2026-09-23 18:00:43,second,measure,A,26-12,2,10.0,9.995321,4A08_4B07,SMU,23,12,
26-23,current,7.26231e-11,RESULT,,,,LaMP_HP_b,lamp_wholewafer,,,,,,,2026-09-23 18:00:43,third,measure,A,26-23,3,10.0,9.995336,2A07_2B08,SMU,22,13,
26-13,current,4.42924e-11,RESULT,,,,LaMP_HP_b,lamp_wholewafer,,,,,,,2026-09-23 18:00:43,fourth,measure,A,26-13,4,10.0,9.995306,2A05_2B06,SMU,23,13,
26-24,current,2.18665e-10,RESULT,,,,LaMP_HP_b,lamp_wholewafer,,,,,,,2026-09-23 18:00:49,first,measure,A,26-24,1,10.0,9.995284,4A06_4B05,SMU,22,14,
26-14,current,4.16037e-11,RESULT,,,,LaMP_HP_b,lamp_wholewafer,,,,,,,2026-09-23 18:00:49,second,measure,A,26-14,2,10.0,9.995306,4A08_4B07,SMU,23,14,
27-20,current,4.16094e-11,RESULT,,,,LaMP_HP_b,lamp_wholewafer,,,,,,,2026-09-23 18:00:49,third,measure,A,27-20,3,10.0,9.995245,2A07_2B08,SMU,22,15,
27-10,current,4.16378e-11,RESULT,,,,LaMP_HP_b,lamp_wholewafer,,,,,,,2026-09-23 18:00:49,fourth,measure,A,27-10,4,10.0,9.995246,2A05_2B06,SMU,23,15,
NA,current,1.46054e-10,RESULT,,,,LaMP_HP_b,lamp_wholewafer,,,,,,,2026-09-23 18:00:56,first,measure,A,NA,1,10.0,9.995187,4A06_4B05,SMU,24,-16,
NA,current,9.99995e-07,RESULT,,,,LaMP_HP_b,lamp_wholewafer,,,,,,,2026-09-23 18:00:56,second,measure,A,NA,2,10.0,0.05354538,4A08_4B07,SMU,25,-16,
21-00,current,5.42286e-11,RESULT,,,,LaMP_HP_b,lamp_wholewafer,,,,,,,2026-09-23 18:00:56,third,measure,A,21-00,3,10.0,9.995222,2A07_2B08,SMU,24,-15,
11-70,current,4.59977e-11,RESULT,,,,LaMP_HP_b,lamp_wholewafer,,,,,,,2026-09-23 18:00:56,fourth,measure,A,11-70,4,10.0,9.995204,2A05_2B06,SMU,25,-15,
21-01,current,5.2512e-11,RESULT,,,,LaMP_HP_b,lamp_wholewafer,,,,,,,2026-09-23 18:01:03,first,measure,A,21-01,1,10.0,9.995236,4A06_4B05,SMU,24,-14,
11-71,current,7.35497e-11,RESULT,,,,LaMP_HP_b,lamp_wholewafer,,,,,,,2026-09-23 18:01:03,second,measure,A,11-71,2,10.0,9.995263,4A08_4B07,SMU,25,-14,
21-02,current,6.26869e-11,RESULT,,,,LaMP_HP_b,lamp_wholewafer,,,,,,,2026-09-23 18:01:03,third,measure,A,21-02,3,10.0,9.995295,2A07_2B08,SMU,24,-13,
11-72,current,5.34271e-11,RESULT,,,,LaMP_HP_b,lamp_wholewafer,,,,,,,2026-09-23 18:01:03,fourth,measure,A,11-72,4,10.0,9.995266,2A05_2B06,SMU,25,-13,
21-03,current,5.24381e-11,RESULT,,,,LaMP_HP_b,lamp_wholewafer,,,,,,,2026-09-23 18:01:09,first,measure,A,21-03,1,10.0,9.995291,4A06_4B05,SMU,24,-12,
11-73,current,4.98858e-11,RESULT,,,,LaMP_HP_b,lamp_wholewafer,,,,,,,2026-09-23 18:01:09,second,measure,A,11-73,2,10.0,9.995203,4A08_4B07,SMU,25,-12,
21-04,current,5.04883e-11,RESULT,,,,LaMP_HP_b,lamp_wholewafer,,,,,,,2026-09-23 18:01:09,third,measure,A,21-04,3,10.0,9.995288,2A07_2B08,SMU,24,-11,
11-74,current,4.90104e-11,RESULT,,,,LaMP_HP_b,lamp_wholewafer,,,,,,,2026-09-23 18:01:09,fourth,measure,A,11-74,4,10.0,9.995272,2A05_2B06,SMU,25,-11,
22-00,current,5.64341e-11,RESULT,,,,LaMP_HP_b,lamp_wholewafer,,,,,,,2026-09-23 18:01:16,first,measure,A,22-00,1,10.0,9.995249,4A06_4B05,SMU,24,-10,
12-70,current,6.94058e-11,RESULT,,,,LaMP_HP_b,lamp_wholewafer,,,,,,,2026-09-23 18:01:16,second,measure,A,12-70,2,10.0,9.995359,4A08_4B07,SMU,25,-10,
22-01,current,5.05906e-11,RESULT,,,,LaMP_HP_b,lamp_wholewafer,,,,,,,2026-09-23 18:01:16,third,measure,A,22-01,3,10.0,9.995328,2A07_2B08,SMU,24,-9,
12-71,current,4.77485e-11,RESULT,,,,LaMP_HP_b,lamp_wholewafer,,,,,,,2026-09-23 18:01:16,fourth,measure,A,12-71,4,10.0,9.995303,2A05_2B06,SMU,25,-9,
22-02,current,5.74687e-11,RESULT,,,,LaMP_HP_b,lamp_wholewafer,,,,,,,2026-09-23 18:01:23,first,measure,A,22-02,1,10.0,9.995223,4A06_4B05,SMU,24,-8,
12-72,current,5.25858e-11,RESULT,,,,LaMP_HP_b,lamp_wholewafer,,,,,,,2026-09-23 18:01:23,second,measure,A,12-72,2,10.0,9.995342,4A08_4B07,SMU,25,-8,
22-03,current,5.64455e-11,RESULT,,,,LaMP_HP_b,lamp_wholewafer,,,,,,,2026-09-23 18:01:23,third,measure,A,22-03,3,10.0,9.995356,2A07_2B08,SMU,24,-7,
12-73,current,4.92491e-11,RESULT,,,,LaMP_HP_b,lamp_wholewafer,,,,,,,2026-09-23 18:01:23,fourth,measure,A,12-73,4,10.0,9.995275,2A05_2B06,SMU,25,-7,
22-04,current,5.27507e-11,RESULT,,,,LaMP_HP_b,lamp_wholewafer,,,,,,,2026-09-23 18:01:29,first,measure,A,22-04,1,10.0,9.995302,4A06_4B05,SMU,24,-6,
12-74,current,4.72937e-11,RESULT,,,,LaMP_HP_b,lamp_wholewafer,,,,,,,2026-09-23 18:01:29,second,measure,A,12-74,2,10.0,9.995274,4A08_4B07,SMU,25,-6,
23-00,current,1.98565e-10,RESULT,,,,LaMP_HP_b,lamp_wholewafer,,,,,,,2026-09-23 18:01:29,third,measure,A,23-00,3,10.0,9.995302,2A07_2B08,SMU,24,-5,
13-70,current,4.25075e-11,RESULT,,,,LaMP_HP_b,lamp_wholewafer,,,,,,,2026-09-23 18:01:29,fourth,measure,A,13-70,4,10.0,9.995361,2A05_2B06,SMU,25,-5,
23-01,current,4.62307e-11,RESULT,,,,LaMP_HP_b,lamp_wholewafer,,,,,,,2026-09-23 18:01:36,first,measure,A,23-01,1,10.0,9.995388,4A06_4B05,SMU,24,-4,
13-71,current,5.01132e-11,RESULT,,,,LaMP_HP_b,lamp_wholewafer,,,,,,,2026-09-23 18:01:36,second,measure,A,13-71,2,10.0,9.995287,4A08_4B07,SMU,25,-4,
23-02,current,4.64013e-11,RESULT,,,,LaMP_HP_b,lamp_wholewafer,,,,,,,2026-09-23 18:01:36,third,measure,A,23-02,3,10.0,9.995238,2A07_2B08,SMU,24,-3,
13-72,current,5.00336e-11,RESULT,,,,LaMP_HP_b,lamp_wholewafer,,,,,,,2026-09-23 18:01:36,fourth,measure,A,13-72,4,10.0,9.995317,2A05_2B06,SMU,25,-3,
23-03,current,5.37909e-11,RESULT,,,,LaMP_HP_b,lamp_wholewafer,,,,,,,2026-09-23 18:01:42,first,measure,A,23-03,1,10.0,9.995254,4A06_4B05,SMU,24,-2,
13-73,current,4.5776e-11,RESULT,,,,LaMP_HP_b,lamp_wholewafer,,,,,,,2026-09-23 18:01:42,second,measure,A,13-73,2,10.0,9.995199,4A08_4B07,SMU,25,-2,
23-04,current,4.37694e-11,RESULT,,,,LaMP_HP_b,lamp_wholewafer,,,,,,,2026-09-23 18:01:42,third,measure,A,23-04,3,10.0,9.995222,2A07_2B08,SMU,24,-1,
13-74,current,4.76973e-11,RESULT,,,,LaMP_HP_b,lamp_wholewafer,,,,,,,2026-09-23 18:01:42,fourth,measure,A,13-74,4,10.0,9.995211,2A05_2B06,SMU,25,-1,
24-00,current,5.34953e-11,RESULT,,,,LaMP_HP_b,lamp_wholewafer,,,,,,,2026-09-23 18:01:49,first,measure,A,24-00,1,10.0,9.99527,4A06_4B05,SMU,24,0,
14-70,current,4.67764e-11,RESULT,,,,LaMP_HP_b,lamp_wholewafer,,,,,,,2026-09-23 18:01:49,second,measure,A,14-70,2,10.0,9.995314,4A08_4B07,SMU,25,0,
24-01,current,4.53838e-11,RESULT,,,,LaMP_HP_b,lamp_wholewafer,,,,,,,2026-09-23 18:01:49,third,measure,A,24-01,3,10.0,9.995195,2A07_2B08,SMU,24,1,
14-71,current,4.50427e-11,RESULT,,,,LaMP_HP_b,lamp_wholewafer,,,,,,,2026-09-23 18:01:49,fourth,measure,A,14-71,4,10.0,9.995272,2A05_2B06,SMU,25,1,
24-02,current,5.11477e-11,RESULT,,,,LaMP_HP_b,lamp_wholewafer,,,,,,,2026-09-23 18:01:56,first,measure,A,24-02,1,10.0,9.995238,4A06_4B05,SMU,24,2,
14-72,current,4.81577e-11,RESULT,,,,LaMP_HP_b,lamp_wholewafer,,,,,,,2026-09-23 18:01:56,second,measure,A,14-72,2,10.0,9.995207,4A08_4B07,SMU,25,2,
24-03,current,4.87432e-11,RESULT,,,,LaMP_HP_b,lamp_wholewafer,,,,,,,2026-09-23 18:01:56,third,measure,A,24-03,3,10.0,9.995263,2A07_2B08,SMU,24,3,
14-73,current,4.7163e-11,RESULT,,,,LaMP_HP_b,lamp_wholewafer,,,,,,,2026-09-23 18:01:56,fourth,measure,A,14-73,4,10.0,9.99526,2A05_2B06,SMU,25,3,
24-04,current,5.5411e-11,RESULT,,,,LaMP_HP_b,lamp_wholewafer,,,,,,,2026-09-23 18:02:02,first,measure,A,24-04,1,10.0,9.995249,4A06_4B05,SMU,24,4,
14-74,current,4.8567e-11,RESULT,,,,LaMP_HP_b,lamp_wholewafer,,,,,,,2026-09-23 18:02:02,second,measure,A,14-74,2,10.0,9.995211,4A08_4B07,SMU,25,4,
25-00,current,4.67708e-11,RESULT,,,,LaMP_HP_b,lamp_wholewafer,,,,,,,2026-09-23 18:02:02,third,measure,A,25-00,3,10.0,9.995207,2A07_2B08,SMU,24,5,
15-70,current,4.74131e-11,RESULT,,,,LaMP_HP_b,lamp_wholewafer,,,,,,,2026-09-23 18:02:02,fourth,measure,A,15-70,4,10.0,9.995142,2A05_2B06,SMU,25,5,
25-01,current,5.33476e-11,RESULT,,,,LaMP_HP_b,lamp_wholewafer,,,,,,,2026-09-23 18:02:09,first,measure,A,25-01,1,10.0,9.995173,4A06_4B05,SMU,24,6,
15-71,current,4.89081e-11,RESULT,,,,LaMP_HP_b,lamp_wholewafer,,,,,,,2026-09-23 18:02:09,second,measure,A,15-71,2,10.0,9.995188,4A08_4B07,SMU,25,6,
25-02,current,5.05168e-11,RESULT,,,,LaMP_HP_b,lamp_wholewafer,,,,,,,2026-09-23 18:02:09,third,measure,A,25-02,3,10.0,9.995214,2A07_2B08,SMU,24,7,
15-72,current,4.68162e-11,RESULT,,,,LaMP_HP_b,lamp_wholewafer,,,,,,,2026-09-23 18:02:09,fourth,measure,A,15-72,4,10.0,9.995204,2A05_2B06,SMU,25,7,
25-03,current,5.44389e-11,RESULT,,,,LaMP_HP_b,lamp_wholewafer,,,,,,,2026-09-23 18:02:15,first,measure,A,25-03,1,10.0,9.99521,4A06_4B05,SMU,24,8,
15-73,current,4.79076e-11,RESULT,,,,LaMP_HP_b,lamp_wholewafer,,,,,,,2026-09-23 18:02:15,second,measure,A,15-73,2,10.0,9.995179,4A08_4B07,SMU,25,8,
25-04,current,4.81123e-11,RESULT,,,,LaMP_HP_b,lamp_wholewafer,,,,,,,2026-09-23 18:02:15,third,measure,A,25-04,3,10.0,9.995149,2A07_2B08,SMU,24,9,
15-74,current,4.80384e-11,RESULT,,,,LaMP_HP_b,lamp_wholewafer,,,,,,,2026-09-23 18:02:15,fourth,measure,A,15-74,4,10.0,9.995204,2A05_2B06,SMU,25,9,
26-00,current,5.38591e-11,RESULT,,,,LaMP_HP_b,lamp_wholewafer,,,,,,,2026-09-23 18:02:22,first,measure,A,26-00,1,10.0,9.995268,4A06_4B05,SMU,24,10,
16-70,current,4.86239e-11,RESULT,,,,LaMP_HP_b,lamp_wholewafer,,,,,,,2026-09-23 18:02:22,second,measure,A,16-70,2,10.0,9.995274,4A08_4B07,SMU,25,10,
26-01,current,4.6748e-11,RESULT,,,,LaMP_HP_b,lamp_wholewafer,,,,,,,2026-09-23 18:02:22,third,measure,A,26-01,3,10.0,9.995252,2A07_2B08,SMU,24,11,
16-71,current,4.55998e-11,RESULT,,,,LaMP_HP_b,lamp_wholewafer,,,,,,,2026-09-23 18:02:22,fourth,measure,A,16-71,4,10.0,9.995261,2A05_2B06,SMU,25,11,
26-02,current,9.10063e-11,RESULT,,,,LaMP_HP_b,lamp_wholewafer,,,,,,,2026-09-23 18:02:29,first,measure,A,26-02,1,10.0,9.995288,4A06_4B05,SMU,24,12,
16-72,current,4.57646e-11,RESULT,,,,LaMP_HP_b,lamp_wholewafer,,,,,,,2026-09-23 18:02:29,second,measure,A,16-72,2,10.0,9.995222,4A08_4B07,SMU,25,12,
26-03,current,4.41048e-11,RESULT,,,,LaMP_HP_b,lamp_wholewafer,,,,,,,2026-09-23 18:02:29,third,measure,A,26-03,3,10.0,9.995179,2A07_2B08,SMU,24,13,
16-73,current,4.50484e-11,RESULT,,,,LaMP_HP_b,lamp_wholewafer,,,,,,,2026-09-23 18:02:29,fourth,measure,A,16-73,4,10.0,9.995152,2A05_2B06,SMU,25,13,
26-04,current,4.84988e-11,RESULT,,,,LaMP_HP_b,lamp_wholewafer,,,,,,,2026-09-23 18:02:35,first,measure,A,26-04,1,10.0,9.995214,4A06_4B05,SMU,24,14,
16-74,current,2.19302e-10,RESULT,,,,LaMP_HP_b,lamp_wholewafer,,,,,,,2026-09-23 18:02:35,second,measure,A,16-74,2,10.0,9.99515,4A08_4B07,SMU,25,14,
NA,current,3.53566e-11,RESULT,,,,LaMP_HP_b,lamp_wholewafer,,,,,,,2026-09-23 18:02:35,third,measure,A,NA,3,10.0,9.995245,2A07_2B08,SMU,24,15,
NA,current,9.99995e-07,RESULT,,,,LaMP_HP_b,lamp_wholewafer,,,,,,,2026-09-23 18:02:35,fourth,measure,A,NA,4,10.0,0.06310425,2A05_2B06,SMU,25,15,
11-61,current,5.40353e-11,RESULT,,,,LaMP_HP_b,lamp_wholewafer,,,,,,,2026-09-23 18:02:42,first,measure,A,11-61,1,10.0,9.995222,4A06_4B05,SMU,26,-14,
11-51,current,4.85557e-11,RESULT,,,,LaMP_HP_b,lamp_wholewafer,,,,,,,2026-09-23 18:02:42,second,measure,A,11-51,2,10.0,9.995289,4A08_4B07,SMU,27,-14,
11-62,current,5.07612e-11,RESULT,,,,LaMP_HP_b,lamp_wholewafer,,,,,,,2026-09-23 18:02:42,third,measure,A,11-62,3,10.0,9.995218,2A07_2B08,SMU,26,-13,
11-52,current,6.97639e-11,RESULT,,,,LaMP_HP_b,lamp_wholewafer,,,,,,,2026-09-23 18:02:42,fourth,measure,A,11-52,4,10.0,9.995174,2A05_2B06,SMU,27,-13,
11-63,current,6.83315e-11,RESULT,,,,LaMP_HP_b,lamp_wholewafer,,,,,,,2026-09-23 18:02:49,first,measure,A,11-63,1,10.0,9.995283,4A06_4B05,SMU,26,-12,
11-53,current,4.68276e-11,RESULT,,,,LaMP_HP_b,lamp_wholewafer,,,,,,,2026-09-23 18:02:49,second,measure,A,11-53,2,10.0,9.995233,4A08_4B07,SMU,27,-12,
11-64,current,4.85784e-11,RESULT,,,,LaMP_HP_b,lamp_wholewafer,,,,,,,2026-09-23 18:02:49,third,measure,A,11-64,3,10.0,9.995277,2A07_2B08,SMU,26,-11,
11-54,current,4.77371e-11,RESULT,,,,LaMP_HP_b,lamp_wholewafer,,,,,,,2026-09-23 18:02:49,fourth,measure,A,11-54,4,10.0,9.995273,2A05_2B06,SMU,27,-11,
12-60,current,5.49676e-11,RESULT,,,,LaMP_HP_b,lamp_wholewafer,,,,,,,2026-09-23 18:02:55,first,measure,A,12-60,1,10.0,9.995247,4A06_4B05,SMU,26,-10,
12-50,current,5.26654e-11,RESULT,,,,LaMP_HP_b,lamp_wholewafer,,,,,,,2026-09-23 18:02:55,second,measure,A,12-50,2,10.0,9.995211,4A08_4B07,SMU,27,-10,
12-61,current,5.17673e-11,RESULT,,,,LaMP_HP_b,lamp_wholewafer,,,,,,,2026-09-23 18:02:55,third,measure,A,12-61,3,10.0,9.995286,2A07_2B08,SMU,26,-9,
12-51,current,5.17389e-11,RESULT,,,,LaMP_HP_b,lamp_wholewafer,,,,,,,2026-09-23 18:02:55,fourth,measure,A,12-51,4,10.0,9.995296,2A05_2B06,SMU,27,-9,
12-62,current,5.76165e-11,RESULT,,,,LaMP_HP_b,lamp_wholewafer,,,,,,,2026-09-23 18:03:02,first,measure,A,12-62,1,10.0,9.995319,4A06_4B05,SMU,26,-8,
12-52,current,5.25347e-11,RESULT,,,,LaMP_HP_b,lamp_wholewafer,,,,,,,2026-09-23 18:03:02,second,measure,A,12-52,2,10.0,9.995269,4A08_4B07,SMU,27,-8,
12-63,current,5.13353e-11,RESULT,,,,LaMP_HP_b,lamp_wholewafer,,,,,,,2026-09-23 18:03:02,third,measure,A,12-63,3,10.0,9.995289,2A07_2B08,SMU,26,-7,
12-53,current,4.9215e-11,RESULT,,,,LaMP_HP_b,lamp_wholewafer,,,,,,,2026-09-23 18:03:02,fourth,measure,A,12-53,4,10.0,9.995267,2A05_2B06,SMU,27,-7,
12-64,current,5.47573e-11,RESULT,,,,LaMP_HP_b,lamp_wholewafer,,,,,,,2026-09-23 18:03:08,first,measure,A,12-64,1,10.0,9.995227,4A06_4B05,SMU,26,-6,
12-54,current,6.29541e-11,RESULT,,,,LaMP_HP_b,lamp_wholewafer,,,,,,,2026-09-23 18:03:08,second,measure,A,12-54,2,10.0,9.995234,4A08_4B07,SMU,27,-6,
13-60,current,4.81918e-11,RESULT,,,,LaMP_HP_b,lamp_wholewafer,,,,,,,2026-09-23 18:03:08,third,measure,A,13-60,3,10.0,9.995216,2A07_2B08,SMU,26,-5,
13-50,current,4.76689e-11,RESULT,,,,LaMP_HP_b,lamp_wholewafer,,,,,,,2026-09-23 18:03:08,fourth,measure,A,13-50,4,10.0,9.995184,2A05_2B06,SMU,27,-5,
13-61,current,5.15456e-11,RESULT,,,,LaMP_HP_b,lamp_wholewafer,,,,,,,2026-09-23 18:03:15,first,measure,A,13-61,1,10.0,9.995247,4A06_4B05,SMU,26,-4,
13-51,current,4.75041e-11,RESULT,,,,LaMP_HP_b,lamp_wholewafer,,,,,,,2026-09-23 18:03:15,second,measure,A,13-51,2,10.0,9.995233,4A08_4B07,SMU,27,-4,
13-62,current,4.71175e-11,RESULT,,,,LaMP_HP_b,lamp_wholewafer,,,,,,,2026-09-23 18:03:15,third,measure,A,13-62,3,10.0,9.995203,2A07_2B08,SMU,26,-3,
13-52,current,2.39709e-10,RESULT,,,,LaMP_HP_b,lamp_wholewafer,,,,,,,2026-09-23 18:03:15,fourth,measure,A,13-52,4,10.0,9.995179,2A05_2B06,SMU,27,-3,
13-63,current,4.78337e-11,RESULT,,,,LaMP_HP_b,lamp_wholewafer,,,,,,,2026-09-23 18:03:22,first,measure,A,13-63,1,10.0,9.995198,4A06_4B05,SMU,26,-2,
13-53,current,4.63615e-11,RESULT,,,,LaMP_HP_b,lamp_wholewafer,,,,,,,2026-09-23 18:03:22,second,measure,A,13-53,2,10.0,9.995192,4A08_4B07,SMU,27,-2,
13-64,current,4.46278e-11,RESULT,,,,LaMP_HP_b,lamp_wholewafer,,,,,,,2026-09-23 18:03:22,third,measure,A,13-64,3,10.0,9.995176,2A07_2B08,SMU,26,-1,
13-54,current,4.5884e-11,RESULT,,,,LaMP_HP_b,lamp_wholewafer,,,,,,,2026-09-23 18:03:22,fourth,measure,A,13-54,4,10.0,9.995155,2A05_2B06,SMU,27,-1,
14-60,current,4.99711e-11,RESULT,,,,LaMP_HP_b,lamp_wholewafer,,,,,,,2026-09-23 18:03:28,first,measure,A,14-60,1,10.0,9.995277,4A06_4B05,SMU,26,0,
14-50,current,4.42469e-11,RESULT,,,,LaMP_HP_b,lamp_wholewafer,,,,,,,2026-09-23 18:03:28,second,measure,A,14-50,2,10.0,9.995251,4A08_4B07,SMU,27,0,
14-61,current,4.49631e-11,RESULT,,,,LaMP_HP_b,lamp_wholewafer,,,,,,,2026-09-23 18:03:28,third,measure,A,14-61,3,10.0,9.99527,2A07_2B08,SMU,26,1,
14-51,current,4.36103e-11,RESULT,,,,LaMP_HP_b,lamp_wholewafer,,,,,,,2026-09-23 18:03:28,fourth,measure,A,14-51,4,10.0,9.99518,2A05_2B06,SMU,27,1,
14-62,current,5.07157e-11,RESULT,,,,LaMP_HP_b,lamp_wholewafer,,,,,,,2026-09-23 18:03:35,first,measure,A,14-62,1,10.0,9.995143,4A06_4B05,SMU,26,2,
14-52,current,4.57192e-11,RESULT,,,,LaMP_HP_b,lamp_wholewafer,,,,,,,2026-09-23 18:03:35,second,measure,A,14-52,2,10.0,9.995153,4A08_4B07,SMU,27,2,
14-63,current,4.55543e-11,RESULT,,,,LaMP_HP_b,lamp_wholewafer,,,,,,,2026-09-23 18:03:35,third,measure,A,14-63,3,10.0,9.99517,2A07_2B08,SMU,26,3,
14-53,current,4.43947e-11,RESULT,,,,LaMP_HP_b,lamp_wholewafer,,,,,,,2026-09-23 18:03:35,fourth,measure,A,14-53,4,10.0,9.995146,2A05_2B06,SMU,27,3,
14-64,current,5.61215e-11,RESULT,,,,LaMP_HP_b,lamp_wholewafer,,,,,,,2026-09-23 18:03:41,first,measure,A,14-64,1,10.0,9.995151,4A06_4B05,SMU,26,4,
14-54,current,4.84476e-11,RESULT,,,,LaMP_HP_b,lamp_wholewafer,,,,,,,2026-09-23 18:03:41,second,measure,A,14-54,2,10.0,9.995154,4A08_4B07,SMU,27,4,
15-60,current,4.62819e-11,RESULT,,,,LaMP_HP_b,lamp_wholewafer,,,,,,,2026-09-23 18:03:41,third,measure,A,15-60,3,10.0,9.995199,2A07_2B08,SMU,26,5,
15-50,current,4.69981e-11,RESULT,,,,LaMP_HP_b,lamp_wholewafer,,,,,,,2026-09-23 18:03:41,fourth,measure,A,15-50,4,10.0,9.995184,2A05_2B06,SMU,27,5,
15-61,current,4.70891e-11,RESULT,,,,LaMP_HP_b,lamp_wholewafer,,,,,,,2026-09-23 18:03:48,first,measure,A,15-61,1,10.0,9.995157,4A06_4B05,SMU,26,6,
15-51,current,4.78337e-11,RESULT,,,,LaMP_HP_b,lamp_wholewafer,,,,,,,2026-09-23 18:03:48,second,measure,A,15-51,2,10.0,9.995218,4A08_4B07,SMU,27,6,
15-62,current,5.06191e-11,RESULT,,,,LaMP_HP_b,lamp_wholewafer,,,,,,,2026-09-23 18:03:48,third,measure,A,15-62,3,10.0,9.995242,2A07_2B08,SMU,26,7,
15-52,current,4.50939e-11,RESULT,,,,LaMP_HP_b,lamp_wholewafer,,,,,,,2026-09-23 18:03:48,fourth,measure,A,15-52,4,10.0,9.995275,2A05_2B06,SMU,27,7,
15-63,current,5.40751e-11,RESULT,,,,LaMP_HP_b,lamp_wholewafer,,,,,,,2026-09-23 18:03:54,first,measure,A,15-63,1,10.0,9.995206,4A06_4B05,SMU,26,8,
15-53,current,5.18241e-11,RESULT,,,,LaMP_HP_b,lamp_wholewafer,,,,,,,2026-09-23 18:03:54,second,measure,A,15-53,2,10.0,9.995252,4A08_4B07,SMU,27,8,
15-64,current,4.71971e-11,RESULT,,,,LaMP_HP_b,lamp_wholewafer,,,,,,,2026-09-23 18:03:54,third,measure,A,15-64,3,10.0,9.995198,2A07_2B08,SMU,26,9,
15-54,current,4.59863e-11,RESULT,,,,LaMP_HP_b,lamp_wholewafer,,,,,,,2026-09-23 18:03:54,fourth,measure,A,15-54,4,10.0,9.995163,2A05_2B06,SMU,27,9,
16-60,current,5.67013e-11,RESULT,,,,LaMP_HP_b,lamp_wholewafer,,,,,,,2026-09-23 18:04:01,first,measure,A,16-60,1,10.0,9.995142,4A06_4B05,SMU,26,10,
16-50,current,4.9431e-11,RESULT,,,,LaMP_HP_b,lamp_wholewafer,,,,,,,2026-09-23 18:04:01,second,measure,A,16-50,2,10.0,9.995125,4A08_4B07,SMU,27,10,
16-61,current,7.49367e-11,RESULT,,,,LaMP_HP_b,lamp_wholewafer,,,,,,,2026-09-23 18:04:01,third,measure,A,16-61,3,10.0,9.995154,2A07_2B08,SMU,26,11,
16-51,current,4.93571e-11,RESULT,,,,LaMP_HP_b,lamp_wholewafer,,,,,,,2026-09-23 18:04:01,fourth,measure,A,16-51,4,10.0,9.995278,2A05_2B06,SMU,27,11,
16-62,current,6.08964e-11,RESULT,,,,LaMP_HP_b,lamp_wholewafer,,,,,,,2026-09-23 18:04:08,first,measure,A,16-62,1,10.0,9.99526,4A06_4B05,SMU,26,12,
16-52,current,4.82658e-11,RESULT,,,,LaMP_HP_b,lamp_wholewafer,,,,,,,2026-09-23 18:04:08,second,measure,A,16-52,2,10.0,9.995173,4A08_4B07,SMU,27,12,
16-63,current,5.64398e-11,RESULT,,,,LaMP_HP_b,lamp_wholewafer,,,,,,,2026-09-23 18:04:08,third,measure,A,16-63,3,10.0,9.995173,2A07_2B08,SMU,26,13,
16-53,current,2.87457e-11,RESULT,,,,LaMP_HP_b,lamp_wholewafer,,,,,,,2026-09-23 18:04:08,fourth,measure,A,16-53,4,10.0,9.995208,2A05_2B06,SMU,27,13,
11-41,current,5.77984e-11,RESULT,,,,LaMP_HP_b,lamp_wholewafer,,,,,,,2026-09-23 18:04:15,first,measure,A,11-41,1,10.0,9.995127,4A06_4B05,SMU,28,-14,
NA,current,4.87432e-11,RESULT,,,,LaMP_HP_b,lamp_wholewafer,,,,,,,2026-09-23 18:04:15,second,measure,A,NA,2,10.0,9.995099,4A08_4B07,SMU,29,-14,
11-42,current,4.5361e-11,RESULT,,,,LaMP_HP_b,lamp_wholewafer,,,,,,,2026-09-23 18:04:15,third,measure,A,11-42,3,10.0,9.995205,2A07_2B08,SMU,28,-13,
11-32,current,6.72514e-11,RESULT,,,,LaMP_HP_b,lamp_wholewafer,,,,,,,2026-09-23 18:04:15,fourth,measure,A,11-32,4,10.0,9.99522,2A05_2B06,SMU,29,-13,
11-43,current,7.13044e-11,RESULT,,,,LaMP_HP_b,lamp_wholewafer,,,,,,,2026-09-23 18:04:21,first,measure,A,11-43,1,10.0,9.995267,4A06_4B05,SMU,28,-12,
11-33,current,4.63899e-11,RESULT,,,,LaMP_HP_b,lamp_wholewafer,,,,,,,2026-09-23 18:04:21,second,measure,A,11-33,2,10.0,9.995226,4A08_4B07,SMU,29,-12,
11-44,current,6.0254e-11,RESULT,,,,LaMP_HP_b,lamp_wholewafer,,,,,,,2026-09-23 18:04:21,third,measure,A,11-44,3,10.0,9.99526,2A07_2B08,SMU,28,-11,
11-34,current,4.38092e-11,RESULT,,,,LaMP_HP_b,lamp_wholewafer,,,,,,,2026-09-23 18:04:21,fourth,measure,A,11-34,4,10.0,9.995259,2A05_2B06,SMU,29,-11,
12-40,current,5.62352e-11,RESULT,,,,LaMP_HP_b,lamp_wholewafer,,,,,,,2026-09-23 18:04:28,first,measure,A,12-40,1,10.0,9.995161,4A06_4B05,SMU,28,-10,
12-30,current,5.65365e-11,RESULT,,,,LaMP_HP_b,lamp_wholewafer,,,,,,,2026-09-23 18:04:28,second,measure,A,12-30,2,10.0,9.995191,4A08_4B07,SMU,29,-10,
12-41,current,5.04428e-11,RESULT,,,,LaMP_HP_b,lamp_wholewafer,,,,,,,2026-09-23 18:04:28,third,measure,A,12-41,3,10.0,9.995159,2A07_2B08,SMU,28,-9,
12-31,current,4.96357e-11,RESULT,,,,LaMP_HP_b,lamp_wholewafer,,,,,,,2026-09-23 18:04:28,fourth,measure,A,12-31,4,10.0,9.995174,2A05_2B06,SMU,29,-9,
12-42,current,5.53371e-11,RESULT,,,,LaMP_HP_b,lamp_wholewafer,,,,,,,2026-09-23 18:04:34,first,measure,A,12-42,1,10.0,9.995214,4A06_4B05,SMU,28,-8,
12-32,current,5.18298e-11,RESULT,,,,LaMP_HP_b,lamp_wholewafer,,,,,,,2026-09-23 18:04:34,second,measure,A,12-32,2,10.0,9.995214,4A08_4B07,SMU,29,-8,
12-43,current,5.15911e-11,RESULT,,,,LaMP_HP_b,lamp_wholewafer,,,,,,,2026-09-23 18:04:34,third,measure,A,12-43,3,10.0,9.995237,2A07_2B08,SMU,28,-7,
12-33,current,5.3501e-11,RESULT,,,,LaMP_HP_b,lamp_wholewafer,,,,,,,2026-09-23 18:04:34,fourth,measure,A,12-33,4,10.0,9.99527,2A05_2B06,SMU,29,-7,
12-44,current,5.61897e-11,RESULT,,,,LaMP_HP_b,lamp_wholewafer,,,,,,,2026-09-23 18:04:41,first,measure,A,12-44,1,10.0,9.99525,4A06_4B05,SMU,28,-6,
12-34,current,5.10454e-11,RESULT,,,,LaMP_HP_b,lamp_wholewafer,,,,,,,2026-09-23 18:04:41,second,measure,A,12-34,2,10.0,9.9952,4A08_4B07,SMU,29,-6,
13-40,current,4.94708e-11,RESULT,,,,LaMP_HP_b,lamp_wholewafer,,,,,,,2026-09-23 18:04:41,third,measure,A,13-40,3,10.0,9.995226,2A07_2B08,SMU,28,-5,
13-30,current,9.14554e-11,RESULT,,,,LaMP_HP_b,lamp_wholewafer,,,,,,,2026-09-23 18:04:41,fourth,measure,A,13-30,4,10.0,9.995226,2A05_2B06,SMU,29,-5,
13-41,current,5.21652e-11,RESULT,,,,LaMP_HP_b,lamp_wholewafer,,,,,,,2026-09-23 18:04:48,first,measure,A,13-41,1,10.0,9.99527,4A06_4B05,SMU,28,-4,
13-31,current,4.77428e-11,RESULT,,,,LaMP_HP_b,lamp_wholewafer,,,,,,,2026-09-23 18:04:48,second,measure,A,13-31,2,10.0,9.995214,4A08_4B07,SMU,29,-4,
13-42,current,4.78508e-11,RESULT,,,,LaMP_HP_b,lamp_wholewafer,,,,,,,2026-09-23 18:04:48,third,measure,A,13-42,3,10.0,9.995248,2A07_2B08,SMU,28,-3,
13-32,current,4.7703e-11,RESULT,,,,LaMP_HP_b,lamp_wholewafer,,,,,,,2026-09-23 18:04:48,fourth,measure,A,13-32,4,10.0,9.995239,2A05_2B06,SMU,29,-3,
13-43,current,5.18014e-11,RESULT,,,,LaMP_HP_b,lamp_wholewafer,,,,,,,2026-09-23 18:04:54,first,measure,A,13-43,1,10.0,9.995184,4A06_4B05,SMU,28,-2,
13-33,current,4.74813e-11,RESULT,,,,LaMP_HP_b,lamp_wholewafer,,,,,,,2026-09-23 18:04:54,second,measure,A,13-33,2,10.0,9.995254,4A08_4B07,SMU,29,-2,
13-44,current,4.71346e-11,RESULT,,,,LaMP_HP_b,lamp_wholewafer,,,,,,,2026-09-23 18:04:54,third,measure,A,13-44,3,10.0,9.995314,2A07_2B08,SMU,28,-1,
13-34,current,4.53667e-11,RESULT,,,,LaMP_HP_b,lamp_wholewafer,,,,,,,2026-09-23 18:04:54,fourth,measure,A,13-34,4,10.0,9.995308,2A05_2B06,SMU,29,-1,
14-40,current,5.08067e-11,RESULT,,,,LaMP_HP_b,lamp_wholewafer,,,,,,,2026-09-23 18:05:01,first,measure,A,14-40,1,10.0,9.995207,4A06_4B05,SMU,28,0,
14-30,current,4.63672e-11,RESULT,,,,LaMP_HP_b,lamp_wholewafer,,,,,,,2026-09-23 18:05:01,second,measure,A,14-30,2,10.0,9.995256,4A08_4B07,SMU,29,0,
14-41,current,4.47812e-11,RESULT,,,,LaMP_HP_b,lamp_wholewafer,,,,,,,2026-09-23 18:05:01,third,measure,A,14-41,3,10.0,9.995273,2A07_2B08,SMU,28,1,
14-31,current,4.51109e-11,RESULT,,,,LaMP_HP_b,lamp_wholewafer,,,,,,,2026-09-23 18:05:01,fourth,measure,A,14-31,4,10.0,9.9953,2A05_2B06,SMU,29,1,
14-42,current,5.1142e-11,RESULT,,,,LaMP_HP_b,lamp_wholewafer,,,,,,,2026-09-23 18:05:07,first,measure,A,14-42,1,10.0,9.995286,4A06_4B05,SMU,28,2,
14-32,current,4.78167e-11,RESULT,,,,LaMP_HP_b,lamp_wholewafer,,,,,,,2026-09-23 18:05:07,second,measure,A,14-32,2,10.0,9.995207,4A08_4B07,SMU,29,2,
14-43,current,4.61682e-11,RESULT,,,,LaMP_HP_b,lamp_wholewafer,,,,,,,2026-09-23 18:05:07,third,measure,A,14-43,3,10.0,9.99524,2A07_2B08,SMU,28,3,
14-33,current,4.25587e-11,RESULT,,,,LaMP_HP_b,lamp_wholewafer,,,,,,,2026-09-23 18:05:07,fourth,measure,A,14-33,4,10.0,9.995202,2A05_2B06,SMU,29,3,
14-44,current,5.05395e-11,RESULT,,,,LaMP_HP_b,lamp_wholewafer,,,,,,,2026-09-23 18:05:14,first,measure,A,14-44,1,10.0,9.995245,4A06_4B05,SMU,28,4,
14-34,current,4.78337e-11,RESULT,,,,LaMP_HP_b,lamp_wholewafer,,,,,,,2026-09-23 18:05:14,second,measure,A,14-34,2,10.0,9.995283,4A08_4B07,SMU,29,4,
15-40,current,4.57703e-11,RESULT,,,,LaMP_HP_b,lamp_wholewafer,,,,,,,2026-09-23 18:05:14,third,measure,A,15-40,3,10.0,9.995203,2A07_2B08,SMU,28,5,
15-30,current,4.55032e-11,RESULT,,,,LaMP_HP_b,lamp_wholewafer,,,,,,,2026-09-23 18:05:14,fourth,measure,A,15-30,4,10.0,9.995232,2A05_2B06,SMU,29,5,
15-41,current,5.01927e-11,RESULT,,,,LaMP_HP_b,lamp_wholewafer,,,,,,,2026-09-23 18:05:21,first,measure,A,15-41,1,10.0,9.995173,4A06_4B05,SMU,28,6,
15-31,current,4.70209e-11,RESULT,,,,LaMP_HP_b,lamp_wholewafer,,,,,,,2026-09-23 18:05:21,second,measure,A,15-31,2,10.0,9.995149,4A08_4B07,SMU,29,6,
15-42,current,4.44686e-11,RESULT,,,,LaMP_HP_b,lamp_wholewafer,,,,,,,2026-09-23 18:05:21,third,measure,A,15-42,3,10.0,9.99521,2A07_2B08,SMU,28,7,
15-32,current,4.18766e-11,RESULT,,,,LaMP_HP_b,lamp_wholewafer,,,,,,,2026-09-23 18:05:21,fourth,measure,A,15-32,4,10.0,9.995192,2A05_2B06,SMU,29,7,
15-43,current,4.20402e-10,RESULT,,,,LaMP_HP_b,lamp_wholewafer,,,,,,,2026-09-23 18:05:27,first,measure,A,15-43,1,10.0,9.995296,4A06_4B05,SMU,28,8,
15-33,current,4.90672e-11,RESULT,,,,LaMP_HP_b,lamp_wholewafer,,,,,,,2026-09-23 18:05:27,second,measure,A,15-33,2,10.0,9.995308,4A08_4B07,SMU,29,8,
15-44,current,4.82487e-11,RESULT,,,,LaMP_HP_b,lamp_wholewafer,,,,,,,2026-09-23 18:05:27,third,measure,A,15-44,3,10.0,9.995276,2A07_2B08,SMU,28,9,
15-34,current,4.56737e-11,RESULT,,,,LaMP_HP_b,lamp_wholewafer,,,,,,,2026-09-23 18:05:27,fourth,measure,A,15-34,4,10.0,9.995276,2A05_2B06,SMU,29,9,
16-40,current,4.66287e-11,RESULT,,,,LaMP_HP_b,lamp_wholewafer,,,,,,,2026-09-23 18:05:34,first,measure,A,16-40,1,10.0,9.995314,4A06_4B05,SMU,28,10,
16-30,current,4.71914e-11,RESULT,,,,LaMP_HP_b,lamp_wholewafer,,,,,,,2026-09-23 18:05:34,second,measure,A,16-30,2,10.0,9.995276,4A08_4B07,SMU,29,10,
16-41,current,7.68978e-11,RESULT,,,,LaMP_HP_b,lamp_wholewafer,,,,,,,2026-09-23 18:05:34,third,measure,A,16-41,3,10.0,9.995254,2A07_2B08,SMU,28,11,
16-31,current,4.59181e-11,RESULT,,,,LaMP_HP_b,lamp_wholewafer,,,,,,,2026-09-23 18:05:34,fourth,measure,A,16-31,4,10.0,9.995233,2A05_2B06,SMU,29,11,
16-42,current,7.26743e-11,RESULT,,,,LaMP_HP_b,lamp_wholewafer,,,,,,,2026-09-23 18:05:40,first,measure,A,16-42,1,10.0,9.995309,4A06_4B05,SMU,28,12,
16-32,current,2.1891e-10,RESULT,,,,LaMP_HP_b,lamp_wholewafer,,,,,,,2026-09-23 18:05:40,second,measure,A,16-32,2,10.0,9.995311,4A08_4B07,SMU,29,12,
16-43,current,4.21721e-11,RESULT,,,,LaMP_HP_b,lamp_wholewafer,,,,,,,2026-09-23 18:05:40,third,measure,A,16-43,3,10.0,9.995258,2A07_2B08,SMU,28,13,
NA,current,4.09102e-11,RESULT,,,,LaMP_HP_b,lamp_wholewafer,,,,,,,2026-09-23 18:05:40,fourth,measure,A,NA,4,10.0,9.995257,2A05_2B06,SMU,29,13,
11-23,current,4.35392e-10,RESULT,,,,LaMP_HP_b,lamp_wholewafer,,,,,,,2026-09-23 18:05:47,first,measure,A,11-23,1,10.0,9.995198,4A06_4B05,SMU,30,-12,
11-13,current,5.02382e-11,RESULT,,,,LaMP_HP_b,lamp_wholewafer,,,,,,,2026-09-23 18:05:47,second,measure,A,11-13,2,10.0,9.995237,4A08_4B07,SMU,31,-12,
11-24,current,4.79759e-11,RESULT,,,,LaMP_HP_b,lamp_wholewafer,,,,,,,2026-09-23 18:05:47,third,measure,A,11-24,3,10.0,9.995314,2A07_2B08,SMU,30,-11,
11-14,current,6.71264e-11,RESULT,,,,LaMP_HP_b,lamp_wholewafer,,,,,,,2026-09-23 18:05:47,fourth,measure,A,11-14,4,10.0,9.995263,2A05_2B06,SMU,31,-11,
12-20,current,5.65649e-11,RESULT,,,,LaMP_HP_b,lamp_wholewafer,,,,,,,2026-09-23 18:05:54,first,measure,A,12-20,1,10.0,9.995256,4A06_4B05,SMU,30,-10,
12-10,current,6.53358e-11,RESULT,,,,LaMP_HP_b,lamp_wholewafer,,,,,,,2026-09-23 18:05:54,second,measure,A,12-10,2,10.0,9.995196,4A08_4B07,SMU,31,-10,
12-21,current,5.14831e-11,RESULT,,,,LaMP_HP_b,lamp_wholewafer,,,,,,,2026-09-23 18:05:54,third,measure,A,12-21,3,10.0,9.995161,2A07_2B08,SMU,30,-9,
12-11,current,5.10511e-11,RESULT,,,,LaMP_HP_b,lamp_wholewafer,,,,,,,2026-09-23 18:05:54,fourth,measure,A,12-11,4,10.0,9.995226,2A05_2B06,SMU,31,-9,
12-22,current,5.69969e-11,RESULT,,,,LaMP_HP_b,lamp_wholewafer,,,,,,,2026-09-23 18:06:00,first,measure,A,12-22,1,10.0,9.995306,4A06_4B05,SMU,30,-8,
12-12,current,4.90218e-11,RESULT,,,,LaMP_HP_b,lamp_wholewafer,,,,,,,2026-09-23 18:06:00,second,measure,A,12-12,2,10.0,9.995264,4A08_4B07,SMU,31,-8,
12-23,current,4.84078e-11,RESULT,,,,LaMP_HP_b,lamp_wholewafer,,,,,,,2026-09-23 18:06:00,third,measure,A,12-23,3,10.0,9.995323,2A07_2B08,SMU,30,-7,
12-13,current,4.78735e-11,RESULT,,,,LaMP_HP_b,lamp_wholewafer,,,,,,,2026-09-23 18:06:00,fourth,measure,A,12-13,4,10.0,9.995359,2A05_2B06,SMU,31,-7,
12-24,current,5.62352e-11,RESULT,,,,LaMP_HP_b,lamp_wholewafer,,,,,,,2026-09-23 18:06:07,first,measure,A,12-24,1,10.0,9.995279,4A06_4B05,SMU,30,-6,
12-14,current,5.40638e-11,RESULT,,,,LaMP_HP_b,lamp_wholewafer,,,,,,,2026-09-23 18:06:07,second,measure,A,12-14,2,10.0,9.995261,4A08_4B07,SMU,31,-6,
13-20,current,7.12532e-11,RESULT,,,,LaMP_HP_b,lamp_wholewafer,,,,,,,2026-09-23 18:06:07,third,measure,A,13-20,3,10.0,9.995245,2A07_2B08,SMU,30,-5,
13-10,current,4.49063e-11,RESULT,,,,LaMP_HP_b,lamp_wholewafer,,,,,,,2026-09-23 18:06:07,fourth,measure,A,13-10,4,10.0,9.995299,2A05_2B06,SMU,31,-5,
13-21,current,7.04233e-11,RESULT,,,,LaMP_HP_b,lamp_wholewafer,,,,,,,2026-09-23 18:06:14,first,measure,A,13-21,1,10.0,9.995235,4A06_4B05,SMU,30,-4,
13-11,current,6.57281e-11,RESULT,,,,LaMP_HP_b,lamp_wholewafer,,,,,,,2026-09-23 18:06:14,second,measure,A,13-11,2,10.0,9.99522,4A08_4B07,SMU,31,-4,
13-22,current,4.92946e-11,RESULT,,,,LaMP_HP_b,lamp_wholewafer,,,,,,,2026-09-23 18:06:14,third,measure,A,13-22,3,10.0,9.995147,2A07_2B08,SMU,30,-3,
13-12,current,4.60034e-11,RESULT,,,,LaMP_HP_b,lamp_wholewafer,,,,,,,2026-09-23 18:06:14,fourth,measure,A,13-12,4,10.0,9.995174,2A05_2B06,SMU,31,-3,
13-23,current,5.21084e-11,RESULT,,,,LaMP_HP_b,lamp_wholewafer,,,,,,,2026-09-23 18:06:20,first,measure,A,13-23,1,10.0,9.995231,4A06_4B05,SMU,30,-2,
13-13,current,4.70948e-11,RESULT,,,,LaMP_HP_b,lamp_wholewafer,,,,,,,2026-09-23 18:06:20,second,measure,A,13-13,2,10.0,9.995243,4A08_4B07,SMU,31,-2,
13-24,current,4.7396e-11,RESULT,,,,LaMP_HP_b,lamp_wholewafer,,,,,,,2026-09-23 18:06:20,third,measure,A,13-24,3,10.0,9.995202,2A07_2B08,SMU,30,-1,
13-14,current,2.33172e-10,RESULT,,,,LaMP_HP_b,lamp_wholewafer,,,,,,,2026-09-23 18:06:20,fourth,measure,A,13-14,4,10.0,9.99522,2A05_2B06,SMU,31,-1,
14-20,current,5.70196e-11,RESULT,,,,LaMP_HP_b,lamp_wholewafer,,,,,,,2026-09-23 18:06:27,first,measure,A,14-20,1,10.0,9.995201,4A06_4B05,SMU,30,0,
14-10,current,5.06361e-11,RESULT,,,,LaMP_HP_b,lamp_wholewafer,,,,,,,2026-09-23 18:06:27,second,measure,A,14-10,2,10.0,9.995256,4A08_4B07,SMU,31,0,
14-21,current,5.25802e-11,RESULT,,,,LaMP_HP_b,lamp_wholewafer,,,,,,,2026-09-23 18:06:27,third,measure,A,14-21,3,10.0,9.995217,2A07_2B08,SMU,30,1,
14-11,current,4.58556e-11,RESULT,,,,LaMP_HP_b,lamp_wholewafer,,,,,,,2026-09-23 18:06:27,fourth,measure,A,14-11,4,10.0,9.995214,2A05_2B06,SMU,31,1,
14-22,current,5.68718e-11,RESULT,,,,LaMP_HP_b,lamp_wholewafer,,,,,,,2026-09-23 18:06:33,first,measure,A,14-22,1,10.0,9.995211,4A06_4B05,SMU,30,2,
14-12,current,4.96072e-11,RESULT,,,,LaMP_HP_b,lamp_wholewafer,,,,,,,2026-09-23 18:06:33,second,measure,A,14-12,2,10.0,9.99519,4A08_4B07,SMU,31,2,
14-23,current,4.7271e-11,RESULT,,,,LaMP_HP_b,lamp_wholewafer,,,,,,,2026-09-23 18:06:33,third,measure,A,14-23,3,10.0,9.995221,2A07_2B08,SMU,30,3,
14-13,current,4.63672e-11,RESULT,,,,LaMP_HP_b,lamp_wholewafer,,,,,,,2026-09-23 18:06:33,fourth,measure,A,14-13,4,10.0,9.995251,2A05_2B06,SMU,31,3,
14-24,current,5.27621e-11,RESULT,,,,LaMP_HP_b,lamp_wholewafer,,,,,,,2026-09-23 18:06:40,first,measure,A,14-24,1,10.0,9.995266,4A06_4B05,SMU,30,4,
14-14,current,7.91147e-11,RESULT,,,,LaMP_HP_b,lamp_wholewafer,,,,,,,2026-09-23 18:06:40,second,measure,A,14-14,2,10.0,9.995339,4A08_4B07,SMU,31,4,
15-20,current,5.26711e-11,RESULT,,,,LaMP_HP_b,lamp_wholewafer,,,,,,,2026-09-23 18:06:40,third,measure,A,15-20,3,10.0,9.995275,2A07_2B08,SMU,30,5,
15-10,current,4.57078e-11,RESULT,,,,LaMP_HP_b,lamp_wholewafer,,,,,,,2026-09-23 18:06:40,fourth,measure,A,15-10,4,10.0,9.995268,2A05_2B06,SMU,31,5,
15-21,current,7.17137e-11,RESULT,,,,LaMP_HP_b,lamp_wholewafer,,,,,,,2026-09-23 18:06:47,first,measure,A,15-21,1,10.0,9.995269,4A06_4B05,SMU,30,6,
15-11,current,4.77542e-11,RESULT,,,,LaMP_HP_b,lamp_wholewafer,,,,,,,2026-09-23 18:06:47,second,measure,A,15-11,2,10.0,9.995239,4A08_4B07,SMU,31,6,
15-22,current,4.64979e-11,RESULT,,,,LaMP_HP_b,lamp_wholewafer,,,,,,,2026-09-23 18:06:47,third,measure,A,15-22,3,10.0,9.995263,2A07_2B08,SMU,30,7,
15-12,current,4.95163e-11,RESULT,,,,LaMP_HP_b,lamp_wholewafer,,,,,,,2026-09-23 18:06:47,fourth,measure,A,15-12,4,10.0,9.995293,2A05_2B06,SMU,31,7,
15-23,current,4.88399e-11,RESULT,,,,LaMP_HP_b,lamp_wholewafer,,,,,,,2026-09-23 18:06:53,first,measure,A,15-23,1,10.0,9.995321,4A06_4B05,SMU,30,8,
15-13,current,4.49347e-11,RESULT,,,,LaMP_HP_b,lamp_wholewafer,,,,,,,2026-09-23 18:06:53,second,measure,A,15-13,2,10.0,9.995266,4A08_4B07,SMU,31,8,
15-24,current,4.40934e-11,RESULT,,,,LaMP_HP_b,lamp_wholewafer,,,,,,,2026-09-23 18:06:53,third,measure,A,15-24,3,10.0,9.995307,2A07_2B08,SMU,30,9,
15-14,current,4.35932e-11,RESULT,,,,LaMP_HP_b,lamp_wholewafer,,,,,,,2026-09-23 18:06:53,fourth,measure,A,15-14,4,10.0,9.995349,2A05_2B06,SMU,31,9,
16-20,current,4.86182e-11,RESULT,,,,LaMP_HP_b,lamp_wholewafer,,,,,,,2026-09-23 18:07:00,first,measure,A,16-20,1,10.0,9.995231,4A06_4B05,SMU,30,10,
16-10,current,8.18602e-11,RESULT,,,,LaMP_HP_b,lamp_wholewafer,,,,,,,2026-09-23 18:07:00,second,measure,A,16-10,2,10.0,9.995181,4A08_4B07,SMU,31,10,
16-21,current,1.52954e-10,RESULT,,,,LaMP_HP_b,lamp_wholewafer,,,,,,,2026-09-23 18:07:00,third,measure,A,16-21,3,10.0,9.995243,2A07_2B08,SMU,30,11,
16-11,current,4.88967e-11,RESULT,,,,LaMP_HP_b,lamp_wholewafer,,,,,,,2026-09-23 18:07:00,fourth,measure,A,16-11,4,10.0,9.995229,2A05_2B06,SMU,31,11,
16-22,current,5.06134e-11,RESULT,,,,LaMP_HP_b,lamp_wholewafer,,,,,,,2026-09-23 18:07:06,first,measure,A,16-22,1,10.0,9.995247,4A06_4B05,SMU,30,12,
NA,current,4.52417e-11,RESULT,,,,LaMP_HP_b,lamp_wholewafer,,,,,,,2026-09-23 18:07:06,second,measure,A,NA,2,10.0,9.995253,4A08_4B07,SMU,31,12,
NA,current,2.05188e-10,RESULT,,,,LaMP_HP_b,lamp_wholewafer,,,,,,,2026-09-23 18:07:06,third,measure,A,NA,3,10.0,9.995339,2A07_2B08,SMU,30,13,
NA,current,1.98435e-10,RESULT,,,,LaMP_HP_b,lamp_wholewafer,,,,,,,2026-09-23 18:07:06,fourth,measure,A,NA,4,10.0,9.995297,2A05_2B06,SMU,31,13,
11-03,current,5.16593e-11,RESULT,,,,LaMP_HP_b,lamp_wholewafer,,,,,,,2026-09-23 18:07:13,first,measure,A,11-03,1,10.0,9.995231,4A06_4B05,SMU,32,-12,
NA,current,3.97279e-11,RESULT,,,,LaMP_HP_b,lamp_wholewafer,,,,,,,2026-09-23 18:07:13,second,measure,A,NA,2,10.0,9.995246,4A08_4B07,SMU,33,-12,
11-04,current,3.68175e-11,RESULT,,,,LaMP_HP_b,lamp_wholewafer,,,,,,,2026-09-23 18:07:13,third,measure,A,11-04,3,10.0,9.995207,2A07_2B08,SMU,32,-11,
01-74,current,6.71491e-11,RESULT,,,,LaMP_HP_b,lamp_wholewafer,,,,,,,2026-09-23 18:07:13,fourth,measure,A,01-74,4,10.0,9.995279,2A05_2B06,SMU,33,-11,
12-00,current,7.27766e-11,RESULT,,,,LaMP_HP_b,lamp_wholewafer,,,,,,,2026-09-23 18:07:20,first,measure,A,12-00,1,10.0,9.995245,4A06_4B05,SMU,32,-10,
02-70,current,5.42798e-11,RESULT,,,,LaMP_HP_b,lamp_wholewafer,,,,,,,2026-09-23 18:07:20,second,measure,A,02-70,2,10.0,9.995253,4A08_4B07,SMU,33,-10,
12-01,current,4.60659e-11,RESULT,,,,LaMP_HP_b,lamp_wholewafer,,,,,,,2026-09-23 18:07:20,third,measure,A,12-01,3,10.0,9.995195,2A07_2B08,SMU,32,-9,
02-71,current,4.71346e-11,RESULT,,,,LaMP_HP_b,lamp_wholewafer,,,,,,,2026-09-23 18:07:20,fourth,measure,A,02-71,4,10.0,9.995201,2A05_2B06,SMU,33,-9,
12-02,current,5.40183e-11,RESULT,,,,LaMP_HP_b,lamp_wholewafer,,,,,,,2026-09-23 18:07:27,first,measure,A,12-02,1,10.0,9.995283,4A06_4B05,SMU,32,-8,
02-72,current,5.08237e-11,RESULT,,,,LaMP_HP_b,lamp_wholewafer,,,,,,,2026-09-23 18:07:27,second,measure,A,02-72,2,10.0,9.995294,4A08_4B07,SMU,33,-8,
12-03,current,4.57021e-11,RESULT,,,,LaMP_HP_b,lamp_wholewafer,,,,,,,2026-09-23 18:07:27,third,measure,A,12-03,3,10.0,9.995267,2A07_2B08,SMU,32,-7,
02-73,current,4.57135e-11,RESULT,,,,LaMP_HP_b,lamp_wholewafer,,,,,,,2026-09-23 18:07:27,fourth,measure,A,02-73,4,10.0,9.995256,2A05_2B06,SMU,33,-7,
12-04,current,8.96591e-11,RESULT,,,,LaMP_HP_b,lamp_wholewafer,,,,,,,2026-09-23 18:07:33,first,measure,A,12-04,1,10.0,9.995251,4A06_4B05,SMU,32,-6,
02-74,current,4.55998e-11,RESULT,,,,LaMP_HP_b,lamp_wholewafer,,,,,,,2026-09-23 18:07:33,second,measure,A,02-74,2,10.0,9.995279,4A08_4B07,SMU,33,-6,
13-00,current,4.65263e-11,RESULT,,,,LaMP_HP_b,lamp_wholewafer,,,,,,,2026-09-23 18:07:33,third,measure,A,13-00,3,10.0,9.995327,2A07_2B08,SMU,32,-5,
03-70,current,4.39797e-11,RESULT,,,,LaMP_HP_b,lamp_wholewafer,,,,,,,2026-09-23 18:07:33,fourth,measure,A,03-70,4,10.0,9.995344,2A05_2B06,SMU,33,-5,
13-01,current,4.98005e-11,RESULT,,,,LaMP_HP_b,lamp_wholewafer,,,,,,,2026-09-23 18:07:40,first,measure,A,13-01,1,10.0,9.995299,4A06_4B05,SMU,32,-4,
03-71,current,4.4804e-11,RESULT,,,,LaMP_HP_b,lamp_wholewafer,,,,,,,2026-09-23 18:07:40,second,measure,A,03-71,2,10.0,9.995319,4A08_4B07,SMU,33,-4,
13-02,current,4.50768e-11,RESULT,,,,LaMP_HP_b,lamp_wholewafer,,,,,,,2026-09-23 18:07:40,third,measure,A,13-02,3,10.0,9.995234,2A07_2B08,SMU,32,-3,
03-72,current,4.37353e-11,RESULT,,,,LaMP_HP_b,lamp_wholewafer,,,,,,,2026-09-23 18:07:40,fourth,measure,A,03-72,4,10.0,9.99537,2A05_2B06,SMU,33,-3,
13-03,current,4.86409e-11,RESULT,,,,LaMP_HP_b,lamp_wholewafer,,,,,,,2026-09-23 18:07:46,first,measure,A,13-03,1,10.0,9.995363,4A06_4B05,SMU,32,-2,
03-73,current,2.26942e-10,RESULT,,,,LaMP_HP_b,lamp_wholewafer,,,,,,,2026-09-23 18:07:46,second,measure,A,03-73,2,10.0,9.995317,4A08_4B07,SMU,33,-2,
13-04,current,4.97891e-11,RESULT,,,,LaMP_HP_b,lamp_wholewafer,,,,,,,2026-09-23 18:07:46,third,measure,A,13-04,3,10.0,9.995291,2A07_2B08,SMU,32,-1,
03-74,current,4.87432e-11,RESULT,,,,LaMP_HP_b,lamp_wholewafer,,,,,,,2026-09-23 18:07:46,fourth,measure,A,03-74,4,10.0,9.995323,2A05_2B06,SMU,33,-1,
14-00,current,5.38137e-11,RESULT,,,,LaMP_HP_b,lamp_wholewafer,,,,,,,2026-09-23 18:07:53,first,measure,A,14-00,1,10.0,9.995188,4A06_4B05,SMU,32,0,
04-70,current,4.203e-11,RESULT,,,,LaMP_HP_b,lamp_wholewafer,,,,,,,2026-09-23 18:07:53,second,measure,A,04-70,2,10.0,9.995167,4A08_4B07,SMU,33,0,
14-01,current,4.88342e-11,RESULT,,,,LaMP_HP_b,lamp_wholewafer,,,,,,,2026-09-23 18:07:53,third,measure,A,14-01,3,10.0,9.995195,2A07_2B08,SMU,32,1,
04-71,current,4.72653e-11,RESULT,,,,LaMP_HP_b,lamp_wholewafer,,,,,,,2026-09-23 18:07:53,fourth,measure,A,04-71,4,10.0,9.995264,2A05_2B06,SMU,33,1,
14-02,current,2.1542e-10,RESULT,,,,LaMP_HP_b,lamp_wholewafer,,,,,,,2026-09-23 18:08:00,first,measure,A,14-02,1,10.0,9.995203,4A06_4B05,SMU,32,2,
04-72,current,4.44402e-11,RESULT,,,,LaMP_HP_b,lamp_wholewafer,,,,,,,2026-09-23 18:08:00,second,measure,A,04-72,2,10.0,9.995226,4A08_4B07,SMU,33,2,
14-03,current,3.86365e-11,RESULT,,,,LaMP_HP_b,lamp_wholewafer,,,,,,,2026-09-23 18:08:00,third,measure,A,14-03,3,10.0,9.995275,2A07_2B08,SMU,32,3,
04-73,current,3.75565e-11,RESULT,,,,LaMP_HP_b,lamp_wholewafer,,,,,,,2026-09-23 18:08:00,fourth,measure,A,04-73,4,10.0,9.99528,2A05_2B06,SMU,33,3,
14-04,current,4.94936e-11,RESULT,,,,LaMP_HP_b,lamp_wholewafer,,,,,,,2026-09-23 18:08:06,first,measure,A,14-04,1,10.0,9.995268,4A06_4B05,SMU,32,4,
04-74,current,4.76575e-11,RESULT,,,,LaMP_HP_b,lamp_wholewafer,,,,,,,2026-09-23 18:08:06,second,measure,A,04-74,2,10.0,9.995285,4A08_4B07,SMU,33,4,
15-00,current,4.03134e-11,RESULT,,,,LaMP_HP_b,lamp_wholewafer,,,,,,,2026-09-23 18:08:06,third,measure,A,15-00,3,10.0,9.995222,2A07_2B08,SMU,32,5,
05-70,current,9.23024e-11,RESULT,,,,LaMP_HP_b,lamp_wholewafer,,,,,,,2026-09-23 18:08:06,fourth,measure,A,05-70,4,10.0,9.995251,2A05_2B06,SMU,33,5,
15-01,current,4.61966e-11,RESULT,,,,LaMP_HP_b,lamp_wholewafer,,,,,,,2026-09-23 18:08:13,first,measure,A,15-01,1,10.0,9.995308,4A06_4B05,SMU,32,6,
05-71,current,4.05521e-11,RESULT,,,,LaMP_HP_b,lamp_wholewafer,,,,,,,2026-09-23 18:08:13,second,measure,A,05-71,2,10.0,9.99526,4A08_4B07,SMU,33,6,
15-02,current,4.5759e-11,RESULT,,,,LaMP_HP_b,lamp_wholewafer,,,,,,,2026-09-23 18:08:13,third,measure,A,15-02,3,10.0,9.995218,2A07_2B08,SMU,32,7,
05-72,current,4.60375e-11,RESULT,,,,LaMP_HP_b,lamp_wholewafer,,,,,,,2026-09-23 18:08:13,fourth,measure,A,05-72,4,10.0,9.995188,2A05_2B06,SMU,33,7,
15-03,current,4.8243e-11,RESULT,,,,LaMP_HP_b,lamp_wholewafer,,,,,,,2026-09-23 18:08:19,first,measure,A,15-03,1,10.0,9.995247,4A06_4B05,SMU,32,8,
05-73,current,4.29168e-11,RESULT,,,,LaMP_HP_b,lamp_wholewafer,,,,,,,2026-09-23 18:08:19,second,measure,A,05-73,2,10.0,9.995285,4A08_4B07,SMU,33,8,
15-04,current,4.20982e-11,RESULT,,,,LaMP_HP_b,lamp_wholewafer,,,,,,,2026-09-23 18:08:19,third,measure,A,15-04,3,10.0,9.99531,2A07_2B08,SMU,32,9,
05-74,current,4.45823e-11,RESULT,,,,LaMP_HP_b,lamp_wholewafer,,,,,,,2026-09-23 18:08:19,fourth,measure,A,05-74,4,10.0,9.995254,2A05_2B06,SMU,33,9,
16-00,current,4.74358e-11,RESULT,,,,LaMP_HP_b,lamp_wholewafer,,,,,,,2026-09-23 18:08:26,first,measure,A,16-00,1,10.0,9.995315,4A06_4B05,SMU,32,10,
06-70,current,4.18254e-11,RESULT,,,,LaMP_HP_b,lamp_wholewafer,,,,,,,2026-09-23 18:08:26,second,measure,A,06-70,2,10.0,9.995308,4A08_4B07,SMU,33,10,
16-01,current,4.26667e-11,RESULT,,,,LaMP_HP_b,lamp_wholewafer,,,,,,,2026-09-23 18:08:26,third,measure,A,16-01,3,10.0,9.995299,2A07_2B08,SMU,32,11,
NA,current,4.06544e-11,RESULT,,,,LaMP_HP_b,lamp_wholewafer,,,,,,,2026-09-23 18:08:26,fourth,measure,A,NA,4,10.0,9.995328,2A05_2B06,SMU,33,11,
02-60,current,5.41888e-11,RESULT,,,,LaMP_HP_b,lamp_wholewafer,,,,,,,2026-09-23 18:08:33,first,measure,A,02-60,1,10.0,9.995272,4A06_4B05,SMU,34,-10,
02-50,current,2.49605e-10,RESULT,,,,LaMP_HP_b,lamp_wholewafer,,,,,,,2026-09-23 18:08:33,second,measure,A,02-50,2,10.0,9.995196,4A08_4B07,SMU,35,-10,
02-61,current,4.61171e-11,RESULT,,,,LaMP_HP_b,lamp_wholewafer,,,,,,,2026-09-23 18:08:33,third,measure,A,02-61,3,10.0,9.995216,2A07_2B08,SMU,34,-9,
02-51,current,4.6316e-11,RESULT,,,,LaMP_HP_b,lamp_wholewafer,,,,,,,2026-09-23 18:08:33,fourth,measure,A,02-51,4,10.0,9.995206,2A05_2B06,SMU,35,-9,
02-62,current,4.86693e-11,RESULT,,,,LaMP_HP_b,lamp_wholewafer,,,,,,,2026-09-23 18:08:39,first,measure,A,02-62,1,10.0,9.995221,4A06_4B05,SMU,34,-8,
02-52,current,5.56781e-11,RESULT,,,,LaMP_HP_b,lamp_wholewafer,,,,,,,2026-09-23 18:08:39,second,measure,A,02-52,2,10.0,9.995228,4A08_4B07,SMU,35,-8,
02-63,current,8.66407e-11,RESULT,,,,LaMP_HP_b,lamp_wholewafer,,,,,,,2026-09-23 18:08:39,third,measure,A,02-63,3,10.0,9.995255,2A07_2B08,SMU,34,-7,
02-53,current,4.45027e-11,RESULT,,,,LaMP_HP_b,lamp_wholewafer,,,,,,,2026-09-23 18:08:39,fourth,measure,A,02-53,4,10.0,9.995272,2A05_2B06,SMU,35,-7,
02-64,current,4.93856e-11,RESULT,,,,LaMP_HP_b,lamp_wholewafer,,,,,,,2026-09-23 18:08:46,first,measure,A,02-64,1,10.0,9.995248,4A06_4B05,SMU,34,-6,
02-54,current,7.14124e-11,RESULT,,,,LaMP_HP_b,lamp_wholewafer,,,,,,,2026-09-23 18:08:46,second,measure,A,02-54,2,10.0,9.995189,4A08_4B07,SMU,35,-6,
03-60,current,4.41958e-11,RESULT,,,,LaMP_HP_b,lamp_wholewafer,,,,,,,2026-09-23 18:08:46,third,measure,A,03-60,3,10.0,9.995199,2A07_2B08,SMU,34,-5,
03-50,current,4.15525e-11,RESULT,,,,LaMP_HP_b,lamp_wholewafer,,,,,,,2026-09-23 18:08:46,fourth,measure,A,03-50,4,10.0,9.995192,2A05_2B06,SMU,35,-5,
03-61,current,4.86636e-11,RESULT,,,,LaMP_HP_b,lamp_wholewafer,,,,,,,2026-09-23 18:08:52,first,measure,A,03-61,1,10.0,9.995204,4A06_4B05,SMU,34,-4,
03-51,current,4.48495e-11,RESULT,,,,LaMP_HP_b,lamp_wholewafer,,,,,,,2026-09-23 18:08:52,second,measure,A,03-51,2,10.0,9.995203,4A08_4B07,SMU,35,-4,
PCM,current,2.20837e-11,RESULT,,,,LaMP_HP_b,lamp_wholewafer,,,,,,,2026-09-23 18:08:52,third,measure,A,PCM,3,10.0,9.995241,2A07_2B08,SMU,34,-3,
03-52,current,4.82714e-11,RESULT,,,,LaMP_HP_b,lamp_wholewafer,,,,,,,2026-09-23 18:08:52,fourth,measure,A,03-52,4,10.0,9.995285,2A05_2B06,SMU,35,-3,
03-63,current,5.01132e-11,RESULT,,,,LaMP_HP_b,lamp_wholewafer,,,,,,,2026-09-23 18:08:59,first,measure,A,03-63,1,10.0,9.995222,4A06_4B05,SMU,34,-2,
03-53,current,2.28522e-10,RESULT,,,,LaMP_HP_b,lamp_wholewafer,,,,,,,2026-09-23 18:08:59,second,measure,A,03-53,2,10.0,9.995246,4A08_4B07,SMU,35,-2,
03-64,current,3.82158e-11,RESULT,,,,LaMP_HP_b,lamp_wholewafer,,,,,,,2026-09-23 18:08:59,third,measure,A,03-64,3,10.0,9.995247,2A07_2B08,SMU,34,-1,
03-54,current,4.11546e-11,RESULT,,,,LaMP_HP_b,lamp_wholewafer,,,,,,,2026-09-23 18:08:59,fourth,measure,A,03-54,4,10.0,9.995255,2A05_2B06,SMU,35,-1,
04-60,current,4.50939e-11,RESULT,,,,LaMP_HP_b,lamp_wholewafer,,,,,,,2026-09-23 18:09:06,first,measure,A,04-60,1,10.0,9.995222,4A06_4B05,SMU,34,0,
04-50,current,4.20243e-11,RESULT,,,,LaMP_HP_b,lamp_wholewafer,,,,,,,2026-09-23 18:09:06,second,measure,A,04-50,2,10.0,9.995256,4A08_4B07,SMU,35,0,
04-61,current,4.4605e-11,RESULT,,,,LaMP_HP_b,lamp_wholewafer,,,,,,,2026-09-23 18:09:06,third,measure,A,04-61,3,10.0,9.995308,2A07_2B08,SMU,34,1,
04-51,current,4.38092e-11,RESULT,,,,LaMP_HP_b,lamp_wholewafer,,,,,,,2026-09-23 18:09:06,fourth,measure,A,04-51,4,10.0,9.995307,2A05_2B06,SMU,35,1,
04-62,current,4.82714e-11,RESULT,,,,LaMP_HP_b,lamp_wholewafer,,,,,,,2026-09-23 18:09:12,first,measure,A,04-62,1,10.0,9.995333,4A06_4B05,SMU,34,2,
04-52,current,4.49688e-11,RESULT,,,,LaMP_HP_b,lamp_wholewafer,,,,,,,2026-09-23 18:09:12,second,measure,A,04-52,2,10.0,9.995335,4A08_4B07,SMU,35,2,
04-63,current,7.03608e-11,RESULT,,,,LaMP_HP_b,lamp_wholewafer,,,,,,,2026-09-23 18:09:12,third,measure,A,04-63,3,10.0,9.995275,2A07_2B08,SMU,34,3,
04-53,current,7.18217e-11,RESULT,,,,LaMP_HP_b,lamp_wholewafer,,,,,,,2026-09-23 18:09:12,fourth,measure,A,04-53,4,10.0,9.995351,2A05_2B06,SMU,35,3,
04-64,current,5.21197e-11,RESULT,,,,LaMP_HP_b,lamp_wholewafer,,,,,,,2026-09-23 18:09:19,first,measure,A,04-64,1,10.0,9.995264,4A06_4B05,SMU,34,4,
04-54,current,4.13309e-11,RESULT,,,,LaMP_HP_b,lamp_wholewafer,,,,,,,2026-09-23 18:09:19,second,measure,A,04-54,2,10.0,9.995245,4A08_4B07,SMU,35,4,
05-60,current,4.2661e-11,RESULT,,,,LaMP_HP_b,lamp_wholewafer,,,,,,,2026-09-23 18:09:19,third,measure,A,05-60,3,10.0,9.995226,2A07_2B08,SMU,34,5,
05-50,current,6.66319e-11,RESULT,,,,LaMP_HP_b,lamp_wholewafer,,,,,,,2026-09-23 18:09:19,fourth,measure,A,05-50,4,10.0,9.995273,2A05_2B06,SMU,35,5,
05-61,current,5.13353e-11,RESULT,,,,LaMP_HP_b,lamp_wholewafer,,,,,,,2026-09-23 18:09:25,first,measure,A,05-61,1,10.0,9.995296,4A06_4B05,SMU,34,6,
05-51,current,4.28656e-11,RESULT,,,,LaMP_HP_b,lamp_wholewafer,,,,,,,2026-09-23 18:09:25,second,measure,A,05-51,2,10.0,9.99532,4A08_4B07,SMU,35,6,
PCM,current,2.37435e-11,RESULT,,,,LaMP_HP_b,lamp_wholewafer,,,,,,,2026-09-23 18:09:25,third,measure,A,PCM,3,10.0,9.995256,2A07_2B08,SMU,34,7,
05-52,current,4.23086e-11,RESULT,,,,LaMP_HP_b,lamp_wholewafer,,,,,,,2026-09-23 18:09:25,fourth,measure,A,05-52,4,10.0,9.995313,2A05_2B06,SMU,35,7,
05-63,current,6.59895e-11,RESULT,,,,LaMP_HP_b,lamp_wholewafer,,,,,,,2026-09-23 18:09:32,first,measure,A,05-63,1,10.0,9.995266,4A06_4B05,SMU,34,8,
05-53,current,4.31612e-11,RESULT,,,,LaMP_HP_b,lamp_wholewafer,,,,,,,2026-09-23 18:09:32,second,measure,A,05-53,2,10.0,9.995341,4A08_4B07,SMU,35,8,
05-64,current,7.32655e-11,RESULT,,,,LaMP_HP_b,lamp_wholewafer,,,,,,,2026-09-23 18:09:32,third,measure,A,05-64,3,10.0,9.995341,2A07_2B08,SMU,34,9,
05-54,current,4.63331e-11,RESULT,,,,LaMP_HP_b,lamp_wholewafer,,,,,,,2026-09-23 18:09:32,fourth,measure,A,05-54,4,10.0,9.995288,2A05_2B06,SMU,35,9,
NA,current,5.32395e-11,RESULT,,,,LaMP_HP_b,lamp_wholewafer,,,,,,,2026-09-23 18:09:39,first,measure,A,NA,1,10.0,9.995245,4A06_4B05,SMU,36,-10,
NA,current,4.76632e-11,RESULT,,,,LaMP_HP_b,lamp_wholewafer,,,,,,,2026-09-23 18:09:39,second,measure,A,NA,2,10.0,9.995219,4A08_4B07,SMU,37,-10,
02-41,current,2.40937e-10,RESULT,,,,LaMP_HP_b,lamp_wholewafer,,,,,,,2026-09-23 18:09:39,third,measure,A,02-41,3,10.0,9.995187,2A07_2B08,SMU,36,-9,
NA,current,9.99995e-07,RESULT,,,,LaMP_HP_b,lamp_wholewafer,,,,,,,2026-09-23 18:09:39,fourth,measure,A,NA,4,10.0,1.274269,2A05_2B06,SMU,37,-9,
02-42,current,7.51356e-11,RESULT,,,,LaMP_HP_b,lamp_wholewafer,,,,,,,2026-09-23 18:09:45,first,measure,A,02-42,1,10.0,9.995176,4A06_4B05,SMU,36,-8,
02-32,current,4.56112e-11,RESULT,,,,LaMP_HP_b,lamp_wholewafer,,,,,,,2026-09-23 18:09:45,second,measure,A,02-32,2,10.0,9.995203,4A08_4B07,SMU,37,-8,
02-43,current,4.56055e-11,RESULT,,,,LaMP_HP_b,lamp_wholewafer,,,,,,,2026-09-23 18:09:45,third,measure,A,02-43,3,10.0,9.995223,2A07_2B08,SMU,36,-7,
02-33,current,4.09557e-11,RESULT,,,,LaMP_HP_b,lamp_wholewafer,,,,,,,2026-09-23 18:09:45,fourth,measure,A,02-33,4,10.0,9.995219,2A05_2B06,SMU,37,-7,
02-44,current,4.74529e-11,RESULT,,,,LaMP_HP_b,lamp_wholewafer,,,,,,,2026-09-23 18:09:52,first,measure,A,02-44,1,10.0,9.99523,4A06_4B05,SMU,36,-6,
02-34,current,4.00462e-11,RESULT,,,,LaMP_HP_b,lamp_wholewafer,,,,,,,2026-09-23 18:09:52,second,measure,A,02-34,2,10.0,9.995214,4A08_4B07,SMU,37,-6,
03-40,current,2.543e-10,RESULT,,,,LaMP_HP_b,lamp_wholewafer,,,,,,,2026-09-23 18:09:52,third,measure,A,03-40,3,10.0,9.995237,2A07_2B08,SMU,36,-5,
03-30,current,3.80737e-11,RESULT,,,,LaMP_HP_b,lamp_wholewafer,,,,,,,2026-09-23 18:09:52,fourth,measure,A,03-30,4,10.0,9.995269,2A05_2B06,SMU,37,-5,
03-41,current,4.22119e-11,RESULT,,,,LaMP_HP_b,lamp_wholewafer,,,,,,,2026-09-23 18:09:59,first,measure,A,03-41,1,10.0,9.995193,4A06_4B05,SMU,36,-4,
03-31,current,4.11944e-11,RESULT,,,,LaMP_HP_b,lamp_wholewafer,,,,,,,2026-09-23 18:09:59,second,measure,A,03-31,2,10.0,9.995163,4A08_4B07,SMU,37,-4,
03-42,current,4.08988e-11,RESULT,,,,LaMP_HP_b,lamp_wholewafer,,,,,,,2026-09-23 18:09:59,third,measure,A,03-42,3,10.0,9.995116,2A07_2B08,SMU,36,-3,
03-32,current,3.87729e-11,RESULT,,,,LaMP_HP_b,lamp_wholewafer,,,,,,,2026-09-23 18:09:59,fourth,measure,A,03-32,4,10.0,9.995173,2A05_2B06,SMU,37,-3,
03-43,current,4.79588e-11,RESULT,,,,LaMP_HP_b,lamp_wholewafer,,,,,,,2026-09-23 18:10:05,first,measure,A,03-43,1,10.0,9.995114,4A06_4B05,SMU,36,-2,
03-33,current,4.35819e-11,RESULT,,,,LaMP_HP_b,lamp_wholewafer,,,,,,,2026-09-23 18:10:05,second,measure,A,03-33,2,10.0,9.995185,4A08_4B07,SMU,37,-2,
03-44,current,2.8694e-10,RESULT,,,,LaMP_HP_b,lamp_wholewafer,,,,,,,2026-09-23 18:10:05,third,measure,A,03-44,3,10.0,9.995119,2A07_2B08,SMU,36,-1,
03-34,current,4.27065e-11,RESULT,,,,LaMP_HP_b,lamp_wholewafer,,,,,,,2026-09-23 18:10:05,fourth,measure,A,03-34,4,10.0,9.995192,2A05_2B06,SMU,37,-1,
04-40,current,4.85329e-11,RESULT,,,,LaMP_HP_b,lamp_wholewafer,,,,,,,2026-09-23 18:10:12,first,measure,A,04-40,1,10.0,9.995177,4A06_4B05,SMU,36,0,
04-30,current,4.28542e-11,RESULT,,,,LaMP_HP_b,lamp_wholewafer,,,,,,,2026-09-23 18:10:12,second,measure,A,04-30,2,10.0,9.995212,4A08_4B07,SMU,37,0,
04-41,current,4.10751e-11,RESULT,,,,LaMP_HP_b,lamp_wholewafer,,,,,,,2026-09-23 18:10:12,third,measure,A,04-41,3,10.0,9.995153,2A07_2B08,SMU,36,1,
04-31,current,4.28827e-11,RESULT,,,,LaMP_HP_b,lamp_wholewafer,,,,,,,2026-09-23 18:10:12,fourth,measure,A,04-31,4,10.0,9.995175,2A05_2B06,SMU,37,1,
04-42,current,4.52189e-11,RESULT,,,,LaMP_HP_b,lamp_wholewafer,,,,,,,2026-09-23 18:10:18,first,measure,A,04-42,1,10.0,9.995199,4A06_4B05,SMU,36,2,
04-32,current,4.13991e-11,RESULT,,,,LaMP_HP_b,lamp_wholewafer,,,,,,,2026-09-23 18:10:18,second,measure,A,04-32,2,10.0,9.995153,4A08_4B07,SMU,37,2,
04-43,current,3.99496e-11,RESULT,,,,LaMP_HP_b,lamp_wholewafer,,,,,,,2026-09-23 18:10:18,third,measure,A,04-43,3,10.0,9.995211,2A07_2B08,SMU,36,3,
04-33,current,4.05976e-11,RESULT,,,,LaMP_HP_b,lamp_wholewafer,,,,,,,2026-09-23 18:10:18,fourth,measure,A,04-33,4,10.0,9.995255,2A05_2B06,SMU,37,3,
04-44,current,3.96255e-11,RESULT,,,,LaMP_HP_b,lamp_wholewafer,,,,,,,2026-09-23 18:10:25,first,measure,A,04-44,1,10.0,9.995237,4A06_4B05,SMU,36,4,
04-34,current,6.05894e-11,RESULT,,,,LaMP_HP_b,lamp_wholewafer,,,,,,,2026-09-23 18:10:25,second,measure,A,04-34,2,10.0,9.995268,4A08_4B07,SMU,37,4,
05-40,current,1.02303e-08,RESULT,,,,LaMP_HP_b,lamp_wholewafer,,,,,,,2026-09-23 18:10:25,third,measure,A,05-40,3,10.0,9.99526,2A07_2B08,SMU,36,5,
05-30,current,6.75527e-11,RESULT,,,,LaMP_HP_b,lamp_wholewafer,,,,,,,2026-09-23 18:10:25,fourth,measure,A,05-30,4,10.0,9.995255,2A05_2B06,SMU,37,5,
05-41,current,4.44288e-11,RESULT,,,,LaMP_HP_b,lamp_wholewafer,,,,,,,2026-09-23 18:10:32,first,measure,A,05-41,1,10.0,9.995281,4A06_4B05,SMU,36,6,
05-31,current,7.18217e-11,RESULT,,,,LaMP_HP_b,lamp_wholewafer,,,,,,,2026-09-23 18:10:32,second,measure,A,05-31,2,10.0,9.995335,4A08_4B07,SMU,37,6,
05-42,current,3.84205e-11,RESULT,,,,LaMP_HP_b,lamp_wholewafer,,,,,,,2026-09-23 18:10:32,third,measure,A,05-42,3,10.0,9.995335,2A07_2B08,SMU,36,7,
05-32,current,3.40947e-11,RESULT,,,,LaMP_HP_b,lamp_wholewafer,,,,,,,2026-09-23 18:10:32,fourth,measure,A,05-32,4,10.0,9.995267,2A05_2B06,SMU,37,7,
05-43,current,3.84034e-11,RESULT,,,,LaMP_HP_b,lamp_wholewafer,,,,,,,2026-09-23 18:10:38,first,measure,A,05-43,1,10.0,9.995189,4A06_4B05,SMU,36,8,
NA,current,2.7768e-11,RESULT,,,,LaMP_HP_b,lamp_wholewafer,,,,,,,2026-09-23 18:10:38,second,measure,A,NA,2,10.0,9.995283,4A08_4B07,SMU,37,8,
NA,current,3.53964e-11,RESULT,,,,LaMP_HP_b,lamp_wholewafer,,,,,,,2026-09-23 18:10:38,third,measure,A,NA,3,10.0,9.995253,2A07_2B08,SMU,36,9,
NA,current,2.24441e-10,RESULT,,,,LaMP_HP_b,lamp_wholewafer,,,,,,,2026-09-23 18:10:38,fourth,measure,A,NA,4,10.0,9.995221,2A05_2B06,SMU,37,9,
NA,current,2.6082e-10,RESULT,,,,LaMP_HP_b,lamp_wholewafer,,,,,,,2026-09-23 18:10:45,first,measure,A,NA,1,10.0,9.995178,4A06_4B05,SMU,38,-8,
NA,current,9.99994e-07,RESULT,,,,LaMP_HP_b,lamp_wholewafer,,,,,,,2026-09-23 18:10:45,second,measure,A,NA,2,10.0,0.9448853,4A08_4B07,SMU,39,-8,
02-23,current,4.18254e-11,RESULT,,,,LaMP_HP_b,lamp_wholewafer,,,,,,,2026-09-23 18:10:45,third,measure,A,02-23,3,10.0,9.995184,2A07_2B08,SMU,38,-7,
NA,current,1.24633e-09,RESULT,,,,LaMP_HP_b,lamp_wholewafer,,,,,,,2026-09-23 18:10:45,fourth,measure,A,NA,4,10.0,9.9952,2A05_2B06,SMU,39,-7,
02-24,current,5.36772e-11,RESULT,,,,LaMP_HP_b,lamp_wholewafer,,,,,,,2026-09-23 18:10:52,first,measure,A,02-24,1,10.0,9.995119,4A06_4B05,SMU,38,-6,
02-14,current,1.24817e-10,RESULT,,,,LaMP_HP_b,lamp_wholewafer,,,,,,,2026-09-23 18:10:52,second,measure,A,02-14,2,10.0,9.995136,4A08_4B07,SMU,39,-6,
03-20,current,5.16252e-11,RESULT,,,,LaMP_HP_b,lamp_wholewafer,,,,,,,2026-09-23 18:10:52,third,measure,A,03-20,3,10.0,9.995254,2A07_2B08,SMU,38,-5,
03-10,current,3.05079e-11,RESULT,,,,LaMP_HP_b,lamp_wholewafer,,,,,,,2026-09-23 18:10:52,fourth,measure,A,03-10,4,10.0,9.995283,2A05_2B06,SMU,39,-5,
03-21,current,4.12172e-11,RESULT,,,,LaMP_HP_b,lamp_wholewafer,,,,,,,2026-09-23 18:10:58,first,measure,A,03-21,1,10.0,9.995317,4A06_4B05,SMU,38,-4,
03-11,current,3.8915e-11,RESULT,,,,LaMP_HP_b,lamp_wholewafer,,,,,,,2026-09-23 18:10:58,second,measure,A,03-11,2,10.0,9.995305,4A08_4B07,SMU,39,-4,
03-22,current,4.03077e-11,RESULT,,,,LaMP_HP_b,lamp_wholewafer,,,,,,,2026-09-23 18:10:58,third,measure,A,03-22,3,10.0,9.995439,2A07_2B08,SMU,38,-3,
03-12,current,3.90912e-11,RESULT,,,,LaMP_HP_b,lamp_wholewafer,,,,,,,2026-09-23 18:10:58,fourth,measure,A,03-12,4,10.0,9.995388,2A05_2B06,SMU,39,-3,
03-23,current,4.36614e-11,RESULT,,,,LaMP_HP_b,lamp_wholewafer,,,,,,,2026-09-23 18:11:05,first,measure,A,03-23,1,10.0,9.995306,4A06_4B05,SMU,38,-2,
03-13,current,3.84773e-11,RESULT,,,,LaMP_HP_b,lamp_wholewafer,,,,,,,2026-09-23 18:11:05,second,measure,A,03-13,2,10.0,9.99534,4A08_4B07,SMU,39,-2,
03-24,current,4.23824e-11,RESULT,,,,LaMP_HP_b,lamp_wholewafer,,,,,,,2026-09-23 18:11:05,third,measure,A,03-24,3,10.0,9.995272,2A07_2B08,SMU,38,-1,
03-14,current,4.27917e-11,RESULT,,,,LaMP_HP_b,lamp_wholewafer,,,,,,,2026-09-23 18:11:05,fourth,measure,A,03-14,4,10.0,9.995263,2A05_2B06,SMU,39,-1,
04-20,current,4.74699e-11,RESULT,,,,LaMP_HP_b,lamp_wholewafer,,,,,,,2026-09-23 18:11:11,first,measure,A,04-20,1,10.0,9.995264,4A06_4B05,SMU,38,0,
04-10,current,3.97051e-11,RESULT,,,,LaMP_HP_b,lamp_wholewafer,,,,,,,2026-09-23 18:11:11,second,measure,A,04-10,2,10.0,9.99529,4A08_4B07,SMU,39,0,
04-21,current,3.90003e-11,RESULT,,,,LaMP_HP_b,lamp_wholewafer,,,,,,,2026-09-23 18:11:11,third,measure,A,04-21,3,10.0,9.995287,2A07_2B08,SMU,38,1,
04-11,current,2.10298e-10,RESULT,,,,LaMP_HP_b,lamp_wholewafer,,,,,,,2026-09-23 18:11:11,fourth,measure,A,04-11,4,10.0,9.99531,2A05_2B06,SMU,39,1,
04-22,current,4.6748e-11,RESULT,,,,LaMP_HP_b,lamp_wholewafer,,,,,,,2026-09-23 18:11:18,first,measure,A,04-22,1,10.0,9.995333,4A06_4B05,SMU,38,2,
04-12,current,3.40208e-11,RESULT,,,,LaMP_HP_b,lamp_wholewafer,,,,,,,2026-09-23 18:11:18,second,measure,A,04-12,2,10.0,9.995318,4A08_4B07,SMU,39,2,
04-23,current,3.52827e-11,RESULT,,,,LaMP_HP_b,lamp_wholewafer,,,,,,,2026-09-23 18:11:18,third,measure,A,04-23,3,10.0,9.995334,2A07_2B08,SMU,38,3,
04-13,current,4.74245e-11,RESULT,,,,LaMP_HP_b,lamp_wholewafer,,,,,,,2026-09-23 18:11:18,fourth,measure,A,04-13,4,10.0,9.995343,2A05_2B06,SMU,39,3,
04-24,current,1.37925e-10,RESULT,,,,LaMP_HP_b,lamp_wholewafer,,,,,,,2026-09-23 18:11:24,first,measure,A,04-24,1,10.0,9.995267,4A06_4B05,SMU,38,4,
04-14,current,5.42343e-11,RESULT,,,,LaMP_HP_b,lamp_wholewafer,,,,,,,2026-09-23 18:11:24,second,measure,A,04-14,2,10.0,9.995282,4A08_4B07,SMU,39,4,
05-20,current,3.1805e-10,RESULT,,,,LaMP_HP_b,lamp_wholewafer,,,,,,,2026-09-23 18:11:24,third,measure,A,05-20,3,10.0,9.995358,2A07_2B08,SMU,38,5,
05-10,current,5.40922e-11,RESULT,,,,LaMP_HP_b,lamp_wholewafer,,,,,,,2026-09-23 18:11:24,fourth,measure,A,05-10,4,10.0,9.995329,2A05_2B06,SMU,39,5,
05-21,current,5.939e-11,RESULT,,,,LaMP_HP_b,lamp_wholewafer,,,,,,,2026-09-23 18:11:31,first,measure,A,05-21,1,10.0,9.995369,4A06_4B05,SMU,38,6,
NA,current,4.77826e-11,RESULT,,,,LaMP_HP_b,lamp_wholewafer,,,,,,,2026-09-23 18:11:31,second,measure,A,NA,2,10.0,9.995364,4A08_4B07,SMU,39,6,
NA,current,3.17527e-11,RESULT,,,,LaMP_HP_b,lamp_wholewafer,,,,,,,2026-09-23 18:11:31,third,measure,A,NA,3,10.0,9.995363,2A07_2B08,SMU,38,7,
NA,current,3.03317e-11,RESULT,,,,LaMP_HP_b,lamp_wholewafer,,,,,,,2026-09-23 18:11:31,fourth,measure,A,NA,4,10.0,9.995337,2A05_2B06,SMU,39,7,
03-01,current,3.78179e-11,RESULT,,,,LaMP_HP_b,lamp_wholewafer,,,,,,,2026-09-23 18:11:38,first,measure,A,03-01,1,10.0,9.995387,4A06_4B05,SMU,40,-4,
NA,current,2.84842e-11,RESULT,,,,LaMP_HP_b,lamp_wholewafer,,,,,,,2026-09-23 18:11:38,second,measure,A,NA,2,10.0,9.995285,4A08_4B07,SMU,41,-4,
03-02,current,3.37479e-11,RESULT,,,,LaMP_HP_b,lamp_wholewafer,,,,,,,2026-09-23 18:11:38,third,measure,A,03-02,3,10.0,9.995272,2A07_2B08,SMU,40,-3,
NA,current,2.97973e-11,RESULT,,,,LaMP_HP_b,lamp_wholewafer,,,,,,,2026-09-23 18:11:38,fourth,measure,A,NA,4,10.0,9.995278,2A05_2B06,SMU,41,-3,
03-03,current,3.95175e-11,RESULT,,,,LaMP_HP_b,lamp_wholewafer,,,,,,,2026-09-23 18:11:44,first,measure,A,03-03,1,10.0,9.99524,4A06_4B05,SMU,40,-2,
NA,current,3.1855e-11,RESULT,,,,LaMP_HP_b,lamp_wholewafer,,,,,,,2026-09-23 18:11:44,second,measure,A,NA,2,10.0,9.995256,4A08_4B07,SMU,41,-2,
03-04,current,3.74371e-11,RESULT,,,,LaMP_HP_b,lamp_wholewafer,,,,,,,2026-09-23 18:11:44,third,measure,A,03-04,3,10.0,9.99521,2A07_2B08,SMU,40,-1,
NA,current,4.05237e-11,RESULT,,,,LaMP_HP_b,lamp_wholewafer,,,,,,,2026-09-23 18:11:44,fourth,measure,A,NA,4,10.0,9.995226,2A05_2B06,SMU,41,-1,
04-00,current,4.72824e-11,RESULT,,,,LaMP_HP_b,lamp_wholewafer,,,,,,,2026-09-23 18:11:51,first,measure,A,04-00,1,10.0,9.995199,4A06_4B05,SMU,40,0,
NA,current,2.21877e-10,RESULT,,,,LaMP_HP_b,lamp_wholewafer,,,,,,,2026-09-23 18:11:51,second,measure,A,NA,2,10.0,9.995207,4A08_4B07,SMU,41,0,
04-01,current,3.21541e-10,RESULT,,,,LaMP_HP_b,lamp_wholewafer,,,,,,,2026-09-23 18:11:51,third,measure,A,04-01,3,10.0,9.995198,2A07_2B08,SMU,40,1,
NA,current,1.30274e-10,RESULT,,,,LaMP_HP_b,lamp_wholewafer,,,,,,,2026-09-23 18:11:51,fourth,measure,A,NA,4,10.0,9.995248,2A05_2B06,SMU,41,1,
04-02,current,3.35888e-11,RESULT,,,,LaMP_HP_b,lamp_wholewafer,,,,,,,2026-09-23 18:11:58,first,measure,A,04-02,1,10.0,9.995206,4A06_4B05,SMU,40,2,
NA,current,2.12378e-10,RESULT,,,,LaMP_HP_b,lamp_wholewafer,,,,,,,2026-09-23 18:11:58,second,measure,A,NA,2,10.0,9.995264,4A08_4B07,SMU,41,2,
04-03,current,1.95314e-11,RESULT,,,,LaMP_HP_b,lamp_wholewafer,,,,,,,2026-09-23 18:11:58,third,measure,A,04-03,3,10.0,9.995211,2A07_2B08,SMU,40,3,
NA,current,4.45738e-10,RESULT,,,,LaMP_HP_b,lamp_wholewafer,,,,,,,2026-09-23 18:11:58,fourth,measure,A,NA,4,10.0,9.995138,2A05_2B06,SMU,41,3,
,,,DIE,,,,,,,,,,,,,,,,,,,,,,-40,-6,PASS
,,,DIE,,,,,,,,,,,,,,,,,,,,,,-39,-6,PASS
,,,DIE,,,,,,,,,,,,,,,,,,,,,,-40,-5,PASS
,,,DIE,,,,,,,,,,,,,,,,,,,,,,-39,-5,PASS
,,,DIE,,,,,,,,,,,,,,,,,,,,,,-40,-4,PASS
,,,DIE,,,,,,,,,,,,,,,,,,,,,,-39,-4,PASS
,,,DIE,,,,,,,,,,,,,,,,,,,,,,-40,-3,PASS
,,,DIE,,,,,,,,,,,,,,,,,,,,,,-39,-3,PASS
,,,DIE,,,,,,,,,,,,,,,,,,,,,,-40,-2,PASS
,,,DIE,,,,,,,,,,,,,,,,,,,,,,-39,-2,PASS
,,,DIE,,,,,,,,,,,,,,,,,,,,,,-40,-1,PASS
,,,DIE,,,,,,,,,,,,,,,,,,,,,,-39,-1,PASS
,,,DIE,,,,,,,,,,,,,,,,,,,,,,-40,0,PASS
,,,DIE,,,,,,,,,,,,,,,,,,,,,,-39,0,PASS
,,,DIE,,,,,,,,,,,,,,,,,,,,,,-40,1,PASS
,,,DIE,,,,,,,,,,,,,,,,,,,,,,-39,1,PASS
,,,DIE,,,,,,,,,,,,,,,,,,,,,,-40,2,PASS
,,,DIE,,,,,,,,,,,,,,,,,,,,,,-39,2,PASS
,,,DIE,,,,,,,,,,,,,,,,,,,,,,-40,3,PASS
,,,DIE,,,,,,,,,,,,,,,,,,,,,,-39,3,PASS
,,,DIE,,,,,,,,,,,,,,,,,,,,,,-40,4,PASS
,,,DIE,,,,,,,,,,,,,,,,,,,,,,-39,4,PASS
,,,DIE,,,,,,,,,,,,,,,,,,,,,,-40,5,PASS
,,,DIE,,,,,,,,,,,,,,,,,,,,,,-39,5,PASS
,,,DIE,,,,,,,,,,,,,,,,,,,,,,-38,-8,PASS
,,,DIE,,,,,,,,,,,,,,,,,,,,,,-37,-8,PASS
,,,DIE,,,,,,,,,,,,,,,,,,,,,,-38,-7,PASS
,,,DIE,,,,,,,,,,,,,,,,,,,,,,-37,-7,PASS
,,,DIE,,,,,,,,,,,,,,,,,,,,,,-38,-6,PASS
,,,DIE,,,,,,,,,,,,,,,,,,,,,,-37,-6,PASS
,,,DIE,,,,,,,,,,,,,,,,,,,,,,-38,-5,PASS
,,,DIE,,,,,,,,,,,,,,,,,,,,,,-37,-5,PASS
,,,DIE,,,,,,,,,,,,,,,,,,,,,,-38,-4,PASS
,,,DIE,,,,,,,,,,,,,,,,,,,,,,-37,-4,PASS
,,,DIE,,,,,,,,,,,,,,,,,,,,,,-38,-3,PASS
,,,DIE,,,,,,,,,,,,,,,,,,,,,,-37,-3,PASS
,,,DIE,,,,,,,,,,,,,,,,,,,,,,-38,-2,PASS
,,,DIE,,,,,,,,,,,,,,,,,,,,,,-37,-2,PASS
,,,DIE,,,,,,,,,,,,,,,,,,,,,,-38,-1,PASS
,,,DIE,,,,,,,,,,,,,,,,,,,,,,-37,-1,PASS
,,,DIE,,,,,,,,,,,,,,,,,,,,,,-38,0,PASS
,,,DIE,,,,,,,,,,,,,,,,,,,,,,-37,0,PASS
,,,DIE,,,,,,,,,,,,,,,,,,,,,,-38,1,PASS
,,,DIE,,,,,,,,,,,,,,,,,,,,,,-37,1,PASS
,,,DIE,,,,,,,,,,,,,,,,,,,,,,-38,2,PASS
,,,DIE,,,,,,,,,,,,,,,,,,,,,,-37,2,PASS
,,,DIE,,,,,,,,,,,,,,,,,,,,,,-38,3,PASS
,,,DIE,,,,,,,,,,,,,,,,,,,,,,-37,3,PASS
,,,DIE,,,,,,,,,,,,,,,,,,,,,,-38,4,PASS
,,,DIE,,,,,,,,,,,,,,,,,,,,,,-37,4,PASS
,,,DIE,,,,,,,,,,,,,,,,,,,,,,-38,5,PASS
,,,DIE,,,,,,,,,,,,,,,,,,,,,,-37,5,PASS
,,,DIE,,,,,,,,,,,,,,,,,,,,,,-38,6,PASS
,,,DIE,,,,,,,,,,,,,,,,,,,,,,-37,6,PASS
,,,DIE,,,,,,,,,,,,,,,,,,,,,,-38,7,PASS
,,,DIE,,,,,,,,,,,,,,,,,,,,,,-37,7,PASS
,,,DIE,,,,,,,,,,,,,,,,,,,,,,-36,-10,PASS
,,,DIE,,,,,,,,,,,,,,,,,,,,,,-35,-10,PASS
,,,DIE,,,,,,,,,,,,,,,,,,,,,,-36,-9,PASS
,,,DIE,,,,,,,,,,,,,,,,,,,,,,-35,-9,PASS
,,,DIE,,,,,,,,,,,,,,,,,,,,,,-36,-8,PASS
,,,DIE,,,,,,,,,,,,,,,,,,,,,,-35,-8,PASS
,,,DIE,,,,,,,,,,,,,,,,,,,,,,-36,-7,PASS
,,,DIE,,,,,,,,,,,,,,,,,,,,,,-35,-7,PASS
,,,DIE,,,,,,,,,,,,,,,,,,,,,,-36,-6,PASS
,,,DIE,,,,,,,,,,,,,,,,,,,,,,-35,-6,PASS
,,,DIE,,,,,,,,,,,,,,,,,,,,,,-36,-5,PASS
,,,DIE,,,,,,,,,,,,,,,,,,,,,,-35,-5,PASS
,,,DIE,,,,,,,,,,,,,,,,,,,,,,-36,-4,PASS
,,,DIE,,,,,,,,,,,,,,,,,,,,,,-35,-4,PASS
,,,DIE,,,,,,,,,,,,,,,,,,,,,,-36,-3,PASS
,,,DIE,,,,,,,,,,,,,,,,,,,,,,-35,-3,PASS
,,,DIE,,,,,,,,,,,,,,,,,,,,,,-36,-2,PASS
,,,DIE,,,,,,,,,,,,,,,,,,,,,,-35,-2,PASS
,,,DIE,,,,,,,,,,,,,,,,,,,,,,-36,-1,PASS
,,,DIE,,,,,,,,,,,,,,,,,,,,,,-35,-1,PASS
,,,DIE,,,,,,,,,,,,,,,,,,,,,,-36,0,PASS
,,,DIE,,,,,,,,,,,,,,,,,,,,,,-35,0,PASS
,,,DIE,,,,,,,,,,,,,,,,,,,,,,-36,1,PASS
,,,DIE,,,,,,,,,,,,,,,,,,,,,,-35,1,PASS
,,,DIE,,,,,,,,,,,,,,,,,,,,,,-36,2,PASS
,,,DIE,,,,,,,,,,,,,,,,,,,,,,-35,2,PASS
,,,DIE,,,,,,,,,,,,,,,,,,,,,,-36,3,PASS
,,,DIE,,,,,,,,,,,,,,,,,,,,,,-35,3,PASS
,,,DIE,,,,,,,,,,,,,,,,,,,,,,-36,4,PASS
,,,DIE,,,,,,,,,,,,,,,,,,,,,,-35,4,PASS
,,,DIE,,,,,,,,,,,,,,,,,,,,,,-36,5,PASS
,,,DIE,,,,,,,,,,,,,,,,,,,,,,-35,5,PASS
,,,DIE,,,,,,,,,,,,,,,,,,,,,,-36,6,PASS
,,,DIE,,,,,,,,,,,,,,,,,,,,,,-35,6,PASS
,,,DIE,,,,,,,,,,,,,,,,,,,,,,-36,7,PASS
,,,DIE,,,,,,,,,,,,,,,,,,,,,,-35,7,PASS
,,,DIE,,,,,,,,,,,,,,,,,,,,,,-36,8,PASS
,,,DIE,,,,,,,,,,,,,,,,,,,,,,-35,8,PASS
,,,DIE,,,,,,,,,,,,,,,,,,,,,,-36,9,PASS
,,,DIE,,,,,,,,,,,,,,,,,,,,,,-35,9,PASS
,,,DIE,,,,,,,,,,,,,,,,,,,,,,-34,-12,PASS
,,,DIE,,,,,,,,,,,,,,,,,,,,,,-33,-12,PASS
,,,DIE,,,,,,,,,,,,,,,,,,,,,,-34,-11,PASS
,,,DIE,,,,,,,,,,,,,,,,,,,,,,-33,-11,PASS
,,,DIE,,,,,,,,,,,,,,,,,,,,,,-34,-10,PASS
,,,DIE,,,,,,,,,,,,,,,,,,,,,,-33,-10,PASS
,,,DIE,,,,,,,,,,,,,,,,,,,,,,-34,-9,PASS
,,,DIE,,,,,,,,,,,,,,,,,,,,,,-33,-9,PASS
,,,DIE,,,,,,,,,,,,,,,,,,,,,,-34,-8,PASS
,,,DIE,,,,,,,,,,,,,,,,,,,,,,-33,-8,PASS
,,,DIE,,,,,,,,,,,,,,,,,,,,,,-34,-7,PASS
,,,DIE,,,,,,,,,,,,,,,,,,,,,,-33,-7,PASS
,,,DIE,,,,,,,,,,,,,,,,,,,,,,-34,-6,PASS
,,,DIE,,,,,,,,,,,,,,,,,,,,,,-33,-6,PASS
,,,DIE,,,,,,,,,,,,,,,,,,,,,,-34,-5,PASS
,,,DIE,,,,,,,,,,,,,,,,,,,,,,-33,-5,PASS
,,,DIE,,,,,,,,,,,,,,,,,,,,,,-34,-4,PASS
,,,DIE,,,,,,,,,,,,,,,,,,,,,,-33,-4,PASS
,,,DIE,,,,,,,,,,,,,,,,,,,,,,-34,-3,PASS
,,,DIE,,,,,,,,,,,,,,,,,,,,,,-33,-3,PASS
,,,DIE,,,,,,,,,,,,,,,,,,,,,,-34,-2,PASS
,,,DIE,,,,,,,,,,,,,,,,,,,,,,-33,-2,PASS
,,,DIE,,,,,,,,,,,,,,,,,,,,,,-34,-1,PASS
,,,DIE,,,,,,,,,,,,,,,,,,,,,,-33,-1,PASS
,,,DIE,,,,,,,,,,,,,,,,,,,,,,-34,0,PASS
,,,DIE,,,,,,,,,,,,,,,,,,,,,,-33,0,PASS
,,,DIE,,,,,,,,,,,,,,,,,,,,,,-34,1,PASS
,,,DIE,,,,,,,,,,,,,,,,,,,,,,-33,1,PASS
,,,DIE,,,,,,,,,,,,,,,,,,,,,,-34,2,PASS
,,,DIE,,,,,,,,,,,,,,,,,,,,,,-33,2,PASS
,,,DIE,,,,,,,,,,,,,,,,,,,,,,-34,3,PASS
,,,DIE,,,,,,,,,,,,,,,,,,,,,,-33,3,PASS
,,,DIE,,,,,,,,,,,,,,,,,,,,,,-34,4,PASS
,,,DIE,,,,,,,,,,,,,,,,,,,,,,-33,4,PASS
,,,DIE,,,,,,,,,,,,,,,,,,,,,,-34,5,PASS
,,,DIE,,,,,,,,,,,,,,,,,,,,,,-33,5,PASS
,,,DIE,,,,,,,,,,,,,,,,,,,,,,-34,6,PASS
,,,DIE,,,,,,,,,,,,,,,,,,,,,,-33,6,PASS
,,,DIE,,,,,,,,,,,,,,,,,,,,,,-34,7,PASS
,,,DIE,,,,,,,,,,,,,,,,,,,,,,-33,7,PASS
,,,DIE,,,,,,,,,,,,,,,,,,,,,,-34,8,PASS
,,,DIE,,,,,,,,,,,,,,,,,,,,,,-33,8,PASS
,,,DIE,,,,,,,,,,,,,,,,,,,,,,-34,9,PASS
,,,DIE,,,,,,,,,,,,,,,,,,,,,,-33,9,PASS
,,,DIE,,,,,,,,,,,,,,,,,,,,,,-34,10,PASS
,,,DIE,,,,,,,,,,,,,,,,,,,,,,-33,10,PASS
,,,DIE,,,,,,,,,,,,,,,,,,,,,,-34,11,PASS
,,,DIE,,,,,,,,,,,,,,,,,,,,,,-33,11,PASS
,,,DIE,,,,,,,,,,,,,,,,,,,,,,-32,-12,PASS
,,,DIE,,,,,,,,,,,,,,,,,,,,,,-31,-12,PASS
,,,DIE,,,,,,,,,,,,,,,,,,,,,,-32,-11,PASS
,,,DIE,,,,,,,,,,,,,,,,,,,,,,-31,-11,PASS
,,,DIE,,,,,,,,,,,,,,,,,,,,,,-32,-10,PASS
,,,DIE,,,,,,,,,,,,,,,,,,,,,,-31,-10,PASS
,,,DIE,,,,,,,,,,,,,,,,,,,,,,-32,-9,PASS
,,,DIE,,,,,,,,,,,,,,,,,,,,,,-31,-9,PASS
,,,DIE,,,,,,,,,,,,,,,,,,,,,,-32,-8,PASS
,,,DIE,,,,,,,,,,,,,,,,,,,,,,-31,-8,PASS
,,,DIE,,,,,,,,,,,,,,,,,,,,,,-32,-7,PASS
,,,DIE,,,,,,,,,,,,,,,,,,,,,,-31,-7,PASS
,,,DIE,,,,,,,,,,,,,,,,,,,,,,-32,-6,PASS
,,,DIE,,,,,,,,,,,,,,,,,,,,,,-31,-6,PASS
,,,DIE,,,,,,,,,,,,,,,,,,,,,,-32,-5,PASS
,,,DIE,,,,,,,,,,,,,,,,,,,,,,-31,-5,PASS
,,,DIE,,,,,,,,,,,,,,,,,,,,,,-32,-4,PASS
,,,DIE,,,,,,,,,,,,,,,,,,,,,,-31,-4,PASS
,,,DIE,,,,,,,,,,,,,,,,,,,,,,-32,-3,PASS
,,,DIE,,,,,,,,,,,,,,,,,,,,,,-31,-3,PASS
,,,DIE,,,,,,,,,,,,,,,,,,,,,,-32,-2,PASS
,,,DIE,,,,,,,,,,,,,,,,,,,,,,-31,-2,PASS
,,,DIE,,,,,,,,,,,,,,,,,,,,,,-32,-1,PASS
,,,DIE,,,,,,,,,,,,,,,,,,,,,,-31,-1,PASS
,,,DIE,,,,,,,,,,,,,,,,,,,,,,-32,0,PASS
,,,DIE,,,,,,,,,,,,,,,,,,,,,,-31,0,PASS
,,,DIE,,,,,,,,,,,,,,,,,,,,,,-32,1,PASS
,,,DIE,,,,,,,,,,,,,,,,,,,,,,-31,1,PASS
,,,DIE,,,,,,,,,,,,,,,,,,,,,,-32,2,PASS
,,,DIE,,,,,,,,,,,,,,,,,,,,,,-31,2,PASS
,,,DIE,,,,,,,,,,,,,,,,,,,,,,-32,3,PASS
,,,DIE,,,,,,,,,,,,,,,,,,,,,,-31,3,PASS
,,,DIE,,,,,,,,,,,,,,,,,,,,,,-32,4,PASS
,,,DIE,,,,,,,,,,,,,,,,,,,,,,-31,4,PASS
,,,DIE,,,,,,,,,,,,,,,,,,,,,,-32,5,PASS
,,,DIE,,,,,,,,,,,,,,,,,,,,,,-31,5,PASS
,,,DIE,,,,,,,,,,,,,,,,,,,,,,-32,6,PASS
,,,DIE,,,,,,,,,,,,,,,,,,,,,,-31,6,PASS
,,,DIE,,,,,,,,,,,,,,,,,,,,,,-32,7,PASS
,,,DIE,,,,,,,,,,,,,,,,,,,,,,-31,7,PASS
,,,DIE,,,,,,,,,,,,,,,,,,,,,,-32,8,PASS
,,,DIE,,,,,,,,,,,,,,,,,,,,,,-31,8,PASS
,,,DIE,,,,,,,,,,,,,,,,,,,,,,-32,9,PASS
,,,DIE,,,,,,,,,,,,,,,,,,,,,,-31,9,PASS
,,,DIE,,,,,,,,,,,,,,,,,,,,,,-32,10,PASS
,,,DIE,,,,,,,,,,,,,,,,,,,,,,-31,10,PASS
,,,DIE,,,,,,,,,,,,,,,,,,,,,,-32,11,PASS
,,,DIE,,,,,,,,,,,,,,,,,,,,,,-31,11,PASS
,,,DIE,,,,,,,,,,,,,,,,,,,,,,-30,-14,PASS
,,,DIE,,,,,,,,,,,,,,,,,,,,,,-29,-14,PASS
,,,DIE,,,,,,,,,,,,,,,,,,,,,,-30,-13,PASS
,,,DIE,,,,,,,,,,,,,,,,,,,,,,-29,-13,PASS
,,,DIE,,,,,,,,,,,,,,,,,,,,,,-30,-12,PASS
,,,DIE,,,,,,,,,,,,,,,,,,,,,,-29,-12,PASS
,,,DIE,,,,,,,,,,,,,,,,,,,,,,-30,-11,PASS
,,,DIE,,,,,,,,,,,,,,,,,,,,,,-29,-11,PASS
,,,DIE,,,,,,,,,,,,,,,,,,,,,,-30,-10,PASS
,,,DIE,,,,,,,,,,,,,,,,,,,,,,-29,-10,PASS
,,,DIE,,,,,,,,,,,,,,,,,,,,,,-30,-9,PASS
,,,DIE,,,,,,,,,,,,,,,,,,,,,,-29,-9,PASS
,,,DIE,,,,,,,,,,,,,,,,,,,,,,-30,-8,PASS
,,,DIE,,,,,,,,,,,,,,,,,,,,,,-29,-8,PASS
,,,DIE,,,,,,,,,,,,,,,,,,,,,,-30,-7,PASS
,,,DIE,,,,,,,,,,,,,,,,,,,,,,-29,-7,PASS
,,,DIE,,,,,,,,,,,,,,,,,,,,,,-30,-6,PASS
,,,DIE,,,,,,,,,,,,,,,,,,,,,,-29,-6,PASS
,,,DIE,,,,,,,,,,,,,,,,,,,,,,-30,-5,PASS
,,,DIE,,,,,,,,,,,,,,,,,,,,,,-29,-5,PASS
,,,DIE,,,,,,,,,,,,,,,,,,,,,,-30,-4,PASS
,,,DIE,,,,,,,,,,,,,,,,,,,,,,-29,-4,PASS
,,,DIE,,,,,,,,,,,,,,,,,,,,,,-30,-3,PASS
,,,DIE,,,,,,,,,,,,,,,,,,,,,,-29,-3,PASS
,,,DIE,,,,,,,,,,,,,,,,,,,,,,-30,-2,PASS
,,,DIE,,,,,,,,,,,,,,,,,,,,,,-29,-2,PASS
,,,DIE,,,,,,,,,,,,,,,,,,,,,,-30,-1,PASS
,,,DIE,,,,,,,,,,,,,,,,,,,,,,-29,-1,PASS
,,,DIE,,,,,,,,,,,,,,,,,,,,,,-30,0,PASS
,,,DIE,,,,,,,,,,,,,,,,,,,,,,-29,0,PASS
,,,DIE,,,,,,,,,,,,,,,,,,,,,,-30,1,PASS
,,,DIE,,,,,,,,,,,,,,,,,,,,,,-29,1,PASS
,,,DIE,,,,,,,,,,,,,,,,,,,,,,-30,2,PASS
,,,DIE,,,,,,,,,,,,,,,,,,,,,,-29,2,PASS
,,,DIE,,,,,,,,,,,,,,,,,,,,,,-30,3,PASS
,,,DIE,,,,,,,,,,,,,,,,,,,,,,-29,3,PASS
,,,DIE,,,,,,,,,,,,,,,,,,,,,,-30,4,PASS
,,,DIE,,,,,,,,,,,,,,,,,,,,,,-29,4,PASS
,,,DIE,,,,,,,,,,,,,,,,,,,,,,-30,5,PASS
,,,DIE,,,,,,,,,,,,,,,,,,,,,,-29,5,PASS
,,,DIE,,,,,,,,,,,,,,,,,,,,,,-30,6,PASS
,,,DIE,,,,,,,,,,,,,,,,,,,,,,-29,6,PASS
,,,DIE,,,,,,,,,,,,,,,,,,,,,,-30,7,PASS
,,,DIE,,,,,,,,,,,,,,,,,,,,,,-29,7,PASS
,,,DIE,,,,,,,,,,,,,,,,,,,,,,-30,8,PASS
,,,DIE,,,,,,,,,,,,,,,,,,,,,,-29,8,PASS
,,,DIE,,,,,,,,,,,,,,,,,,,,,,-30,9,PASS
,,,DIE,,,,,,,,,,,,,,,,,,,,,,-29,9,PASS
,,,DIE,,,,,,,,,,,,,,,,,,,,,,-30,10,PASS
,,,DIE,,,,,,,,,,,,,,,,,,,,,,-29,10,PASS
,,,DIE,,,,,,,,,,,,,,,,,,,,,,-30,11,PASS
,,,DIE,,,,,,,,,,,,,,,,,,,,,,-29,11,PASS
,,,DIE,,,,,,,,,,,,,,,,,,,,,,-30,12,PASS
,,,DIE,,,,,,,,,,,,,,,,,,,,,,-29,12,PASS
,,,DIE,,,,,,,,,,,,,,,,,,,,,,-30,13,PASS
,,,DIE,,,,,,,,,,,,,,,,,,,,,,-29,13,PASS
,,,DIE,,,,,,,,,,,,,,,,,,,,,,-28,-14,PASS
,,,DIE,,,,,,,,,,,,,,,,,,,,,,-27,-14,PASS
,,,DIE,,,,,,,,,,,,,,,,,,,,,,-28,-13,PASS
,,,DIE,,,,,,,,,,,,,,,,,,,,,,-27,-13,PASS
,,,DIE,,,,,,,,,,,,,,,,,,,,,,-28,-12,PASS
,,,DIE,,,,,,,,,,,,,,,,,,,,,,-27,-12,PASS
,,,DIE,,,,,,,,,,,,,,,,,,,,,,-28,-11,PASS
,,,DIE,,,,,,,,,,,,,,,,,,,,,,-27,-11,PASS
,,,DIE,,,,,,,,,,,,,,,,,,,,,,-28,-10,PASS
,,,DIE,,,,,,,,,,,,,,,,,,,,,,-27,-10,PASS
,,,DIE,,,,,,,,,,,,,,,,,,,,,,-28,-9,PASS
,,,DIE,,,,,,,,,,,,,,,,,,,,,,-27,-9,PASS
,,,DIE,,,,,,,,,,,,,,,,,,,,,,-28,-8,PASS
,,,DIE,,,,,,,,,,,,,,,,,,,,,,-27,-8,PASS
,,,DIE,,,,,,,,,,,,,,,,,,,,,,-28,-7,PASS
,,,DIE,,,,,,,,,,,,,,,,,,,,,,-27,-7,PASS
,,,DIE,,,,,,,,,,,,,,,,,,,,,,-28,-6,PASS
,,,DIE,,,,,,,,,,,,,,,,,,,,,,-27,-6,PASS
,,,DIE,,,,,,,,,,,,,,,,,,,,,,-28,-5,PASS
,,,DIE,,,,,,,,,,,,,,,,,,,,,,-27,-5,PASS
,,,DIE,,,,,,,,,,,,,,,,,,,,,,-28,-4,PASS
,,,DIE,,,,,,,,,,,,,,,,,,,,,,-27,-4,PASS
,,,DIE,,,,,,,,,,,,,,,,,,,,,,-28,-3,PASS
,,,DIE,,,,,,,,,,,,,,,,,,,,,,-27,-3,PASS
,,,DIE,,,,,,,,,,,,,,,,,,,,,,-28,-2,PASS
,,,DIE,,,,,,,,,,,,,,,,,,,,,,-27,-2,PASS
,,,DIE,,,,,,,,,,,,,,,,,,,,,,-28,-1,PASS
,,,DIE,,,,,,,,,,,,,,,,,,,,,,-27,-1,PASS
,,,DIE,,,,,,,,,,,,,,,,,,,,,,-28,0,PASS
,,,DIE,,,,,,,,,,,,,,,,,,,,,,-27,0,PASS
,,,DIE,,,,,,,,,,,,,,,,,,,,,,-28,1,PASS
,,,DIE,,,,,,,,,,,,,,,,,,,,,,-27,1,PASS
,,,DIE,,,,,,,,,,,,,,,,,,,,,,-28,2,PASS
,,,DIE,,,,,,,,,,,,,,,,,,,,,,-27,2,PASS
,,,DIE,,,,,,,,,,,,,,,,,,,,,,-28,3,PASS
,,,DIE,,,,,,,,,,,,,,,,,,,,,,-27,3,PASS
,,,DIE,,,,,,,,,,,,,,,,,,,,,,-28,4,PASS
,,,DIE,,,,,,,,,,,,,,,,,,,,,,-27,4,PASS
,,,DIE,,,,,,,,,,,,,,,,,,,,,,-28,5,PASS
,,,DIE,,,,,,,,,,,,,,,,,,,,,,-27,5,PASS
,,,DIE,,,,,,,,,,,,,,,,,,,,,,-28,6,PASS
,,,DIE,,,,,,,,,,,,,,,,,,,,,,-27,6,PASS
,,,DIE,,,,,,,,,,,,,,,,,,,,,,-28,7,PASS
,,,DIE,,,,,,,,,,,,,,,,,,,,,,-27,7,PASS
,,,DIE,,,,,,,,,,,,,,,,,,,,,,-28,8,PASS
,,,DIE,,,,,,,,,,,,,,,,,,,,,,-27,8,PASS
,,,DIE,,,,,,,,,,,,,,,,,,,,,,-28,9,PASS
,,,DIE,,,,,,,,,,,,,,,,,,,,,,-27,9,PASS
,,,DIE,,,,,,,,,,,,,,,,,,,,,,-28,10,PASS
,,,DIE,,,,,,,,,,,,,,,,,,,,,,-27,10,PASS
,,,DIE,,,,,,,,,,,,,,,,,,,,,,-28,11,PASS
,,,DIE,,,,,,,,,,,,,,,,,,,,,,-27,11,PASS
,,,DIE,,,,,,,,,,,,,,,,,,,,,,-28,12,PASS
,,,DIE,,,,,,,,,,,,,,,,,,,,,,-27,12,PASS
,,,DIE,,,,,,,,,,,,,,,,,,,,,,-28,13,PASS
,,,DIE,,,,,,,,,,,,,,,,,,,,,,-27,13,PASS
,,,DIE,,,,,,,,,,,,,,,,,,,,,,-26,-16,FAIL
,,,DIE,,,,,,,,,,,,,,,,,,,,,,-25,-16,FAIL
,,,DIE,,,,,,,,,,,,,,,,,,,,,,-26,-15,PASS
,,,DIE,,,,,,,,,,,,,,,,,,,,,,-25,-15,PASS
,,,DIE,,,,,,,,,,,,,,,,,,,,,,-26,-14,PASS
,,,DIE,,,,,,,,,,,,,,,,,,,,,,-25,-14,PASS
,,,DIE,,,,,,,,,,,,,,,,,,,,,,-26,-13,PASS
,,,DIE,,,,,,,,,,,,,,,,,,,,,,-25,-13,PASS
,,,DIE,,,,,,,,,,,,,,,,,,,,,,-26,-12,PASS
,,,DIE,,,,,,,,,,,,,,,,,,,,,,-25,-12,PASS
,,,DIE,,,,,,,,,,,,,,,,,,,,,,-26,-11,PASS
,,,DIE,,,,,,,,,,,,,,,,,,,,,,-25,-11,PASS
,,,DIE,,,,,,,,,,,,,,,,,,,,,,-26,-10,PASS
,,,DIE,,,,,,,,,,,,,,,,,,,,,,-25,-10,PASS
,,,DIE,,,,,,,,,,,,,,,,,,,,,,-26,-9,PASS
,,,DIE,,,,,,,,,,,,,,,,,,,,,,-25,-9,PASS
,,,DIE,,,,,,,,,,,,,,,,,,,,,,-26,-8,PASS
,,,DIE,,,,,,,,,,,,,,,,,,,,,,-25,-8,PASS
,,,DIE,,,,,,,,,,,,,,,,,,,,,,-26,-7,PASS
,,,DIE,,,,,,,,,,,,,,,,,,,,,,-25,-7,PASS
,,,DIE,,,,,,,,,,,,,,,,,,,,,,-26,-6,PASS
,,,DIE,,,,,,,,,,,,,,,,,,,,,,-25,-6,PASS
,,,DIE,,,,,,,,,,,,,,,,,,,,,,-26,-5,PASS
,,,DIE,,,,,,,,,,,,,,,,,,,,,,-25,-5,PASS
,,,DIE,,,,,,,,,,,,,,,,,,,,,,-26,-4,PASS
,,,DIE,,,,,,,,,,,,,,,,,,,,,,-25,-4,PASS
,,,DIE,,,,,,,,,,,,,,,,,,,,,,-26,-3,PASS
,,,DIE,,,,,,,,,,,,,,,,,,,,,,-25,-3,PASS
,,,DIE,,,,,,,,,,,,,,,,,,,,,,-26,-2,PASS
,,,DIE,,,,,,,,,,,,,,,,,,,,,,-25,-2,PASS
,,,DIE,,,,,,,,,,,,,,,,,,,,,,-26,-1,PASS
,,,DIE,,,,,,,,,,,,,,,,,,,,,,-25,-1,PASS
,,,DIE,,,,,,,,,,,,,,,,,,,,,,-26,0,PASS
,,,DIE,,,,,,,,,,,,,,,,,,,,,,-25,0,PASS
,,,DIE,,,,,,,,,,,,,,,,,,,,,,-26,1,PASS
,,,DIE,,,,,,,,,,,,,,,,,,,,,,-25,1,PASS
,,,DIE,,,,,,,,,,,,,,,,,,,,,,-26,2,PASS
,,,DIE,,,,,,,,,,,,,,,,,,,,,,-25,2,PASS
,,,DIE,,,,,,,,,,,,,,,,,,,,,,-26,3,PASS
,,,DIE,,,,,,,,,,,,,,,,,,,,,,-25,3,PASS
,,,DIE,,,,,,,,,,,,,,,,,,,,,,-26,4,PASS
,,,DIE,,,,,,,,,,,,,,,,,,,,,,-25,4,PASS
,,,DIE,,,,,,,,,,,,,,,,,,,,,,-26,5,PASS
,,,DIE,,,,,,,,,,,,,,,,,,,,,,-25,5,PASS
,,,DIE,,,,,,,,,,,,,,,,,,,,,,-26,6,PASS
,,,DIE,,,,,,,,,,,,,,,,,,,,,,-25,6,PASS
,,,DIE,,,,,,,,,,,,,,,,,,,,,,-26,7,PASS
,,,DIE,,,,,,,,,,,,,,,,,,,,,,-25,7,PASS
,,,DIE,,,,,,,,,,,,,,,,,,,,,,-26,8,PASS
,,,DIE,,,,,,,,,,,,,,,,,,,,,,-25,8,PASS
,,,DIE,,,,,,,,,,,,,,,,,,,,,,-26,9,PASS
,,,DIE,,,,,,,,,,,,,,,,,,,,,,-25,9,PASS
,,,DIE,,,,,,,,,,,,,,,,,,,,,,-26,10,PASS
,,,DIE,,,,,,,,,,,,,,,,,,,,,,-25,10,PASS
,,,DIE,,,,,,,,,,,,,,,,,,,,,,-26,11,PASS
,,,DIE,,,,,,,,,,,,,,,,,,,,,,-25,11,PASS
,,,DIE,,,,,,,,,,,,,,,,,,,,,,-26,12,PASS
,,,DIE,,,,,,,,,,,,,,,,,,,,,,-25,12,PASS
,,,DIE,,,,,,,,,,,,,,,,,,,,,,-26,13,PASS
,,,DIE,,,,,,,,,,,,,,,,,,,,,,-25,13,PASS
,,,DIE,,,,,,,,,,,,,,,,,,,,,,-26,14,PASS
,,,DIE,,,,,,,,,,,,,,,,,,,,,,-25,14,PASS
,,,DIE,,,,,,,,,,,,,,,,,,,,,,-26,15,FAIL
,,,DIE,,,,,,,,,,,,,,,,,,,,,,-25,15,FAIL
,,,DIE,,,,,,,,,,,,,,,,,,,,,,-24,-16,FAIL
,,,DIE,,,,,,,,,,,,,,,,,,,,,,-23,-16,PASS
,,,DIE,,,,,,,,,,,,,,,,,,,,,,-24,-15,PASS
,,,DIE,,,,,,,,,,,,,,,,,,,,,,-23,-15,PASS
,,,DIE,,,,,,,,,,,,,,,,,,,,,,-24,-14,PASS
,,,DIE,,,,,,,,,,,,,,,,,,,,,,-23,-14,PASS
,,,DIE,,,,,,,,,,,,,,,,,,,,,,-24,-13,PASS
,,,DIE,,,,,,,,,,,,,,,,,,,,,,-23,-13,PASS
,,,DIE,,,,,,,,,,,,,,,,,,,,,,-24,-12,PASS
,,,DIE,,,,,,,,,,,,,,,,,,,,,,-23,-12,PASS
,,,DIE,,,,,,,,,,,,,,,,,,,,,,-24,-11,PASS
,,,DIE,,,,,,,,,,,,,,,,,,,,,,-23,-11,PASS
,,,DIE,,,,,,,,,,,,,,,,,,,,,,-24,-10,PASS
,,,DIE,,,,,,,,,,,,,,,,,,,,,,-23,-10,PASS
,,,DIE,,,,,,,,,,,,,,,,,,,,,,-24,-9,PASS
,,,DIE,,,,,,,,,,,,,,,,,,,,,,-23,-9,PASS
,,,DIE,,,,,,,,,,,,,,,,,,,,,,-24,-8,PASS
,,,DIE,,,,,,,,,,,,,,,,,,,,,,-23,-8,PASS
,,,DIE,,,,,,,,,,,,,,,,,,,,,,-24,-7,PASS
,,,DIE,,,,,,,,,,,,,,,,,,,,,,-23,-7,PASS
,,,DIE,,,,,,,,,,,,,,,,,,,,,,-24,-6,PASS
,,,DIE,,,,,,,,,,,,,,,,,,,,,,-23,-6,PASS
,,,DIE,,,,,,,,,,,,,,,,,,,,,,-24,-5,PASS
,,,DIE,,,,,,,,,,,,,,,,,,,,,,-23,-5,PASS
,,,DIE,,,,,,,,,,,,,,,,,,,,,,-24,-4,PASS
,,,DIE,,,,,,,,,,,,,,,,,,,,,,-23,-4,PASS
,,,DIE,,,,,,,,,,,,,,,,,,,,,,-24,-3,PASS
,,,DIE,,,,,,,,,,,,,,,,,,,,,,-23,-3,PASS
,,,DIE,,,,,,,,,,,,,,,,,,,,,,-24,-2,PASS
,,,DIE,,,,,,,,,,,,,,,,,,,,,,-23,-2,PASS
,,,DIE,,,,,,,,,,,,,,,,,,,,,,-24,-1,PASS
,,,DIE,,,,,,,,,,,,,,,,,,,,,,-23,-1,PASS
,,,DIE,,,,,,,,,,,,,,,,,,,,,,-24,0,PASS
,,,DIE,,,,,,,,,,,,,,,,,,,,,,-23,0,PASS
,,,DIE,,,,,,,,,,,,,,,,,,,,,,-24,1,PASS
,,,DIE,,,,,,,,,,,,,,,,,,,,,,-23,1,PASS
,,,DIE,,,,,,,,,,,,,,,,,,,,,,-24,2,PASS
,,,DIE,,,,,,,,,,,,,,,,,,,,,,-23,2,PASS
,,,DIE,,,,,,,,,,,,,,,,,,,,,,-24,3,PASS
,,,DIE,,,,,,,,,,,,,,,,,,,,,,-23,3,PASS
,,,DIE,,,,,,,,,,,,,,,,,,,,,,-24,4,PASS
,,,DIE,,,,,,,,,,,,,,,,,,,,,,-23,4,PASS
,,,DIE,,,,,,,,,,,,,,,,,,,,,,-24,5,PASS
,,,DIE,,,,,,,,,,,,,,,,,,,,,,-23,5,PASS
,,,DIE,,,,,,,,,,,,,,,,,,,,,,-24,6,PASS
,,,DIE,,,,,,,,,,,,,,,,,,,,,,-23,6,PASS
,,,DIE,,,,,,,,,,,,,,,,,,,,,,-24,7,PASS
,,,DIE,,,,,,,,,,,,,,,,,,,,,,-23,7,PASS
,,,DIE,,,,,,,,,,,,,,,,,,,,,,-24,8,PASS
,,,DIE,,,,,,,,,,,,,,,,,,,,,,-23,8,PASS
,,,DIE,,,,,,,,,,,,,,,,,,,,,,-24,9,PASS
,,,DIE,,,,,,,,,,,,,,,,,,,,,,-23,9,PASS
,,,DIE,,,,,,,,,,,,,,,,,,,,,,-24,10,PASS
,,,DIE,,,,,,,,,,,,,,,,,,,,,,-23,10,PASS
,,,DIE,,,,,,,,,,,,,,,,,,,,,,-24,11,PASS
,,,DIE,,,,,,,,,,,,,,,,,,,,,,-23,11,PASS
,,,DIE,,,,,,,,,,,,,,,,,,,,,,-24,12,PASS
,,,DIE,,,,,,,,,,,,,,,,,,,,,,-23,12,PASS
,,,DIE,,,,,,,,,,,,,,,,,,,,,,-24,13,PASS
,,,DIE,,,,,,,,,,,,,,,,,,,,,,-23,13,PASS
,,,DIE,,,,,,,,,,,,,,,,,,,,,,-24,14,PASS
,,,DIE,,,,,,,,,,,,,,,,,,,,,,-23,14,PASS
,,,DIE,,,,,,,,,,,,,,,,,,,,,,-24,15,FAIL
,,,DIE,,,,,,,,,,,,,,,,,,,,,,-23,15,PASS
,,,DIE,,,,,,,,,,,,,,,,,,,,,,-22,-16,PASS
,,,DIE,,,,,,,,,,,,,,,,,,,,,,-21,-16,PASS
,,,DIE,,,,,,,,,,,,,,,,,,,,,,-22,-15,PASS
,,,DIE,,,,,,,,,,,,,,,,,,,,,,-21,-15,PASS
,,,DIE,,,,,,,,,,,,,,,,,,,,,,-22,-14,PASS
,,,DIE,,,,,,,,,,,,,,,,,,,,,,-21,-14,PASS
,,,DIE,,,,,,,,,,,,,,,,,,,,,,-22,-13,PASS
,,,DIE,,,,,,,,,,,,,,,,,,,,,,-21,-13,PASS
,,,DIE,,,,,,,,,,,,,,,,,,,,,,-22,-12,PASS
,,,DIE,,,,,,,,,,,,,,,,,,,,,,-21,-12,PASS
,,,DIE,,,,,,,,,,,,,,,,,,,,,,-22,-11,PASS
,,,DIE,,,,,,,,,,,,,,,,,,,,,,-21,-11,PASS
,,,DIE,,,,,,,,,,,,,,,,,,,,,,-22,-10,PASS
,,,DIE,,,,,,,,,,,,,,,,,,,,,,-21,-10,PASS
,,,DIE,,,,,,,,,,,,,,,,,,,,,,-22,-9,PASS
,,,DIE,,,,,,,,,,,,,,,,,,,,,,-21,-9,PASS
,,,DIE,,,,,,,,,,,,,,,,,,,,,,-22,-8,PASS
,,,DIE,,,,,,,,,,,,,,,,,,,,,,-21,-8,PASS
,,,DIE,,,,,,,,,,,,,,,,,,,,,,-22,-7,PASS
,,,DIE,,,,,,,,,,,,,,,,,,,,,,-21,-7,PASS
,,,DIE,,,,,,,,,,,,,,,,,,,,,,-22,-6,PASS
,,,DIE,,,,,,,,,,,,,,,,,,,,,,-21,-6,PASS
,,,DIE,,,,,,,,,,,,,,,,,,,,,,-22,-5,PASS
,,,DIE,,,,,,,,,,,,,,,,,,,,,,-21,-5,PASS
,,,DIE,,,,,,,,,,,,,,,,,,,,,,-22,-4,PASS
,,,DIE,,,,,,,,,,,,,,,,,,,,,,-21,-4,PASS
,,,DIE,,,,,,,,,,,,,,,,,,,,,,-22,-3,PASS
,,,DIE,,,,,,,,,,,,,,,,,,,,,,-21,-3,PASS
,,,DIE,,,,,,,,,,,,,,,,,,,,,,-22,-2,PASS
,,,DIE,,,,,,,,,,,,,,,,,,,,,,-21,-2,PASS
,,,DIE,,,,,,,,,,,,,,,,,,,,,,-22,-1,PASS
,,,DIE,,,,,,,,,,,,,,,,,,,,,,-21,-1,PASS
,,,DIE,,,,,,,,,,,,,,,,,,,,,,-22,0,PASS
,,,DIE,,,,,,,,,,,,,,,,,,,,,,-21,0,PASS
,,,DIE,,,,,,,,,,,,,,,,,,,,,,-22,1,PASS
,,,DIE,,,,,,,,,,,,,,,,,,,,,,-21,1,PASS
,,,DIE,,,,,,,,,,,,,,,,,,,,,,-22,2,PASS
,,,DIE,,,,,,,,,,,,,,,,,,,,,,-21,2,PASS
,,,DIE,,,,,,,,,,,,,,,,,,,,,,-22,3,PASS
,,,DIE,,,,,,,,,,,,,,,,,,,,,,-21,3,PASS
,,,DIE,,,,,,,,,,,,,,,,,,,,,,-22,4,PASS
,,,DIE,,,,,,,,,,,,,,,,,,,,,,-21,4,PASS
,,,DIE,,,,,,,,,,,,,,,,,,,,,,-22,5,PASS
,,,DIE,,,,,,,,,,,,,,,,,,,,,,-21,5,PASS
,,,DIE,,,,,,,,,,,,,,,,,,,,,,-22,6,PASS
,,,DIE,,,,,,,,,,,,,,,,,,,,,,-21,6,PASS
,,,DIE,,,,,,,,,,,,,,,,,,,,,,-22,7,PASS
,,,DIE,,,,,,,,,,,,,,,,,,,,,,-21,7,PASS
,,,DIE,,,,,,,,,,,,,,,,,,,,,,-22,8,PASS
,,,DIE,,,,,,,,,,,,,,,,,,,,,,-21,8,PASS
,,,DIE,,,,,,,,,,,,,,,,,,,,,,-22,9,PASS
,,,DIE,,,,,,,,,,,,,,,,,,,,,,-21,9,PASS
,,,DIE,,,,,,,,,,,,,,,,,,,,,,-22,10,PASS
,,,DIE,,,,,,,,,,,,,,,,,,,,,,-21,10,PASS
,,,DIE,,,,,,,,,,,,,,,,,,,,,,-22,11,PASS
,,,DIE,,,,,,,,,,,,,,,,,,,,,,-21,11,PASS
,,,DIE,,,,,,,,,,,,,,,,,,,,,,-22,12,PASS
,,,DIE,,,,,,,,,,,,,,,,,,,,,,-21,12,PASS
,,,DIE,,,,,,,,,,,,,,,,,,,,,,-22,13,PASS
,,,DIE,,,,,,,,,,,,,,,,,,,,,,-21,13,PASS
,,,DIE,,,,,,,,,,,,,,,,,,,,,,-22,14,PASS
,,,DIE,,,,,,,,,,,,,,,,,,,,,,-21,14,PASS
,,,DIE,,,,,,,,,,,,,,,,,,,,,,-22,15,PASS
,,,DIE,,,,,,,,,,,,,,,,,,,,,,-21,15,PASS
,,,DIE,,,,,,,,,,,,,,,,,,,,,,-20,-18,PASS
,,,DIE,,,,,,,,,,,,,,,,,,,,,,-19,-18,PASS
,,,DIE,,,,,,,,,,,,,,,,,,,,,,-20,-17,PASS
,,,DIE,,,,,,,,,,,,,,,,,,,,,,-19,-17,PASS
,,,DIE,,,,,,,,,,,,,,,,,,,,,,-20,-16,PASS
,,,DIE,,,,,,,,,,,,,,,,,,,,,,-19,-16,PASS
,,,DIE,,,,,,,,,,,,,,,,,,,,,,-20,-15,PASS
,,,DIE,,,,,,,,,,,,,,,,,,,,,,-19,-15,PASS
,,,DIE,,,,,,,,,,,,,,,,,,,,,,-20,-14,PASS
,,,DIE,,,,,,,,,,,,,,,,,,,,,,-19,-14,PASS
,,,DIE,,,,,,,,,,,,,,,,,,,,,,-20,-13,PASS
,,,DIE,,,,,,,,,,,,,,,,,,,,,,-19,-13,PASS
,,,DIE,,,,,,,,,,,,,,,,,,,,,,-20,-12,PASS
,,,DIE,,,,,,,,,,,,,,,,,,,,,,-19,-12,PASS
,,,DIE,,,,,,,,,,,,,,,,,,,,,,-20,-11,PASS
,,,DIE,,,,,,,,,,,,,,,,,,,,,,-19,-11,PASS
,,,DIE,,,,,,,,,,,,,,,,,,,,,,-20,-10,PASS
,,,DIE,,,,,,,,,,,,,,,,,,,,,,-19,-10,PASS
,,,DIE,,,,,,,,,,,,,,,,,,,,,,-20,-9,PASS
,,,DIE,,,,,,,,,,,,,,,,,,,,,,-19,-9,PASS
,,,DIE,,,,,,,,,,,,,,,,,,,,,,-20,-8,PASS
,,,DIE,,,,,,,,,,,,,,,,,,,,,,-19,-8,PASS
,,,DIE,,,,,,,,,,,,,,,,,,,,,,-20,-7,PASS
,,,DIE,,,,,,,,,,,,,,,,,,,,,,-19,-7,PASS
,,,DIE,,,,,,,,,,,,,,,,,,,,,,-20,-6,PASS
,,,DIE,,,,,,,,,,,,,,,,,,,,,,-19,-6,PASS
,,,DIE,,,,,,,,,,,,,,,,,,,,,,-20,-5,PASS
,,,DIE,,,,,,,,,,,,,,,,,,,,,,-19,-5,PASS
,,,DIE,,,,,,,,,,,,,,,,,,,,,,-20,-4,PASS
,,,DIE,,,,,,,,,,,,,,,,,,,,,,-19,-4,PASS
,,,DIE,,,,,,,,,,,,,,,,,,,,,,-20,-3,PASS
,,,DIE,,,,,,,,,,,,,,,,,,,,,,-19,-3,PASS
,,,DIE,,,,,,,,,,,,,,,,,,,,,,-20,-2,PASS
,,,DIE,,,,,,,,,,,,,,,,,,,,,,-19,-2,PASS
,,,DIE,,,,,,,,,,,,,,,,,,,,,,-20,-1,PASS
,,,DIE,,,,,,,,,,,,,,,,,,,,,,-19,-1,PASS
,,,DIE,,,,,,,,,,,,,,,,,,,,,,-20,0,PASS
,,,DIE,,,,,,,,,,,,,,,,,,,,,,-19,0,PASS
,,,DIE,,,,,,,,,,,,,,,,,,,,,,-20,1,PASS
,,,DIE,,,,,,,,,,,,,,,,,,,,,,-19,1,PASS
,,,DIE,,,,,,,,,,,,,,,,,,,,,,-20,2,PASS
,,,DIE,,,,,,,,,,,,,,,,,,,,,,-19,2,PASS
,,,DIE,,,,,,,,,,,,,,,,,,,,,,-20,3,PASS
,,,DIE,,,,,,,,,,,,,,,,,,,,,,-19,3,PASS
,,,DIE,,,,,,,,,,,,,,,,,,,,,,-20,4,PASS
,,,DIE,,,,,,,,,,,,,,,,,,,,,,-19,4,PASS
,,,DIE,,,,,,,,,,,,,,,,,,,,,,-20,5,PASS
,,,DIE,,,,,,,,,,,,,,,,,,,,,,-19,5,PASS
,,,DIE,,,,,,,,,,,,,,,,,,,,,,-20,6,PASS
,,,DIE,,,,,,,,,,,,,,,,,,,,,,-19,6,PASS
,,,DIE,,,,,,,,,,,,,,,,,,,,,,-20,7,PASS
,,,DIE,,,,,,,,,,,,,,,,,,,,,,-19,7,PASS
,,,DIE,,,,,,,,,,,,,,,,,,,,,,-20,8,PASS
,,,DIE,,,,,,,,,,,,,,,,,,,,,,-19,8,PASS
,,,DIE,,,,,,,,,,,,,,,,,,,,,,-20,9,PASS
,,,DIE,,,,,,,,,,,,,,,,,,,,,,-19,9,PASS
,,,DIE,,,,,,,,,,,,,,,,,,,,,,-20,10,PASS
,,,DIE,,,,,,,,,,,,,,,,,,,,,,-19,10,PASS
,,,DIE,,,,,,,,,,,,,,,,,,,,,,-20,11,PASS
,,,DIE,,,,,,,,,,,,,,,,,,,,,,-19,11,PASS
,,,DIE,,,,,,,,,,,,,,,,,,,,,,-20,12,PASS
,,,DIE,,,,,,,,,,,,,,,,,,,,,,-19,12,PASS
,,,DIE,,,,,,,,,,,,,,,,,,,,,,-20,13,PASS
,,,DIE,,,,,,,,,,,,,,,,,,,,,,-19,13,PASS
,,,DIE,,,,,,,,,,,,,,,,,,,,,,-20,14,PASS
,,,DIE,,,,,,,,,,,,,,,,,,,,,,-19,14,PASS
,,,DIE,,,,,,,,,,,,,,,,,,,,,,-20,15,PASS
,,,DIE,,,,,,,,,,,,,,,,,,,,,,-19,15,PASS
,,,DIE,,,,,,,,,,,,,,,,,,,,,,-20,16,PASS
,,,DIE,,,,,,,,,,,,,,,,,,,,,,-19,16,PASS
,,,DIE,,,,,,,,,,,,,,,,,,,,,,-20,17,FAIL
,,,DIE,,,,,,,,,,,,,,,,,,,,,,-19,17,PASS
,,,DIE,,,,,,,,,,,,,,,,,,,,,,-18,-18,PASS
,,,DIE,,,,,,,,,,,,,,,,,,,,,,-17,-18,PASS
,,,DIE,,,,,,,,,,,,,,,,,,,,,,-18,-17,PASS
,,,DIE,,,,,,,,,,,,,,,,,,,,,,-17,-17,PASS
,,,DIE,,,,,,,,,,,,,,,,,,,,,,-18,-16,PASS
,,,DIE,,,,,,,,,,,,,,,,,,,,,,-17,-16,PASS
,,,DIE,,,,,,,,,,,,,,,,,,,,,,-18,-15,PASS
,,,DIE,,,,,,,,,,,,,,,,,,,,,,-17,-15,PASS
,,,DIE,,,,,,,,,,,,,,,,,,,,,,-18,-14,PASS
,,,DIE,,,,,,,,,,,,,,,,,,,,,,-17,-14,PASS
,,,DIE,,,,,,,,,,,,,,,,,,,,,,-18,-13,PASS
,,,DIE,,,,,,,,,,,,,,,,,,,,,,-17,-13,PASS
,,,DIE,,,,,,,,,,,,,,,,,,,,,,-18,-12,PASS
,,,DIE,,,,,,,,,,,,,,,,,,,,,,-17,-12,PASS
,,,DIE,,,,,,,,,,,,,,,,,,,,,,-18,-11,PASS
,,,DIE,,,,,,,,,,,,,,,,,,,,,,-17,-11,PASS
,,,DIE,,,,,,,,,,,,,,,,,,,,,,-18,-10,PASS
,,,DIE,,,,,,,,,,,,,,,,,,,,,,-17,-10,PASS
,,,DIE,,,,,,,,,,,,,,,,,,,,,,-18,-9,PASS
,,,DIE,,,,,,,,,,,,,,,,,,,,,,-17,-9,PASS
,,,DIE,,,,,,,,,,,,,,,,,,,,,,-18,-8,PASS
,,,DIE,,,,,,,,,,,,,,,,,,,,,,-17,-8,PASS
,,,DIE,,,,,,,,,,,,,,,,,,,,,,-18,-7,PASS
,,,DIE,,,,,,,,,,,,,,,,,,,,,,-17,-7,PASS
,,,DIE,,,,,,,,,,,,,,,,,,,,,,-18,-6,PASS
,,,DIE,,,,,,,,,,,,,,,,,,,,,,-17,-6,PASS
,,,DIE,,,,,,,,,,,,,,,,,,,,,,-18,-5,PASS
,,,DIE,,,,,,,,,,,,,,,,,,,,,,-17,-5,PASS
,,,DIE,,,,,,,,,,,,,,,,,,,,,,-18,-4,PASS
,,,DIE,,,,,,,,,,,,,,,,,,,,,,-17,-4,PASS
,,,DIE,,,,,,,,,,,,,,,,,,,,,,-18,-3,PASS
,,,DIE,,,,,,,,,,,,,,,,,,,,,,-17,-3,PASS
,,,DIE,,,,,,,,,,,,,,,,,,,,,,-18,-2,PASS
,,,DIE,,,,,,,,,,,,,,,,,,,,,,-17,-2,PASS
,,,DIE,,,,,,,,,,,,,,,,,,,,,,-18,-1,PASS
,,,DIE,,,,,,,,,,,,,,,,,,,,,,-17,-1,PASS
,,,DIE,,,,,,,,,,,,,,,,,,,,,,-18,0,PASS
,,,DIE,,,,,,,,,,,,,,,,,,,,,,-17,0,PASS
,,,DIE,,,,,,,,,,,,,,,,,,,,,,-18,1,PASS
,,,DIE,,,,,,,,,,,,,,,,,,,,,,-17,1,PASS
,,,DIE,,,,,,,,,,,,,,,,,,,,,,-18,2,PASS
,,,DIE,,,,,,,,,,,,,,,,,,,,,,-17,2,PASS
,,,DIE,,,,,,,,,,,,,,,,,,,,,,-18,3,PASS
,,,DIE,,,,,,,,,,,,,,,,,,,,,,-17,3,PASS
,,,DIE,,,,,,,,,,,,,,,,,,,,,,-18,4,PASS
,,,DIE,,,,,,,,,,,,,,,,,,,,,,-17,4,PASS
,,,DIE,,,,,,,,,,,,,,,,,,,,,,-18,5,PASS
,,,DIE,,,,,,,,,,,,,,,,,,,,,,-17,5,PASS
,,,DIE,,,,,,,,,,,,,,,,,,,,,,-18,6,PASS
,,,DIE,,,,,,,,,,,,,,,,,,,,,,-17,6,PASS
,,,DIE,,,,,,,,,,,,,,,,,,,,,,-18,7,PASS
,,,DIE,,,,,,,,,,,,,,,,,,,,,,-17,7,PASS
,,,DIE,,,,,,,,,,,,,,,,,,,,,,-18,8,PASS
,,,DIE,,,,,,,,,,,,,,,,,,,,,,-17,8,PASS
,,,DIE,,,,,,,,,,,,,,,,,,,,,,-18,9,PASS
,,,DIE,,,,,,,,,,,,,,,,,,,,,,-17,9,PASS
,,,DIE,,,,,,,,,,,,,,,,,,,,,,-18,10,PASS
,,,DIE,,,,,,,,,,,,,,,,,,,,,,-17,10,PASS
,,,DIE,,,,,,,,,,,,,,,,,,,,,,-18,11,PASS
,,,DIE,,,,,,,,,,,,,,,,,,,,,,-17,11,PASS
,,,DIE,,,,,,,,,,,,,,,,,,,,,,-18,12,PASS
,,,DIE,,,,,,,,,,,,,,,,,,,,,,-17,12,PASS
,,,DIE,,,,,,,,,,,,,,,,,,,,,,-18,13,PASS
,,,DIE,,,,,,,,,,,,,,,,,,,,,,-17,13,PASS
,,,DIE,,,,,,,,,,,,,,,,,,,,,,-18,14,PASS
,,,DIE,,,,,,,,,,,,,,,,,,,,,,-17,14,PASS
,,,DIE,,,,,,,,,,,,,,,,,,,,,,-18,15,PASS
,,,DIE,,,,,,,,,,,,,,,,,,,,,,-17,15,PASS
,,,DIE,,,,,,,,,,,,,,,,,,,,,,-18,16,PASS
,,,DIE,,,,,,,,,,,,,,,,,,,,,,-17,16,PASS
,,,DIE,,,,,,,,,,,,,,,,,,,,,,-18,17,PASS
,,,DIE,,,,,,,,,,,,,,,,,,,,,,-17,17,PASS
,,,DIE,,,,,,,,,,,,,,,,,,,,,,-16,-18,PASS
,,,DIE,,,,,,,,,,,,,,,,,,,,,,-15,-18,PASS
,,,DIE,,,,,,,,,,,,,,,,,,,,,,-16,-17,PASS
,,,DIE,,,,,,,,,,,,,,,,,,,,,,-15,-17,PASS
,,,DIE,,,,,,,,,,,,,,,,,,,,,,-16,-16,PASS
,,,DIE,,,,,,,,,,,,,,,,,,,,,,-15,-16,PASS
,,,DIE,,,,,,,,,,,,,,,,,,,,,,-16,-15,PASS
,,,DIE,,,,,,,,,,,,,,,,,,,,,,-15,-15,PASS
,,,DIE,,,,,,,,,,,,,,,,,,,,,,-16,-14,PASS
,,,DIE,,,,,,,,,,,,,,,,,,,,,,-15,-14,PASS
,,,DIE,,,,,,,,,,,,,,,,,,,,,,-16,-13,PASS
,,,DIE,,,,,,,,,,,,,,,,,,,,,,-15,-13,PASS
,,,DIE,,,,,,,,,,,,,,,,,,,,,,-16,-12,PASS
,,,DIE,,,,,,,,,,,,,,,,,,,,,,-15,-12,PASS
,,,DIE,,,,,,,,,,,,,,,,,,,,,,-16,-11,PASS
,,,DIE,,,,,,,,,,,,,,,,,,,,,,-15,-11,PASS
,,,DIE,,,,,,,,,,,,,,,,,,,,,,-16,-10,PASS
,,,DIE,,,,,,,,,,,,,,,,,,,,,,-15,-10,PASS
,,,DIE,,,,,,,,,,,,,,,,,,,,,,-16,-9,PASS
,,,DIE,,,,,,,,,,,,,,,,,,,,,,-15,-9,PASS
,,,DIE,,,,,,,,,,,,,,,,,,,,,,-16,-8,PASS
,,,DIE,,,,,,,,,,,,,,,,,,,,,,-15,-8,PASS
,,,DIE,,,,,,,,,,,,,,,,,,,,,,-16,-7,PASS
,,,DIE,,,,,,,,,,,,,,,,,,,,,,-15,-7,PASS
,,,DIE,,,,,,,,,,,,,,,,,,,,,,-16,-6,PASS
,,,DIE,,,,,,,,,,,,,,,,,,,,,,-15,-6,PASS
,,,DIE,,,,,,,,,,,,,,,,,,,,,,-16,-5,PASS
,,,DIE,,,,,,,,,,,,,,,,,,,,,,-15,-5,PASS
,,,DIE,,,,,,,,,,,,,,,,,,,,,,-16,-4,PASS
,,,DIE,,,,,,,,,,,,,,,,,,,,,,-15,-4,PASS
,,,DIE,,,,,,,,,,,,,,,,,,,,,,-16,-3,PASS
,,,DIE,,,,,,,,,,,,,,,,,,,,,,-15,-3,PASS
,,,DIE,,,,,,,,,,,,,,,,,,,,,,-16,-2,PASS
,,,DIE,,,,,,,,,,,,,,,,,,,,,,-15,-2,PASS
,,,DIE,,,,,,,,,,,,,,,,,,,,,,-16,-1,PASS
,,,DIE,,,,,,,,,,,,,,,,,,,,,,-15,-1,PASS
,,,DIE,,,,,,,,,,,,,,,,,,,,,,-16,0,PASS
,,,DIE,,,,,,,,,,,,,,,,,,,,,,-15,0,PASS
,,,DIE,,,,,,,,,,,,,,,,,,,,,,-16,1,PASS
,,,DIE,,,,,,,,,,,,,,,,,,,,,,-15,1,PASS
,,,DIE,,,,,,,,,,,,,,,,,,,,,,-16,2,PASS
,,,DIE,,,,,,,,,,,,,,,,,,,,,,-15,2,PASS
,,,DIE,,,,,,,,,,,,,,,,,,,,,,-16,3,PASS
,,,DIE,,,,,,,,,,,,,,,,,,,,,,-15,3,PASS
,,,DIE,,,,,,,,,,,,,,,,,,,,,,-16,4,PASS
,,,DIE,,,,,,,,,,,,,,,,,,,,,,-15,4,PASS
,,,DIE,,,,,,,,,,,,,,,,,,,,,,-16,5,PASS
,,,DIE,,,,,,,,,,,,,,,,,,,,,,-15,5,PASS
,,,DIE,,,,,,,,,,,,,,,,,,,,,,-16,6,PASS
,,,DIE,,,,,,,,,,,,,,,,,,,,,,-15,6,PASS
,,,DIE,,,,,,,,,,,,,,,,,,,,,,-16,7,PASS
,,,DIE,,,,,,,,,,,,,,,,,,,,,,-15,7,PASS
,,,DIE,,,,,,,,,,,,,,,,,,,,,,-16,8,PASS
,,,DIE,,,,,,,,,,,,,,,,,,,,,,-15,8,PASS
,,,DIE,,,,,,,,,,,,,,,,,,,,,,-16,9,PASS
,,,DIE,,,,,,,,,,,,,,,,,,,,,,-15,9,PASS
,,,DIE,,,,,,,,,,,,,,,,,,,,,,-16,10,PASS
,,,DIE,,,,,,,,,,,,,,,,,,,,,,-15,10,PASS
,,,DIE,,,,,,,,,,,,,,,,,,,,,,-16,11,PASS
,,,DIE,,,,,,,,,,,,,,,,,,,,,,-15,11,PASS
,,,DIE,,,,,,,,,,,,,,,,,,,,,,-16,12,PASS
,,,DIE,,,,,,,,,,,,,,,,,,,,,,-15,12,PASS
,,,DIE,,,,,,,,,,,,,,,,,,,,,,-16,13,PASS
,,,DIE,,,,,,,,,,,,,,,,,,,,,,-15,13,PASS
,,,DIE,,,,,,,,,,,,,,,,,,,,,,-16,14,PASS
,,,DIE,,,,,,,,,,,,,,,,,,,,,,-15,14,PASS
,,,DIE,,,,,,,,,,,,,,,,,,,,,,-16,15,PASS
,,,DIE,,,,,,,,,,,,,,,,,,,,,,-15,15,PASS
,,,DIE,,,,,,,,,,,,,,,,,,,,,,-16,16,PASS
,,,DIE,,,,,,,,,,,,,,,,,,,,,,-15,16,PASS
,,,DIE,,,,,,,,,,,,,,,,,,,,,,-16,17,PASS
,,,DIE,,,,,,,,,,,,,,,,,,,,,,-15,17,PASS
,,,DIE,,,,,,,,,,,,,,,,,,,,,,-14,-18,PASS
,,,DIE,,,,,,,,,,,,,,,,,,,,,,-13,-18,PASS
,,,DIE,,,,,,,,,,,,,,,,,,,,,,-14,-17,PASS
,,,DIE,,,,,,,,,,,,,,,,,,,,,,-13,-17,PASS
,,,DIE,,,,,,,,,,,,,,,,,,,,,,-14,-16,PASS
,,,DIE,,,,,,,,,,,,,,,,,,,,,,-13,-16,PASS
,,,DIE,,,,,,,,,,,,,,,,,,,,,,-14,-15,PASS
,,,DIE,,,,,,,,,,,,,,,,,,,,,,-13,-15,PASS
,,,DIE,,,,,,,,,,,,,,,,,,,,,,-14,-14,PASS
,,,DIE,,,,,,,,,,,,,,,,,,,,,,-13,-14,PASS
,,,DIE,,,,,,,,,,,,,,,,,,,,,,-14,-13,PASS
,,,DIE,,,,,,,,,,,,,,,,,,,,,,-13,-13,PASS
,,,DIE,,,,,,,,,,,,,,,,,,,,,,-14,-12,PASS
,,,DIE,,,,,,,,,,,,,,,,,,,,,,-13,-12,PASS
,,,DIE,,,,,,,,,,,,,,,,,,,,,,-14,-11,PASS
,,,DIE,,,,,,,,,,,,,,,,,,,,,,-13,-11,PASS
,,,DIE,,,,,,,,,,,,,,,,,,,,,,-14,-10,PASS
,,,DIE,,,,,,,,,,,,,,,,,,,,,,-13,-10,PASS
,,,DIE,,,,,,,,,,,,,,,,,,,,,,-14,-9,PASS
,,,DIE,,,,,,,,,,,,,,,,,,,,,,-13,-9,PASS
,,,DIE,,,,,,,,,,,,,,,,,,,,,,-14,-8,PASS
,,,DIE,,,,,,,,,,,,,,,,,,,,,,-13,-8,PASS
,,,DIE,,,,,,,,,,,,,,,,,,,,,,-14,-7,PASS
,,,DIE,,,,,,,,,,,,,,,,,,,,,,-13,-7,PASS
,,,DIE,,,,,,,,,,,,,,,,,,,,,,-14,-6,PASS
,,,DIE,,,,,,,,,,,,,,,,,,,,,,-13,-6,PASS
,,,DIE,,,,,,,,,,,,,,,,,,,,,,-14,-5,PASS
,,,DIE,,,,,,,,,,,,,,,,,,,,,,-13,-5,PASS
,,,DIE,,,,,,,,,,,,,,,,,,,,,,-14,-4,PASS
,,,DIE,,,,,,,,,,,,,,,,,,,,,,-13,-4,PASS
,,,DIE,,,,,,,,,,,,,,,,,,,,,,-14,-3,PASS
,,,DIE,,,,,,,,,,,,,,,,,,,,,,-13,-3,PASS
,,,DIE,,,,,,,,,,,,,,,,,,,,,,-14,-2,PASS
,,,DIE,,,,,,,,,,,,,,,,,,,,,,-13,-2,PASS
,,,DIE,,,,,,,,,,,,,,,,,,,,,,-14,-1,PASS
,,,DIE,,,,,,,,,,,,,,,,,,,,,,-13,-1,PASS
,,,DIE,,,,,,,,,,,,,,,,,,,,,,-14,0,PASS
,,,DIE,,,,,,,,,,,,,,,,,,,,,,-13,0,PASS
,,,DIE,,,,,,,,,,,,,,,,,,,,,,-14,1,PASS
,,,DIE,,,,,,,,,,,,,,,,,,,,,,-13,1,PASS
,,,DIE,,,,,,,,,,,,,,,,,,,,,,-14,2,PASS
,,,DIE,,,,,,,,,,,,,,,,,,,,,,-13,2,PASS
,,,DIE,,,,,,,,,,,,,,,,,,,,,,-14,3,PASS
,,,DIE,,,,,,,,,,,,,,,,,,,,,,-13,3,PASS
,,,DIE,,,,,,,,,,,,,,,,,,,,,,-14,4,PASS
,,,DIE,,,,,,,,,,,,,,,,,,,,,,-13,4,PASS
,,,DIE,,,,,,,,,,,,,,,,,,,,,,-14,5,PASS
,,,DIE,,,,,,,,,,,,,,,,,,,,,,-13,5,PASS
,,,DIE,,,,,,,,,,,,,,,,,,,,,,-14,6,PASS
,,,DIE,,,,,,,,,,,,,,,,,,,,,,-13,6,PASS
,,,DIE,,,,,,,,,,,,,,,,,,,,,,-14,7,PASS
,,,DIE,,,,,,,,,,,,,,,,,,,,,,-13,7,PASS
,,,DIE,,,,,,,,,,,,,,,,,,,,,,-14,8,PASS
,,,DIE,,,,,,,,,,,,,,,,,,,,,,-13,8,PASS
,,,DIE,,,,,,,,,,,,,,,,,,,,,,-14,9,PASS
,,,DIE,,,,,,,,,,,,,,,,,,,,,,-13,9,PASS
,,,DIE,,,,,,,,,,,,,,,,,,,,,,-14,10,PASS
,,,DIE,,,,,,,,,,,,,,,,,,,,,,-13,10,PASS
,,,DIE,,,,,,,,,,,,,,,,,,,,,,-14,11,PASS
,,,DIE,,,,,,,,,,,,,,,,,,,,,,-13,11,PASS
,,,DIE,,,,,,,,,,,,,,,,,,,,,,-14,12,PASS
,,,DIE,,,,,,,,,,,,,,,,,,,,,,-13,12,PASS
,,,DIE,,,,,,,,,,,,,,,,,,,,,,-14,13,PASS
,,,DIE,,,,,,,,,,,,,,,,,,,,,,-13,13,PASS
,,,DIE,,,,,,,,,,,,,,,,,,,,,,-14,14,PASS
,,,DIE,,,,,,,,,,,,,,,,,,,,,,-13,14,PASS
,,,DIE,,,,,,,,,,,,,,,,,,,,,,-14,15,PASS
,,,DIE,,,,,,,,,,,,,,,,,,,,,,-13,15,PASS
,,,DIE,,,,,,,,,,,,,,,,,,,,,,-14,16,PASS
,,,DIE,,,,,,,,,,,,,,,,,,,,,,-13,16,PASS
,,,DIE,,,,,,,,,,,,,,,,,,,,,,-14,17,PASS
,,,DIE,,,,,,,,,,,,,,,,,,,,,,-13,17,PASS
,,,DIE,,,,,,,,,,,,,,,,,,,,,,-12,-18,PASS
,,,DIE,,,,,,,,,,,,,,,,,,,,,,-11,-18,PASS
,,,DIE,,,,,,,,,,,,,,,,,,,,,,-12,-17,PASS
,,,DIE,,,,,,,,,,,,,,,,,,,,,,-11,-17,PASS
,,,DIE,,,,,,,,,,,,,,,,,,,,,,-12,-16,PASS
,,,DIE,,,,,,,,,,,,,,,,,,,,,,-11,-16,PASS
,,,DIE,,,,,,,,,,,,,,,,,,,,,,-12,-15,PASS
,,,DIE,,,,,,,,,,,,,,,,,,,,,,-11,-15,PASS
,,,DIE,,,,,,,,,,,,,,,,,,,,,,-12,-14,PASS
,,,DIE,,,,,,,,,,,,,,,,,,,,,,-11,-14,PASS
,,,DIE,,,,,,,,,,,,,,,,,,,,,,-12,-13,PASS
,,,DIE,,,,,,,,,,,,,,,,,,,,,,-11,-13,PASS
,,,DIE,,,,,,,,,,,,,,,,,,,,,,-12,-12,PASS
,,,DIE,,,,,,,,,,,,,,,,,,,,,,-11,-12,PASS
,,,DIE,,,,,,,,,,,,,,,,,,,,,,-12,-11,PASS
,,,DIE,,,,,,,,,,,,,,,,,,,,,,-11,-11,PASS
,,,DIE,,,,,,,,,,,,,,,,,,,,,,-12,-10,PASS
,,,DIE,,,,,,,,,,,,,,,,,,,,,,-11,-10,PASS
,,,DIE,,,,,,,,,,,,,,,,,,,,,,-12,-9,PASS
,,,DIE,,,,,,,,,,,,,,,,,,,,,,-11,-9,PASS
,,,DIE,,,,,,,,,,,,,,,,,,,,,,-12,-8,PASS
,,,DIE,,,,,,,,,,,,,,,,,,,,,,-11,-8,PASS
,,,DIE,,,,,,,,,,,,,,,,,,,,,,-12,-7,PASS
,,,DIE,,,,,,,,,,,,,,,,,,,,,,-11,-7,PASS
,,,DIE,,,,,,,,,,,,,,,,,,,,,,-12,-6,PASS
,,,DIE,,,,,,,,,,,,,,,,,,,,,,-11,-6,PASS
,,,DIE,,,,,,,,,,,,,,,,,,,,,,-12,-5,PASS
,,,DIE,,,,,,,,,,,,,,,,,,,,,,-11,-5,PASS
,,,DIE,,,,,,,,,,,,,,,,,,,,,,-12,-4,PASS
,,,DIE,,,,,,,,,,,,,,,,,,,,,,-11,-4,PASS
,,,DIE,,,,,,,,,,,,,,,,,,,,,,-12,-3,PASS
,,,DIE,,,,,,,,,,,,,,,,,,,,,,-11,-3,PASS
,,,DIE,,,,,,,,,,,,,,,,,,,,,,-12,-2,PASS
,,,DIE,,,,,,,,,,,,,,,,,,,,,,-11,-2,PASS
,,,DIE,,,,,,,,,,,,,,,,,,,,,,-12,-1,PASS
,,,DIE,,,,,,,,,,,,,,,,,,,,,,-11,-1,PASS
,,,DIE,,,,,,,,,,,,,,,,,,,,,,-12,0,PASS
,,,DIE,,,,,,,,,,,,,,,,,,,,,,-11,0,PASS
,,,DIE,,,,,,,,,,,,,,,,,,,,,,-12,1,PASS
,,,DIE,,,,,,,,,,,,,,,,,,,,,,-11,1,PASS
,,,DIE,,,,,,,,,,,,,,,,,,,,,,-12,2,PASS
,,,DIE,,,,,,,,,,,,,,,,,,,,,,-11,2,PASS
,,,DIE,,,,,,,,,,,,,,,,,,,,,,-12,3,PASS
,,,DIE,,,,,,,,,,,,,,,,,,,,,,-11,3,PASS
,,,DIE,,,,,,,,,,,,,,,,,,,,,,-12,4,PASS
,,,DIE,,,,,,,,,,,,,,,,,,,,,,-11,4,PASS
,,,DIE,,,,,,,,,,,,,,,,,,,,,,-12,5,PASS
,,,DIE,,,,,,,,,,,,,,,,,,,,,,-11,5,PASS
,,,DIE,,,,,,,,,,,,,,,,,,,,,,-12,6,PASS
,,,DIE,,,,,,,,,,,,,,,,,,,,,,-11,6,PASS
,,,DIE,,,,,,,,,,,,,,,,,,,,,,-12,7,PASS
,,,DIE,,,,,,,,,,,,,,,,,,,,,,-11,7,PASS
,,,DIE,,,,,,,,,,,,,,,,,,,,,,-12,8,PASS
,,,DIE,,,,,,,,,,,,,,,,,,,,,,-11,8,PASS
,,,DIE,,,,,,,,,,,,,,,,,,,,,,-12,9,PASS
,,,DIE,,,,,,,,,,,,,,,,,,,,,,-11,9,PASS
,,,DIE,,,,,,,,,,,,,,,,,,,,,,-12,10,PASS
,,,DIE,,,,,,,,,,,,,,,,,,,,,,-11,10,PASS
,,,DIE,,,,,,,,,,,,,,,,,,,,,,-12,11,PASS
,,,DIE,,,,,,,,,,,,,,,,,,,,,,-11,11,PASS
,,,DIE,,,,,,,,,,,,,,,,,,,,,,-12,12,PASS
,,,DIE,,,,,,,,,,,,,,,,,,,,,,-11,12,PASS
,,,DIE,,,,,,,,,,,,,,,,,,,,,,-12,13,PASS
,,,DIE,,,,,,,,,,,,,,,,,,,,,,-11,13,PASS
,,,DIE,,,,,,,,,,,,,,,,,,,,,,-12,14,PASS
,,,DIE,,,,,,,,,,,,,,,,,,,,,,-11,14,PASS
,,,DIE,,,,,,,,,,,,,,,,,,,,,,-12,15,PASS
,,,DIE,,,,,,,,,,,,,,,,,,,,,,-11,15,PASS
,,,DIE,,,,,,,,,,,,,,,,,,,,,,-12,16,PASS
,,,DIE,,,,,,,,,,,,,,,,,,,,,,-11,16,PASS
,,,DIE,,,,,,,,,,,,,,,,,,,,,,-12,17,PASS
,,,DIE,,,,,,,,,,,,,,,,,,,,,,-11,17,PASS
,,,DIE,,,,,,,,,,,,,,,,,,,,,,-10,-18,PASS
,,,DIE,,,,,,,,,,,,,,,,,,,,,,-9,-18,PASS
,,,DIE,,,,,,,,,,,,,,,,,,,,,,-10,-17,PASS
,,,DIE,,,,,,,,,,,,,,,,,,,,,,-9,-17,PASS
,,,DIE,,,,,,,,,,,,,,,,,,,,,,-10,-16,PASS
,,,DIE,,,,,,,,,,,,,,,,,,,,,,-9,-16,PASS
,,,DIE,,,,,,,,,,,,,,,,,,,,,,-10,-15,PASS
,,,DIE,,,,,,,,,,,,,,,,,,,,,,-9,-15,PASS
,,,DIE,,,,,,,,,,,,,,,,,,,,,,-10,-14,PASS
,,,DIE,,,,,,,,,,,,,,,,,,,,,,-9,-14,PASS
,,,DIE,,,,,,,,,,,,,,,,,,,,,,-10,-13,PASS
,,,DIE,,,,,,,,,,,,,,,,,,,,,,-9,-13,PASS
,,,DIE,,,,,,,,,,,,,,,,,,,,,,-10,-12,PASS
,,,DIE,,,,,,,,,,,,,,,,,,,,,,-9,-12,PASS
,,,DIE,,,,,,,,,,,,,,,,,,,,,,-10,-11,PASS
,,,DIE,,,,,,,,,,,,,,,,,,,,,,-9,-11,PASS
,,,DIE,,,,,,,,,,,,,,,,,,,,,,-10,-10,PASS
,,,DIE,,,,,,,,,,,,,,,,,,,,,,-9,-10,PASS
,,,DIE,,,,,,,,,,,,,,,,,,,,,,-10,-9,PASS
,,,DIE,,,,,,,,,,,,,,,,,,,,,,-9,-9,PASS
,,,DIE,,,,,,,,,,,,,,,,,,,,,,-10,-8,PASS
,,,DIE,,,,,,,,,,,,,,,,,,,,,,-9,-8,PASS
,,,DIE,,,,,,,,,,,,,,,,,,,,,,-10,-7,PASS
,,,DIE,,,,,,,,,,,,,,,,,,,,,,-9,-7,PASS
,,,DIE,,,,,,,,,,,,,,,,,,,,,,-10,-6,PASS
,,,DIE,,,,,,,,,,,,,,,,,,,,,,-9,-6,PASS
,,,DIE,,,,,,,,,,,,,,,,,,,,,,-10,-5,PASS
,,,DIE,,,,,,,,,,,,,,,,,,,,,,-9,-5,PASS
,,,DIE,,,,,,,,,,,,,,,,,,,,,,-10,-4,PASS
,,,DIE,,,,,,,,,,,,,,,,,,,,,,-9,-4,PASS
,,,DIE,,,,,,,,,,,,,,,,,,,,,,-10,-3,PASS
,,,DIE,,,,,,,,,,,,,,,,,,,,,,-9,-3,PASS
,,,DIE,,,,,,,,,,,,,,,,,,,,,,-10,-2,PASS
,,,DIE,,,,,,,,,,,,,,,,,,,,,,-9,-2,PASS
,,,DIE,,,,,,,,,,,,,,,,,,,,,,-10,-1,PASS
,,,DIE,,,,,,,,,,,,,,,,,,,,,,-9,-1,PASS
,,,DIE,,,,,,,,,,,,,,,,,,,,,,-10,0,PASS
,,,DIE,,,,,,,,,,,,,,,,,,,,,,-9,0,PASS
,,,DIE,,,,,,,,,,,,,,,,,,,,,,-10,1,PASS
,,,DIE,,,,,,,,,,,,,,,,,,,,,,-9,1,PASS
,,,DIE,,,,,,,,,,,,,,,,,,,,,,-10,2,PASS
,,,DIE,,,,,,,,,,,,,,,,,,,,,,-9,2,PASS
,,,DIE,,,,,,,,,,,,,,,,,,,,,,-10,3,PASS
,,,DIE,,,,,,,,,,,,,,,,,,,,,,-9,3,PASS
,,,DIE,,,,,,,,,,,,,,,,,,,,,,-10,4,PASS
,,,DIE,,,,,,,,,,,,,,,,,,,,,,-9,4,PASS
,,,DIE,,,,,,,,,,,,,,,,,,,,,,-10,5,PASS
,,,DIE,,,,,,,,,,,,,,,,,,,,,,-9,5,PASS
,,,DIE,,,,,,,,,,,,,,,,,,,,,,-10,6,PASS
,,,DIE,,,,,,,,,,,,,,,,,,,,,,-9,6,PASS
,,,DIE,,,,,,,,,,,,,,,,,,,,,,-10,7,PASS
,,,DIE,,,,,,,,,,,,,,,,,,,,,,-9,7,PASS
,,,DIE,,,,,,,,,,,,,,,,,,,,,,-10,8,PASS
,,,DIE,,,,,,,,,,,,,,,,,,,,,,-9,8,PASS
,,,DIE,,,,,,,,,,,,,,,,,,,,,,-10,9,PASS
,,,DIE,,,,,,,,,,,,,,,,,,,,,,-9,9,PASS
,,,DIE,,,,,,,,,,,,,,,,,,,,,,-10,10,PASS
,,,DIE,,,,,,,,,,,,,,,,,,,,,,-9,10,PASS
,,,DIE,,,,,,,,,,,,,,,,,,,,,,-10,11,PASS
,,,DIE,,,,,,,,,,,,,,,,,,,,,,-9,11,PASS
,,,DIE,,,,,,,,,,,,,,,,,,,,,,-10,12,PASS
,,,DIE,,,,,,,,,,,,,,,,,,,,,,-9,12,PASS
,,,DIE,,,,,,,,,,,,,,,,,,,,,,-10,13,PASS
,,,DIE,,,,,,,,,,,,,,,,,,,,,,-9,13,PASS
,,,DIE,,,,,,,,,,,,,,,,,,,,,,-10,14,PASS
,,,DIE,,,,,,,,,,,,,,,,,,,,,,-9,14,PASS
,,,DIE,,,,,,,,,,,,,,,,,,,,,,-10,15,PASS
,,,DIE,,,,,,,,,,,,,,,,,,,,,,-9,15,PASS
,,,DIE,,,,,,,,,,,,,,,,,,,,,,-10,16,PASS
,,,DIE,,,,,,,,,,,,,,,,,,,,,,-9,16,PASS
,,,DIE,,,,,,,,,,,,,,,,,,,,,,-10,17,PASS
,,,DIE,,,,,,,,,,,,,,,,,,,,,,-9,17,PASS
,,,DIE,,,,,,,,,,,,,,,,,,,,,,-8,-20,PASS
,,,DIE,,,,,,,,,,,,,,,,,,,,,,-7,-20,PASS
,,,DIE,,,,,,,,,,,,,,,,,,,,,,-8,-19,PASS
,,,DIE,,,,,,,,,,,,,,,,,,,,,,-7,-19,PASS
,,,DIE,,,,,,,,,,,,,,,,,,,,,,-8,-18,PASS
,,,DIE,,,,,,,,,,,,,,,,,,,,,,-7,-18,PASS
,,,DIE,,,,,,,,,,,,,,,,,,,,,,-8,-17,PASS
,,,DIE,,,,,,,,,,,,,,,,,,,,,,-7,-17,PASS
,,,DIE,,,,,,,,,,,,,,,,,,,,,,-8,-16,PASS
,,,DIE,,,,,,,,,,,,,,,,,,,,,,-7,-16,PASS
,,,DIE,,,,,,,,,,,,,,,,,,,,,,-8,-15,PASS
,,,DIE,,,,,,,,,,,,,,,,,,,,,,-7,-15,PASS
,,,DIE,,,,,,,,,,,,,,,,,,,,,,-8,-14,PASS
,,,DIE,,,,,,,,,,,,,,,,,,,,,,-7,-14,PASS
,,,DIE,,,,,,,,,,,,,,,,,,,,,,-8,-13,PASS
,,,DIE,,,,,,,,,,,,,,,,,,,,,,-7,-13,PASS
,,,DIE,,,,,,,,,,,,,,,,,,,,,,-8,-12,PASS
,,,DIE,,,,,,,,,,,,,,,,,,,,,,-7,-12,PASS
,,,DIE,,,,,,,,,,,,,,,,,,,,,,-8,-11,PASS
,,,DIE,,,,,,,,,,,,,,,,,,,,,,-7,-11,PASS
,,,DIE,,,,,,,,,,,,,,,,,,,,,,-8,-10,PASS
,,,DIE,,,,,,,,,,,,,,,,,,,,,,-7,-10,PASS
,,,DIE,,,,,,,,,,,,,,,,,,,,,,-8,-9,PASS
,,,DIE,,,,,,,,,,,,,,,,,,,,,,-7,-9,PASS
,,,DIE,,,,,,,,,,,,,,,,,,,,,,-8,-8,PASS
,,,DIE,,,,,,,,,,,,,,,,,,,,,,-7,-8,PASS
,,,DIE,,,,,,,,,,,,,,,,,,,,,,-8,-7,PASS
,,,DIE,,,,,,,,,,,,,,,,,,,,,,-7,-7,PASS
,,,DIE,,,,,,,,,,,,,,,,,,,,,,-8,-6,PASS
,,,DIE,,,,,,,,,,,,,,,,,,,,,,-7,-6,PASS
,,,DIE,,,,,,,,,,,,,,,,,,,,,,-8,-5,PASS
,,,DIE,,,,,,,,,,,,,,,,,,,,,,-7,-5,PASS
,,,DIE,,,,,,,,,,,,,,,,,,,,,,-8,-4,PASS
,,,DIE,,,,,,,,,,,,,,,,,,,,,,-7,-4,PASS
,,,DIE,,,,,,,,,,,,,,,,,,,,,,-8,-3,PASS
,,,DIE,,,,,,,,,,,,,,,,,,,,,,-7,-3,PASS
,,,DIE,,,,,,,,,,,,,,,,,,,,,,-8,-2,PASS
,,,DIE,,,,,,,,,,,,,,,,,,,,,,-7,-2,PASS
,,,DIE,,,,,,,,,,,,,,,,,,,,,,-8,-1,PASS
,,,DIE,,,,,,,,,,,,,,,,,,,,,,-7,-1,PASS
,,,DIE,,,,,,,,,,,,,,,,,,,,,,-8,0,PASS
,,,DIE,,,,,,,,,,,,,,,,,,,,,,-7,0,PASS
,,,DIE,,,,,,,,,,,,,,,,,,,,,,-8,1,PASS
,,,DIE,,,,,,,,,,,,,,,,,,,,,,-7,1,PASS
,,,DIE,,,,,,,,,,,,,,,,,,,,,,-8,2,PASS
,,,DIE,,,,,,,,,,,,,,,,,,,,,,-7,2,PASS
,,,DIE,,,,,,,,,,,,,,,,,,,,,,-8,3,PASS
,,,DIE,,,,,,,,,,,,,,,,,,,,,,-7,3,PASS
,,,DIE,,,,,,,,,,,,,,,,,,,,,,-8,4,PASS
,,,DIE,,,,,,,,,,,,,,,,,,,,,,-7,4,PASS
,,,DIE,,,,,,,,,,,,,,,,,,,,,,-8,5,PASS
,,,DIE,,,,,,,,,,,,,,,,,,,,,,-7,5,PASS
,,,DIE,,,,,,,,,,,,,,,,,,,,,,-8,6,PASS
,,,DIE,,,,,,,,,,,,,,,,,,,,,,-7,6,PASS
,,,DIE,,,,,,,,,,,,,,,,,,,,,,-8,7,PASS
,,,DIE,,,,,,,,,,,,,,,,,,,,,,-7,7,PASS
,,,DIE,,,,,,,,,,,,,,,,,,,,,,-8,8,PASS
,,,DIE,,,,,,,,,,,,,,,,,,,,,,-7,8,PASS
,,,DIE,,,,,,,,,,,,,,,,,,,,,,-8,9,PASS
,,,DIE,,,,,,,,,,,,,,,,,,,,,,-7,9,PASS
,,,DIE,,,,,,,,,,,,,,,,,,,,,,-8,10,PASS
,,,DIE,,,,,,,,,,,,,,,,,,,,,,-7,10,PASS
,,,DIE,,,,,,,,,,,,,,,,,,,,,,-8,11,PASS
,,,DIE,,,,,,,,,,,,,,,,,,,,,,-7,11,PASS
,,,DIE,,,,,,,,,,,,,,,,,,,,,,-8,12,PASS
,,,DIE,,,,,,,,,,,,,,,,,,,,,,-7,12,PASS
,,,DIE,,,,,,,,,,,,,,,,,,,,,,-8,13,PASS
,,,DIE,,,,,,,,,,,,,,,,,,,,,,-7,13,PASS
,,,DIE,,,,,,,,,,,,,,,,,,,,,,-8,14,PASS
,,,DIE,,,,,,,,,,,,,,,,,,,,,,-7,14,PASS
,,,DIE,,,,,,,,,,,,,,,,,,,,,,-8,15,PASS
,,,DIE,,,,,,,,,,,,,,,,,,,,,,-7,15,PASS
,,,DIE,,,,,,,,,,,,,,,,,,,,,,-8,16,PASS
,,,DIE,,,,,,,,,,,,,,,,,,,,,,-7,16,PASS
,,,DIE,,,,,,,,,,,,,,,,,,,,,,-8,17,PASS
,,,DIE,,,,,,,,,,,,,,,,,,,,,,-7,17,PASS
,,,DIE,,,,,,,,,,,,,,,,,,,,,,-8,18,PASS
,,,DIE,,,,,,,,,,,,,,,,,,,,,,-7,18,PASS
,,,DIE,,,,,,,,,,,,,,,,,,,,,,-8,19,FAIL
,,,DIE,,,,,,,,,,,,,,,,,,,,,,-7,19,FAIL
,,,DIE,,,,,,,,,,,,,,,,,,,,,,-6,-20,PASS
,,,DIE,,,,,,,,,,,,,,,,,,,,,,-5,-20,PASS
,,,DIE,,,,,,,,,,,,,,,,,,,,,,-6,-19,PASS
,,,DIE,,,,,,,,,,,,,,,,,,,,,,-5,-19,PASS
,,,DIE,,,,,,,,,,,,,,,,,,,,,,-6,-18,PASS
,,,DIE,,,,,,,,,,,,,,,,,,,,,,-5,-18,PASS
,,,DIE,,,,,,,,,,,,,,,,,,,,,,-6,-17,PASS
,,,DIE,,,,,,,,,,,,,,,,,,,,,,-5,-17,PASS
,,,DIE,,,,,,,,,,,,,,,,,,,,,,-6,-16,PASS
,,,DIE,,,,,,,,,,,,,,,,,,,,,,-5,-16,PASS
,,,DIE,,,,,,,,,,,,,,,,,,,,,,-6,-15,PASS
,,,DIE,,,,,,,,,,,,,,,,,,,,,,-5,-15,PASS
,,,DIE,,,,,,,,,,,,,,,,,,,,,,-6,-14,PASS
,,,DIE,,,,,,,,,,,,,,,,,,,,,,-5,-14,PASS
,,,DIE,,,,,,,,,,,,,,,,,,,,,,-6,-13,PASS
,,,DIE,,,,,,,,,,,,,,,,,,,,,,-5,-13,PASS
,,,DIE,,,,,,,,,,,,,,,,,,,,,,-6,-12,PASS
,,,DIE,,,,,,,,,,,,,,,,,,,,,,-5,-12,PASS
,,,DIE,,,,,,,,,,,,,,,,,,,,,,-6,-11,PASS
,,,DIE,,,,,,,,,,,,,,,,,,,,,,-5,-11,PASS
,,,DIE,,,,,,,,,,,,,,,,,,,,,,-6,-10,PASS
,,,DIE,,,,,,,,,,,,,,,,,,,,,,-5,-10,PASS
,,,DIE,,,,,,,,,,,,,,,,,,,,,,-6,-9,PASS
,,,DIE,,,,,,,,,,,,,,,,,,,,,,-5,-9,PASS
,,,DIE,,,,,,,,,,,,,,,,,,,,,,-6,-8,PASS
,,,DIE,,,,,,,,,,,,,,,,,,,,,,-5,-8,PASS
,,,DIE,,,,,,,,,,,,,,,,,,,,,,-6,-7,PASS
,,,DIE,,,,,,,,,,,,,,,,,,,,,,-5,-7,PASS
,,,DIE,,,,,,,,,,,,,,,,,,,,,,-6,-6,PASS
,,,DIE,,,,,,,,,,,,,,,,,,,,,,-5,-6,PASS
,,,DIE,,,,,,,,,,,,,,,,,,,,,,-6,-5,PASS
,,,DIE,,,,,,,,,,,,,,,,,,,,,,-5,-5,PASS
,,,DIE,,,,,,,,,,,,,,,,,,,,,,-6,-4,PASS
,,,DIE,,,,,,,,,,,,,,,,,,,,,,-5,-4,PASS
,,,DIE,,,,,,,,,,,,,,,,,,,,,,-6,-3,PASS
,,,DIE,,,,,,,,,,,,,,,,,,,,,,-5,-3,PASS
,,,DIE,,,,,,,,,,,,,,,,,,,,,,-6,-2,PASS
,,,DIE,,,,,,,,,,,,,,,,,,,,,,-5,-2,PASS
,,,DIE,,,,,,,,,,,,,,,,,,,,,,-6,-1,PASS
,,,DIE,,,,,,,,,,,,,,,,,,,,,,-5,-1,PASS
,,,DIE,,,,,,,,,,,,,,,,,,,,,,-6,0,PASS
,,,DIE,,,,,,,,,,,,,,,,,,,,,,-5,0,PASS
,,,DIE,,,,,,,,,,,,,,,,,,,,,,-6,1,PASS
,,,DIE,,,,,,,,,,,,,,,,,,,,,,-5,1,PASS
,,,DIE,,,,,,,,,,,,,,,,,,,,,,-6,2,PASS
,,,DIE,,,,,,,,,,,,,,,,,,,,,,-5,2,PASS
,,,DIE,,,,,,,,,,,,,,,,,,,,,,-6,3,PASS
,,,DIE,,,,,,,,,,,,,,,,,,,,,,-5,3,PASS
,,,DIE,,,,,,,,,,,,,,,,,,,,,,-6,4,PASS
,,,DIE,,,,,,,,,,,,,,,,,,,,,,-5,4,PASS
,,,DIE,,,,,,,,,,,,,,,,,,,,,,-6,5,PASS
,,,DIE,,,,,,,,,,,,,,,,,,,,,,-5,5,PASS
,,,DIE,,,,,,,,,,,,,,,,,,,,,,-6,6,PASS
,,,DIE,,,,,,,,,,,,,,,,,,,,,,-5,6,PASS
,,,DIE,,,,,,,,,,,,,,,,,,,,,,-6,7,PASS
,,,DIE,,,,,,,,,,,,,,,,,,,,,,-5,7,PASS
,,,DIE,,,,,,,,,,,,,,,,,,,,,,-6,8,PASS
,,,DIE,,,,,,,,,,,,,,,,,,,,,,-5,8,PASS
,,,DIE,,,,,,,,,,,,,,,,,,,,,,-6,9,PASS
,,,DIE,,,,,,,,,,,,,,,,,,,,,,-5,9,PASS
,,,DIE,,,,,,,,,,,,,,,,,,,,,,-6,10,PASS
,,,DIE,,,,,,,,,,,,,,,,,,,,,,-5,10,PASS
,,,DIE,,,,,,,,,,,,,,,,,,,,,,-6,11,PASS
,,,DIE,,,,,,,,,,,,,,,,,,,,,,-5,11,PASS
,,,DIE,,,,,,,,,,,,,,,,,,,,,,-6,12,PASS
,,,DIE,,,,,,,,,,,,,,,,,,,,,,-5,12,PASS
,,,DIE,,,,,,,,,,,,,,,,,,,,,,-6,13,PASS
,,,DIE,,,,,,,,,,,,,,,,,,,,,,-5,13,PASS
,,,DIE,,,,,,,,,,,,,,,,,,,,,,-6,14,PASS
,,,DIE,,,,,,,,,,,,,,,,,,,,,,-5,14,PASS
,,,DIE,,,,,,,,,,,,,,,,,,,,,,-6,15,PASS
,,,DIE,,,,,,,,,,,,,,,,,,,,,,-5,15,PASS
,,,DIE,,,,,,,,,,,,,,,,,,,,,,-6,16,PASS
,,,DIE,,,,,,,,,,,,,,,,,,,,,,-5,16,PASS
,,,DIE,,,,,,,,,,,,,,,,,,,,,,-6,17,PASS
,,,DIE,,,,,,,,,,,,,,,,,,,,,,-5,17,PASS
,,,DIE,,,,,,,,,,,,,,,,,,,,,,-6,18,PASS
,,,DIE,,,,,,,,,,,,,,,,,,,,,,-5,18,PASS
,,,DIE,,,,,,,,,,,,,,,,,,,,,,-6,19,FAIL
,,,DIE,,,,,,,,,,,,,,,,,,,,,,-5,19,FAIL
,,,DIE,,,,,,,,,,,,,,,,,,,,,,-4,-20,PASS
,,,DIE,,,,,,,,,,,,,,,,,,,,,,-3,-20,PASS
,,,DIE,,,,,,,,,,,,,,,,,,,,,,-4,-19,PASS
,,,DIE,,,,,,,,,,,,,,,,,,,,,,-3,-19,PASS
,,,DIE,,,,,,,,,,,,,,,,,,,,,,-4,-18,PASS
,,,DIE,,,,,,,,,,,,,,,,,,,,,,-3,-18,PASS
,,,DIE,,,,,,,,,,,,,,,,,,,,,,-4,-17,PASS
,,,DIE,,,,,,,,,,,,,,,,,,,,,,-3,-17,PASS
,,,DIE,,,,,,,,,,,,,,,,,,,,,,-4,-16,PASS
,,,DIE,,,,,,,,,,,,,,,,,,,,,,-3,-16,PASS
,,,DIE,,,,,,,,,,,,,,,,,,,,,,-4,-15,PASS
,,,DIE,,,,,,,,,,,,,,,,,,,,,,-3,-15,PASS
,,,DIE,,,,,,,,,,,,,,,,,,,,,,-4,-14,PASS
,,,DIE,,,,,,,,,,,,,,,,,,,,,,-3,-14,PASS
,,,DIE,,,,,,,,,,,,,,,,,,,,,,-4,-13,PASS
,,,DIE,,,,,,,,,,,,,,,,,,,,,,-3,-13,PASS
,,,DIE,,,,,,,,,,,,,,,,,,,,,,-4,-12,PASS
,,,DIE,,,,,,,,,,,,,,,,,,,,,,-3,-12,PASS
,,,DIE,,,,,,,,,,,,,,,,,,,,,,-4,-11,PASS
,,,DIE,,,,,,,,,,,,,,,,,,,,,,-3,-11,PASS
,,,DIE,,,,,,,,,,,,,,,,,,,,,,-4,-10,PASS
,,,DIE,,,,,,,,,,,,,,,,,,,,,,-3,-10,PASS
,,,DIE,,,,,,,,,,,,,,,,,,,,,,-4,-9,PASS
,,,DIE,,,,,,,,,,,,,,,,,,,,,,-3,-9,PASS
,,,DIE,,,,,,,,,,,,,,,,,,,,,,-4,-8,PASS
,,,DIE,,,,,,,,,,,,,,,,,,,,,,-3,-8,PASS
,,,DIE,,,,,,,,,,,,,,,,,,,,,,-4,-7,PASS
,,,DIE,,,,,,,,,,,,,,,,,,,,,,-3,-7,PASS
,,,DIE,,,,,,,,,,,,,,,,,,,,,,-4,-6,PASS
,,,DIE,,,,,,,,,,,,,,,,,,,,,,-3,-6,PASS
,,,DIE,,,,,,,,,,,,,,,,,,,,,,-4,-5,PASS
,,,DIE,,,,,,,,,,,,,,,,,,,,,,-3,-5,PASS
,,,DIE,,,,,,,,,,,,,,,,,,,,,,-4,-4,PASS
,,,DIE,,,,,,,,,,,,,,,,,,,,,,-3,-4,PASS
,,,DIE,,,,,,,,,,,,,,,,,,,,,,-4,-3,PASS
,,,DIE,,,,,,,,,,,,,,,,,,,,,,-3,-3,PASS
,,,DIE,,,,,,,,,,,,,,,,,,,,,,-4,-2,PASS
,,,DIE,,,,,,,,,,,,,,,,,,,,,,-3,-2,PASS
,,,DIE,,,,,,,,,,,,,,,,,,,,,,-4,-1,PASS
,,,DIE,,,,,,,,,,,,,,,,,,,,,,-3,-1,PASS
,,,DIE,,,,,,,,,,,,,,,,,,,,,,-4,0,PASS
,,,DIE,,,,,,,,,,,,,,,,,,,,,,-3,0,PASS
,,,DIE,,,,,,,,,,,,,,,,,,,,,,-4,1,PASS
,,,DIE,,,,,,,,,,,,,,,,,,,,,,-3,1,PASS
,,,DIE,,,,,,,,,,,,,,,,,,,,,,-4,2,PASS
,,,DIE,,,,,,,,,,,,,,,,,,,,,,-3,2,PASS
,,,DIE,,,,,,,,,,,,,,,,,,,,,,-4,3,PASS
,,,DIE,,,,,,,,,,,,,,,,,,,,,,-3,3,PASS
,,,DIE,,,,,,,,,,,,,,,,,,,,,,-4,4,PASS
,,,DIE,,,,,,,,,,,,,,,,,,,,,,-3,4,PASS
,,,DIE,,,,,,,,,,,,,,,,,,,,,,-4,5,PASS
,,,DIE,,,,,,,,,,,,,,,,,,,,,,-3,5,PASS
,,,DIE,,,,,,,,,,,,,,,,,,,,,,-4,6,PASS
,,,DIE,,,,,,,,,,,,,,,,,,,,,,-3,6,PASS
,,,DIE,,,,,,,,,,,,,,,,,,,,,,-4,7,PASS
,,,DIE,,,,,,,,,,,,,,,,,,,,,,-3,7,PASS
,,,DIE,,,,,,,,,,,,,,,,,,,,,,-4,8,PASS
,,,DIE,,,,,,,,,,,,,,,,,,,,,,-3,8,PASS
,,,DIE,,,,,,,,,,,,,,,,,,,,,,-4,9,PASS
,,,DIE,,,,,,,,,,,,,,,,,,,,,,-3,9,PASS
,,,DIE,,,,,,,,,,,,,,,,,,,,,,-4,10,PASS
,,,DIE,,,,,,,,,,,,,,,,,,,,,,-3,10,PASS
,,,DIE,,,,,,,,,,,,,,,,,,,,,,-4,11,PASS
,,,DIE,,,,,,,,,,,,,,,,,,,,,,-3,11,PASS
,,,DIE,,,,,,,,,,,,,,,,,,,,,,-4,12,PASS
,,,DIE,,,,,,,,,,,,,,,,,,,,,,-3,12,PASS
,,,DIE,,,,,,,,,,,,,,,,,,,,,,-4,13,PASS
,,,DIE,,,,,,,,,,,,,,,,,,,,,,-3,13,PASS
,,,DIE,,,,,,,,,,,,,,,,,,,,,,-4,14,PASS
,,,DIE,,,,,,,,,,,,,,,,,,,,,,-3,14,PASS
,,,DIE,,,,,,,,,,,,,,,,,,,,,,-4,15,PASS
,,,DIE,,,,,,,,,,,,,,,,,,,,,,-3,15,PASS
,,,DIE,,,,,,,,,,,,,,,,,,,,,,-4,16,PASS
,,,DIE,,,,,,,,,,,,,,,,,,,,,,-3,16,PASS
,,,DIE,,,,,,,,,,,,,,,,,,,,,,-4,17,PASS
,,,DIE,,,,,,,,,,,,,,,,,,,,,,-3,17,PASS
,,,DIE,,,,,,,,,,,,,,,,,,,,,,-4,18,PASS
,,,DIE,,,,,,,,,,,,,,,,,,,,,,-3,18,PASS
,,,DIE,,,,,,,,,,,,,,,,,,,,,,-4,19,PASS
,,,DIE,,,,,,,,,,,,,,,,,,,,,,-3,19,FAIL
,,,DIE,,,,,,,,,,,,,,,,,,,,,,-2,-20,PASS
,,,DIE,,,,,,,,,,,,,,,,,,,,,,-1,-20,PASS
,,,DIE,,,,,,,,,,,,,,,,,,,,,,-2,-19,PASS
,,,DIE,,,,,,,,,,,,,,,,,,,,,,-1,-19,PASS
,,,DIE,,,,,,,,,,,,,,,,,,,,,,-2,-18,PASS
,,,DIE,,,,,,,,,,,,,,,,,,,,,,-1,-18,PASS
,,,DIE,,,,,,,,,,,,,,,,,,,,,,-2,-17,PASS
,,,DIE,,,,,,,,,,,,,,,,,,,,,,-1,-17,PASS
,,,DIE,,,,,,,,,,,,,,,,,,,,,,-2,-16,PASS
,,,DIE,,,,,,,,,,,,,,,,,,,,,,-1,-16,PASS
,,,DIE,,,,,,,,,,,,,,,,,,,,,,-2,-15,PASS
,,,DIE,,,,,,,,,,,,,,,,,,,,,,-1,-15,PASS
,,,DIE,,,,,,,,,,,,,,,,,,,,,,-2,-14,PASS
,,,DIE,,,,,,,,,,,,,,,,,,,,,,-1,-14,PASS
,,,DIE,,,,,,,,,,,,,,,,,,,,,,-2,-13,PASS
,,,DIE,,,,,,,,,,,,,,,,,,,,,,-1,-13,PASS
,,,DIE,,,,,,,,,,,,,,,,,,,,,,-2,-12,PASS
,,,DIE,,,,,,,,,,,,,,,,,,,,,,-1,-12,PASS
,,,DIE,,,,,,,,,,,,,,,,,,,,,,-2,-11,PASS
,,,DIE,,,,,,,,,,,,,,,,,,,,,,-1,-11,PASS
,,,DIE,,,,,,,,,,,,,,,,,,,,,,-2,-10,PASS
,,,DIE,,,,,,,,,,,,,,,,,,,,,,-1,-10,PASS
,,,DIE,,,,,,,,,,,,,,,,,,,,,,-2,-9,PASS
,,,DIE,,,,,,,,,,,,,,,,,,,,,,-1,-9,PASS
,,,DIE,,,,,,,,,,,,,,,,,,,,,,-2,-8,PASS
,,,DIE,,,,,,,,,,,,,,,,,,,,,,-1,-8,PASS
,,,DIE,,,,,,,,,,,,,,,,,,,,,,-2,-7,PASS
,,,DIE,,,,,,,,,,,,,,,,,,,,,,-1,-7,PASS
,,,DIE,,,,,,,,,,,,,,,,,,,,,,-2,-6,PASS
,,,DIE,,,,,,,,,,,,,,,,,,,,,,-1,-6,PASS
,,,DIE,,,,,,,,,,,,,,,,,,,,,,-2,-5,PASS
,,,DIE,,,,,,,,,,,,,,,,,,,,,,-1,-5,PASS
,,,DIE,,,,,,,,,,,,,,,,,,,,,,-2,-4,PASS
,,,DIE,,,,,,,,,,,,,,,,,,,,,,-1,-4,PASS
,,,DIE,,,,,,,,,,,,,,,,,,,,,,-2,-3,PASS
,,,DIE,,,,,,,,,,,,,,,,,,,,,,-1,-3,PASS
,,,DIE,,,,,,,,,,,,,,,,,,,,,,-2,-2,PASS
,,,DIE,,,,,,,,,,,,,,,,,,,,,,-1,-2,PASS
,,,DIE,,,,,,,,,,,,,,,,,,,,,,-2,-1,PASS
,,,DIE,,,,,,,,,,,,,,,,,,,,,,-1,-1,PASS
,,,DIE,,,,,,,,,,,,,,,,,,,,,,-2,0,PASS
,,,DIE,,,,,,,,,,,,,,,,,,,,,,-1,0,PASS
,,,DIE,,,,,,,,,,,,,,,,,,,,,,-2,1,PASS
,,,DIE,,,,,,,,,,,,,,,,,,,,,,-1,1,PASS
,,,DIE,,,,,,,,,,,,,,,,,,,,,,-2,2,PASS
,,,DIE,,,,,,,,,,,,,,,,,,,,,,-1,2,PASS
,,,DIE,,,,,,,,,,,,,,,,,,,,,,-2,3,PASS
,,,DIE,,,,,,,,,,,,,,,,,,,,,,-1,3,PASS
,,,DIE,,,,,,,,,,,,,,,,,,,,,,-2,4,PASS
,,,DIE,,,,,,,,,,,,,,,,,,,,,,-1,4,PASS
,,,DIE,,,,,,,,,,,,,,,,,,,,,,-2,5,PASS
,,,DIE,,,,,,,,,,,,,,,,,,,,,,-1,5,PASS
,,,DIE,,,,,,,,,,,,,,,,,,,,,,-2,6,PASS
,,,DIE,,,,,,,,,,,,,,,,,,,,,,-1,6,PASS
,,,DIE,,,,,,,,,,,,,,,,,,,,,,-2,7,PASS
,,,DIE,,,,,,,,,,,,,,,,,,,,,,-1,7,PASS
,,,DIE,,,,,,,,,,,,,,,,,,,,,,-2,8,PASS
,,,DIE,,,,,,,,,,,,,,,,,,,,,,-1,8,PASS
,,,DIE,,,,,,,,,,,,,,,,,,,,,,-2,9,PASS
,,,DIE,,,,,,,,,,,,,,,,,,,,,,-1,9,PASS
,,,DIE,,,,,,,,,,,,,,,,,,,,,,-2,10,PASS
,,,DIE,,,,,,,,,,,,,,,,,,,,,,-1,10,PASS
,,,DIE,,,,,,,,,,,,,,,,,,,,,,-2,11,PASS
,,,DIE,,,,,,,,,,,,,,,,,,,,,,-1,11,PASS
,,,DIE,,,,,,,,,,,,,,,,,,,,,,-2,12,PASS
,,,DIE,,,,,,,,,,,,,,,,,,,,,,-1,12,PASS
,,,DIE,,,,,,,,,,,,,,,,,,,,,,-2,13,PASS
,,,DIE,,,,,,,,,,,,,,,,,,,,,,-1,13,PASS
,,,DIE,,,,,,,,,,,,,,,,,,,,,,-2,14,PASS
,,,DIE,,,,,,,,,,,,,,,,,,,,,,-1,14,PASS
,,,DIE,,,,,,,,,,,,,,,,,,,,,,-2,15,PASS
,,,DIE,,,,,,,,,,,,,,,,,,,,,,-1,15,PASS
,,,DIE,,,,,,,,,,,,,,,,,,,,,,-2,16,PASS
,,,DIE,,,,,,,,,,,,,,,,,,,,,,-1,16,PASS
,,,DIE,,,,,,,,,,,,,,,,,,,,,,-2,17,PASS
,,,DIE,,,,,,,,,,,,,,,,,,,,,,-1,17,PASS
,,,DIE,,,,,,,,,,,,,,,,,,,,,,-2,18,PASS
,,,DIE,,,,,,,,,,,,,,,,,,,,,,-1,18,PASS
,,,DIE,,,,,,,,,,,,,,,,,,,,,,-2,19,FAIL
,,,DIE,,,,,,,,,,,,,,,,,,,,,,-1,19,FAIL
,,,DIE,,,,,,,,,,,,,,,,,,,,,,0,-20,PASS
,,,DIE,,,,,,,,,,,,,,,,,,,,,,1,-20,FAIL
,,,DIE,,,,,,,,,,,,,,,,,,,,,,0,-19,PASS
,,,DIE,,,,,,,,,,,,,,,,,,,,,,1,-19,PASS
,,,DIE,,,,,,,,,,,,,,,,,,,,,,0,-18,PASS
,,,DIE,,,,,,,,,,,,,,,,,,,,,,1,-18,PASS
,,,DIE,,,,,,,,,,,,,,,,,,,,,,0,-17,PASS
,,,DIE,,,,,,,,,,,,,,,,,,,,,,1,-17,PASS
,,,DIE,,,,,,,,,,,,,,,,,,,,,,0,-16,PASS
,,,DIE,,,,,,,,,,,,,,,,,,,,,,1,-16,PASS
,,,DIE,,,,,,,,,,,,,,,,,,,,,,0,-15,PASS
,,,DIE,,,,,,,,,,,,,,,,,,,,,,1,-15,PASS
,,,DIE,,,,,,,,,,,,,,,,,,,,,,0,-14,FAIL
,,,DIE,,,,,,,,,,,,,,,,,,,,,,1,-14,PASS
,,,DIE,,,,,,,,,,,,,,,,,,,,,,0,-13,FAIL
,,,DIE,,,,,,,,,,,,,,,,,,,,,,1,-13,PASS
,,,DIE,,,,,,,,,,,,,,,,,,,,,,0,-12,FAIL
,,,DIE,,,,,,,,,,,,,,,,,,,,,,1,-12,PASS
,,,DIE,,,,,,,,,,,,,,,,,,,,,,0,-11,PASS
,,,DIE,,,,,,,,,,,,,,,,,,,,,,1,-11,PASS
,,,DIE,,,,,,,,,,,,,,,,,,,,,,0,-10,PASS
,,,DIE,,,,,,,,,,,,,,,,,,,,,,1,-10,PASS
,,,DIE,,,,,,,,,,,,,,,,,,,,,,0,-9,PASS
,,,DIE,,,,,,,,,,,,,,,,,,,,,,1,-9,PASS
,,,DIE,,,,,,,,,,,,,,,,,,,,,,0,-8,PASS
,,,DIE,,,,,,,,,,,,,,,,,,,,,,1,-8,PASS
,,,DIE,,,,,,,,,,,,,,,,,,,,,,0,-7,PASS
,,,DIE,,,,,,,,,,,,,,,,,,,,,,1,-7,PASS
,,,DIE,,,,,,,,,,,,,,,,,,,,,,0,-6,PASS
,,,DIE,,,,,,,,,,,,,,,,,,,,,,1,-6,PASS
,,,DIE,,,,,,,,,,,,,,,,,,,,,,0,-5,PASS
,,,DIE,,,,,,,,,,,,,,,,,,,,,,1,-5,PASS
,,,DIE,,,,,,,,,,,,,,,,,,,,,,0,-4,PASS
,,,DIE,,,,,,,,,,,,,,,,,,,,,,1,-4,PASS
,,,DIE,,,,,,,,,,,,,,,,,,,,,,0,-3,PASS
,,,DIE,,,,,,,,,,,,,,,,,,,,,,1,-3,PASS
,,,DIE,,,,,,,,,,,,,,,,,,,,,,0,-2,PASS
,,,DIE,,,,,,,,,,,,,,,,,,,,,,1,-2,PASS
,,,DIE,,,,,,,,,,,,,,,,,,,,,,0,-1,PASS
,,,DIE,,,,,,,,,,,,,,,,,,,,,,1,-1,PASS
,,,DIE,,,,,,,,,,,,,,,,,,,,,,0,0,PASS
,,,DIE,,,,,,,,,,,,,,,,,,,,,,1,0,PASS
,,,DIE,,,,,,,,,,,,,,,,,,,,,,0,1,PASS
,,,DIE,,,,,,,,,,,,,,,,,,,,,,1,1,PASS
,,,DIE,,,,,,,,,,,,,,,,,,,,,,0,2,PASS
,,,DIE,,,,,,,,,,,,,,,,,,,,,,1,2,PASS
,,,DIE,,,,,,,,,,,,,,,,,,,,,,0,3,PASS
,,,DIE,,,,,,,,,,,,,,,,,,,,,,1,3,PASS
,,,DIE,,,,,,,,,,,,,,,,,,,,,,0,4,PASS
,,,DIE,,,,,,,,,,,,,,,,,,,,,,1,4,PASS
,,,DIE,,,,,,,,,,,,,,,,,,,,,,0,5,PASS
,,,DIE,,,,,,,,,,,,,,,,,,,,,,1,5,PASS
,,,DIE,,,,,,,,,,,,,,,,,,,,,,0,6,PASS
,,,DIE,,,,,,,,,,,,,,,,,,,,,,1,6,PASS
,,,DIE,,,,,,,,,,,,,,,,,,,,,,0,7,PASS
,,,DIE,,,,,,,,,,,,,,,,,,,,,,1,7,PASS
,,,DIE,,,,,,,,,,,,,,,,,,,,,,0,8,PASS
,,,DIE,,,,,,,,,,,,,,,,,,,,,,1,8,PASS
,,,DIE,,,,,,,,,,,,,,,,,,,,,,0,9,PASS
,,,DIE,,,,,,,,,,,,,,,,,,,,,,1,9,PASS
,,,DIE,,,,,,,,,,,,,,,,,,,,,,0,10,PASS
,,,DIE,,,,,,,,,,,,,,,,,,,,,,1,10,PASS
,,,DIE,,,,,,,,,,,,,,,,,,,,,,0,11,FAIL
,,,DIE,,,,,,,,,,,,,,,,,,,,,,1,11,PASS
,,,DIE,,,,,,,,,,,,,,,,,,,,,,0,12,FAIL
,,,DIE,,,,,,,,,,,,,,,,,,,,,,1,12,PASS
,,,DIE,,,,,,,,,,,,,,,,,,,,,,0,13,FAIL
,,,DIE,,,,,,,,,,,,,,,,,,,,,,1,13,PASS
,,,DIE,,,,,,,,,,,,,,,,,,,,,,0,14,PASS
,,,DIE,,,,,,,,,,,,,,,,,,,,,,1,14,PASS
,,,DIE,,,,,,,,,,,,,,,,,,,,,,0,15,PASS
,,,DIE,,,,,,,,,,,,,,,,,,,,,,1,15,PASS
,,,DIE,,,,,,,,,,,,,,,,,,,,,,0,16,PASS
,,,DIE,,,,,,,,,,,,,,,,,,,,,,1,16,PASS
,,,DIE,,,,,,,,,,,,,,,,,,,,,,0,17,PASS
,,,DIE,,,,,,,,,,,,,,,,,,,,,,1,17,PASS
,,,DIE,,,,,,,,,,,,,,,,,,,,,,0,18,PASS
,,,DIE,,,,,,,,,,,,,,,,,,,,,,1,18,PASS
,,,DIE,,,,,,,,,,,,,,,,,,,,,,0,19,FAIL
,,,DIE,,,,,,,,,,,,,,,,,,,,,,1,19,PASS
,,,DIE,,,,,,,,,,,,,,,,,,,,,,2,-20,FAIL
,,,DIE,,,,,,,,,,,,,,,,,,,,,,3,-20,PASS
,,,DIE,,,,,,,,,,,,,,,,,,,,,,2,-19,PASS
,,,DIE,,,,,,,,,,,,,,,,,,,,,,3,-19,PASS
,,,DIE,,,,,,,,,,,,,,,,,,,,,,2,-18,PASS
,,,DIE,,,,,,,,,,,,,,,,,,,,,,3,-18,PASS
,,,DIE,,,,,,,,,,,,,,,,,,,,,,2,-17,PASS
,,,DIE,,,,,,,,,,,,,,,,,,,,,,3,-17,PASS
,,,DIE,,,,,,,,,,,,,,,,,,,,,,2,-16,PASS
,,,DIE,,,,,,,,,,,,,,,,,,,,,,3,-16,PASS
,,,DIE,,,,,,,,,,,,,,,,,,,,,,2,-15,PASS
,,,DIE,,,,,,,,,,,,,,,,,,,,,,3,-15,PASS
,,,DIE,,,,,,,,,,,,,,,,,,,,,,2,-14,PASS
,,,DIE,,,,,,,,,,,,,,,,,,,,,,3,-14,PASS
,,,DIE,,,,,,,,,,,,,,,,,,,,,,2,-13,PASS
,,,DIE,,,,,,,,,,,,,,,,,,,,,,3,-13,PASS
,,,DIE,,,,,,,,,,,,,,,,,,,,,,2,-12,PASS
,,,DIE,,,,,,,,,,,,,,,,,,,,,,3,-12,PASS
,,,DIE,,,,,,,,,,,,,,,,,,,,,,2,-11,PASS
,,,DIE,,,,,,,,,,,,,,,,,,,,,,3,-11,PASS
,,,DIE,,,,,,,,,,,,,,,,,,,,,,2,-10,PASS
,,,DIE,,,,,,,,,,,,,,,,,,,,,,3,-10,PASS
,,,DIE,,,,,,,,,,,,,,,,,,,,,,2,-9,PASS
,,,DIE,,,,,,,,,,,,,,,,,,,,,,3,-9,PASS
,,,DIE,,,,,,,,,,,,,,,,,,,,,,2,-8,PASS
,,,DIE,,,,,,,,,,,,,,,,,,,,,,3,-8,PASS
,,,DIE,,,,,,,,,,,,,,,,,,,,,,2,-7,PASS
,,,DIE,,,,,,,,,,,,,,,,,,,,,,3,-7,PASS
,,,DIE,,,,,,,,,,,,,,,,,,,,,,2,-6,PASS
,,,DIE,,,,,,,,,,,,,,,,,,,,,,3,-6,PASS
,,,DIE,,,,,,,,,,,,,,,,,,,,,,2,-5,PASS
,,,DIE,,,,,,,,,,,,,,,,,,,,,,3,-5,PASS
,,,DIE,,,,,,,,,,,,,,,,,,,,,,2,-4,PASS
,,,DIE,,,,,,,,,,,,,,,,,,,,,,3,-4,PASS
,,,DIE,,,,,,,,,,,,,,,,,,,,,,2,-3,PASS
,,,DIE,,,,,,,,,,,,,,,,,,,,,,3,-3,PASS
,,,DIE,,,,,,,,,,,,,,,,,,,,,,2,-2,PASS
,,,DIE,,,,,,,,,,,,,,,,,,,,,,3,-2,PASS
,,,DIE,,,,,,,,,,,,,,,,,,,,,,2,-1,PASS
,,,DIE,,,,,,,,,,,,,,,,,,,,,,3,-1,PASS
,,,DIE,,,,,,,,,,,,,,,,,,,,,,2,0,PASS
,,,DIE,,,,,,,,,,,,,,,,,,,,,,3,0,PASS
,,,DIE,,,,,,,,,,,,,,,,,,,,,,2,1,PASS
,,,DIE,,,,,,,,,,,,,,,,,,,,,,3,1,PASS
,,,DIE,,,,,,,,,,,,,,,,,,,,,,2,2,PASS
,,,DIE,,,,,,,,,,,,,,,,,,,,,,3,2,PASS
,,,DIE,,,,,,,,,,,,,,,,,,,,,,2,3,PASS
,,,DIE,,,,,,,,,,,,,,,,,,,,,,3,3,PASS
,,,DIE,,,,,,,,,,,,,,,,,,,,,,2,4,PASS
,,,DIE,,,,,,,,,,,,,,,,,,,,,,3,4,PASS
,,,DIE,,,,,,,,,,,,,,,,,,,,,,2,5,PASS
,,,DIE,,,,,,,,,,,,,,,,,,,,,,3,5,PASS
,,,DIE,,,,,,,,,,,,,,,,,,,,,,2,6,PASS
,,,DIE,,,,,,,,,,,,,,,,,,,,,,3,6,PASS
,,,DIE,,,,,,,,,,,,,,,,,,,,,,2,7,PASS
,,,DIE,,,,,,,,,,,,,,,,,,,,,,3,7,PASS
,,,DIE,,,,,,,,,,,,,,,,,,,,,,2,8,PASS
,,,DIE,,,,,,,,,,,,,,,,,,,,,,3,8,PASS
,,,DIE,,,,,,,,,,,,,,,,,,,,,,2,9,PASS
,,,DIE,,,,,,,,,,,,,,,,,,,,,,3,9,PASS
,,,DIE,,,,,,,,,,,,,,,,,,,,,,2,10,PASS
,,,DIE,,,,,,,,,,,,,,,,,,,,,,3,10,PASS
,,,DIE,,,,,,,,,,,,,,,,,,,,,,2,11,PASS
,,,DIE,,,,,,,,,,,,,,,,,,,,,,3,11,PASS
,,,DIE,,,,,,,,,,,,,,,,,,,,,,2,12,PASS
,,,DIE,,,,,,,,,,,,,,,,,,,,,,3,12,PASS
,,,DIE,,,,,,,,,,,,,,,,,,,,,,2,13,PASS
,,,DIE,,,,,,,,,,,,,,,,,,,,,,3,13,PASS
,,,DIE,,,,,,,,,,,,,,,,,,,,,,2,14,PASS
,,,DIE,,,,,,,,,,,,,,,,,,,,,,3,14,PASS
,,,DIE,,,,,,,,,,,,,,,,,,,,,,2,15,PASS
,,,DIE,,,,,,,,,,,,,,,,,,,,,,3,15,PASS
,,,DIE,,,,,,,,,,,,,,,,,,,,,,2,16,PASS
,,,DIE,,,,,,,,,,,,,,,,,,,,,,3,16,PASS
,,,DIE,,,,,,,,,,,,,,,,,,,,,,2,17,PASS
,,,DIE,,,,,,,,,,,,,,,,,,,,,,3,17,PASS
,,,DIE,,,,,,,,,,,,,,,,,,,,,,2,18,PASS
,,,DIE,,,,,,,,,,,,,,,,,,,,,,3,18,PASS
,,,DIE,,,,,,,,,,,,,,,,,,,,,,2,19,PASS
,,,DIE,,,,,,,,,,,,,,,,,,,,,,3,19,PASS
,,,DIE,,,,,,,,,,,,,,,,,,,,,,4,-20,PASS
,,,DIE,,,,,,,,,,,,,,,,,,,,,,5,-20,PASS
,,,DIE,,,,,,,,,,,,,,,,,,,,,,4,-19,PASS
,,,DIE,,,,,,,,,,,,,,,,,,,,,,5,-19,PASS
,,,DIE,,,,,,,,,,,,,,,,,,,,,,4,-18,PASS
,,,DIE,,,,,,,,,,,,,,,,,,,,,,5,-18,PASS
,,,DIE,,,,,,,,,,,,,,,,,,,,,,4,-17,PASS
,,,DIE,,,,,,,,,,,,,,,,,,,,,,5,-17,PASS
,,,DIE,,,,,,,,,,,,,,,,,,,,,,4,-16,PASS
,,,DIE,,,,,,,,,,,,,,,,,,,,,,5,-16,PASS
,,,DIE,,,,,,,,,,,,,,,,,,,,,,4,-15,PASS
,,,DIE,,,,,,,,,,,,,,,,,,,,,,5,-15,PASS
,,,DIE,,,,,,,,,,,,,,,,,,,,,,4,-14,PASS
,,,DIE,,,,,,,,,,,,,,,,,,,,,,5,-14,PASS
,,,DIE,,,,,,,,,,,,,,,,,,,,,,4,-13,PASS
,,,DIE,,,,,,,,,,,,,,,,,,,,,,5,-13,PASS
,,,DIE,,,,,,,,,,,,,,,,,,,,,,4,-12,PASS
,,,DIE,,,,,,,,,,,,,,,,,,,,,,5,-12,PASS
,,,DIE,,,,,,,,,,,,,,,,,,,,,,4,-11,PASS
,,,DIE,,,,,,,,,,,,,,,,,,,,,,5,-11,PASS
,,,DIE,,,,,,,,,,,,,,,,,,,,,,4,-10,PASS
,,,DIE,,,,,,,,,,,,,,,,,,,,,,5,-10,PASS
,,,DIE,,,,,,,,,,,,,,,,,,,,,,4,-9,PASS
,,,DIE,,,,,,,,,,,,,,,,,,,,,,5,-9,PASS
,,,DIE,,,,,,,,,,,,,,,,,,,,,,4,-8,PASS
,,,DIE,,,,,,,,,,,,,,,,,,,,,,5,-8,PASS
,,,DIE,,,,,,,,,,,,,,,,,,,,,,4,-7,PASS
,,,DIE,,,,,,,,,,,,,,,,,,,,,,5,-7,PASS
,,,DIE,,,,,,,,,,,,,,,,,,,,,,4,-6,PASS
,,,DIE,,,,,,,,,,,,,,,,,,,,,,5,-6,PASS
,,,DIE,,,,,,,,,,,,,,,,,,,,,,4,-5,PASS
,,,DIE,,,,,,,,,,,,,,,,,,,,,,5,-5,PASS
,,,DIE,,,,,,,,,,,,,,,,,,,,,,4,-4,PASS
,,,DIE,,,,,,,,,,,,,,,,,,,,,,5,-4,PASS
,,,DIE,,,,,,,,,,,,,,,,,,,,,,4,-3,PASS
,,,DIE,,,,,,,,,,,,,,,,,,,,,,5,-3,PASS
,,,DIE,,,,,,,,,,,,,,,,,,,,,,4,-2,PASS
,,,DIE,,,,,,,,,,,,,,,,,,,,,,5,-2,PASS
,,,DIE,,,,,,,,,,,,,,,,,,,,,,4,-1,PASS
,,,DIE,,,,,,,,,,,,,,,,,,,,,,5,-1,PASS
,,,DIE,,,,,,,,,,,,,,,,,,,,,,4,0,PASS
,,,DIE,,,,,,,,,,,,,,,,,,,,,,5,0,PASS
,,,DIE,,,,,,,,,,,,,,,,,,,,,,4,1,PASS
,,,DIE,,,,,,,,,,,,,,,,,,,,,,5,1,PASS
,,,DIE,,,,,,,,,,,,,,,,,,,,,,4,2,PASS
,,,DIE,,,,,,,,,,,,,,,,,,,,,,5,2,PASS
,,,DIE,,,,,,,,,,,,,,,,,,,,,,4,3,PASS
,,,DIE,,,,,,,,,,,,,,,,,,,,,,5,3,PASS
,,,DIE,,,,,,,,,,,,,,,,,,,,,,4,4,PASS
,,,DIE,,,,,,,,,,,,,,,,,,,,,,5,4,PASS
,,,DIE,,,,,,,,,,,,,,,,,,,,,,4,5,PASS
,,,DIE,,,,,,,,,,,,,,,,,,,,,,5,5,PASS
,,,DIE,,,,,,,,,,,,,,,,,,,,,,4,6,PASS
,,,DIE,,,,,,,,,,,,,,,,,,,,,,5,6,PASS
,,,DIE,,,,,,,,,,,,,,,,,,,,,,4,7,PASS
,,,DIE,,,,,,,,,,,,,,,,,,,,,,5,7,PASS
,,,DIE,,,,,,,,,,,,,,,,,,,,,,4,8,PASS
,,,DIE,,,,,,,,,,,,,,,,,,,,,,5,8,PASS
,,,DIE,,,,,,,,,,,,,,,,,,,,,,4,9,PASS
,,,DIE,,,,,,,,,,,,,,,,,,,,,,5,9,PASS
,,,DIE,,,,,,,,,,,,,,,,,,,,,,4,10,PASS
,,,DIE,,,,,,,,,,,,,,,,,,,,,,5,10,PASS
,,,DIE,,,,,,,,,,,,,,,,,,,,,,4,11,PASS
,,,DIE,,,,,,,,,,,,,,,,,,,,,,5,11,PASS
,,,DIE,,,,,,,,,,,,,,,,,,,,,,4,12,PASS
,,,DIE,,,,,,,,,,,,,,,,,,,,,,5,12,PASS
,,,DIE,,,,,,,,,,,,,,,,,,,,,,4,13,PASS
,,,DIE,,,,,,,,,,,,,,,,,,,,,,5,13,PASS
,,,DIE,,,,,,,,,,,,,,,,,,,,,,4,14,PASS
,,,DIE,,,,,,,,,,,,,,,,,,,,,,5,14,PASS
,,,DIE,,,,,,,,,,,,,,,,,,,,,,4,15,PASS
,,,DIE,,,,,,,,,,,,,,,,,,,,,,5,15,PASS
,,,DIE,,,,,,,,,,,,,,,,,,,,,,4,16,PASS
,,,DIE,,,,,,,,,,,,,,,,,,,,,,5,16,PASS
,,,DIE,,,,,,,,,,,,,,,,,,,,,,4,17,PASS
,,,DIE,,,,,,,,,,,,,,,,,,,,,,5,17,PASS
,,,DIE,,,,,,,,,,,,,,,,,,,,,,4,18,PASS
,,,DIE,,,,,,,,,,,,,,,,,,,,,,5,18,PASS
,,,DIE,,,,,,,,,,,,,,,,,,,,,,4,19,FAIL
,,,DIE,,,,,,,,,,,,,,,,,,,,,,5,19,PASS
,,,DIE,,,,,,,,,,,,,,,,,,,,,,6,-20,FAIL
,,,DIE,,,,,,,,,,,,,,,,,,,,,,7,-20,PASS
,,,DIE,,,,,,,,,,,,,,,,,,,,,,6,-19,PASS
,,,DIE,,,,,,,,,,,,,,,,,,,,,,7,-19,PASS
,,,DIE,,,,,,,,,,,,,,,,,,,,,,6,-18,PASS
,,,DIE,,,,,,,,,,,,,,,,,,,,,,7,-18,PASS
,,,DIE,,,,,,,,,,,,,,,,,,,,,,6,-17,PASS
,,,DIE,,,,,,,,,,,,,,,,,,,,,,7,-17,PASS
,,,DIE,,,,,,,,,,,,,,,,,,,,,,6,-16,PASS
,,,DIE,,,,,,,,,,,,,,,,,,,,,,7,-16,PASS
,,,DIE,,,,,,,,,,,,,,,,,,,,,,6,-15,PASS
,,,DIE,,,,,,,,,,,,,,,,,,,,,,7,-15,PASS
,,,DIE,,,,,,,,,,,,,,,,,,,,,,6,-14,PASS
,,,DIE,,,,,,,,,,,,,,,,,,,,,,7,-14,PASS
,,,DIE,,,,,,,,,,,,,,,,,,,,,,6,-13,PASS
,,,DIE,,,,,,,,,,,,,,,,,,,,,,7,-13,PASS
,,,DIE,,,,,,,,,,,,,,,,,,,,,,6,-12,PASS
,,,DIE,,,,,,,,,,,,,,,,,,,,,,7,-12,PASS
,,,DIE,,,,,,,,,,,,,,,,,,,,,,6,-11,PASS
,,,DIE,,,,,,,,,,,,,,,,,,,,,,7,-11,PASS
,,,DIE,,,,,,,,,,,,,,,,,,,,,,6,-10,PASS
,,,DIE,,,,,,,,,,,,,,,,,,,,,,7,-10,PASS
,,,DIE,,,,,,,,,,,,,,,,,,,,,,6,-9,PASS
,,,DIE,,,,,,,,,,,,,,,,,,,,,,7,-9,PASS
,,,DIE,,,,,,,,,,,,,,,,,,,,,,6,-8,PASS
,,,DIE,,,,,,,,,,,,,,,,,,,,,,7,-8,PASS
,,,DIE,,,,,,,,,,,,,,,,,,,,,,6,-7,PASS
,,,DIE,,,,,,,,,,,,,,,,,,,,,,7,-7,PASS
,,,DIE,,,,,,,,,,,,,,,,,,,,,,6,-6,PASS
,,,DIE,,,,,,,,,,,,,,,,,,,,,,7,-6,PASS
,,,DIE,,,,,,,,,,,,,,,,,,,,,,6,-5,PASS
,,,DIE,,,,,,,,,,,,,,,,,,,,,,7,-5,PASS
,,,DIE,,,,,,,,,,,,,,,,,,,,,,6,-4,PASS
,,,DIE,,,,,,,,,,,,,,,,,,,,,,7,-4,PASS
,,,DIE,,,,,,,,,,,,,,,,,,,,,,6,-3,PASS
,,,DIE,,,,,,,,,,,,,,,,,,,,,,7,-3,PASS
,,,DIE,,,,,,,,,,,,,,,,,,,,,,6,-2,PASS
,,,DIE,,,,,,,,,,,,,,,,,,,,,,7,-2,PASS
,,,DIE,,,,,,,,,,,,,,,,,,,,,,6,-1,PASS
,,,DIE,,,,,,,,,,,,,,,,,,,,,,7,-1,PASS
,,,DIE,,,,,,,,,,,,,,,,,,,,,,6,0,PASS
,,,DIE,,,,,,,,,,,,,,,,,,,,,,7,0,PASS
,,,DIE,,,,,,,,,,,,,,,,,,,,,,6,1,PASS
,,,DIE,,,,,,,,,,,,,,,,,,,,,,7,1,PASS
,,,DIE,,,,,,,,,,,,,,,,,,,,,,6,2,PASS
,,,DIE,,,,,,,,,,,,,,,,,,,,,,7,2,PASS
,,,DIE,,,,,,,,,,,,,,,,,,,,,,6,3,PASS
,,,DIE,,,,,,,,,,,,,,,,,,,,,,7,3,PASS
,,,DIE,,,,,,,,,,,,,,,,,,,,,,6,4,PASS
,,,DIE,,,,,,,,,,,,,,,,,,,,,,7,4,PASS
,,,DIE,,,,,,,,,,,,,,,,,,,,,,6,5,PASS
,,,DIE,,,,,,,,,,,,,,,,,,,,,,7,5,PASS
,,,DIE,,,,,,,,,,,,,,,,,,,,,,6,6,PASS
,,,DIE,,,,,,,,,,,,,,,,,,,,,,7,6,PASS
,,,DIE,,,,,,,,,,,,,,,,,,,,,,6,7,PASS
,,,DIE,,,,,,,,,,,,,,,,,,,,,,7,7,PASS
,,,DIE,,,,,,,,,,,,,,,,,,,,,,6,8,PASS
,,,DIE,,,,,,,,,,,,,,,,,,,,,,7,8,PASS
,,,DIE,,,,,,,,,,,,,,,,,,,,,,6,9,PASS
,,,DIE,,,,,,,,,,,,,,,,,,,,,,7,9,PASS
,,,DIE,,,,,,,,,,,,,,,,,,,,,,6,10,PASS
,,,DIE,,,,,,,,,,,,,,,,,,,,,,7,10,PASS
,,,DIE,,,,,,,,,,,,,,,,,,,,,,6,11,PASS
,,,DIE,,,,,,,,,,,,,,,,,,,,,,7,11,PASS
,,,DIE,,,,,,,,,,,,,,,,,,,,,,6,12,PASS
,,,DIE,,,,,,,,,,,,,,,,,,,,,,7,12,PASS
,,,DIE,,,,,,,,,,,,,,,,,,,,,,6,13,PASS
,,,DIE,,,,,,,,,,,,,,,,,,,,,,7,13,PASS
,,,DIE,,,,,,,,,,,,,,,,,,,,,,6,14,PASS
,,,DIE,,,,,,,,,,,,,,,,,,,,,,7,14,PASS
,,,DIE,,,,,,,,,,,,,,,,,,,,,,6,15,PASS
,,,DIE,,,,,,,,,,,,,,,,,,,,,,7,15,PASS
,,,DIE,,,,,,,,,,,,,,,,,,,,,,6,16,PASS
,,,DIE,,,,,,,,,,,,,,,,,,,,,,7,16,PASS
,,,DIE,,,,,,,,,,,,,,,,,,,,,,6,17,PASS
,,,DIE,,,,,,,,,,,,,,,,,,,,,,7,17,PASS
,,,DIE,,,,,,,,,,,,,,,,,,,,,,6,18,PASS
,,,DIE,,,,,,,,,,,,,,,,,,,,,,7,18,PASS
,,,DIE,,,,,,,,,,,,,,,,,,,,,,6,19,FAIL
,,,DIE,,,,,,,,,,,,,,,,,,,,,,7,19,FAIL
,,,DIE,,,,,,,,,,,,,,,,,,,,,,8,-18,PASS
,,,DIE,,,,,,,,,,,,,,,,,,,,,,9,-18,PASS
,,,DIE,,,,,,,,,,,,,,,,,,,,,,8,-17,PASS
,,,DIE,,,,,,,,,,,,,,,,,,,,,,9,-17,PASS
,,,DIE,,,,,,,,,,,,,,,,,,,,,,8,-16,PASS
,,,DIE,,,,,,,,,,,,,,,,,,,,,,9,-16,PASS
,,,DIE,,,,,,,,,,,,,,,,,,,,,,8,-15,PASS
,,,DIE,,,,,,,,,,,,,,,,,,,,,,9,-15,PASS
,,,DIE,,,,,,,,,,,,,,,,,,,,,,8,-14,PASS
,,,DIE,,,,,,,,,,,,,,,,,,,,,,9,-14,PASS
,,,DIE,,,,,,,,,,,,,,,,,,,,,,8,-13,PASS
,,,DIE,,,,,,,,,,,,,,,,,,,,,,9,-13,PASS
,,,DIE,,,,,,,,,,,,,,,,,,,,,,8,-12,PASS
,,,DIE,,,,,,,,,,,,,,,,,,,,,,9,-12,PASS
,,,DIE,,,,,,,,,,,,,,,,,,,,,,8,-11,PASS
,,,DIE,,,,,,,,,,,,,,,,,,,,,,9,-11,PASS
,,,DIE,,,,,,,,,,,,,,,,,,,,,,8,-10,PASS
,,,DIE,,,,,,,,,,,,,,,,,,,,,,9,-10,PASS
,,,DIE,,,,,,,,,,,,,,,,,,,,,,8,-9,PASS
,,,DIE,,,,,,,,,,,,,,,,,,,,,,9,-9,PASS
,,,DIE,,,,,,,,,,,,,,,,,,,,,,8,-8,PASS
,,,DIE,,,,,,,,,,,,,,,,,,,,,,9,-8,PASS
,,,DIE,,,,,,,,,,,,,,,,,,,,,,8,-7,PASS
,,,DIE,,,,,,,,,,,,,,,,,,,,,,9,-7,PASS
,,,DIE,,,,,,,,,,,,,,,,,,,,,,8,-6,PASS
,,,DIE,,,,,,,,,,,,,,,,,,,,,,9,-6,PASS
,,,DIE,,,,,,,,,,,,,,,,,,,,,,8,-5,PASS
,,,DIE,,,,,,,,,,,,,,,,,,,,,,9,-5,PASS
,,,DIE,,,,,,,,,,,,,,,,,,,,,,8,-4,PASS
,,,DIE,,,,,,,,,,,,,,,,,,,,,,9,-4,PASS
,,,DIE,,,,,,,,,,,,,,,,,,,,,,8,-3,PASS
,,,DIE,,,,,,,,,,,,,,,,,,,,,,9,-3,PASS
,,,DIE,,,,,,,,,,,,,,,,,,,,,,8,-2,PASS
,,,DIE,,,,,,,,,,,,,,,,,,,,,,9,-2,PASS
,,,DIE,,,,,,,,,,,,,,,,,,,,,,8,-1,PASS
,,,DIE,,,,,,,,,,,,,,,,,,,,,,9,-1,PASS
,,,DIE,,,,,,,,,,,,,,,,,,,,,,8,0,PASS
,,,DIE,,,,,,,,,,,,,,,,,,,,,,9,0,PASS
,,,DIE,,,,,,,,,,,,,,,,,,,,,,8,1,PASS
,,,DIE,,,,,,,,,,,,,,,,,,,,,,9,1,PASS
,,,DIE,,,,,,,,,,,,,,,,,,,,,,8,2,PASS
,,,DIE,,,,,,,,,,,,,,,,,,,,,,9,2,PASS
,,,DIE,,,,,,,,,,,,,,,,,,,,,,8,3,PASS
,,,DIE,,,,,,,,,,,,,,,,,,,,,,9,3,PASS
,,,DIE,,,,,,,,,,,,,,,,,,,,,,8,4,PASS
,,,DIE,,,,,,,,,,,,,,,,,,,,,,9,4,PASS
,,,DIE,,,,,,,,,,,,,,,,,,,,,,8,5,PASS
,,,DIE,,,,,,,,,,,,,,,,,,,,,,9,5,PASS
,,,DIE,,,,,,,,,,,,,,,,,,,,,,8,6,PASS
,,,DIE,,,,,,,,,,,,,,,,,,,,,,9,6,PASS
,,,DIE,,,,,,,,,,,,,,,,,,,,,,8,7,PASS
,,,DIE,,,,,,,,,,,,,,,,,,,,,,9,7,PASS
,,,DIE,,,,,,,,,,,,,,,,,,,,,,8,8,PASS
,,,DIE,,,,,,,,,,,,,,,,,,,,,,9,8,PASS
,,,DIE,,,,,,,,,,,,,,,,,,,,,,8,9,PASS
,,,DIE,,,,,,,,,,,,,,,,,,,,,,9,9,PASS
,,,DIE,,,,,,,,,,,,,,,,,,,,,,8,10,PASS
,,,DIE,,,,,,,,,,,,,,,,,,,,,,9,10,PASS
,,,DIE,,,,,,,,,,,,,,,,,,,,,,8,11,PASS
,,,DIE,,,,,,,,,,,,,,,,,,,,,,9,11,PASS
,,,DIE,,,,,,,,,,,,,,,,,,,,,,8,12,PASS
,,,DIE,,,,,,,,,,,,,,,,,,,,,,9,12,PASS
,,,DIE,,,,,,,,,,,,,,,,,,,,,,8,13,PASS
,,,DIE,,,,,,,,,,,,,,,,,,,,,,9,13,PASS
,,,DIE,,,,,,,,,,,,,,,,,,,,,,8,14,PASS
,,,DIE,,,,,,,,,,,,,,,,,,,,,,9,14,PASS
,,,DIE,,,,,,,,,,,,,,,,,,,,,,8,15,PASS
,,,DIE,,,,,,,,,,,,,,,,,,,,,,9,15,PASS
,,,DIE,,,,,,,,,,,,,,,,,,,,,,8,16,PASS
,,,DIE,,,,,,,,,,,,,,,,,,,,,,9,16,PASS
,,,DIE,,,,,,,,,,,,,,,,,,,,,,8,17,PASS
,,,DIE,,,,,,,,,,,,,,,,,,,,,,9,17,PASS
,,,DIE,,,,,,,,,,,,,,,,,,,,,,10,-18,PASS
,,,DIE,,,,,,,,,,,,,,,,,,,,,,11,-18,PASS
,,,DIE,,,,,,,,,,,,,,,,,,,,,,10,-17,PASS
,,,DIE,,,,,,,,,,,,,,,,,,,,,,11,-17,PASS
,,,DIE,,,,,,,,,,,,,,,,,,,,,,10,-16,PASS
,,,DIE,,,,,,,,,,,,,,,,,,,,,,11,-16,PASS
,,,DIE,,,,,,,,,,,,,,,,,,,,,,10,-15,PASS
,,,DIE,,,,,,,,,,,,,,,,,,,,,,11,-15,PASS
,,,DIE,,,,,,,,,,,,,,,,,,,,,,10,-14,PASS
,,,DIE,,,,,,,,,,,,,,,,,,,,,,11,-14,PASS
,,,DIE,,,,,,,,,,,,,,,,,,,,,,10,-13,PASS
,,,DIE,,,,,,,,,,,,,,,,,,,,,,11,-13,PASS
,,,DIE,,,,,,,,,,,,,,,,,,,,,,10,-12,PASS
,,,DIE,,,,,,,,,,,,,,,,,,,,,,11,-12,PASS
,,,DIE,,,,,,,,,,,,,,,,,,,,,,10,-11,PASS
,,,DIE,,,,,,,,,,,,,,,,,,,,,,11,-11,PASS
,,,DIE,,,,,,,,,,,,,,,,,,,,,,10,-10,PASS
,,,DIE,,,,,,,,,,,,,,,,,,,,,,11,-10,PASS
,,,DIE,,,,,,,,,,,,,,,,,,,,,,10,-9,PASS
,,,DIE,,,,,,,,,,,,,,,,,,,,,,11,-9,PASS
,,,DIE,,,,,,,,,,,,,,,,,,,,,,10,-8,PASS
,,,DIE,,,,,,,,,,,,,,,,,,,,,,11,-8,PASS
,,,DIE,,,,,,,,,,,,,,,,,,,,,,10,-7,PASS
,,,DIE,,,,,,,,,,,,,,,,,,,,,,11,-7,PASS
,,,DIE,,,,,,,,,,,,,,,,,,,,,,10,-6,PASS
,,,DIE,,,,,,,,,,,,,,,,,,,,,,11,-6,PASS
,,,DIE,,,,,,,,,,,,,,,,,,,,,,10,-5,PASS
,,,DIE,,,,,,,,,,,,,,,,,,,,,,11,-5,PASS
,,,DIE,,,,,,,,,,,,,,,,,,,,,,10,-4,PASS
,,,DIE,,,,,,,,,,,,,,,,,,,,,,11,-4,PASS
,,,DIE,,,,,,,,,,,,,,,,,,,,,,10,-3,PASS
,,,DIE,,,,,,,,,,,,,,,,,,,,,,11,-3,PASS
,,,DIE,,,,,,,,,,,,,,,,,,,,,,10,-2,PASS
,,,DIE,,,,,,,,,,,,,,,,,,,,,,11,-2,PASS
,,,DIE,,,,,,,,,,,,,,,,,,,,,,10,-1,PASS
,,,DIE,,,,,,,,,,,,,,,,,,,,,,11,-1,PASS
,,,DIE,,,,,,,,,,,,,,,,,,,,,,10,0,PASS
,,,DIE,,,,,,,,,,,,,,,,,,,,,,11,0,PASS
,,,DIE,,,,,,,,,,,,,,,,,,,,,,10,1,PASS
,,,DIE,,,,,,,,,,,,,,,,,,,,,,11,1,PASS
,,,DIE,,,,,,,,,,,,,,,,,,,,,,10,2,PASS
,,,DIE,,,,,,,,,,,,,,,,,,,,,,11,2,PASS
,,,DIE,,,,,,,,,,,,,,,,,,,,,,10,3,PASS
,,,DIE,,,,,,,,,,,,,,,,,,,,,,11,3,PASS
,,,DIE,,,,,,,,,,,,,,,,,,,,,,10,4,PASS
,,,DIE,,,,,,,,,,,,,,,,,,,,,,11,4,PASS
,,,DIE,,,,,,,,,,,,,,,,,,,,,,10,5,PASS
,,,DIE,,,,,,,,,,,,,,,,,,,,,,11,5,PASS
,,,DIE,,,,,,,,,,,,,,,,,,,,,,10,6,PASS
,,,DIE,,,,,,,,,,,,,,,,,,,,,,11,6,PASS
,,,DIE,,,,,,,,,,,,,,,,,,,,,,10,7,PASS
,,,DIE,,,,,,,,,,,,,,,,,,,,,,11,7,PASS
,,,DIE,,,,,,,,,,,,,,,,,,,,,,10,8,PASS
,,,DIE,,,,,,,,,,,,,,,,,,,,,,11,8,PASS
,,,DIE,,,,,,,,,,,,,,,,,,,,,,10,9,PASS
,,,DIE,,,,,,,,,,,,,,,,,,,,,,11,9,PASS
,,,DIE,,,,,,,,,,,,,,,,,,,,,,10,10,PASS
,,,DIE,,,,,,,,,,,,,,,,,,,,,,11,10,PASS
,,,DIE,,,,,,,,,,,,,,,,,,,,,,10,11,PASS
,,,DIE,,,,,,,,,,,,,,,,,,,,,,11,11,PASS
,,,DIE,,,,,,,,,,,,,,,,,,,,,,10,12,PASS
,,,DIE,,,,,,,,,,,,,,,,,,,,,,11,12,PASS
,,,DIE,,,,,,,,,,,,,,,,,,,,,,10,13,PASS
,,,DIE,,,,,,,,,,,,,,,,,,,,,,11,13,PASS
,,,DIE,,,,,,,,,,,,,,,,,,,,,,10,14,PASS
,,,DIE,,,,,,,,,,,,,,,,,,,,,,11,14,PASS
,,,DIE,,,,,,,,,,,,,,,,,,,,,,10,15,PASS
,,,DIE,,,,,,,,,,,,,,,,,,,,,,11,15,PASS
,,,DIE,,,,,,,,,,,,,,,,,,,,,,10,16,PASS
,,,DIE,,,,,,,,,,,,,,,,,,,,,,11,16,PASS
,,,DIE,,,,,,,,,,,,,,,,,,,,,,10,17,PASS
,,,DIE,,,,,,,,,,,,,,,,,,,,,,11,17,PASS
,,,DIE,,,,,,,,,,,,,,,,,,,,,,12,-18,PASS
,,,DIE,,,,,,,,,,,,,,,,,,,,,,13,-18,PASS
,,,DIE,,,,,,,,,,,,,,,,,,,,,,12,-17,PASS
,,,DIE,,,,,,,,,,,,,,,,,,,,,,13,-17,PASS
,,,DIE,,,,,,,,,,,,,,,,,,,,,,12,-16,PASS
,,,DIE,,,,,,,,,,,,,,,,,,,,,,13,-16,PASS
,,,DIE,,,,,,,,,,,,,,,,,,,,,,12,-15,PASS
,,,DIE,,,,,,,,,,,,,,,,,,,,,,13,-15,PASS
,,,DIE,,,,,,,,,,,,,,,,,,,,,,12,-14,PASS
,,,DIE,,,,,,,,,,,,,,,,,,,,,,13,-14,PASS
,,,DIE,,,,,,,,,,,,,,,,,,,,,,12,-13,PASS
,,,DIE,,,,,,,,,,,,,,,,,,,,,,13,-13,PASS
,,,DIE,,,,,,,,,,,,,,,,,,,,,,12,-12,PASS
,,,DIE,,,,,,,,,,,,,,,,,,,,,,13,-12,PASS
,,,DIE,,,,,,,,,,,,,,,,,,,,,,12,-11,PASS
,,,DIE,,,,,,,,,,,,,,,,,,,,,,13,-11,PASS
,,,DIE,,,,,,,,,,,,,,,,,,,,,,12,-10,PASS
,,,DIE,,,,,,,,,,,,,,,,,,,,,,13,-10,PASS
,,,DIE,,,,,,,,,,,,,,,,,,,,,,12,-9,PASS
,,,DIE,,,,,,,,,,,,,,,,,,,,,,13,-9,PASS
,,,DIE,,,,,,,,,,,,,,,,,,,,,,12,-8,PASS
,,,DIE,,,,,,,,,,,,,,,,,,,,,,13,-8,PASS
,,,DIE,,,,,,,,,,,,,,,,,,,,,,12,-7,PASS
,,,DIE,,,,,,,,,,,,,,,,,,,,,,13,-7,PASS
,,,DIE,,,,,,,,,,,,,,,,,,,,,,12,-6,PASS
,,,DIE,,,,,,,,,,,,,,,,,,,,,,13,-6,PASS
,,,DIE,,,,,,,,,,,,,,,,,,,,,,12,-5,PASS
,,,DIE,,,,,,,,,,,,,,,,,,,,,,13,-5,PASS
,,,DIE,,,,,,,,,,,,,,,,,,,,,,12,-4,PASS
,,,DIE,,,,,,,,,,,,,,,,,,,,,,13,-4,PASS
,,,DIE,,,,,,,,,,,,,,,,,,,,,,12,-3,PASS
,,,DIE,,,,,,,,,,,,,,,,,,,,,,13,-3,PASS
,,,DIE,,,,,,,,,,,,,,,,,,,,,,12,-2,PASS
,,,DIE,,,,,,,,,,,,,,,,,,,,,,13,-2,PASS
,,,DIE,,,,,,,,,,,,,,,,,,,,,,12,-1,PASS
,,,DIE,,,,,,,,,,,,,,,,,,,,,,13,-1,PASS
,,,DIE,,,,,,,,,,,,,,,,,,,,,,12,0,PASS
,,,DIE,,,,,,,,,,,,,,,,,,,,,,13,0,PASS
,,,DIE,,,,,,,,,,,,,,,,,,,,,,12,1,PASS
,,,DIE,,,,,,,,,,,,,,,,,,,,,,13,1,PASS
,,,DIE,,,,,,,,,,,,,,,,,,,,,,12,2,PASS
,,,DIE,,,,,,,,,,,,,,,,,,,,,,13,2,PASS
,,,DIE,,,,,,,,,,,,,,,,,,,,,,12,3,PASS
,,,DIE,,,,,,,,,,,,,,,,,,,,,,13,3,PASS
,,,DIE,,,,,,,,,,,,,,,,,,,,,,12,4,PASS
,,,DIE,,,,,,,,,,,,,,,,,,,,,,13,4,PASS
,,,DIE,,,,,,,,,,,,,,,,,,,,,,12,5,PASS
,,,DIE,,,,,,,,,,,,,,,,,,,,,,13,5,PASS
,,,DIE,,,,,,,,,,,,,,,,,,,,,,12,6,PASS
,,,DIE,,,,,,,,,,,,,,,,,,,,,,13,6,PASS
,,,DIE,,,,,,,,,,,,,,,,,,,,,,12,7,PASS
,,,DIE,,,,,,,,,,,,,,,,,,,,,,13,7,PASS
,,,DIE,,,,,,,,,,,,,,,,,,,,,,12,8,PASS
,,,DIE,,,,,,,,,,,,,,,,,,,,,,13,8,PASS
,,,DIE,,,,,,,,,,,,,,,,,,,,,,12,9,PASS
,,,DIE,,,,,,,,,,,,,,,,,,,,,,13,9,PASS
,,,DIE,,,,,,,,,,,,,,,,,,,,,,12,10,PASS
,,,DIE,,,,,,,,,,,,,,,,,,,,,,13,10,PASS
,,,DIE,,,,,,,,,,,,,,,,,,,,,,12,11,PASS
,,,DIE,,,,,,,,,,,,,,,,,,,,,,13,11,PASS
,,,DIE,,,,,,,,,,,,,,,,,,,,,,12,12,PASS
,,,DIE,,,,,,,,,,,,,,,,,,,,,,13,12,PASS
,,,DIE,,,,,,,,,,,,,,,,,,,,,,12,13,PASS
,,,DIE,,,,,,,,,,,,,,,,,,,,,,13,13,PASS
,,,DIE,,,,,,,,,,,,,,,,,,,,,,12,14,PASS
,,,DIE,,,,,,,,,,,,,,,,,,,,,,13,14,PASS
,,,DIE,,,,,,,,,,,,,,,,,,,,,,12,15,PASS
,,,DIE,,,,,,,,,,,,,,,,,,,,,,13,15,PASS
,,,DIE,,,,,,,,,,,,,,,,,,,,,,12,16,PASS
,,,DIE,,,,,,,,,,,,,,,,,,,,,,13,16,PASS
,,,DIE,,,,,,,,,,,,,,,,,,,,,,12,17,PASS
,,,DIE,,,,,,,,,,,,,,,,,,,,,,13,17,PASS
,,,DIE,,,,,,,,,,,,,,,,,,,,,,14,-18,PASS
,,,DIE,,,,,,,,,,,,,,,,,,,,,,15,-18,PASS
,,,DIE,,,,,,,,,,,,,,,,,,,,,,14,-17,PASS
,,,DIE,,,,,,,,,,,,,,,,,,,,,,15,-17,PASS
,,,DIE,,,,,,,,,,,,,,,,,,,,,,14,-16,PASS
,,,DIE,,,,,,,,,,,,,,,,,,,,,,15,-16,PASS
,,,DIE,,,,,,,,,,,,,,,,,,,,,,14,-15,PASS
,,,DIE,,,,,,,,,,,,,,,,,,,,,,15,-15,PASS
,,,DIE,,,,,,,,,,,,,,,,,,,,,,14,-14,PASS
,,,DIE,,,,,,,,,,,,,,,,,,,,,,15,-14,PASS
,,,DIE,,,,,,,,,,,,,,,,,,,,,,14,-13,PASS
,,,DIE,,,,,,,,,,,,,,,,,,,,,,15,-13,PASS
,,,DIE,,,,,,,,,,,,,,,,,,,,,,14,-12,PASS
,,,DIE,,,,,,,,,,,,,,,,,,,,,,15,-12,PASS
,,,DIE,,,,,,,,,,,,,,,,,,,,,,14,-11,PASS
,,,DIE,,,,,,,,,,,,,,,,,,,,,,15,-11,PASS
,,,DIE,,,,,,,,,,,,,,,,,,,,,,14,-10,PASS
,,,DIE,,,,,,,,,,,,,,,,,,,,,,15,-10,PASS
,,,DIE,,,,,,,,,,,,,,,,,,,,,,14,-9,PASS
,,,DIE,,,,,,,,,,,,,,,,,,,,,,15,-9,PASS
,,,DIE,,,,,,,,,,,,,,,,,,,,,,14,-8,PASS
,,,DIE,,,,,,,,,,,,,,,,,,,,,,15,-8,PASS
,,,DIE,,,,,,,,,,,,,,,,,,,,,,14,-7,PASS
,,,DIE,,,,,,,,,,,,,,,,,,,,,,15,-7,PASS
,,,DIE,,,,,,,,,,,,,,,,,,,,,,14,-6,PASS
,,,DIE,,,,,,,,,,,,,,,,,,,,,,15,-6,PASS
,,,DIE,,,,,,,,,,,,,,,,,,,,,,14,-5,PASS
,,,DIE,,,,,,,,,,,,,,,,,,,,,,15,-5,PASS
,,,DIE,,,,,,,,,,,,,,,,,,,,,,14,-4,PASS
,,,DIE,,,,,,,,,,,,,,,,,,,,,,15,-4,PASS
,,,DIE,,,,,,,,,,,,,,,,,,,,,,14,-3,PASS
,,,DIE,,,,,,,,,,,,,,,,,,,,,,15,-3,PASS
,,,DIE,,,,,,,,,,,,,,,,,,,,,,14,-2,PASS
,,,DIE,,,,,,,,,,,,,,,,,,,,,,15,-2,PASS
,,,DIE,,,,,,,,,,,,,,,,,,,,,,14,-1,PASS
,,,DIE,,,,,,,,,,,,,,,,,,,,,,15,-1,PASS
,,,DIE,,,,,,,,,,,,,,,,,,,,,,14,0,PASS
,,,DIE,,,,,,,,,,,,,,,,,,,,,,15,0,PASS
,,,DIE,,,,,,,,,,,,,,,,,,,,,,14,1,PASS
,,,DIE,,,,,,,,,,,,,,,,,,,,,,15,1,PASS
,,,DIE,,,,,,,,,,,,,,,,,,,,,,14,2,PASS
,,,DIE,,,,,,,,,,,,,,,,,,,,,,15,2,PASS
,,,DIE,,,,,,,,,,,,,,,,,,,,,,14,3,PASS
,,,DIE,,,,,,,,,,,,,,,,,,,,,,15,3,PASS
,,,DIE,,,,,,,,,,,,,,,,,,,,,,14,4,PASS
,,,DIE,,,,,,,,,,,,,,,,,,,,,,15,4,PASS
,,,DIE,,,,,,,,,,,,,,,,,,,,,,14,5,PASS
,,,DIE,,,,,,,,,,,,,,,,,,,,,,15,5,PASS
,,,DIE,,,,,,,,,,,,,,,,,,,,,,14,6,PASS
,,,DIE,,,,,,,,,,,,,,,,,,,,,,15,6,PASS
,,,DIE,,,,,,,,,,,,,,,,,,,,,,14,7,PASS
,,,DIE,,,,,,,,,,,,,,,,,,,,,,15,7,PASS
,,,DIE,,,,,,,,,,,,,,,,,,,,,,14,8,PASS
,,,DIE,,,,,,,,,,,,,,,,,,,,,,15,8,PASS
,,,DIE,,,,,,,,,,,,,,,,,,,,,,14,9,PASS
,,,DIE,,,,,,,,,,,,,,,,,,,,,,15,9,PASS
,,,DIE,,,,,,,,,,,,,,,,,,,,,,14,10,PASS
,,,DIE,,,,,,,,,,,,,,,,,,,,,,15,10,PASS
,,,DIE,,,,,,,,,,,,,,,,,,,,,,14,11,PASS
,,,DIE,,,,,,,,,,,,,,,,,,,,,,15,11,PASS
,,,DIE,,,,,,,,,,,,,,,,,,,,,,14,12,PASS
,,,DIE,,,,,,,,,,,,,,,,,,,,,,15,12,PASS
,,,DIE,,,,,,,,,,,,,,,,,,,,,,14,13,PASS
,,,DIE,,,,,,,,,,,,,,,,,,,,,,15,13,PASS
,,,DIE,,,,,,,,,,,,,,,,,,,,,,14,14,PASS
,,,DIE,,,,,,,,,,,,,,,,,,,,,,15,14,PASS
,,,DIE,,,,,,,,,,,,,,,,,,,,,,14,15,PASS
,,,DIE,,,,,,,,,,,,,,,,,,,,,,15,15,PASS
,,,DIE,,,,,,,,,,,,,,,,,,,,,,14,16,PASS
,,,DIE,,,,,,,,,,,,,,,,,,,,,,15,16,PASS
,,,DIE,,,,,,,,,,,,,,,,,,,,,,14,17,PASS
,,,DIE,,,,,,,,,,,,,,,,,,,,,,15,17,PASS
,,,DIE,,,,,,,,,,,,,,,,,,,,,,16,-18,PASS
,,,DIE,,,,,,,,,,,,,,,,,,,,,,17,-18,PASS
,,,DIE,,,,,,,,,,,,,,,,,,,,,,16,-17,PASS
,,,DIE,,,,,,,,,,,,,,,,,,,,,,17,-17,PASS
,,,DIE,,,,,,,,,,,,,,,,,,,,,,16,-16,PASS
,,,DIE,,,,,,,,,,,,,,,,,,,,,,17,-16,PASS
,,,DIE,,,,,,,,,,,,,,,,,,,,,,16,-15,PASS
,,,DIE,,,,,,,,,,,,,,,,,,,,,,17,-15,PASS
,,,DIE,,,,,,,,,,,,,,,,,,,,,,16,-14,PASS
,,,DIE,,,,,,,,,,,,,,,,,,,,,,17,-14,PASS
,,,DIE,,,,,,,,,,,,,,,,,,,,,,16,-13,PASS
,,,DIE,,,,,,,,,,,,,,,,,,,,,,17,-13,PASS
,,,DIE,,,,,,,,,,,,,,,,,,,,,,16,-12,PASS
,,,DIE,,,,,,,,,,,,,,,,,,,,,,17,-12,PASS
,,,DIE,,,,,,,,,,,,,,,,,,,,,,16,-11,PASS
,,,DIE,,,,,,,,,,,,,,,,,,,,,,17,-11,PASS
,,,DIE,,,,,,,,,,,,,,,,,,,,,,16,-10,PASS
,,,DIE,,,,,,,,,,,,,,,,,,,,,,17,-10,PASS
,,,DIE,,,,,,,,,,,,,,,,,,,,,,16,-9,PASS
,,,DIE,,,,,,,,,,,,,,,,,,,,,,17,-9,PASS
,,,DIE,,,,,,,,,,,,,,,,,,,,,,16,-8,PASS
,,,DIE,,,,,,,,,,,,,,,,,,,,,,17,-8,PASS
,,,DIE,,,,,,,,,,,,,,,,,,,,,,16,-7,PASS
,,,DIE,,,,,,,,,,,,,,,,,,,,,,17,-7,PASS
,,,DIE,,,,,,,,,,,,,,,,,,,,,,16,-6,PASS
,,,DIE,,,,,,,,,,,,,,,,,,,,,,17,-6,PASS
,,,DIE,,,,,,,,,,,,,,,,,,,,,,16,-5,PASS
,,,DIE,,,,,,,,,,,,,,,,,,,,,,17,-5,PASS
,,,DIE,,,,,,,,,,,,,,,,,,,,,,16,-4,PASS
,,,DIE,,,,,,,,,,,,,,,,,,,,,,17,-4,PASS
,,,DIE,,,,,,,,,,,,,,,,,,,,,,16,-3,PASS
,,,DIE,,,,,,,,,,,,,,,,,,,,,,17,-3,PASS
,,,DIE,,,,,,,,,,,,,,,,,,,,,,16,-2,PASS
,,,DIE,,,,,,,,,,,,,,,,,,,,,,17,-2,PASS
,,,DIE,,,,,,,,,,,,,,,,,,,,,,16,-1,PASS
,,,DIE,,,,,,,,,,,,,,,,,,,,,,17,-1,PASS
,,,DIE,,,,,,,,,,,,,,,,,,,,,,16,0,PASS
,,,DIE,,,,,,,,,,,,,,,,,,,,,,17,0,PASS
,,,DIE,,,,,,,,,,,,,,,,,,,,,,16,1,PASS
,,,DIE,,,,,,,,,,,,,,,,,,,,,,17,1,PASS
,,,DIE,,,,,,,,,,,,,,,,,,,,,,16,2,PASS
,,,DIE,,,,,,,,,,,,,,,,,,,,,,17,2,PASS
,,,DIE,,,,,,,,,,,,,,,,,,,,,,16,3,PASS
,,,DIE,,,,,,,,,,,,,,,,,,,,,,17,3,PASS
,,,DIE,,,,,,,,,,,,,,,,,,,,,,16,4,PASS
,,,DIE,,,,,,,,,,,,,,,,,,,,,,17,4,PASS
,,,DIE,,,,,,,,,,,,,,,,,,,,,,16,5,PASS
,,,DIE,,,,,,,,,,,,,,,,,,,,,,17,5,PASS
,,,DIE,,,,,,,,,,,,,,,,,,,,,,16,6,PASS
,,,DIE,,,,,,,,,,,,,,,,,,,,,,17,6,PASS
,,,DIE,,,,,,,,,,,,,,,,,,,,,,16,7,PASS
,,,DIE,,,,,,,,,,,,,,,,,,,,,,17,7,PASS
,,,DIE,,,,,,,,,,,,,,,,,,,,,,16,8,PASS
,,,DIE,,,,,,,,,,,,,,,,,,,,,,17,8,PASS
,,,DIE,,,,,,,,,,,,,,,,,,,,,,16,9,PASS
,,,DIE,,,,,,,,,,,,,,,,,,,,,,17,9,PASS
,,,DIE,,,,,,,,,,,,,,,,,,,,,,16,10,PASS
,,,DIE,,,,,,,,,,,,,,,,,,,,,,17,10,PASS
,,,DIE,,,,,,,,,,,,,,,,,,,,,,16,11,PASS
,,,DIE,,,,,,,,,,,,,,,,,,,,,,17,11,PASS
,,,DIE,,,,,,,,,,,,,,,,,,,,,,16,12,PASS
,,,DIE,,,,,,,,,,,,,,,,,,,,,,17,12,PASS
,,,DIE,,,,,,,,,,,,,,,,,,,,,,16,13,PASS
,,,DIE,,,,,,,,,,,,,,,,,,,,,,17,13,PASS
,,,DIE,,,,,,,,,,,,,,,,,,,,,,16,14,PASS
,,,DIE,,,,,,,,,,,,,,,,,,,,,,17,14,PASS
,,,DIE,,,,,,,,,,,,,,,,,,,,,,16,15,PASS
,,,DIE,,,,,,,,,,,,,,,,,,,,,,17,15,PASS
,,,DIE,,,,,,,,,,,,,,,,,,,,,,16,16,PASS
,,,DIE,,,,,,,,,,,,,,,,,,,,,,17,16,PASS
,,,DIE,,,,,,,,,,,,,,,,,,,,,,16,17,PASS
,,,DIE,,,,,,,,,,,,,,,,,,,,,,17,17,PASS
,,,DIE,,,,,,,,,,,,,,,,,,,,,,18,-18,PASS
,,,DIE,,,,,,,,,,,,,,,,,,,,,,19,-18,PASS
,,,DIE,,,,,,,,,,,,,,,,,,,,,,18,-17,PASS
,,,DIE,,,,,,,,,,,,,,,,,,,,,,19,-17,PASS
,,,DIE,,,,,,,,,,,,,,,,,,,,,,18,-16,PASS
,,,DIE,,,,,,,,,,,,,,,,,,,,,,19,-16,PASS
,,,DIE,,,,,,,,,,,,,,,,,,,,,,18,-15,PASS
,,,DIE,,,,,,,,,,,,,,,,,,,,,,19,-15,PASS
,,,DIE,,,,,,,,,,,,,,,,,,,,,,18,-14,PASS
,,,DIE,,,,,,,,,,,,,,,,,,,,,,19,-14,PASS
,,,DIE,,,,,,,,,,,,,,,,,,,,,,18,-13,PASS
,,,DIE,,,,,,,,,,,,,,,,,,,,,,19,-13,PASS
,,,DIE,,,,,,,,,,,,,,,,,,,,,,18,-12,PASS
,,,DIE,,,,,,,,,,,,,,,,,,,,,,19,-12,PASS
,,,DIE,,,,,,,,,,,,,,,,,,,,,,18,-11,PASS
,,,DIE,,,,,,,,,,,,,,,,,,,,,,19,-11,PASS
,,,DIE,,,,,,,,,,,,,,,,,,,,,,18,-10,PASS
,,,DIE,,,,,,,,,,,,,,,,,,,,,,19,-10,PASS
,,,DIE,,,,,,,,,,,,,,,,,,,,,,18,-9,PASS
,,,DIE,,,,,,,,,,,,,,,,,,,,,,19,-9,PASS
,,,DIE,,,,,,,,,,,,,,,,,,,,,,18,-8,PASS
,,,DIE,,,,,,,,,,,,,,,,,,,,,,19,-8,PASS
,,,DIE,,,,,,,,,,,,,,,,,,,,,,18,-7,PASS
,,,DIE,,,,,,,,,,,,,,,,,,,,,,19,-7,PASS
,,,DIE,,,,,,,,,,,,,,,,,,,,,,18,-6,PASS
,,,DIE,,,,,,,,,,,,,,,,,,,,,,19,-6,PASS
,,,DIE,,,,,,,,,,,,,,,,,,,,,,18,-5,PASS
,,,DIE,,,,,,,,,,,,,,,,,,,,,,19,-5,PASS
,,,DIE,,,,,,,,,,,,,,,,,,,,,,18,-4,PASS
,,,DIE,,,,,,,,,,,,,,,,,,,,,,19,-4,PASS
,,,DIE,,,,,,,,,,,,,,,,,,,,,,18,-3,PASS
,,,DIE,,,,,,,,,,,,,,,,,,,,,,19,-3,PASS
,,,DIE,,,,,,,,,,,,,,,,,,,,,,18,-2,PASS
,,,DIE,,,,,,,,,,,,,,,,,,,,,,19,-2,PASS
,,,DIE,,,,,,,,,,,,,,,,,,,,,,18,-1,PASS
,,,DIE,,,,,,,,,,,,,,,,,,,,,,19,-1,PASS
,,,DIE,,,,,,,,,,,,,,,,,,,,,,18,0,PASS
,,,DIE,,,,,,,,,,,,,,,,,,,,,,19,0,PASS
,,,DIE,,,,,,,,,,,,,,,,,,,,,,18,1,PASS
,,,DIE,,,,,,,,,,,,,,,,,,,,,,19,1,PASS
,,,DIE,,,,,,,,,,,,,,,,,,,,,,18,2,PASS
,,,DIE,,,,,,,,,,,,,,,,,,,,,,19,2,PASS
,,,DIE,,,,,,,,,,,,,,,,,,,,,,18,3,PASS
,,,DIE,,,,,,,,,,,,,,,,,,,,,,19,3,PASS
,,,DIE,,,,,,,,,,,,,,,,,,,,,,18,4,PASS
,,,DIE,,,,,,,,,,,,,,,,,,,,,,19,4,PASS
,,,DIE,,,,,,,,,,,,,,,,,,,,,,18,5,PASS
,,,DIE,,,,,,,,,,,,,,,,,,,,,,19,5,PASS
,,,DIE,,,,,,,,,,,,,,,,,,,,,,18,6,PASS
,,,DIE,,,,,,,,,,,,,,,,,,,,,,19,6,PASS
,,,DIE,,,,,,,,,,,,,,,,,,,,,,18,7,PASS
,,,DIE,,,,,,,,,,,,,,,,,,,,,,19,7,PASS
,,,DIE,,,,,,,,,,,,,,,,,,,,,,18,8,PASS
,,,DIE,,,,,,,,,,,,,,,,,,,,,,19,8,PASS
,,,DIE,,,,,,,,,,,,,,,,,,,,,,18,9,PASS
,,,DIE,,,,,,,,,,,,,,,,,,,,,,19,9,PASS
,,,DIE,,,,,,,,,,,,,,,,,,,,,,18,10,PASS
,,,DIE,,,,,,,,,,,,,,,,,,,,,,19,10,PASS
,,,DIE,,,,,,,,,,,,,,,,,,,,,,18,11,PASS
,,,DIE,,,,,,,,,,,,,,,,,,,,,,19,11,PASS
,,,DIE,,,,,,,,,,,,,,,,,,,,,,18,12,PASS
,,,DIE,,,,,,,,,,,,,,,,,,,,,,19,12,PASS
,,,DIE,,,,,,,,,,,,,,,,,,,,,,18,13,PASS
,,,DIE,,,,,,,,,,,,,,,,,,,,,,19,13,PASS
,,,DIE,,,,,,,,,,,,,,,,,,,,,,18,14,PASS
,,,DIE,,,,,,,,,,,,,,,,,,,,,,19,14,PASS
,,,DIE,,,,,,,,,,,,,,,,,,,,,,18,15,PASS
,,,DIE,,,,,,,,,,,,,,,,,,,,,,19,15,PASS
,,,DIE,,,,,,,,,,,,,,,,,,,,,,18,16,PASS
,,,DIE,,,,,,,,,,,,,,,,,,,,,,19,16,PASS
,,,DIE,,,,,,,,,,,,,,,,,,,,,,18,17,PASS
,,,DIE,,,,,,,,,,,,,,,,,,,,,,19,17,PASS
,,,DIE,,,,,,,,,,,,,,,,,,,,,,20,-16,PASS
,,,DIE,,,,,,,,,,,,,,,,,,,,,,21,-16,PASS
,,,DIE,,,,,,,,,,,,,,,,,,,,,,20,-15,PASS
,,,DIE,,,,,,,,,,,,,,,,,,,,,,21,-15,PASS
,,,DIE,,,,,,,,,,,,,,,,,,,,,,20,-14,PASS
,,,DIE,,,,,,,,,,,,,,,,,,,,,,21,-14,PASS
,,,DIE,,,,,,,,,,,,,,,,,,,,,,20,-13,PASS
,,,DIE,,,,,,,,,,,,,,,,,,,,,,21,-13,PASS
,,,DIE,,,,,,,,,,,,,,,,,,,,,,20,-12,PASS
,,,DIE,,,,,,,,,,,,,,,,,,,,,,21,-12,PASS
,,,DIE,,,,,,,,,,,,,,,,,,,,,,20,-11,PASS
,,,DIE,,,,,,,,,,,,,,,,,,,,,,21,-11,PASS
,,,DIE,,,,,,,,,,,,,,,,,,,,,,20,-10,PASS
,,,DIE,,,,,,,,,,,,,,,,,,,,,,21,-10,PASS
,,,DIE,,,,,,,,,,,,,,,,,,,,,,20,-9,PASS
,,,DIE,,,,,,,,,,,,,,,,,,,,,,21,-9,PASS
,,,DIE,,,,,,,,,,,,,,,,,,,,,,20,-8,PASS
,,,DIE,,,,,,,,,,,,,,,,,,,,,,21,-8,PASS
,,,DIE,,,,,,,,,,,,,,,,,,,,,,20,-7,PASS
,,,DIE,,,,,,,,,,,,,,,,,,,,,,21,-7,PASS
,,,DIE,,,,,,,,,,,,,,,,,,,,,,20,-6,PASS
,,,DIE,,,,,,,,,,,,,,,,,,,,,,21,-6,PASS
,,,DIE,,,,,,,,,,,,,,,,,,,,,,20,-5,PASS
,,,DIE,,,,,,,,,,,,,,,,,,,,,,21,-5,PASS
,,,DIE,,,,,,,,,,,,,,,,,,,,,,20,-4,PASS
,,,DIE,,,,,,,,,,,,,,,,,,,,,,21,-4,PASS
,,,DIE,,,,,,,,,,,,,,,,,,,,,,20,-3,PASS
,,,DIE,,,,,,,,,,,,,,,,,,,,,,21,-3,PASS
,,,DIE,,,,,,,,,,,,,,,,,,,,,,20,-2,PASS
,,,DIE,,,,,,,,,,,,,,,,,,,,,,21,-2,PASS
,,,DIE,,,,,,,,,,,,,,,,,,,,,,20,-1,PASS
,,,DIE,,,,,,,,,,,,,,,,,,,,,,21,-1,PASS
,,,DIE,,,,,,,,,,,,,,,,,,,,,,20,0,PASS
,,,DIE,,,,,,,,,,,,,,,,,,,,,,21,0,PASS
,,,DIE,,,,,,,,,,,,,,,,,,,,,,20,1,PASS
,,,DIE,,,,,,,,,,,,,,,,,,,,,,21,1,PASS
,,,DIE,,,,,,,,,,,,,,,,,,,,,,20,2,PASS
,,,DIE,,,,,,,,,,,,,,,,,,,,,,21,2,PASS
,,,DIE,,,,,,,,,,,,,,,,,,,,,,20,3,PASS
,,,DIE,,,,,,,,,,,,,,,,,,,,,,21,3,PASS
,,,DIE,,,,,,,,,,,,,,,,,,,,,,20,4,PASS
,,,DIE,,,,,,,,,,,,,,,,,,,,,,21,4,PASS
,,,DIE,,,,,,,,,,,,,,,,,,,,,,20,5,PASS
,,,DIE,,,,,,,,,,,,,,,,,,,,,,21,5,PASS
,,,DIE,,,,,,,,,,,,,,,,,,,,,,20,6,PASS
,,,DIE,,,,,,,,,,,,,,,,,,,,,,21,6,PASS
,,,DIE,,,,,,,,,,,,,,,,,,,,,,20,7,PASS
,,,DIE,,,,,,,,,,,,,,,,,,,,,,21,7,PASS
,,,DIE,,,,,,,,,,,,,,,,,,,,,,20,8,PASS
,,,DIE,,,,,,,,,,,,,,,,,,,,,,21,8,PASS
,,,DIE,,,,,,,,,,,,,,,,,,,,,,20,9,PASS
,,,DIE,,,,,,,,,,,,,,,,,,,,,,21,9,PASS
,,,DIE,,,,,,,,,,,,,,,,,,,,,,20,10,PASS
,,,DIE,,,,,,,,,,,,,,,,,,,,,,21,10,PASS
,,,DIE,,,,,,,,,,,,,,,,,,,,,,20,11,PASS
,,,DIE,,,,,,,,,,,,,,,,,,,,,,21,11,PASS
,,,DIE,,,,,,,,,,,,,,,,,,,,,,20,12,PASS
,,,DIE,,,,,,,,,,,,,,,,,,,,,,21,12,PASS
,,,DIE,,,,,,,,,,,,,,,,,,,,,,20,13,PASS
,,,DIE,,,,,,,,,,,,,,,,,,,,,,21,13,PASS
,,,DIE,,,,,,,,,,,,,,,,,,,,,,20,14,PASS
,,,DIE,,,,,,,,,,,,,,,,,,,,,,21,14,PASS
,,,DIE,,,,,,,,,,,,,,,,,,,,,,20,15,PASS
,,,DIE,,,,,,,,,,,,,,,,,,,,,,21,15,PASS
,,,DIE,,,,,,,,,,,,,,,,,,,,,,22,-16,PASS
,,,DIE,,,,,,,,,,,,,,,,,,,,,,23,-16,PASS
,,,DIE,,,,,,,,,,,,,,,,,,,,,,22,-15,PASS
,,,DIE,,,,,,,,,,,,,,,,,,,,,,23,-15,PASS
,,,DIE,,,,,,,,,,,,,,,,,,,,,,22,-14,PASS
,,,DIE,,,,,,,,,,,,,,,,,,,,,,23,-14,PASS
,,,DIE,,,,,,,,,,,,,,,,,,,,,,22,-13,PASS
,,,DIE,,,,,,,,,,,,,,,,,,,,,,23,-13,PASS
,,,DIE,,,,,,,,,,,,,,,,,,,,,,22,-12,PASS
,,,DIE,,,,,,,,,,,,,,,,,,,,,,23,-12,PASS
,,,DIE,,,,,,,,,,,,,,,,,,,,,,22,-11,PASS
,,,DIE,,,,,,,,,,,,,,,,,,,,,,23,-11,PASS
,,,DIE,,,,,,,,,,,,,,,,,,,,,,22,-10,PASS
,,,DIE,,,,,,,,,,,,,,,,,,,,,,23,-10,PASS
,,,DIE,,,,,,,,,,,,,,,,,,,,,,22,-9,PASS
,,,DIE,,,,,,,,,,,,,,,,,,,,,,23,-9,PASS
,,,DIE,,,,,,,,,,,,,,,,,,,,,,22,-8,PASS
,,,DIE,,,,,,,,,,,,,,,,,,,,,,23,-8,PASS
,,,DIE,,,,,,,,,,,,,,,,,,,,,,22,-7,PASS
,,,DIE,,,,,,,,,,,,,,,,,,,,,,23,-7,PASS
,,,DIE,,,,,,,,,,,,,,,,,,,,,,22,-6,PASS
,,,DIE,,,,,,,,,,,,,,,,,,,,,,23,-6,PASS
,,,DIE,,,,,,,,,,,,,,,,,,,,,,22,-5,PASS
,,,DIE,,,,,,,,,,,,,,,,,,,,,,23,-5,PASS
,,,DIE,,,,,,,,,,,,,,,,,,,,,,22,-4,PASS
,,,DIE,,,,,,,,,,,,,,,,,,,,,,23,-4,PASS
,,,DIE,,,,,,,,,,,,,,,,,,,,,,22,-3,PASS
,,,DIE,,,,,,,,,,,,,,,,,,,,,,23,-3,PASS
,,,DIE,,,,,,,,,,,,,,,,,,,,,,22,-2,PASS
,,,DIE,,,,,,,,,,,,,,,,,,,,,,23,-2,PASS
,,,DIE,,,,,,,,,,,,,,,,,,,,,,22,-1,PASS
,,,DIE,,,,,,,,,,,,,,,,,,,,,,23,-1,PASS
,,,DIE,,,,,,,,,,,,,,,,,,,,,,22,0,PASS
,,,DIE,,,,,,,,,,,,,,,,,,,,,,23,0,PASS
,,,DIE,,,,,,,,,,,,,,,,,,,,,,22,1,PASS
,,,DIE,,,,,,,,,,,,,,,,,,,,,,23,1,PASS
,,,DIE,,,,,,,,,,,,,,,,,,,,,,22,2,PASS
,,,DIE,,,,,,,,,,,,,,,,,,,,,,23,2,PASS
,,,DIE,,,,,,,,,,,,,,,,,,,,,,22,3,PASS
,,,DIE,,,,,,,,,,,,,,,,,,,,,,23,3,PASS
,,,DIE,,,,,,,,,,,,,,,,,,,,,,22,4,PASS
,,,DIE,,,,,,,,,,,,,,,,,,,,,,23,4,PASS
,,,DIE,,,,,,,,,,,,,,,,,,,,,,22,5,PASS
,,,DIE,,,,,,,,,,,,,,,,,,,,,,23,5,PASS
,,,DIE,,,,,,,,,,,,,,,,,,,,,,22,6,PASS
,,,DIE,,,,,,,,,,,,,,,,,,,,,,23,6,PASS
,,,DIE,,,,,,,,,,,,,,,,,,,,,,22,7,PASS
,,,DIE,,,,,,,,,,,,,,,,,,,,,,23,7,PASS
,,,DIE,,,,,,,,,,,,,,,,,,,,,,22,8,PASS
,,,DIE,,,,,,,,,,,,,,,,,,,,,,23,8,PASS
,,,DIE,,,,,,,,,,,,,,,,,,,,,,22,9,PASS
,,,DIE,,,,,,,,,,,,,,,,,,,,,,23,9,PASS
,,,DIE,,,,,,,,,,,,,,,,,,,,,,22,10,PASS
,,,DIE,,,,,,,,,,,,,,,,,,,,,,23,10,PASS
,,,DIE,,,,,,,,,,,,,,,,,,,,,,22,11,PASS
,,,DIE,,,,,,,,,,,,,,,,,,,,,,23,11,PASS
,,,DIE,,,,,,,,,,,,,,,,,,,,,,22,12,PASS
,,,DIE,,,,,,,,,,,,,,,,,,,,,,23,12,PASS
,,,DIE,,,,,,,,,,,,,,,,,,,,,,22,13,PASS
,,,DIE,,,,,,,,,,,,,,,,,,,,,,23,13,PASS
,,,DIE,,,,,,,,,,,,,,,,,,,,,,22,14,PASS
,,,DIE,,,,,,,,,,,,,,,,,,,,,,23,14,PASS
,,,DIE,,,,,,,,,,,,,,,,,,,,,,22,15,PASS
,,,DIE,,,,,,,,,,,,,,,,,,,,,,23,15,PASS
,,,DIE,,,,,,,,,,,,,,,,,,,,,,24,-16,PASS
,,,DIE,,,,,,,,,,,,,,,,,,,,,,25,-16,FAIL
,,,DIE,,,,,,,,,,,,,,,,,,,,,,24,-15,PASS
,,,DIE,,,,,,,,,,,,,,,,,,,,,,25,-15,PASS
,,,DIE,,,,,,,,,,,,,,,,,,,,,,24,-14,PASS
,,,DIE,,,,,,,,,,,,,,,,,,,,,,25,-14,PASS
,,,DIE,,,,,,,,,,,,,,,,,,,,,,24,-13,PASS
,,,DIE,,,,,,,,,,,,,,,,,,,,,,25,-13,PASS
,,,DIE,,,,,,,,,,,,,,,,,,,,,,24,-12,PASS
,,,DIE,,,,,,,,,,,,,,,,,,,,,,25,-12,PASS
,,,DIE,,,,,,,,,,,,,,,,,,,,,,24,-11,PASS
,,,DIE,,,,,,,,,,,,,,,,,,,,,,25,-11,PASS
,,,DIE,,,,,,,,,,,,,,,,,,,,,,24,-10,PASS
,,,DIE,,,,,,,,,,,,,,,,,,,,,,25,-10,PASS
,,,DIE,,,,,,,,,,,,,,,,,,,,,,24,-9,PASS
,,,DIE,,,,,,,,,,,,,,,,,,,,,,25,-9,PASS
,,,DIE,,,,,,,,,,,,,,,,,,,,,,24,-8,PASS
,,,DIE,,,,,,,,,,,,,,,,,,,,,,25,-8,PASS
,,,DIE,,,,,,,,,,,,,,,,,,,,,,24,-7,PASS
,,,DIE,,,,,,,,,,,,,,,,,,,,,,25,-7,PASS
,,,DIE,,,,,,,,,,,,,,,,,,,,,,24,-6,PASS
,,,DIE,,,,,,,,,,,,,,,,,,,,,,25,-6,PASS
,,,DIE,,,,,,,,,,,,,,,,,,,,,,24,-5,PASS
,,,DIE,,,,,,,,,,,,,,,,,,,,,,25,-5,PASS
,,,DIE,,,,,,,,,,,,,,,,,,,,,,24,-4,PASS
,,,DIE,,,,,,,,,,,,,,,,,,,,,,25,-4,PASS
,,,DIE,,,,,,,,,,,,,,,,,,,,,,24,-3,PASS
,,,DIE,,,,,,,,,,,,,,,,,,,,,,25,-3,PASS
,,,DIE,,,,,,,,,,,,,,,,,,,,,,24,-2,PASS
,,,DIE,,,,,,,,,,,,,,,,,,,,,,25,-2,PASS
,,,DIE,,,,,,,,,,,,,,,,,,,,,,24,-1,PASS
,,,DIE,,,,,,,,,,,,,,,,,,,,,,25,-1,PASS
,,,DIE,,,,,,,,,,,,,,,,,,,,,,24,0,PASS
,,,DIE,,,,,,,,,,,,,,,,,,,,,,25,0,PASS
,,,DIE,,,,,,,,,,,,,,,,,,,,,,24,1,PASS
,,,DIE,,,,,,,,,,,,,,,,,,,,,,25,1,PASS
,,,DIE,,,,,,,,,,,,,,,,,,,,,,24,2,PASS
,,,DIE,,,,,,,,,,,,,,,,,,,,,,25,2,PASS
,,,DIE,,,,,,,,,,,,,,,,,,,,,,24,3,PASS
,,,DIE,,,,,,,,,,,,,,,,,,,,,,25,3,PASS
,,,DIE,,,,,,,,,,,,,,,,,,,,,,24,4,PASS
,,,DIE,,,,,,,,,,,,,,,,,,,,,,25,4,PASS
,,,DIE,,,,,,,,,,,,,,,,,,,,,,24,5,PASS
,,,DIE,,,,,,,,,,,,,,,,,,,,,,25,5,PASS
,,,DIE,,,,,,,,,,,,,,,,,,,,,,24,6,PASS
,,,DIE,,,,,,,,,,,,,,,,,,,,,,25,6,PASS
,,,DIE,,,,,,,,,,,,,,,,,,,,,,24,7,PASS
,,,DIE,,,,,,,,,,,,,,,,,,,,,,25,7,PASS
,,,DIE,,,,,,,,,,,,,,,,,,,,,,24,8,PASS
,,,DIE,,,,,,,,,,,,,,,,,,,,,,25,8,PASS
,,,DIE,,,,,,,,,,,,,,,,,,,,,,24,9,PASS
,,,DIE,,,,,,,,,,,,,,,,,,,,,,25,9,PASS
,,,DIE,,,,,,,,,,,,,,,,,,,,,,24,10,PASS
,,,DIE,,,,,,,,,,,,,,,,,,,,,,25,10,PASS
,,,DIE,,,,,,,,,,,,,,,,,,,,,,24,11,PASS
,,,DIE,,,,,,,,,,,,,,,,,,,,,,25,11,PASS
,,,DIE,,,,,,,,,,,,,,,,,,,,,,24,12,PASS
,,,DIE,,,,,,,,,,,,,,,,,,,,,,25,12,PASS
,,,DIE,,,,,,,,,,,,,,,,,,,,,,24,13,PASS
,,,DIE,,,,,,,,,,,,,,,,,,,,,,25,13,PASS
,,,DIE,,,,,,,,,,,,,,,,,,,,,,24,14,PASS
,,,DIE,,,,,,,,,,,,,,,,,,,,,,25,14,PASS
,,,DIE,,,,,,,,,,,,,,,,,,,,,,24,15,PASS
,,,DIE,,,,,,,,,,,,,,,,,,,,,,25,15,FAIL
,,,DIE,,,,,,,,,,,,,,,,,,,,,,26,-14,PASS
,,,DIE,,,,,,,,,,,,,,,,,,,,,,27,-14,PASS
,,,DIE,,,,,,,,,,,,,,,,,,,,,,26,-13,PASS
,,,DIE,,,,,,,,,,,,,,,,,,,,,,27,-13,PASS
,,,DIE,,,,,,,,,,,,,,,,,,,,,,26,-12,PASS
,,,DIE,,,,,,,,,,,,,,,,,,,,,,27,-12,PASS
,,,DIE,,,,,,,,,,,,,,,,,,,,,,26,-11,PASS
,,,DIE,,,,,,,,,,,,,,,,,,,,,,27,-11,PASS
,,,DIE,,,,,,,,,,,,,,,,,,,,,,26,-10,PASS
,,,DIE,,,,,,,,,,,,,,,,,,,,,,27,-10,PASS
,,,DIE,,,,,,,,,,,,,,,,,,,,,,26,-9,PASS
,,,DIE,,,,,,,,,,,,,,,,,,,,,,27,-9,PASS
,,,DIE,,,,,,,,,,,,,,,,,,,,,,26,-8,PASS
,,,DIE,,,,,,,,,,,,,,,,,,,,,,27,-8,PASS
,,,DIE,,,,,,,,,,,,,,,,,,,,,,26,-7,PASS
,,,DIE,,,,,,,,,,,,,,,,,,,,,,27,-7,PASS
,,,DIE,,,,,,,,,,,,,,,,,,,,,,26,-6,PASS
,,,DIE,,,,,,,,,,,,,,,,,,,,,,27,-6,PASS
,,,DIE,,,,,,,,,,,,,,,,,,,,,,26,-5,PASS
,,,DIE,,,,,,,,,,,,,,,,,,,,,,27,-5,PASS
,,,DIE,,,,,,,,,,,,,,,,,,,,,,26,-4,PASS
,,,DIE,,,,,,,,,,,,,,,,,,,,,,27,-4,PASS
,,,DIE,,,,,,,,,,,,,,,,,,,,,,26,-3,PASS
,,,DIE,,,,,,,,,,,,,,,,,,,,,,27,-3,PASS
,,,DIE,,,,,,,,,,,,,,,,,,,,,,26,-2,PASS
,,,DIE,,,,,,,,,,,,,,,,,,,,,,27,-2,PASS
,,,DIE,,,,,,,,,,,,,,,,,,,,,,26,-1,PASS
,,,DIE,,,,,,,,,,,,,,,,,,,,,,27,-1,PASS
,,,DIE,,,,,,,,,,,,,,,,,,,,,,26,0,PASS
,,,DIE,,,,,,,,,,,,,,,,,,,,,,27,0,PASS
,,,DIE,,,,,,,,,,,,,,,,,,,,,,26,1,PASS
,,,DIE,,,,,,,,,,,,,,,,,,,,,,27,1,PASS
,,,DIE,,,,,,,,,,,,,,,,,,,,,,26,2,PASS
,,,DIE,,,,,,,,,,,,,,,,,,,,,,27,2,PASS
,,,DIE,,,,,,,,,,,,,,,,,,,,,,26,3,PASS
,,,DIE,,,,,,,,,,,,,,,,,,,,,,27,3,PASS
,,,DIE,,,,,,,,,,,,,,,,,,,,,,26,4,PASS
,,,DIE,,,,,,,,,,,,,,,,,,,,,,27,4,PASS
,,,DIE,,,,,,,,,,,,,,,,,,,,,,26,5,PASS
,,,DIE,,,,,,,,,,,,,,,,,,,,,,27,5,PASS
,,,DIE,,,,,,,,,,,,,,,,,,,,,,26,6,PASS
,,,DIE,,,,,,,,,,,,,,,,,,,,,,27,6,PASS
,,,DIE,,,,,,,,,,,,,,,,,,,,,,26,7,PASS
,,,DIE,,,,,,,,,,,,,,,,,,,,,,27,7,PASS
,,,DIE,,,,,,,,,,,,,,,,,,,,,,26,8,PASS
,,,DIE,,,,,,,,,,,,,,,,,,,,,,27,8,PASS
,,,DIE,,,,,,,,,,,,,,,,,,,,,,26,9,PASS
,,,DIE,,,,,,,,,,,,,,,,,,,,,,27,9,PASS
,,,DIE,,,,,,,,,,,,,,,,,,,,,,26,10,PASS
,,,DIE,,,,,,,,,,,,,,,,,,,,,,27,10,PASS
,,,DIE,,,,,,,,,,,,,,,,,,,,,,26,11,PASS
,,,DIE,,,,,,,,,,,,,,,,,,,,,,27,11,PASS
,,,DIE,,,,,,,,,,,,,,,,,,,,,,26,12,PASS
,,,DIE,,,,,,,,,,,,,,,,,,,,,,27,12,PASS
,,,DIE,,,,,,,,,,,,,,,,,,,,,,26,13,PASS
,,,DIE,,,,,,,,,,,,,,,,,,,,,,27,13,PASS
,,,DIE,,,,,,,,,,,,,,,,,,,,,,28,-14,PASS
,,,DIE,,,,,,,,,,,,,,,,,,,,,,29,-14,PASS
,,,DIE,,,,,,,,,,,,,,,,,,,,,,28,-13,PASS
,,,DIE,,,,,,,,,,,,,,,,,,,,,,29,-13,PASS
,,,DIE,,,,,,,,,,,,,,,,,,,,,,28,-12,PASS
,,,DIE,,,,,,,,,,,,,,,,,,,,,,29,-12,PASS
,,,DIE,,,,,,,,,,,,,,,,,,,,,,28,-11,PASS
,,,DIE,,,,,,,,,,,,,,,,,,,,,,29,-11,PASS
,,,DIE,,,,,,,,,,,,,,,,,,,,,,28,-10,PASS
,,,DIE,,,,,,,,,,,,,,,,,,,,,,29,-10,PASS
,,,DIE,,,,,,,,,,,,,,,,,,,,,,28,-9,PASS
,,,DIE,,,,,,,,,,,,,,,,,,,,,,29,-9,PASS
,,,DIE,,,,,,,,,,,,,,,,,,,,,,28,-8,PASS
,,,DIE,,,,,,,,,,,,,,,,,,,,,,29,-8,PASS
,,,DIE,,,,,,,,,,,,,,,,,,,,,,28,-7,PASS
,,,DIE,,,,,,,,,,,,,,,,,,,,,,29,-7,PASS
,,,DIE,,,,,,,,,,,,,,,,,,,,,,28,-6,PASS
,,,DIE,,,,,,,,,,,,,,,,,,,,,,29,-6,PASS
,,,DIE,,,,,,,,,,,,,,,,,,,,,,28,-5,PASS
,,,DIE,,,,,,,,,,,,,,,,,,,,,,29,-5,PASS
,,,DIE,,,,,,,,,,,,,,,,,,,,,,28,-4,PASS
,,,DIE,,,,,,,,,,,,,,,,,,,,,,29,-4,PASS
,,,DIE,,,,,,,,,,,,,,,,,,,,,,28,-3,PASS
,,,DIE,,,,,,,,,,,,,,,,,,,,,,29,-3,PASS
,,,DIE,,,,,,,,,,,,,,,,,,,,,,28,-2,PASS
,,,DIE,,,,,,,,,,,,,,,,,,,,,,29,-2,PASS
,,,DIE,,,,,,,,,,,,,,,,,,,,,,28,-1,PASS
,,,DIE,,,,,,,,,,,,,,,,,,,,,,29,-1,PASS
,,,DIE,,,,,,,,,,,,,,,,,,,,,,28,0,PASS
,,,DIE,,,,,,,,,,,,,,,,,,,,,,29,0,PASS
,,,DIE,,,,,,,,,,,,,,,,,,,,,,28,1,PASS
,,,DIE,,,,,,,,,,,,,,,,,,,,,,29,1,PASS
,,,DIE,,,,,,,,,,,,,,,,,,,,,,28,2,PASS
,,,DIE,,,,,,,,,,,,,,,,,,,,,,29,2,PASS
,,,DIE,,,,,,,,,,,,,,,,,,,,,,28,3,PASS
,,,DIE,,,,,,,,,,,,,,,,,,,,,,29,3,PASS
,,,DIE,,,,,,,,,,,,,,,,,,,,,,28,4,PASS
,,,DIE,,,,,,,,,,,,,,,,,,,,,,29,4,PASS
,,,DIE,,,,,,,,,,,,,,,,,,,,,,28,5,PASS
,,,DIE,,,,,,,,,,,,,,,,,,,,,,29,5,PASS
,,,DIE,,,,,,,,,,,,,,,,,,,,,,28,6,PASS
,,,DIE,,,,,,,,,,,,,,,,,,,,,,29,6,PASS
,,,DIE,,,,,,,,,,,,,,,,,,,,,,28,7,PASS
,,,DIE,,,,,,,,,,,,,,,,,,,,,,29,7,PASS
,,,DIE,,,,,,,,,,,,,,,,,,,,,,28,8,PASS
,,,DIE,,,,,,,,,,,,,,,,,,,,,,29,8,PASS
,,,DIE,,,,,,,,,,,,,,,,,,,,,,28,9,PASS
,,,DIE,,,,,,,,,,,,,,,,,,,,,,29,9,PASS
,,,DIE,,,,,,,,,,,,,,,,,,,,,,28,10,PASS
,,,DIE,,,,,,,,,,,,,,,,,,,,,,29,10,PASS
,,,DIE,,,,,,,,,,,,,,,,,,,,,,28,11,PASS
,,,DIE,,,,,,,,,,,,,,,,,,,,,,29,11,PASS
,,,DIE,,,,,,,,,,,,,,,,,,,,,,28,12,PASS
,,,DIE,,,,,,,,,,,,,,,,,,,,,,29,12,PASS
,,,DIE,,,,,,,,,,,,,,,,,,,,,,28,13,PASS
,,,DIE,,,,,,,,,,,,,,,,,,,,,,29,13,PASS
,,,DIE,,,,,,,,,,,,,,,,,,,,,,30,-12,PASS
,,,DIE,,,,,,,,,,,,,,,,,,,,,,31,-12,PASS
,,,DIE,,,,,,,,,,,,,,,,,,,,,,30,-11,PASS
,,,DIE,,,,,,,,,,,,,,,,,,,,,,31,-11,PASS
,,,DIE,,,,,,,,,,,,,,,,,,,,,,30,-10,PASS
,,,DIE,,,,,,,,,,,,,,,,,,,,,,31,-10,PASS
,,,DIE,,,,,,,,,,,,,,,,,,,,,,30,-9,PASS
,,,DIE,,,,,,,,,,,,,,,,,,,,,,31,-9,PASS
,,,DIE,,,,,,,,,,,,,,,,,,,,,,30,-8,PASS
,,,DIE,,,,,,,,,,,,,,,,,,,,,,31,-8,PASS
,,,DIE,,,,,,,,,,,,,,,,,,,,,,30,-7,PASS
,,,DIE,,,,,,,,,,,,,,,,,,,,,,31,-7,PASS
,,,DIE,,,,,,,,,,,,,,,,,,,,,,30,-6,PASS
,,,DIE,,,,,,,,,,,,,,,,,,,,,,31,-6,PASS
,,,DIE,,,,,,,,,,,,,,,,,,,,,,30,-5,PASS
,,,DIE,,,,,,,,,,,,,,,,,,,,,,31,-5,PASS
,,,DIE,,,,,,,,,,,,,,,,,,,,,,30,-4,PASS
,,,DIE,,,,,,,,,,,,,,,,,,,,,,31,-4,PASS
,,,DIE,,,,,,,,,,,,,,,,,,,,,,30,-3,PASS
,,,DIE,,,,,,,,,,,,,,,,,,,,,,31,-3,PASS
,,,DIE,,,,,,,,,,,,,,,,,,,,,,30,-2,PASS
,,,DIE,,,,,,,,,,,,,,,,,,,,,,31,-2,PASS
,,,DIE,,,,,,,,,,,,,,,,,,,,,,30,-1,PASS
,,,DIE,,,,,,,,,,,,,,,,,,,,,,31,-1,PASS
,,,DIE,,,,,,,,,,,,,,,,,,,,,,30,0,PASS
,,,DIE,,,,,,,,,,,,,,,,,,,,,,31,0,PASS
,,,DIE,,,,,,,,,,,,,,,,,,,,,,30,1,PASS
,,,DIE,,,,,,,,,,,,,,,,,,,,,,31,1,PASS
,,,DIE,,,,,,,,,,,,,,,,,,,,,,30,2,PASS
,,,DIE,,,,,,,,,,,,,,,,,,,,,,31,2,PASS
,,,DIE,,,,,,,,,,,,,,,,,,,,,,30,3,PASS
,,,DIE,,,,,,,,,,,,,,,,,,,,,,31,3,PASS
,,,DIE,,,,,,,,,,,,,,,,,,,,,,30,4,PASS
,,,DIE,,,,,,,,,,,,,,,,,,,,,,31,4,PASS
,,,DIE,,,,,,,,,,,,,,,,,,,,,,30,5,PASS
,,,DIE,,,,,,,,,,,,,,,,,,,,,,31,5,PASS
,,,DIE,,,,,,,,,,,,,,,,,,,,,,30,6,PASS
,,,DIE,,,,,,,,,,,,,,,,,,,,,,31,6,PASS
,,,DIE,,,,,,,,,,,,,,,,,,,,,,30,7,PASS
,,,DIE,,,,,,,,,,,,,,,,,,,,,,31,7,PASS
,,,DIE,,,,,,,,,,,,,,,,,,,,,,30,8,PASS
,,,DIE,,,,,,,,,,,,,,,,,,,,,,31,8,PASS
,,,DIE,,,,,,,,,,,,,,,,,,,,,,30,9,PASS
,,,DIE,,,,,,,,,,,,,,,,,,,,,,31,9,PASS
,,,DIE,,,,,,,,,,,,,,,,,,,,,,30,10,PASS
,,,DIE,,,,,,,,,,,,,,,,,,,,,,31,10,PASS
,,,DIE,,,,,,,,,,,,,,,,,,,,,,30,11,PASS
,,,DIE,,,,,,,,,,,,,,,,,,,,,,31,11,PASS
,,,DIE,,,,,,,,,,,,,,,,,,,,,,30,12,PASS
,,,DIE,,,,,,,,,,,,,,,,,,,,,,31,12,PASS
,,,DIE,,,,,,,,,,,,,,,,,,,,,,30,13,PASS
,,,DIE,,,,,,,,,,,,,,,,,,,,,,31,13,PASS
,,,DIE,,,,,,,,,,,,,,,,,,,,,,32,-12,PASS
,,,DIE,,,,,,,,,,,,,,,,,,,,,,33,-12,PASS
,,,DIE,,,,,,,,,,,,,,,,,,,,,,32,-11,PASS
,,,DIE,,,,,,,,,,,,,,,,,,,,,,33,-11,PASS
,,,DIE,,,,,,,,,,,,,,,,,,,,,,32,-10,PASS
,,,DIE,,,,,,,,,,,,,,,,,,,,,,33,-10,PASS
,,,DIE,,,,,,,,,,,,,,,,,,,,,,32,-9,PASS
,,,DIE,,,,,,,,,,,,,,,,,,,,,,33,-9,PASS
,,,DIE,,,,,,,,,,,,,,,,,,,,,,32,-8,PASS
,,,DIE,,,,,,,,,,,,,,,,,,,,,,33,-8,PASS
,,,DIE,,,,,,,,,,,,,,,,,,,,,,32,-7,PASS
,,,DIE,,,,,,,,,,,,,,,,,,,,,,33,-7,PASS
,,,DIE,,,,,,,,,,,,,,,,,,,,,,32,-6,PASS
,,,DIE,,,,,,,,,,,,,,,,,,,,,,33,-6,PASS
,,,DIE,,,,,,,,,,,,,,,,,,,,,,32,-5,PASS
,,,DIE,,,,,,,,,,,,,,,,,,,,,,33,-5,PASS
,,,DIE,,,,,,,,,,,,,,,,,,,,,,32,-4,PASS
,,,DIE,,,,,,,,,,,,,,,,,,,,,,33,-4,PASS
,,,DIE,,,,,,,,,,,,,,,,,,,,,,32,-3,PASS
,,,DIE,,,,,,,,,,,,,,,,,,,,,,33,-3,PASS
,,,DIE,,,,,,,,,,,,,,,,,,,,,,32,-2,PASS
,,,DIE,,,,,,,,,,,,,,,,,,,,,,33,-2,PASS
,,,DIE,,,,,,,,,,,,,,,,,,,,,,32,-1,PASS
,,,DIE,,,,,,,,,,,,,,,,,,,,,,33,-1,PASS
,,,DIE,,,,,,,,,,,,,,,,,,,,,,32,0,PASS
,,,DIE,,,,,,,,,,,,,,,,,,,,,,33,0,PASS
,,,DIE,,,,,,,,,,,,,,,,,,,,,,32,1,PASS
,,,DIE,,,,,,,,,,,,,,,,,,,,,,33,1,PASS
,,,DIE,,,,,,,,,,,,,,,,,,,,,,32,2,PASS
,,,DIE,,,,,,,,,,,,,,,,,,,,,,33,2,PASS
,,,DIE,,,,,,,,,,,,,,,,,,,,,,32,3,PASS
,,,DIE,,,,,,,,,,,,,,,,,,,,,,33,3,PASS
,,,DIE,,,,,,,,,,,,,,,,,,,,,,32,4,PASS
,,,DIE,,,,,,,,,,,,,,,,,,,,,,33,4,PASS
,,,DIE,,,,,,,,,,,,,,,,,,,,,,32,5,PASS
,,,DIE,,,,,,,,,,,,,,,,,,,,,,33,5,PASS
,,,DIE,,,,,,,,,,,,,,,,,,,,,,32,6,PASS
,,,DIE,,,,,,,,,,,,,,,,,,,,,,33,6,PASS
,,,DIE,,,,,,,,,,,,,,,,,,,,,,32,7,PASS
,,,DIE,,,,,,,,,,,,,,,,,,,,,,33,7,PASS
,,,DIE,,,,,,,,,,,,,,,,,,,,,,32,8,PASS
,,,DIE,,,,,,,,,,,,,,,,,,,,,,33,8,PASS
,,,DIE,,,,,,,,,,,,,,,,,,,,,,32,9,PASS
,,,DIE,,,,,,,,,,,,,,,,,,,,,,33,9,PASS
,,,DIE,,,,,,,,,,,,,,,,,,,,,,32,10,PASS
,,,DIE,,,,,,,,,,,,,,,,,,,,,,33,10,PASS
,,,DIE,,,,,,,,,,,,,,,,,,,,,,32,11,PASS
,,,DIE,,,,,,,,,,,,,,,,,,,,,,33,11,PASS
,,,DIE,,,,,,,,,,,,,,,,,,,,,,34,-10,PASS
,,,DIE,,,,,,,,,,,,,,,,,,,,,,35,-10,PASS
,,,DIE,,,,,,,,,,,,,,,,,,,,,,34,-9,PASS
,,,DIE,,,,,,,,,,,,,,,,,,,,,,35,-9,PASS
,,,DIE,,,,,,,,,,,,,,,,,,,,,,34,-8,PASS
,,,DIE,,,,,,,,,,,,,,,,,,,,,,35,-8,PASS
,,,DIE,,,,,,,,,,,,,,,,,,,,,,34,-7,PASS
,,,DIE,,,,,,,,,,,,,,,,,,,,,,35,-7,PASS
,,,DIE,,,,,,,,,,,,,,,,,,,,,,34,-6,PASS
,,,DIE,,,,,,,,,,,,,,,,,,,,,,35,-6,PASS
,,,DIE,,,,,,,,,,,,,,,,,,,,,,34,-5,PASS
,,,DIE,,,,,,,,,,,,,,,,,,,,,,35,-5,PASS
,,,DIE,,,,,,,,,,,,,,,,,,,,,,34,-4,PASS
,,,DIE,,,,,,,,,,,,,,,,,,,,,,35,-4,PASS
,,,DIE,,,,,,,,,,,,,,,,,,,,,,34,-3,PASS
,,,DIE,,,,,,,,,,,,,,,,,,,,,,35,-3,PASS
,,,DIE,,,,,,,,,,,,,,,,,,,,,,34,-2,PASS
,,,DIE,,,,,,,,,,,,,,,,,,,,,,35,-2,PASS
,,,DIE,,,,,,,,,,,,,,,,,,,,,,34,-1,PASS
,,,DIE,,,,,,,,,,,,,,,,,,,,,,35,-1,PASS
,,,DIE,,,,,,,,,,,,,,,,,,,,,,34,0,PASS
,,,DIE,,,,,,,,,,,,,,,,,,,,,,35,0,PASS
,,,DIE,,,,,,,,,,,,,,,,,,,,,,34,1,PASS
,,,DIE,,,,,,,,,,,,,,,,,,,,,,35,1,PASS
,,,DIE,,,,,,,,,,,,,,,,,,,,,,34,2,PASS
,,,DIE,,,,,,,,,,,,,,,,,,,,,,35,2,PASS
,,,DIE,,,,,,,,,,,,,,,,,,,,,,34,3,PASS
,,,DIE,,,,,,,,,,,,,,,,,,,,,,35,3,PASS
,,,DIE,,,,,,,,,,,,,,,,,,,,,,34,4,PASS
,,,DIE,,,,,,,,,,,,,,,,,,,,,,35,4,PASS
,,,DIE,,,,,,,,,,,,,,,,,,,,,,34,5,PASS
,,,DIE,,,,,,,,,,,,,,,,,,,,,,35,5,PASS
,,,DIE,,,,,,,,,,,,,,,,,,,,,,34,6,PASS
,,,DIE,,,,,,,,,,,,,,,,,,,,,,35,6,PASS
,,,DIE,,,,,,,,,,,,,,,,,,,,,,34,7,PASS
,,,DIE,,,,,,,,,,,,,,,,,,,,,,35,7,PASS
,,,DIE,,,,,,,,,,,,,,,,,,,,,,34,8,PASS
,,,DIE,,,,,,,,,,,,,,,,,,,,,,35,8,PASS
,,,DIE,,,,,,,,,,,,,,,,,,,,,,34,9,PASS
,,,DIE,,,,,,,,,,,,,,,,,,,,,,35,9,PASS
,,,DIE,,,,,,,,,,,,,,,,,,,,,,36,-10,PASS
,,,DIE,,,,,,,,,,,,,,,,,,,,,,37,-10,PASS
,,,DIE,,,,,,,,,,,,,,,,,,,,,,36,-9,PASS
,,,DIE,,,,,,,,,,,,,,,,,,,,,,37,-9,FAIL
,,,DIE,,,,,,,,,,,,,,,,,,,,,,36,-8,PASS
,,,DIE,,,,,,,,,,,,,,,,,,,,,,37,-8,PASS
,,,DIE,,,,,,,,,,,,,,,,,,,,,,36,-7,PASS
,,,DIE,,,,,,,,,,,,,,,,,,,,,,37,-7,PASS
,,,DIE,,,,,,,,,,,,,,,,,,,,,,36,-6,PASS
,,,DIE,,,,,,,,,,,,,,,,,,,,,,37,-6,PASS
,,,DIE,,,,,,,,,,,,,,,,,,,,,,36,-5,PASS
,,,DIE,,,,,,,,,,,,,,,,,,,,,,37,-5,PASS
,,,DIE,,,,,,,,,,,,,,,,,,,,,,36,-4,PASS
,,,DIE,,,,,,,,,,,,,,,,,,,,,,37,-4,PASS
,,,DIE,,,,,,,,,,,,,,,,,,,,,,36,-3,PASS
,,,DIE,,,,,,,,,,,,,,,,,,,,,,37,-3,PASS
,,,DIE,,,,,,,,,,,,,,,,,,,,,,36,-2,PASS
,,,DIE,,,,,,,,,,,,,,,,,,,,,,37,-2,PASS
,,,DIE,,,,,,,,,,,,,,,,,,,,,,36,-1,PASS
,,,DIE,,,,,,,,,,,,,,,,,,,,,,37,-1,PASS
,,,DIE,,,,,,,,,,,,,,,,,,,,,,36,0,PASS
,,,DIE,,,,,,,,,,,,,,,,,,,,,,37,0,PASS
,,,DIE,,,,,,,,,,,,,,,,,,,,,,36,1,PASS
,,,DIE,,,,,,,,,,,,,,,,,,,,,,37,1,PASS
,,,DIE,,,,,,,,,,,,,,,,,,,,,,36,2,PASS
,,,DIE,,,,,,,,,,,,,,,,,,,,,,37,2,PASS
,,,DIE,,,,,,,,,,,,,,,,,,,,,,36,3,PASS
,,,DIE,,,,,,,,,,,,,,,,,,,,,,37,3,PASS
,,,DIE,,,,,,,,,,,,,,,,,,,,,,36,4,PASS
,,,DIE,,,,,,,,,,,,,,,,,,,,,,37,4,PASS
,,,DIE,,,,,,,,,,,,,,,,,,,,,,36,5,PASS
,,,DIE,,,,,,,,,,,,,,,,,,,,,,37,5,PASS
,,,DIE,,,,,,,,,,,,,,,,,,,,,,36,6,PASS
,,,DIE,,,,,,,,,,,,,,,,,,,,,,37,6,PASS
,,,DIE,,,,,,,,,,,,,,,,,,,,,,36,7,PASS
,,,DIE,,,,,,,,,,,,,,,,,,,,,,37,7,PASS
,,,DIE,,,,,,,,,,,,,,,,,,,,,,36,8,PASS
,,,DIE,,,,,,,,,,,,,,,,,,,,,,37,8,PASS
,,,DIE,,,,,,,,,,,,,,,,,,,,,,36,9,PASS
,,,DIE,,,,,,,,,,,,,,,,,,,,,,37,9,PASS
,,,DIE,,,,,,,,,,,,,,,,,,,,,,38,-8,PASS
,,,DIE,,,,,,,,,,,,,,,,,,,,,,39,-8,FAIL
,,,DIE,,,,,,,,,,,,,,,,,,,,,,38,-7,PASS
,,,DIE,,,,,,,,,,,,,,,,,,,,,,39,-7,PASS
,,,DIE,,,,,,,,,,,,,,,,,,,,,,38,-6,PASS
,,,DIE,,,,,,,,,,,,,,,,,,,,,,39,-6,PASS
,,,DIE,,,,,,,,,,,,,,,,,,,,,,38,-5,PASS
,,,DIE,,,,,,,,,,,,,,,,,,,,,,39,-5,PASS
,,,DIE,,,,,,,,,,,,,,,,,,,,,,38,-4,PASS
,,,DIE,,,,,,,,,,,,,,,,,,,,,,39,-4,PASS
,,,DIE,,,,,,,,,,,,,,,,,,,,,,38,-3,PASS
,,,DIE,,,,,,,,,,,,,,,,,,,,,,39,-3,PASS
,,,DIE,,,,,,,,,,,,,,,,,,,,,,38,-2,PASS
,,,DIE,,,,,,,,,,,,,,,,,,,,,,39,-2,PASS
,,,DIE,,,,,,,,,,,,,,,,,,,,,,38,-1,PASS
,,,DIE,,,,,,,,,,,,,,,,,,,,,,39,-1,PASS
,,,DIE,,,,,,,,,,,,,,,,,,,,,,38,0,PASS
,,,DIE,,,,,,,,,,,,,,,,,,,,,,39,0,PASS
,,,DIE,,,,,,,,,,,,,,,,,,,,,,38,1,PASS
,,,DIE,,,,,,,,,,,,,,,,,,,,,,39,1,PASS
,,,DIE,,,,,,,,,,,,,,,,,,,,,,38,2,PASS
,,,DIE,,,,,,,,,,,,,,,,,,,,,,39,2,PASS
,,,DIE,,,,,,,,,,,,,,,,,,,,,,38,3,PASS
,,,DIE,,,,,,,,,,,,,,,,,,,,,,39,3,PASS
,,,DIE,,,,,,,,,,,,,,,,,,,,,,38,4,PASS
,,,DIE,,,,,,,,,,,,,,,,,,,,,,39,4,PASS
,,,DIE,,,,,,,,,,,,,,,,,,,,,,38,5,PASS
,,,DIE,,,,,,,,,,,,,,,,,,,,,,39,5,PASS
,,,DIE,,,,,,,,,,,,,,,,,,,,,,38,6,PASS
,,,DIE,,,,,,,,,,,,,,,,,,,,,,39,6,PASS
,,,DIE,,,,,,,,,,,,,,,,,,,,,,38,7,PASS
,,,DIE,,,,,,,,,,,,,,,,,,,,,,39,7,PASS
,,,DIE,,,,,,,,,,,,,,,,,,,,,,40,-4,PASS
,,,DIE,,,,,,,,,,,,,,,,,,,,,,41,-4,PASS
,,,DIE,,,,,,,,,,,,,,,,,,,,,,40,-3,PASS
,,,DIE,,,,,,,,,,,,,,,,,,,,,,41,-3,PASS
,,,DIE,,,,,,,,,,,,,,,,,,,,,,40,-2,PASS
,,,DIE,,,,,,,,,,,,,,,,,,,,,,41,-2,PASS
,,,DIE,,,,,,,,,,,,,,,,,,,,,,40,-1,PASS
,,,DIE,,,,,,,,,,,,,,,,,,,,,,41,-1,PASS
,,,DIE,,,,,,,,,,,,,,,,,,,,,,40,0,PASS
,,,DIE,,,,,,,,,,,,,,,,,,,,,,41,0,PASS
,,,DIE,,,,,,,,,,,,,,,,,,,,,,40,1,PASS
,,,DIE,,,,,,,,,,,,,,,,,,,,,,41,1,PASS
,,,DIE,,,,,,,,,,,,,,,,,,,,,,40,2,PASS
,,,DIE,,,,,,,,,,,,,,,,,,,,,,41,2,PASS
,,,DIE,,,,,,,,,,,,,,,,,,,,,,40,3,PASS
,,,DIE,,,,,,,,,,,,,,,,,,,,,,41,3,PASS
